"formulaId","molecularFormula","adduct","rank.x","siriusScoreNormalized","siriusScore","isotopeScore","treeScore","xcms_fts","inchiKey","smiles","structureName","xlogP","rank.y","csiScore","tanimotoSimilarity","mcesDistToTopHit","sirius_fts"
"845246366357960680","C14H20FN3O4S","[M - H]-",1,0.932183166825336,69.3004702625374,0.0441098046322583,69.2563604579051,"1",NA,NA,NA,NA,NA,NA,NA,NA,"845245871149067964"
"845246366357960681","C14H16F3N4O3","[M - H]-",2,0.0252958639841382,65.6935818397145,2.91822595948901,62.7753558802255,"1",NA,NA,NA,NA,NA,NA,NA,NA,"845245871149067964"
"845246366357960682","C11H18F3N3O6","[M - H]-",3,0.0120497789259864,64.9519872496102,2.48784374537694,62.4641435042333,"1",NA,NA,NA,NA,NA,NA,NA,NA,"845245871149067964"
"845246366357960683","C9H15F4N7O3","[M - H]-",4,0.0101137088297042,64.7768327496396,1.74719725474992,63.0296354948896,"1",NA,NA,NA,NA,NA,NA,NA,NA,"845245871149067964"
"845246366357960684","C14H15BF4N2O3","[M - H]-",5,0.00899322154480415,64.659412068112,0,64.659412068112,"1",NA,NA,NA,NA,NA,NA,NA,NA,"845245871149067964"
"845246366357960685","C17H19N3O3S","[M - H]-",6,0.00387100229743128,63.8164544013265,0,63.8164544013265,"1","SUBDBMMJDZJVOS","CC1=CN=C(C(=C1OC)C)CS(=O)C2=NC3=C(N2)C=C(C=C3)OC","6-methoxy-2-[(4-methoxy-3,5-dimethylpyridin-2-yl)methanesulfinyl]-1H-1,3-benzodiazole",2.6206226,1,-23.7410901828501,0.944,0,"845245871149067964"
"845246366357960685","C17H19N3O3S","[M - H]-",6,0.00387100229743128,63.8164544013265,0,63.8164544013265,"1","HVGVNYJRZJHYBS","CC1=CC(=C(C=C1)S(=O)(=O)NC2=CC3=C(C=C2)N(C(=O)N3C)C)C","N-(1,3-dimethyl-2-oxo-2,3-dihydro-1H-benzimidazol-5-yl)-2,4-dimethylbenzenesulfonamide",2.2,3,-446.05057311315,0.293103448275862,NA,"845245871149067964"
"845246366357960685","C17H19N3O3S","[M - H]-",6,0.00387100229743128,63.8164544013265,0,63.8164544013265,"1","ZWNARYKSNTWUOM","C1CN(CN1CC2=CC=CC=C2)C(=O)C3=CC=C(C=C3)S(=O)(=O)N","4-[3-(Phenylmethyl)imidazolidin-1-yl]carbonylbenzenesulfonamide",1.3,4,-448.662783742129,0.130232558139535,NA,"845245871149067964"
"845246366357960685","C17H19N3O3S","[M - H]-",6,0.00387100229743128,63.8164544013265,0,63.8164544013265,"1","SJXKOSOSNRUTAX","C1CN(CCN1CC2=CC=CO2)C(=S)NC3=CC4=C(C=C3)OCO4","N-(1,3-benzodioxol-5-yl)-4-(furan-2-ylmethyl)piperazin-4-ium-1-carbothioamide",1.9,5,-453.827366982719,0.233502538071066,NA,"845245871149067964"
"845246366357960685","C17H19N3O3S","[M - H]-",6,0.00387100229743128,63.8164544013265,0,63.8164544013265,"1","FDDLMBKEDYPNER","C1CN(CCN1CCC(=O)C2=CC=CS2)C3=CC=C(C=C3)[N+](=O)[O-]","3-[4-(4-Nitrophenyl)piperazino]-1-(2-thienyl)-1-propanone",3,6,-499.729799141986,0.140096618357488,NA,"845245871149067964"
"845246366357960685","C17H19N3O3S","[M - H]-",6,0.00387100229743128,63.8164544013265,0,63.8164544013265,"1","KMCSXFINGGBOFP","C1CN(CC2=CC=CC=C21)CC(=O)NC3=CC=C(C=C3)S(=O)(=O)N","N-(4-sulfamoylphenyl)-2-(1,2,3,4-tetrahydroisoquinolin-2-yl)acetamide",1.3,7,-515.697567538021,0.125,NA,"845245871149067964"
"845246366357960685","C17H19N3O3S","[M - H]-",6,0.00387100229743128,63.8164544013265,0,63.8164544013265,"1","IBAYUWQIQGOLBX","CCOC1=C(C=CC(=C1)C=NNC(=S)NC2=CC=C(C=C2)OC)O","1-[(3-Ethoxy-4-hydroxyphenyl)methylideneamino]-3-(4-methoxyphenyl)thiourea",3.1,8,-519.286998848056,0.25,NA,"845245871149067964"
"845246366357960685","C17H19N3O3S","[M - H]-",6,0.00387100229743128,63.8164544013265,0,63.8164544013265,"1","LJAVIEUWQYYONW","COC1=CC=C(C=C1)C2=NC(=NC=C2)SCC(=O)N3CCOCC3","2-[[4-(4-Methoxyphenyl)-2-pyrimidinyl]thio]-1-(4-morpholinyl)ethanone",1.8,9,-531.568354040002,0.325358851674641,NA,"845245871149067964"
"845246366357960685","C17H19N3O3S","[M - H]-",6,0.00387100229743128,63.8164544013265,0,63.8164544013265,"1","ABBDYGNALLZFNP","COC1=C(C=C(C=C1)C(=O)NNC(=S)NCC2=CC=CC=C2)OC","N-Benzyl-2-(3,4-dimethoxybenzoyl)hydrazinecarbothioamide",2.6,10,-541.658701018327,0.162790697674419,NA,"845245871149067964"
"845246366357960685","C17H19N3O3S","[M - H]-",6,0.00387100229743128,63.8164544013265,0,63.8164544013265,"1","WPIILTPYKOWHQU","COC1=CC2=C(C=C1)NC=C2CCNS(=O)(=O)C3=CC=C(C=C3)N","4-amino-N-[2-(5-methoxy-1H-indol-3-yl)ethyl]benzene-1-sulfonamide",2.4006016,12,-580.968207470769,0.338095238095238,NA,"845245871149067964"
"845246366357960685","C17H19N3O3S","[M - H]-",6,0.00387100229743128,63.8164544013265,0,63.8164544013265,"1","FUYKCLPJJPJJTN","COC1=CC(=C(C=C1C=NNC(=S)NC2=CC=CC=C2)OC)OC","(Phenylcarbamothioylamino)-[(2,4,5-trimethoxyphenyl)methylidene]azanium",3.1,13,-582.894162468144,0.192118226600985,NA,"845245871149067964"
"845246366357960685","C17H19N3O3S","[M - H]-",6,0.00387100229743128,63.8164544013265,0,63.8164544013265,"1","HHTWCWCZKQRKRJ","CN1C2=CC=CC=C2N(C3=CC=CC=C3S1(=O)=O)C(=O)CN(C)C","6-Methyl-6,11-dihydro-11-((N,N-dimethylamino)acetyl)dibenzo(c,f)-(1,2,5)-thiadiazepine 5,5-dioxide",1.7,14,-595.834360705519,0.180412371134021,NA,"845245871149067964"
"845246366357960685","C17H19N3O3S","[M - H]-",6,0.00387100229743128,63.8164544013265,0,63.8164544013265,"1","AIBMIQGSVBRQNH","COC1=CC(=CC(=C1OC)OC)C=NNC(=S)NC2=CC=CC=C2","(Phenylcarbamothioylamino)-[(3,4,5-trimethoxyphenyl)methylidene]azanium",3.1,15,-596.175980093512,0.171428571428571,NA,"845245871149067964"
"845246366357960685","C17H19N3O3S","[M - H]-",6,0.00387100229743128,63.8164544013265,0,63.8164544013265,"1","RHRSBTVNCCOGDJ","CC1=CC(=NC(=N1)SC(C2=CC=CC=C2)C(=O)O)N3CCOCC3","(2S)-2-(4-methyl-6-morpholin-4-ylpyrimidin-2-yl)sulfanyl-2-phenylacetate",2.8,16,-604.676247680986,0.21256038647343,NA,"845245871149067964"
"845246366357960685","C17H19N3O3S","[M - H]-",6,0.00387100229743128,63.8164544013265,0,63.8164544013265,"1","RSMGOJOYNVIKHB","COC1=C(C(=C(C=C1)C=NNC(=S)NC2=CC=CC=C2)OC)OC","1-Phenyl-3-[(2,3,4-trimethoxyphenyl)methylideneamino]thiourea",3.1,17,-607.799900997135,0.190243902439024,NA,"845245871149067964"
"845246366357960686","C14H23N3O3S2","[M - H]-",7,0.00328982582262685,63.653775558158,0,63.653775558158,"1","WBLFCWDWOFARFH","CC(C)CN1C2CN(CC2OCCS1(=O)=O)CC3=NC=CS3","(5aS,8aR)-1-(2-methylpropyl)-7-(1,3-thiazol-2-ylmethyl)-3,4,5a,6,8,8a-hexahydropyrrolo[3,4-f][1,4,5]oxathiazepine 2,2-dioxide",1,11,-563.173994440822,0.221153846153846,NA,"845245871149067964"
"845246366357960686","C14H23N3O3S2","[M - H]-",7,0.00328982582262685,63.653775558158,0,63.653775558158,"1","VDWQLXDLGJSQDR","C1=C(NC=N1)CC(C(=O)O)NC(=O)CCCCC(CCS)S","(2S)-2-[6,8-bis(sulfanyl)octanoylamino]-3-(1H-imidazol-5-yl)propanoic acid",1.3,22,-787.342221396587,0.160493827160494,NA,"845245871149067964"
"845246366357960687","C13H20BClN2O6","[M - H]-",8,0.00148458098897593,62.8580735063666,0,62.8580735063666,"1","RJXOEUFRQATKAB","[B-](C(CC1=CC=C(C=C1)Cl)NC(=O)C)(O)(O)OCC(C(=O)O)N","[(1R)-1-acetamido-2-(4-chlorophenyl)ethyl]-[(2S)-2-amino-3-hydroxy-3-oxo-propoxy]-dihydroxy-boron",0.87474024,2,-379.607733850551,0.264367816091954,Inf,"845245871149067964"
"845246366357960688","C11H19ClF3N5O2","[M - H]-",9,0.00138635712816118,62.7896204720359,0,62.7896204720359,"1",NA,NA,NA,NA,NA,NA,NA,NA,"845245871149067964"
"845246366357960689","C12H22F2NO6P","[M - H]-",10,0.000494536427336717,61.7588064705888,3.10345744294738,58.6553490276414,"1",NA,NA,NA,NA,NA,NA,NA,NA,"845245871149067964"
"845246364193699770","C17H19N3O3S","[M - H]-",1,0.729686768998949,24.7984817386889,5.65722388127348,19.1412578574154,"2","SUBDBMMJDZJVOS","CC1=CN=C(C(=C1OC)C)CS(=O)C2=NC3=C(N2)C=C(C=C3)OC","6-methoxy-2-[(4-methoxy-3,5-dimethylpyridin-2-yl)methanesulfinyl]-1H-1,3-benzodiazole",2.6206226,1,-7.00113348695903,0.983606557377049,0,"845245871245536957"
"845246364193699770","C17H19N3O3S","[M - H]-",1,0.729686768998949,24.7984817386889,5.65722388127348,19.1412578574154,"2","ZWNARYKSNTWUOM","C1CN(CN1CC2=CC=CC=C2)C(=O)C3=CC=C(C=C3)S(=O)(=O)N","4-[3-(Phenylmethyl)imidazolidin-1-yl]carbonylbenzenesulfonamide",1.3,2,-430.389684305603,0.141509433962264,Inf,"845245871245536957"
"845246364193699770","C17H19N3O3S","[M - H]-",1,0.729686768998949,24.7984817386889,5.65722388127348,19.1412578574154,"2","SJXKOSOSNRUTAX","C1CN(CCN1CC2=CC=CO2)C(=S)NC3=CC4=C(C=C3)OCO4","N-(1,3-benzodioxol-5-yl)-4-(furan-2-ylmethyl)piperazin-4-ium-1-carbothioamide",1.9,3,-477.351138871591,0.23469387755102,NA,"845245871245536957"
"845246364193699770","C17H19N3O3S","[M - H]-",1,0.729686768998949,24.7984817386889,5.65722388127348,19.1412578574154,"2","FDDLMBKEDYPNER","C1CN(CCN1CCC(=O)C2=CC=CS2)C3=CC=C(C=C3)[N+](=O)[O-]","3-[4-(4-Nitrophenyl)piperazino]-1-(2-thienyl)-1-propanone",3,4,-478.353316751442,0.146341463414634,NA,"845245871245536957"
"845246364193699770","C17H19N3O3S","[M - H]-",1,0.729686768998949,24.7984817386889,5.65722388127348,19.1412578574154,"2","HVGVNYJRZJHYBS","CC1=CC(=C(C=C1)S(=O)(=O)NC2=CC3=C(C=C2)N(C(=O)N3C)C)C","N-(1,3-dimethyl-2-oxo-2,3-dihydro-1H-benzimidazol-5-yl)-2,4-dimethylbenzenesulfonamide",2.2,5,-497.479939644796,0.317647058823529,NA,"845245871245536957"
"845246364193699770","C17H19N3O3S","[M - H]-",1,0.729686768998949,24.7984817386889,5.65722388127348,19.1412578574154,"2","LJAVIEUWQYYONW","COC1=CC=C(C=C1)C2=NC(=NC=C2)SCC(=O)N3CCOCC3","2-[[4-(4-Methoxyphenyl)-2-pyrimidinyl]thio]-1-(4-morpholinyl)ethanone",1.8,6,-526.294585005202,0.308056872037915,NA,"845245871245536957"
"845246364193699770","C17H19N3O3S","[M - H]-",1,0.729686768998949,24.7984817386889,5.65722388127348,19.1412578574154,"2","KMCSXFINGGBOFP","C1CN(CC2=CC=CC=C21)CC(=O)NC3=CC=C(C=C3)S(=O)(=O)N","N-(4-sulfamoylphenyl)-2-(1,2,3,4-tetrahydroisoquinolin-2-yl)acetamide",1.3,7,-529.429968636218,0.135021097046413,NA,"845245871245536957"
"845246364193699770","C17H19N3O3S","[M - H]-",1,0.729686768998949,24.7984817386889,5.65722388127348,19.1412578574154,"2","IBAYUWQIQGOLBX","CCOC1=C(C=CC(=C1)C=NNC(=S)NC2=CC=C(C=C2)OC)O","1-[(3-Ethoxy-4-hydroxyphenyl)methylideneamino]-3-(4-methoxyphenyl)thiourea",3.1,8,-550.138483953563,0.244791666666667,NA,"845245871245536957"
"845246364193699770","C17H19N3O3S","[M - H]-",1,0.729686768998949,24.7984817386889,5.65722388127348,19.1412578574154,"2","ABBDYGNALLZFNP","COC1=C(C=C(C=C1)C(=O)NNC(=S)NCC2=CC=CC=C2)OC","N-Benzyl-2-(3,4-dimethoxybenzoyl)hydrazinecarbothioamide",2.6,9,-558.179426141646,0.158914728682171,NA,"845245871245536957"
"845246364193699770","C17H19N3O3S","[M - H]-",1,0.729686768998949,24.7984817386889,5.65722388127348,19.1412578574154,"2","WPIILTPYKOWHQU","COC1=CC2=C(C=C1)NC=C2CCNS(=O)(=O)C3=CC=C(C=C3)N","4-amino-N-[2-(5-methoxy-1H-indol-3-yl)ethyl]benzene-1-sulfonamide",2.4006016,10,-574.81479997745,0.339712918660287,NA,"845245871245536957"
"845246364193699770","C17H19N3O3S","[M - H]-",1,0.729686768998949,24.7984817386889,5.65722388127348,19.1412578574154,"2","AIBMIQGSVBRQNH","COC1=CC(=CC(=C1OC)OC)C=NNC(=S)NC2=CC=CC=C2","(Phenylcarbamothioylamino)-[(3,4,5-trimethoxyphenyl)methylidene]azanium",3.1,11,-579.42385301812,0.183574879227053,NA,"845245871245536957"
"845246364193699770","C17H19N3O3S","[M - H]-",1,0.729686768998949,24.7984817386889,5.65722388127348,19.1412578574154,"2","FUYKCLPJJPJJTN","COC1=CC(=C(C=C1C=NNC(=S)NC2=CC=CC=C2)OC)OC","(Phenylcarbamothioylamino)-[(2,4,5-trimethoxyphenyl)methylidene]azanium",3.1,12,-582.06750819807,0.205,NA,"845245871245536957"
"845246364193699770","C17H19N3O3S","[M - H]-",1,0.729686768998949,24.7984817386889,5.65722388127348,19.1412578574154,"2","RHRSBTVNCCOGDJ","CC1=CC(=NC(=N1)SC(C2=CC=CC=C2)C(=O)O)N3CCOCC3","(2S)-2-(4-methyl-6-morpholin-4-ylpyrimidin-2-yl)sulfanyl-2-phenylacetate",2.8,13,-585.511306359365,0.207729468599034,NA,"845245871245536957"
"845246364193699770","C17H19N3O3S","[M - H]-",1,0.729686768998949,24.7984817386889,5.65722388127348,19.1412578574154,"2","HHTWCWCZKQRKRJ","CN1C2=CC=CC=C2N(C3=CC=CC=C3S1(=O)=O)C(=O)CN(C)C","6-Methyl-6,11-dihydro-11-((N,N-dimethylamino)acetyl)dibenzo(c,f)-(1,2,5)-thiadiazepine 5,5-dioxide",1.7,14,-592.756212083856,0.2,NA,"845245871245536957"
"845246364193699770","C17H19N3O3S","[M - H]-",1,0.729686768998949,24.7984817386889,5.65722388127348,19.1412578574154,"2","RSMGOJOYNVIKHB","COC1=C(C(=C(C=C1)C=NNC(=S)NC2=CC=CC=C2)OC)OC","1-Phenyl-3-[(2,3,4-trimethoxyphenyl)methylideneamino]thiourea",3.1,15,-611.326991036226,0.202970297029703,NA,"845245871245536957"
"845246364193699771","C14H20FN3O4S","[M - H]-",2,0.260143670461249,23.7671004372894,5.79861734770957,17.9684830895799,"2",NA,NA,NA,NA,NA,NA,NA,NA,"845245871245536957"
"845246364193699772","C14H23N3O3S2","[M - H]-",3,0.00579149733040567,19.9622572446319,0.72863769819134,19.2336195464406,"2","WBLFCWDWOFARFH","CC(C)CN1C2CN(CC2OCCS1(=O)=O)CC3=NC=CS3","(5aS,8aR)-1-(2-methylpropyl)-7-(1,3-thiazol-2-ylmethyl)-3,4,5a,6,8,8a-hexahydropyrrolo[3,4-f][1,4,5]oxathiazepine 2,2-dioxide",1,18,-663.257069378734,0.181818181818182,NA,"845245871245536957"
"845246364193699772","C14H23N3O3S2","[M - H]-",3,0.00579149733040567,19.9622572446319,0.72863769819134,19.2336195464406,"2","VDWQLXDLGJSQDR","C1=C(NC=N1)CC(C(=O)O)NC(=O)CCCCC(CCS)S","(2S)-2-[6,8-bis(sulfanyl)octanoylamino]-3-(1H-imidazol-5-yl)propanoic acid",1.3,22,-781.206088701244,0.150627615062762,NA,"845245871245536957"
"845246364193699773","C11H20N7O2PS","[M - H]-",4,0.00143542881351952,18.5673300095168,3.75565228441133,14.8116777251055,"2",NA,NA,NA,NA,NA,NA,NA,NA,"845245871245536957"
"845246364193699774","C13H15N9OS","[M - H]-",5,0.000867039846675959,18.0631960361917,3.21402452613271,14.849171510059,"2",NA,NA,NA,NA,NA,NA,NA,NA,"845245871245536957"
"845246364193699775","C14H21N2O6S","[M - H]-",6,0.000501497736005843,17.5157101941569,3.55966118696443,13.9560490071925,"2",NA,NA,NA,NA,NA,NA,NA,NA,"845245871245536957"
"845246364193699776","C10H19N9OS2","[M - H]-",7,0.000398933008517596,17.2869046055513,1.42449073272151,15.8624138728298,"2",NA,NA,NA,NA,NA,NA,NA,NA,"845245871245536957"
"845246364193699777","C17H16FN3O4","[M - H]-",8,0.000189269504429602,16.5412830499323,2.17419053628957,14.3670925136428,"2",NA,NA,NA,NA,NA,NA,NA,NA,"845245871245536957"
"845246364193699778","C10H16FN9O2S","[M - H]-",9,0.000164020833834978,16.3981045565451,2.69430381666569,13.7038007398794,"2",NA,NA,NA,NA,NA,NA,NA,NA,"845245871245536957"
"845246364193699779","C12H19F4N3O2S","[M - H]-",10,0.000133557725269467,16.1926448846151,3.87341233461259,12.3192325500025,"2",NA,NA,NA,NA,NA,NA,NA,NA,"845245871245536957"
"845246365296801758","C14H23N3O3S2","[M - H]-",1,0.617780436081717,46.1833448505766,0,46.1833448505766,"3","WBLFCWDWOFARFH","CC(C)CN1C2CN(CC2OCCS1(=O)=O)CC3=NC=CS3","(5aS,8aR)-1-(2-methylpropyl)-7-(1,3-thiazol-2-ylmethyl)-3,4,5a,6,8,8a-hexahydropyrrolo[3,4-f][1,4,5]oxathiazepine 2,2-dioxide",1,14,-463.647170198775,0.284153005464481,NA,"845245871274897086"
"845246365296801758","C14H23N3O3S2","[M - H]-",1,0.617780436081717,46.1833448505766,0,46.1833448505766,"3","VDWQLXDLGJSQDR","C1=C(NC=N1)CC(C(=O)O)NC(=O)CCCCC(CCS)S","(2S)-2-[6,8-bis(sulfanyl)octanoylamino]-3-(1H-imidazol-5-yl)propanoic acid",1.3,42,-692.766521787548,0.158590308370044,NA,"845245871274897086"
"845246365296801759","C17H19N3O3S","[M - H]-",2,0.30983259788006,45.4932438824519,0,45.4932438824519,"3","SUBDBMMJDZJVOS","CC1=CN=C(C(=C1OC)C)CS(=O)C2=NC3=C(N2)C=C(C=C3)OC","6-methoxy-2-[(4-methoxy-3,5-dimethylpyridin-2-yl)methanesulfinyl]-1H-1,3-benzodiazole",2.6206226,1,-19.4523029577672,0.975609756097561,0,"845245871274897086"
"845246365296801759","C17H19N3O3S","[M - H]-",2,0.30983259788006,45.4932438824519,0,45.4932438824519,"3","ZWNARYKSNTWUOM","C1CN(CN1CC2=CC=CC=C2)C(=O)C3=CC=C(C=C3)S(=O)(=O)N","4-[3-(Phenylmethyl)imidazolidin-1-yl]carbonylbenzenesulfonamide",1.3,4,-378.770679068546,0.140845070422535,NA,"845245871274897086"
"845246365296801759","C17H19N3O3S","[M - H]-",2,0.30983259788006,45.4932438824519,0,45.4932438824519,"3","HVGVNYJRZJHYBS","CC1=CC(=C(C=C1)S(=O)(=O)NC2=CC3=C(C=C2)N(C(=O)N3C)C)C","N-(1,3-dimethyl-2-oxo-2,3-dihydro-1H-benzimidazol-5-yl)-2,4-dimethylbenzenesulfonamide",2.2,5,-381.813157513055,0.315789473684211,NA,"845245871274897086"
"845246365296801759","C17H19N3O3S","[M - H]-",2,0.30983259788006,45.4932438824519,0,45.4932438824519,"3","SJXKOSOSNRUTAX","C1CN(CCN1CC2=CC=CO2)C(=S)NC3=CC4=C(C=C3)OCO4","N-(1,3-benzodioxol-5-yl)-4-(furan-2-ylmethyl)piperazin-4-ium-1-carbothioamide",1.9,11,-455.929361146067,0.233502538071066,NA,"845245871274897086"
"845246365296801759","C17H19N3O3S","[M - H]-",2,0.30983259788006,45.4932438824519,0,45.4932438824519,"3","FDDLMBKEDYPNER","C1CN(CCN1CCC(=O)C2=CC=CS2)C3=CC=C(C=C3)[N+](=O)[O-]","3-[4-(4-Nitrophenyl)piperazino]-1-(2-thienyl)-1-propanone",3,12,-458.272899857537,0.145631067961165,NA,"845245871274897086"
"845246365296801759","C17H19N3O3S","[M - H]-",2,0.30983259788006,45.4932438824519,0,45.4932438824519,"3","IBAYUWQIQGOLBX","CCOC1=C(C=CC(=C1)C=NNC(=S)NC2=CC=C(C=C2)OC)O","1-[(3-Ethoxy-4-hydroxyphenyl)methylideneamino]-3-(4-methoxyphenyl)thiourea",3.1,16,-472.591237673279,0.25,NA,"845245871274897086"
"845246365296801759","C17H19N3O3S","[M - H]-",2,0.30983259788006,45.4932438824519,0,45.4932438824519,"3","KMCSXFINGGBOFP","C1CN(CC2=CC=CC=C21)CC(=O)NC3=CC=C(C=C3)S(=O)(=O)N","N-(4-sulfamoylphenyl)-2-(1,2,3,4-tetrahydroisoquinolin-2-yl)acetamide",1.3,17,-472.974850567704,0.134453781512605,NA,"845245871274897086"
"845246365296801759","C17H19N3O3S","[M - H]-",2,0.30983259788006,45.4932438824519,0,45.4932438824519,"3","ABBDYGNALLZFNP","COC1=C(C=C(C=C1)C(=O)NNC(=S)NCC2=CC=CC=C2)OC","N-Benzyl-2-(3,4-dimethoxybenzoyl)hydrazinecarbothioamide",2.6,21,-504.197030684414,0.162790697674419,NA,"845245871274897086"
"845246365296801759","C17H19N3O3S","[M - H]-",2,0.30983259788006,45.4932438824519,0,45.4932438824519,"3","HHTWCWCZKQRKRJ","CN1C2=CC=CC=C2N(C3=CC=CC=C3S1(=O)=O)C(=O)CN(C)C","6-Methyl-6,11-dihydro-11-((N,N-dimethylamino)acetyl)dibenzo(c,f)-(1,2,5)-thiadiazepine 5,5-dioxide",1.7,22,-511.825572573881,0.198952879581152,NA,"845245871274897086"
"845246365296801759","C17H19N3O3S","[M - H]-",2,0.30983259788006,45.4932438824519,0,45.4932438824519,"3","LJAVIEUWQYYONW","COC1=CC=C(C=C1)C2=NC(=NC=C2)SCC(=O)N3CCOCC3","2-[[4-(4-Methoxyphenyl)-2-pyrimidinyl]thio]-1-(4-morpholinyl)ethanone",1.8,23,-512.705955807429,0.312796208530806,NA,"845245871274897086"
"845246365296801759","C17H19N3O3S","[M - H]-",2,0.30983259788006,45.4932438824519,0,45.4932438824519,"3","WPIILTPYKOWHQU","COC1=CC2=C(C=C1)NC=C2CCNS(=O)(=O)C3=CC=C(C=C3)N","4-amino-N-[2-(5-methoxy-1H-indol-3-yl)ethyl]benzene-1-sulfonamide",2.4006016,28,-543.420686340857,0.344497607655502,NA,"845245871274897086"
"845246365296801759","C17H19N3O3S","[M - H]-",2,0.30983259788006,45.4932438824519,0,45.4932438824519,"3","RHRSBTVNCCOGDJ","CC1=CC(=NC(=N1)SC(C2=CC=CC=C2)C(=O)O)N3CCOCC3","(2S)-2-(4-methyl-6-morpholin-4-ylpyrimidin-2-yl)sulfanyl-2-phenylacetate",2.8,32,-562.022562823739,0.206730769230769,NA,"845245871274897086"
"845246365296801759","C17H19N3O3S","[M - H]-",2,0.30983259788006,45.4932438824519,0,45.4932438824519,"3","AIBMIQGSVBRQNH","COC1=CC(=CC(=C1OC)OC)C=NNC(=S)NC2=CC=CC=C2","(Phenylcarbamothioylamino)-[(3,4,5-trimethoxyphenyl)methylidene]azanium",3.1,33,-565.74466138607,0.182692307692308,NA,"845245871274897086"
"845246365296801759","C17H19N3O3S","[M - H]-",2,0.30983259788006,45.4932438824519,0,45.4932438824519,"3","FUYKCLPJJPJJTN","COC1=CC(=C(C=C1C=NNC(=S)NC2=CC=CC=C2)OC)OC","(Phenylcarbamothioylamino)-[(2,4,5-trimethoxyphenyl)methylidene]azanium",3.1,34,-572.532110902339,0.203980099502488,NA,"845245871274897086"
"845246365296801759","C17H19N3O3S","[M - H]-",2,0.30983259788006,45.4932438824519,0,45.4932438824519,"3","RSMGOJOYNVIKHB","COC1=C(C(=C(C=C1)C=NNC(=S)NC2=CC=CC=C2)OC)OC","1-Phenyl-3-[(2,3,4-trimethoxyphenyl)methylideneamino]thiourea",3.1,35,-572.897533825404,0.196078431372549,NA,"845245871274897086"
"845246365296801760","C14H20FN3O4S","[M - H]-",3,0.0558525963492872,43.7799277500034,0,43.7799277500034,"3",NA,NA,NA,NA,NA,NA,NA,NA,"845245871274897086"
"845246365296801761","C17H16FN3O4","[M - H]-",4,0.00754331352597214,41.7778732828312,1.1324312903769,40.6454419924543,"3","FVCPNISTSVVUPX","COC1=CC(=C(C=C1)O)C=NNC(=O)CNC(=O)C2=CC=C(C=C2)F","4-fluoro-N-[2-[(2Z)-2-[(2-hydroxy-5-methoxyphenyl)methylidene]hydrazinyl]-2-oxoethyl]benzamide",1.9,2,-313.307036213596,0.238888888888889,Inf,"845245871274897086"
"845246365296801761","C17H16FN3O4","[M - H]-",4,0.00754331352597214,41.7778732828312,1.1324312903769,40.6454419924543,"3","ZBLZEVQPDZRXNP","COC1=CC=CC(=C1O)C=NNC(=O)CNC(=O)C2=CC=C(C=C2)F","4-fluoro-N-[2-[2-[(2-hydroxy-3-methoxyphenyl)methylidene]hydrazinyl]-2-oxoethyl]benzamide",1.9,6,-394.065369771201,0.234972677595628,NA,"845245871274897086"
"845246365296801761","C17H16FN3O4","[M - H]-",4,0.00754331352597214,41.7778732828312,1.1324312903769,40.6454419924543,"3","LHZAPCAVMNVKID","CCOC1=C(C=CC(=C1)C=NNC(=O)C(=O)NC2=CC=C(C=C2)F)O","N'-[(3-ethoxy-4-hydroxyphenyl)methylideneamino]-N-(4-fluorophenyl)oxamide",2.5,7,-410.798461357489,0.252873563218391,NA,"845245871274897086"
"845246365296801761","C17H16FN3O4","[M - H]-",4,0.00754331352597214,41.7778732828312,1.1324312903769,40.6454419924543,"3","HAZCGTFRKOCWQZ","CC(=O)NC(CC1=CC=C(C=C1)F)C(=O)NC2=CC=C(C=C2)[N+](=O)[O-]","2-Acetamido-3-(4-fluorophenyl)-N-(4-nitrophenyl)propanamide (3c)",2.7804983,8,-427.054807397047,0.155778894472362,NA,"845245871274897086"
"845246365296801761","C17H16FN3O4","[M - H]-",4,0.00754331352597214,41.7778732828312,1.1324312903769,40.6454419924543,"3","RYUXKVAKPFRBTB","CC(=O)NC(CC1=CC=CC=C1F)C(=O)NC2=CC=C(C=C2)[N+](=O)[O-]","2-Acetamido-3-(2-fluorophenyl)-N-(4-nitrophenyl)propanamide (1c)",2.4,9,-445.691946855735,0.162303664921466,NA,"845245871274897086"
"845246365296801761","C17H16FN3O4","[M - H]-",4,0.00754331352597214,41.7778732828312,1.1324312903769,40.6454419924543,"3","JKZPDGNJAAVKEG","CC(=O)NC(CC1=CC(=CC=C1)F)C(=O)NC2=CC=C(C=C2)[N+](=O)[O-]","2-Acetamido-3-(3-fluorophenyl)-N-(4-nitrophenyl)propanamide (2c)",2.4,10,-448.162113553416,0.166666666666667,NA,"845245871274897086"
"845246365296801761","C17H16FN3O4","[M - H]-",4,0.00754331352597214,41.7778732828312,1.1324312903769,40.6454419924543,"3","NWVXUXFCAZFSQH","C1CN(CCN1)C2=C(C=C3C(=C2)N(C=C(C3=O)C(=O)O)C4CC4=O)F","Oxo-ciprofloxacin",0.33245212,13,-459.60661528768,0.308510638297872,NA,"845245871274897086"
"845246365296801761","C17H16FN3O4","[M - H]-",4,0.00754331352597214,41.7778732828312,1.1324312903769,40.6454419924543,"3","VDCWENWOWUDREX","CC1=CC(=NO1)C(=O)N2CCC3COC(=O)N3C4=C(C2)C=CC(=C4)F","14-fluoro-9-(5-methyl-1,2-oxazole-3-carbonyl)-4-oxa-2,9-diazatricyclo[9.4.0.0²,⁶]pentadeca-1(15),11,13-trien-3-one",1.9,20,-501.154350042839,0.254054054054054,NA,"845245871274897086"
"845246365296801761","C17H16FN3O4","[M - H]-",4,0.00754331352597214,41.7778732828312,1.1324312903769,40.6454419924543,"3","MYYZZOHRULFPOQ","C1CC1N2C=C(C(=O)C3=CC(=C(C=C32)N4CCNC(=O)C4)F)C(=O)O","Oxociprofloxacin",0.96316284,25,-519.980038155283,0.29,NA,"845245871274897086"
"845246365296801761","C17H16FN3O4","[M - H]-",4,0.00754331352597214,41.7778732828312,1.1324312903769,40.6454419924543,"3","VCWNLVLFIZZTLZ","C1C2C(CN1C(=O)C3=CC=NO3)OCC(=O)N2CC4=CC=C(C=C4)F","4-[(4-fluorophenyl)methyl]-6-(1,2-oxazole-5-carbonyl)-octahydropyrrolo[3,4-b][1,4]oxazin-3-one",0.8,26,-527.986707878122,0.225641025641026,NA,"845245871274897086"
"845246365296801762","C14H22ClN4O2S","[M - H]-",5,0.0036727919594889,41.0581638624132,0,41.0581638624132,"3",NA,NA,NA,NA,NA,NA,NA,NA,"845245871274897086"
"845246365296801763","C19H20ClNO3","[M - H]-",6,0.00222080320551916,40.5550806724041,0,40.5550806724041,"3","QRPNRXDOWMDNDM","CC1=C(C(=CC=C1)C)N(CCCC(=O)O)C(=O)C2=CC=C(C=C2)Cl","BUTYRIC ACID, 4-(p-CHLORO-N-2,6-XYLYLBENZAMIDO)-",4.708626,15,-470.884517968989,0.240641711229947,NA,"845245871274897086"
"845246365296801763","C19H20ClNO3","[M - H]-",6,0.00222080320551916,40.5550806724041,0,40.5550806724041,"3","SOHXCFMYNTWRCV","C1CC2=C(C1)C=C(C=C2)OC(=O)C3=NC=C(C=C3)OCCCCCl","Picolinic acid, 5-(4-chlorobutoxy)-, 5-indanyl ester",4.7,18,-489.375580810117,0.288135593220339,NA,"845245871274897086"
"845246365296801763","C19H20ClNO3","[M - H]-",6,0.00222080320551916,40.5550806724041,0,40.5550806724041,"3","KHIAPCKDMQGBOL","CC(=O)N1CCC2=CC(=C(C=C2C1C3=CC=C(C=C3)Cl)OC)OC","1-[1-(4-chlorophenyl)-6,7-dimethoxy-1,2,3,4-tetrahydroisoquinolin-2-yl]ethan-1-one",3.5,19,-500.993072241119,0.268181818181818,NA,"845245871274897086"
"845246365296801763","C19H20ClNO3","[M - H]-",6,0.00222080320551916,40.5550806724041,0,40.5550806724041,"3","QMDZLRHECGUUPL","COCC1CN(C(=O)O1)C2=CC=C(C=C2)CCC3=CC(=CC=C3)Cl","3-(4-(2-(3-Chlorophenyl)ethyl)phenyl)-5-(methoxymethyl)-2-oxazolidinone",4.2,24,-513.532321962168,0.262569832402235,NA,"845245871274897086"
"845246365296801763","C19H20ClNO3","[M - H]-",6,0.00222080320551916,40.5550806724041,0,40.5550806724041,"3","QTSWHDYFLYGYLQ","CC1=C(C(=CC=C1)C)N(CCCC(=O)O)C(=O)C2=CC=CC=C2Cl","BUTYRIC ACID, 4-(o-CHLORO-N-2,6-XYLYLBENZAMIDO)-",4.2,27,-541.693967388606,0.206349206349206,NA,"845245871274897086"
"845246365296801763","C19H20ClNO3","[M - H]-",6,0.00222080320551916,40.5550806724041,0,40.5550806724041,"3","VDHWYWSLUYRNGE","C=CCN1CCC2=C(C(=C(C=C2C(C1)C3=CC=C(C=C3)O)O)O)Cl","1H-3-Benzazepine-7,8-diol, 6-chloro-2,3,4,5-tetrahydro-1-(4-hydroxyphenyl)-3-(2-propenyl)-",3.7613673,29,-549.365183491404,0.252747252747253,NA,"845245871274897086"
"845246365296801763","C19H20ClNO3","[M - H]-",6,0.00222080320551916,40.5550806724041,0,40.5550806724041,"3","ASWJCLIMSXGCQS","CC(=O)N1CCC2=CC(=C(C=C2C1C3=CC=CC=C3Cl)OC)OC","1-[1-(2-chlorophenyl)-6,7-dimethoxy-1,2,3,4-tetrahydroisoquinolin-2-yl]ethan-1-one",3.5,30,-559.61796837368,0.230088495575221,NA,"845245871274897086"
"845246365296801763","C19H20ClNO3","[M - H]-",6,0.00222080320551916,40.5550806724041,0,40.5550806724041,"3","BWWOPVHQIVCIES","CC1C(C2=C(O1)C=C(OC2=O)C(=CC=CC3=C(C=CN3)Cl)C)(C)C","Malbranpyrrole F",4.8,31,-560.54959921788,0.236686390532544,NA,"845245871274897086"
"845246365296801763","C19H20ClNO3","[M - H]-",6,0.00222080320551916,40.5550806724041,0,40.5550806724041,"3","SHODAIZAJAKWNR","CC1C2=CC(=C(C=C2CCN1C(=O)C3=CC=CC=C3Cl)OC)OC","2-(2-chlorobenzoyl)-6,7-dimethoxy-1-methyl-1,2,3,4-tetrahydroisoquinoline",3.9,39,-631.043316403194,0.219827586206897,NA,"845245871274897086"
"845246365296801763","C19H20ClNO3","[M - H]-",6,0.00222080320551916,40.5550806724041,0,40.5550806724041,"3","JCKYHCGTBXZTSB","CN1C2CCC1CC(C2)OC(=O)C3=CC=C(O3)C4=CC=C(C=C4)Cl","1-alpha-H,5-alpha-H-Tropan-3-alpha-ol, 5-(p-chlorophenyl)-2-furoate",4.7,41,-677.049787665837,0.306878306878307,NA,"845245871274897086"
"845246365296801764","C13H20BClN2O6","[M - H]-",7,0.00112440477322875,39.8744655428427,0,39.8744655428427,"3","RJXOEUFRQATKAB","[B-](C(CC1=CC=C(C=C1)Cl)NC(=O)C)(O)(O)OCC(C(=O)O)N","[(1R)-1-acetamido-2-(4-chlorophenyl)ethyl]-[(2S)-2-amino-3-hydroxy-3-oxo-propoxy]-dihydroxy-boron",0.87474024,3,-328.938639495908,0.283783783783784,NA,"845245871274897086"
"845246365296801765","C11H19BN4O6S","[M - H]-",8,0.000716379958866001,39.4236671536983,0,39.4236671536983,"3",NA,NA,NA,NA,NA,NA,NA,NA,"845245871274897086"
"845246365296801766","C9H23N5O5S2","[M - H]-",9,0.000338585293283856,38.6742324935481,0,38.6742324935481,"3",NA,NA,NA,NA,NA,NA,NA,NA,"845245871274897086"
"845246365296801767","C16H24ClNO3S","[M - H]-",10,0.000198022720032762,38.137838230437,0,38.137838230437,"3",NA,NA,NA,NA,NA,NA,NA,NA,"845245871274897086"
"845246353112347732","C14H23N3O3S2","[M - H]-",1,0.349427284418806,18.8245937864392,0,18.8245937864392,"4","WBLFCWDWOFARFH","CC(C)CN1C2CN(CC2OCCS1(=O)=O)CC3=NC=CS3","(5aS,8aR)-1-(2-methylpropyl)-7-(1,3-thiazol-2-ylmethyl)-3,4,5a,6,8,8a-hexahydropyrrolo[3,4-f][1,4,5]oxathiazepine 2,2-dioxide",1,39,-660.343873347735,0.182692307692308,NA,"845245871274897087"
"845246353112347732","C14H23N3O3S2","[M - H]-",1,0.349427284418806,18.8245937864392,0,18.8245937864392,"4","VDWQLXDLGJSQDR","C1=C(NC=N1)CC(C(=O)O)NC(=O)CCCCC(CCS)S","(2S)-2-[6,8-bis(sulfanyl)octanoylamino]-3-(1H-imidazol-5-yl)propanoic acid",1.3,43,-781.006246351244,0.151260504201681,NA,"845245871274897087"
"845246353112347733","C17H19N3O3S","[M - H]-",2,0.346821756472054,18.8171092803021,0,18.8171092803021,"4","SUBDBMMJDZJVOS","CC1=CN=C(C(=C1OC)C)CS(=O)C2=NC3=C(N2)C=C(C=C3)OC","6-methoxy-2-[(4-methoxy-3,5-dimethylpyridin-2-yl)methanesulfinyl]-1H-1,3-benzodiazole",2.6206226,1,-7.07640495576202,0.983606557377049,0,"845245871274897087"
"845246353112347733","C17H19N3O3S","[M - H]-",2,0.346821756472054,18.8171092803021,0,18.8171092803021,"4","ZWNARYKSNTWUOM","C1CN(CN1CC2=CC=CC=C2)C(=O)C3=CC=C(C=C3)S(=O)(=O)N","4-[3-(Phenylmethyl)imidazolidin-1-yl]carbonylbenzenesulfonamide",1.3,4,-431.342190889212,0.141509433962264,NA,"845245871274897087"
"845246353112347733","C17H19N3O3S","[M - H]-",2,0.346821756472054,18.8171092803021,0,18.8171092803021,"4","SJXKOSOSNRUTAX","C1CN(CCN1CC2=CC=CO2)C(=S)NC3=CC4=C(C=C3)OCO4","N-(1,3-benzodioxol-5-yl)-4-(furan-2-ylmethyl)piperazin-4-ium-1-carbothioamide",1.9,8,-477.270077781949,0.23469387755102,NA,"845245871274897087"
"845246353112347733","C17H19N3O3S","[M - H]-",2,0.346821756472054,18.8171092803021,0,18.8171092803021,"4","FDDLMBKEDYPNER","C1CN(CCN1CCC(=O)C2=CC=CS2)C3=CC=C(C=C3)[N+](=O)[O-]","3-[4-(4-Nitrophenyl)piperazino]-1-(2-thienyl)-1-propanone",3,10,-478.91481338832,0.146341463414634,NA,"845245871274897087"
"845246353112347733","C17H19N3O3S","[M - H]-",2,0.346821756472054,18.8171092803021,0,18.8171092803021,"4","HVGVNYJRZJHYBS","CC1=CC(=C(C=C1)S(=O)(=O)NC2=CC3=C(C=C2)N(C(=O)N3C)C)C","N-(1,3-dimethyl-2-oxo-2,3-dihydro-1H-benzimidazol-5-yl)-2,4-dimethylbenzenesulfonamide",2.2,13,-498.596800519393,0.317647058823529,NA,"845245871274897087"
"845246353112347733","C17H19N3O3S","[M - H]-",2,0.346821756472054,18.8171092803021,0,18.8171092803021,"4","LJAVIEUWQYYONW","COC1=CC=C(C=C1)C2=NC(=NC=C2)SCC(=O)N3CCOCC3","2-[[4-(4-Methoxyphenyl)-2-pyrimidinyl]thio]-1-(4-morpholinyl)ethanone",1.8,17,-526.436485602088,0.308056872037915,NA,"845245871274897087"
"845246353112347733","C17H19N3O3S","[M - H]-",2,0.346821756472054,18.8171092803021,0,18.8171092803021,"4","KMCSXFINGGBOFP","C1CN(CC2=CC=CC=C21)CC(=O)NC3=CC=C(C=C3)S(=O)(=O)N","N-(4-sulfamoylphenyl)-2-(1,2,3,4-tetrahydroisoquinolin-2-yl)acetamide",1.3,18,-529.992235149486,0.135021097046413,NA,"845245871274897087"
"845246353112347733","C17H19N3O3S","[M - H]-",2,0.346821756472054,18.8171092803021,0,18.8171092803021,"4","IBAYUWQIQGOLBX","CCOC1=C(C=CC(=C1)C=NNC(=S)NC2=CC=C(C=C2)OC)O","1-[(3-Ethoxy-4-hydroxyphenyl)methylideneamino]-3-(4-methoxyphenyl)thiourea",3.1,21,-550.141244049146,0.244791666666667,NA,"845245871274897087"
"845246353112347733","C17H19N3O3S","[M - H]-",2,0.346821756472054,18.8171092803021,0,18.8171092803021,"4","ABBDYGNALLZFNP","COC1=C(C=C(C=C1)C(=O)NNC(=S)NCC2=CC=CC=C2)OC","N-Benzyl-2-(3,4-dimethoxybenzoyl)hydrazinecarbothioamide",2.6,23,-557.907979604184,0.158914728682171,NA,"845245871274897087"
"845246353112347733","C17H19N3O3S","[M - H]-",2,0.346821756472054,18.8171092803021,0,18.8171092803021,"4","WPIILTPYKOWHQU","COC1=CC2=C(C=C1)NC=C2CCNS(=O)(=O)C3=CC=C(C=C3)N","4-amino-N-[2-(5-methoxy-1H-indol-3-yl)ethyl]benzene-1-sulfonamide",2.4006016,26,-576.188145324807,0.339712918660287,NA,"845245871274897087"
"845246353112347733","C17H19N3O3S","[M - H]-",2,0.346821756472054,18.8171092803021,0,18.8171092803021,"4","AIBMIQGSVBRQNH","COC1=CC(=CC(=C1OC)OC)C=NNC(=S)NC2=CC=CC=C2","(Phenylcarbamothioylamino)-[(3,4,5-trimethoxyphenyl)methylidene]azanium",3.1,27,-579.606234204617,0.183574879227053,NA,"845245871274897087"
"845246353112347733","C17H19N3O3S","[M - H]-",2,0.346821756472054,18.8171092803021,0,18.8171092803021,"4","FUYKCLPJJPJJTN","COC1=CC(=C(C=C1C=NNC(=S)NC2=CC=CC=C2)OC)OC","(Phenylcarbamothioylamino)-[(2,4,5-trimethoxyphenyl)methylidene]azanium",3.1,28,-582.191779264487,0.205,NA,"845245871274897087"
"845246353112347733","C17H19N3O3S","[M - H]-",2,0.346821756472054,18.8171092803021,0,18.8171092803021,"4","RHRSBTVNCCOGDJ","CC1=CC(=NC(=N1)SC(C2=CC=CC=C2)C(=O)O)N3CCOCC3","(2S)-2-(4-methyl-6-morpholin-4-ylpyrimidin-2-yl)sulfanyl-2-phenylacetate",2.8,29,-585.387247341502,0.207729468599034,NA,"845245871274897087"
"845246353112347733","C17H19N3O3S","[M - H]-",2,0.346821756472054,18.8171092803021,0,18.8171092803021,"4","HHTWCWCZKQRKRJ","CN1C2=CC=CC=C2N(C3=CC=CC=C3S1(=O)=O)C(=O)CN(C)C","6-Methyl-6,11-dihydro-11-((N,N-dimethylamino)acetyl)dibenzo(c,f)-(1,2,5)-thiadiazepine 5,5-dioxide",1.7,30,-593.176308596329,0.2,NA,"845245871274897087"
"845246353112347733","C17H19N3O3S","[M - H]-",2,0.346821756472054,18.8171092803021,0,18.8171092803021,"4","RSMGOJOYNVIKHB","COC1=C(C(=C(C=C1)C=NNC(=S)NC2=CC=CC=C2)OC)OC","1-Phenyl-3-[(2,3,4-trimethoxyphenyl)methylideneamino]thiourea",3.1,32,-611.558992290825,0.202970297029703,NA,"845245871274897087"
"845246353112347734","C14H20FN3O4S","[M - H]-",3,0.0993319466657621,17.5667655404375,0,17.5667655404375,"4",NA,NA,NA,NA,NA,NA,NA,NA,"845245871274897087"
"845246353112347735","C13H20BClN2O6","[M - H]-",4,0.031923737808077,16.4316481674148,0,16.4316481674148,"4","RJXOEUFRQATKAB","[B-](C(CC1=CC=C(C=C1)Cl)NC(=O)C)(O)(O)OCC(C(=O)O)N","[(1R)-1-acetamido-2-(4-chlorophenyl)ethyl]-[(2S)-2-amino-3-hydroxy-3-oxo-propoxy]-dihydroxy-boron",0.87474024,2,-346.575911280869,0.315789473684211,Inf,"845245871274897087"
"845246353112347736","C19H20ClNO3","[M - H]-",5,0.0273622069717842,16.2774610561129,0,16.2774610561129,"4","BWWOPVHQIVCIES","CC1C(C2=C(O1)C=C(OC2=O)C(=CC=CC3=C(C=CN3)Cl)C)(C)C","Malbranpyrrole F",4.8,7,-462.177268188818,0.290502793296089,NA,"845245871274897087"
"845246353112347736","C19H20ClNO3","[M - H]-",5,0.0273622069717842,16.2774610561129,0,16.2774610561129,"4","QMDZLRHECGUUPL","COCC1CN(C(=O)O1)C2=CC=C(C=C2)CCC3=CC(=CC=C3)Cl","3-(4-(2-(3-Chlorophenyl)ethyl)phenyl)-5-(methoxymethyl)-2-oxazolidinone",4.2,20,-544.491438671071,0.221674876847291,NA,"845245871274897087"
"845246353112347736","C19H20ClNO3","[M - H]-",5,0.0273622069717842,16.2774610561129,0,16.2774610561129,"4","KHIAPCKDMQGBOL","CC(=O)N1CCC2=CC(=C(C=C2C1C3=CC=C(C=C3)Cl)OC)OC","1-[1-(4-chlorophenyl)-6,7-dimethoxy-1,2,3,4-tetrahydroisoquinolin-2-yl]ethan-1-one",3.5,22,-551.400199305008,0.213709677419355,NA,"845245871274897087"
"845246353112347736","C19H20ClNO3","[M - H]-",5,0.0273622069717842,16.2774610561129,0,16.2774610561129,"4","QRPNRXDOWMDNDM","CC1=C(C(=CC=C1)C)N(CCCC(=O)O)C(=O)C2=CC=C(C=C2)Cl","BUTYRIC ACID, 4-(p-CHLORO-N-2,6-XYLYLBENZAMIDO)-",4.708626,24,-562.887512284931,0.203791469194313,NA,"845245871274897087"
"845246353112347736","C19H20ClNO3","[M - H]-",5,0.0273622069717842,16.2774610561129,0,16.2774610561129,"4","SOHXCFMYNTWRCV","C1CC2=C(C1)C=C(C=C2)OC(=O)C3=NC=C(C=C3)OCCCCCl","Picolinic acid, 5-(4-chlorobutoxy)-, 5-indanyl ester",4.7,25,-573.956948037692,0.282051282051282,NA,"845245871274897087"
"845246353112347736","C19H20ClNO3","[M - H]-",5,0.0273622069717842,16.2774610561129,0,16.2774610561129,"4","QTSWHDYFLYGYLQ","CC1=C(C(=CC=C1)C)N(CCCC(=O)O)C(=O)C2=CC=CC=C2Cl","BUTYRIC ACID, 4-(o-CHLORO-N-2,6-XYLYLBENZAMIDO)-",4.2,31,-607.932268557178,0.201923076923077,NA,"845245871274897087"
"845246353112347736","C19H20ClNO3","[M - H]-",5,0.0273622069717842,16.2774610561129,0,16.2774610561129,"4","SHODAIZAJAKWNR","CC1C2=CC(=C(C=C2CCN1C(=O)C3=CC=CC=C3Cl)OC)OC","2-(2-chlorobenzoyl)-6,7-dimethoxy-1-methyl-1,2,3,4-tetrahydroisoquinoline",3.9,33,-612.019027476034,0.22,NA,"845245871274897087"
"845246353112347736","C19H20ClNO3","[M - H]-",5,0.0273622069717842,16.2774610561129,0,16.2774610561129,"4","ASWJCLIMSXGCQS","CC(=O)N1CCC2=CC(=C(C=C2C1C3=CC=CC=C3Cl)OC)OC","1-[1-(2-chlorophenyl)-6,7-dimethoxy-1,2,3,4-tetrahydroisoquinolin-2-yl]ethan-1-one",3.5,35,-634.516904623782,0.209677419354839,NA,"845245871274897087"
"845246353112347736","C19H20ClNO3","[M - H]-",5,0.0273622069717842,16.2774610561129,0,16.2774610561129,"4","JCKYHCGTBXZTSB","CN1C2CCC1CC(C2)OC(=O)C3=CC=C(O3)C4=CC=C(C=C4)Cl","1-alpha-H,5-alpha-H-Tropan-3-alpha-ol, 5-(p-chlorophenyl)-2-furoate",4.7,36,-647.104443751083,0.287081339712919,NA,"845245871274897087"
"845246353112347736","C19H20ClNO3","[M - H]-",5,0.0273622069717842,16.2774610561129,0,16.2774610561129,"4","VDHWYWSLUYRNGE","C=CCN1CCC2=C(C(=C(C=C2C(C1)C3=CC=C(C=C3)O)O)O)Cl","1H-3-Benzazepine-7,8-diol, 6-chloro-2,3,4,5-tetrahydro-1-(4-hydroxyphenyl)-3-(2-propenyl)-",3.7613673,38,-649.662378900004,0.201923076923077,NA,"845245871274897087"
"845246353112347737","C11H18F3N3O6","[M - H]-",6,0.0214810097711195,16.0354675808027,2.51812443762549,13.5173431431772,"4",NA,NA,NA,NA,NA,NA,NA,NA,"845245871274897087"
"845246353112347738","C17H16FN3O4","[M - H]-",7,0.0170639160182263,15.8052643620192,1.36889948956684,14.4363648724523,"4","FVCPNISTSVVUPX","COC1=CC(=C(C=C1)O)C=NNC(=O)CNC(=O)C2=CC=C(C=C2)F","4-fluoro-N-[2-[(2Z)-2-[(2-hydroxy-5-methoxyphenyl)methylidene]hydrazinyl]-2-oxoethyl]benzamide",1.9,3,-375.581579709032,0.220512820512821,NA,"845245871274897087"
"845246353112347738","C17H16FN3O4","[M - H]-",7,0.0170639160182263,15.8052643620192,1.36889948956684,14.4363648724523,"4","ZBLZEVQPDZRXNP","COC1=CC=CC(=C1O)C=NNC(=O)CNC(=O)C2=CC=C(C=C2)F","4-fluoro-N-[2-[2-[(2-hydroxy-3-methoxyphenyl)methylidene]hydrazinyl]-2-oxoethyl]benzamide",1.9,5,-436.081750250604,0.205,NA,"845245871274897087"
"845246353112347738","C17H16FN3O4","[M - H]-",7,0.0170639160182263,15.8052643620192,1.36889948956684,14.4363648724523,"4","HAZCGTFRKOCWQZ","CC(=O)NC(CC1=CC=C(C=C1)F)C(=O)NC2=CC=C(C=C2)[N+](=O)[O-]","2-Acetamido-3-(4-fluorophenyl)-N-(4-nitrophenyl)propanamide (3c)",2.7804983,6,-448.304665797385,0.123853211009174,NA,"845245871274897087"
"845246353112347738","C17H16FN3O4","[M - H]-",7,0.0170639160182263,15.8052643620192,1.36889948956684,14.4363648724523,"4","JKZPDGNJAAVKEG","CC(=O)NC(CC1=CC(=CC=C1)F)C(=O)NC2=CC=C(C=C2)[N+](=O)[O-]","2-Acetamido-3-(3-fluorophenyl)-N-(4-nitrophenyl)propanamide (2c)",2.4,9,-478.357691479937,0.127358490566038,NA,"845245871274897087"
"845246353112347738","C17H16FN3O4","[M - H]-",7,0.0170639160182263,15.8052643620192,1.36889948956684,14.4363648724523,"4","NWVXUXFCAZFSQH","C1CN(CCN1)C2=C(C=C3C(=C2)N(C=C(C3=O)C(=O)O)C4CC4=O)F","Oxo-ciprofloxacin",0.33245212,11,-486.869848815675,0.285714285714286,NA,"845245871274897087"
"845246353112347738","C17H16FN3O4","[M - H]-",7,0.0170639160182263,15.8052643620192,1.36889948956684,14.4363648724523,"4","RYUXKVAKPFRBTB","CC(=O)NC(CC1=CC=CC=C1F)C(=O)NC2=CC=C(C=C2)[N+](=O)[O-]","2-Acetamido-3-(2-fluorophenyl)-N-(4-nitrophenyl)propanamide (1c)",2.4,12,-492.702651637462,0.128571428571429,NA,"845245871274897087"
"845246353112347738","C17H16FN3O4","[M - H]-",7,0.0170639160182263,15.8052643620192,1.36889948956684,14.4363648724523,"4","LHZAPCAVMNVKID","CCOC1=C(C=CC(=C1)C=NNC(=O)C(=O)NC2=CC=C(C=C2)F)O","N'-[(3-ethoxy-4-hydroxyphenyl)methylideneamino]-N-(4-fluorophenyl)oxamide",2.5,14,-511.938157691182,0.201030927835052,NA,"845245871274897087"
"845246353112347738","C17H16FN3O4","[M - H]-",7,0.0170639160182263,15.8052643620192,1.36889948956684,14.4363648724523,"4","MYYZZOHRULFPOQ","C1CC1N2C=C(C(=O)C3=CC(=C(C=C32)N4CCNC(=O)C4)F)C(=O)O","Oxociprofloxacin",0.96316284,15,-522.716633769998,0.269767441860465,NA,"845245871274897087"
"845246353112347738","C17H16FN3O4","[M - H]-",7,0.0170639160182263,15.8052643620192,1.36889948956684,14.4363648724523,"4","VCWNLVLFIZZTLZ","C1C2C(CN1C(=O)C3=CC=NO3)OCC(=O)N2CC4=CC=C(C=C4)F","4-[(4-fluorophenyl)methyl]-6-(1,2-oxazole-5-carbonyl)-octahydropyrrolo[3,4-b][1,4]oxazin-3-one",0.8,16,-525.42804944242,0.170506912442396,NA,"845245871274897087"
"845246353112347738","C17H16FN3O4","[M - H]-",7,0.0170639160182263,15.8052643620192,1.36889948956684,14.4363648724523,"4","VDCWENWOWUDREX","CC1=CC(=NO1)C(=O)N2CCC3COC(=O)N3C4=C(C2)C=CC(=C4)F","14-fluoro-9-(5-methyl-1,2-oxazole-3-carbonyl)-4-oxa-2,9-diazatricyclo[9.4.0.0²,⁶]pentadeca-1(15),11,13-trien-3-one",1.9,19,-536.534204576,0.21078431372549,NA,"845245871274897087"
"845246353112347739","C10H19N9OS2","[M - H]-",8,0.0161156161934394,15.7480870542343,0,15.7480870542343,"4",NA,NA,NA,NA,NA,NA,NA,NA,"845245871274897087"
"845246353112347740","C16H24ClNO3S","[M - H]-",9,0.0152646868427376,15.6938404136907,0,15.6938404136907,"4",NA,NA,NA,NA,NA,NA,NA,NA,"845245871274897087"
"845246353112347741","C14H17F2N3O5","[M - H]-",10,0.014541766981097,15.6453232926825,2.89525365759703,12.7500696350855,"4",NA,NA,NA,NA,NA,NA,NA,NA,"845245871274897087"
"845246012492918633","C14H23N3O3S2","[M - H]-",1,0.478544950631213,18.8586410992041,0,18.8586410992041,"5","WBLFCWDWOFARFH","CC(C)CN1C2CN(CC2OCCS1(=O)=O)CC3=NC=CS3","(5aS,8aR)-1-(2-methylpropyl)-7-(1,3-thiazol-2-ylmethyl)-3,4,5a,6,8,8a-hexahydropyrrolo[3,4-f][1,4,5]oxathiazepine 2,2-dioxide",1,38,-653.206720605043,0.182692307692308,NA,"845245871304257216"
"845246012492918633","C14H23N3O3S2","[M - H]-",1,0.478544950631213,18.8586410992041,0,18.8586410992041,"5","VDWQLXDLGJSQDR","C1=C(NC=N1)CC(C(=O)O)NC(=O)CCCCC(CCS)S","(2S)-2-[6,8-bis(sulfanyl)octanoylamino]-3-(1H-imidazol-5-yl)propanoic acid",1.3,43,-777.129666308421,0.151260504201681,NA,"845245871304257216"
"845246012492918634","C17H19N3O3S","[M - H]-",2,0.256613072307139,18.2354603471931,0,18.2354603471931,"5","SUBDBMMJDZJVOS","CC1=CN=C(C(=C1OC)C)CS(=O)C2=NC3=C(N2)C=C(C=C3)OC","6-methoxy-2-[(4-methoxy-3,5-dimethylpyridin-2-yl)methanesulfinyl]-1H-1,3-benzodiazole",2.6206226,1,-7.10816724987772,0.983606557377049,0,"845245871304257216"
"845246012492918634","C17H19N3O3S","[M - H]-",2,0.256613072307139,18.2354603471931,0,18.2354603471931,"5","ZWNARYKSNTWUOM","C1CN(CN1CC2=CC=CC=C2)C(=O)C3=CC=C(C=C3)S(=O)(=O)N","4-[3-(Phenylmethyl)imidazolidin-1-yl]carbonylbenzenesulfonamide",1.3,4,-429.022292750625,0.141509433962264,NA,"845245871304257216"
"845246012492918634","C17H19N3O3S","[M - H]-",2,0.256613072307139,18.2354603471931,0,18.2354603471931,"5","FDDLMBKEDYPNER","C1CN(CCN1CCC(=O)C2=CC=CS2)C3=CC=C(C=C3)[N+](=O)[O-]","3-[4-(4-Nitrophenyl)piperazino]-1-(2-thienyl)-1-propanone",3,8,-475.761326711113,0.146341463414634,NA,"845245871304257216"
"845246012492918634","C17H19N3O3S","[M - H]-",2,0.256613072307139,18.2354603471931,0,18.2354603471931,"5","SJXKOSOSNRUTAX","C1CN(CCN1CC2=CC=CO2)C(=S)NC3=CC4=C(C=C3)OCO4","N-(1,3-benzodioxol-5-yl)-4-(furan-2-ylmethyl)piperazin-4-ium-1-carbothioamide",1.9,10,-479.829773398319,0.23469387755102,NA,"845245871304257216"
"845246012492918634","C17H19N3O3S","[M - H]-",2,0.256613072307139,18.2354603471931,0,18.2354603471931,"5","HVGVNYJRZJHYBS","CC1=CC(=C(C=C1)S(=O)(=O)NC2=CC3=C(C=C2)N(C(=O)N3C)C)C","N-(1,3-dimethyl-2-oxo-2,3-dihydro-1H-benzimidazol-5-yl)-2,4-dimethylbenzenesulfonamide",2.2,13,-494.949777133327,0.317647058823529,NA,"845245871304257216"
"845246012492918634","C17H19N3O3S","[M - H]-",2,0.256613072307139,18.2354603471931,0,18.2354603471931,"5","LJAVIEUWQYYONW","COC1=CC=C(C=C1)C2=NC(=NC=C2)SCC(=O)N3CCOCC3","2-[[4-(4-Methoxyphenyl)-2-pyrimidinyl]thio]-1-(4-morpholinyl)ethanone",1.8,16,-524.407701583808,0.308056872037915,NA,"845245871304257216"
"845246012492918634","C17H19N3O3S","[M - H]-",2,0.256613072307139,18.2354603471931,0,18.2354603471931,"5","KMCSXFINGGBOFP","C1CN(CC2=CC=CC=C21)CC(=O)NC3=CC=C(C=C3)S(=O)(=O)N","N-(4-sulfamoylphenyl)-2-(1,2,3,4-tetrahydroisoquinolin-2-yl)acetamide",1.3,18,-528.121650590552,0.135021097046413,NA,"845245871304257216"
"845246012492918634","C17H19N3O3S","[M - H]-",2,0.256613072307139,18.2354603471931,0,18.2354603471931,"5","IBAYUWQIQGOLBX","CCOC1=C(C=CC(=C1)C=NNC(=S)NC2=CC=C(C=C2)OC)O","1-[(3-Ethoxy-4-hydroxyphenyl)methylideneamino]-3-(4-methoxyphenyl)thiourea",3.1,20,-550.96414149554,0.244791666666667,NA,"845245871304257216"
"845246012492918634","C17H19N3O3S","[M - H]-",2,0.256613072307139,18.2354603471931,0,18.2354603471931,"5","ABBDYGNALLZFNP","COC1=C(C=C(C=C1)C(=O)NNC(=S)NCC2=CC=CC=C2)OC","N-Benzyl-2-(3,4-dimethoxybenzoyl)hydrazinecarbothioamide",2.6,23,-559.95651287204,0.158914728682171,NA,"845245871304257216"
"845246012492918634","C17H19N3O3S","[M - H]-",2,0.256613072307139,18.2354603471931,0,18.2354603471931,"5","WPIILTPYKOWHQU","COC1=CC2=C(C=C1)NC=C2CCNS(=O)(=O)C3=CC=C(C=C3)N","4-amino-N-[2-(5-methoxy-1H-indol-3-yl)ethyl]benzene-1-sulfonamide",2.4006016,26,-577.199407570877,0.339712918660287,NA,"845245871304257216"
"845246012492918634","C17H19N3O3S","[M - H]-",2,0.256613072307139,18.2354603471931,0,18.2354603471931,"5","AIBMIQGSVBRQNH","COC1=CC(=CC(=C1OC)OC)C=NNC(=S)NC2=CC=CC=C2","(Phenylcarbamothioylamino)-[(3,4,5-trimethoxyphenyl)methylidene]azanium",3.1,27,-581.741774088787,0.183574879227053,NA,"845245871304257216"
"845246012492918634","C17H19N3O3S","[M - H]-",2,0.256613072307139,18.2354603471931,0,18.2354603471931,"5","FUYKCLPJJPJJTN","COC1=CC(=C(C=C1C=NNC(=S)NC2=CC=CC=C2)OC)OC","(Phenylcarbamothioylamino)-[(2,4,5-trimethoxyphenyl)methylidene]azanium",3.1,28,-582.555465081476,0.205,NA,"845245871304257216"
"845246012492918634","C17H19N3O3S","[M - H]-",2,0.256613072307139,18.2354603471931,0,18.2354603471931,"5","RHRSBTVNCCOGDJ","CC1=CC(=NC(=N1)SC(C2=CC=CC=C2)C(=O)O)N3CCOCC3","(2S)-2-(4-methyl-6-morpholin-4-ylpyrimidin-2-yl)sulfanyl-2-phenylacetate",2.8,29,-583.871689938867,0.207729468599034,NA,"845245871304257216"
"845246012492918634","C17H19N3O3S","[M - H]-",2,0.256613072307139,18.2354603471931,0,18.2354603471931,"5","HHTWCWCZKQRKRJ","CN1C2=CC=CC=C2N(C3=CC=CC=C3S1(=O)=O)C(=O)CN(C)C","6-Methyl-6,11-dihydro-11-((N,N-dimethylamino)acetyl)dibenzo(c,f)-(1,2,5)-thiadiazepine 5,5-dioxide",1.7,30,-590.06208649835,0.2,NA,"845245871304257216"
"845246012492918634","C17H19N3O3S","[M - H]-",2,0.256613072307139,18.2354603471931,0,18.2354603471931,"5","RSMGOJOYNVIKHB","COC1=C(C(=C(C=C1)C=NNC(=S)NC2=CC=CC=C2)OC)OC","1-Phenyl-3-[(2,3,4-trimethoxyphenyl)methylideneamino]thiourea",3.1,32,-612.608683377279,0.202970297029703,NA,"845245871304257216"
"845246012492918635","C14H20FN3O4S","[M - H]-",3,0.104962742577325,17.3414964066027,0.122783189861294,17.2187132167415,"5",NA,NA,NA,NA,NA,NA,NA,NA,"845245871304257216"
"845246012492918636","C13H20BClN2O6","[M - H]-",4,0.0231924448102628,15.8317175229153,0,15.8317175229153,"5","RJXOEUFRQATKAB","[B-](C(CC1=CC=C(C=C1)Cl)NC(=O)C)(O)(O)OCC(C(=O)O)N","[(1R)-1-acetamido-2-(4-chlorophenyl)ethyl]-[(2S)-2-amino-3-hydroxy-3-oxo-propoxy]-dihydroxy-boron",0.87474024,2,-348.530790782646,0.315789473684211,Inf,"845245871304257216"
"845246012492918637","C16H24ClNO3S","[M - H]-",5,0.0192366843374672,15.6447100506644,0,15.6447100506644,"5",NA,NA,NA,NA,NA,NA,NA,NA,"845245871304257216"
"845246012492918638","C10H19N9OS2","[M - H]-",6,0.0191102918590079,15.6381179827259,0,15.6381179827259,"5",NA,NA,NA,NA,NA,NA,NA,NA,"845245871304257216"
"845246012492918639","C19H20ClNO3","[M - H]-",7,0.0186541315031648,15.613958601886,0,15.613958601886,"5","BWWOPVHQIVCIES","CC1C(C2=C(O1)C=C(OC2=O)C(=CC=CC3=C(C=CN3)Cl)C)(C)C","Malbranpyrrole F",4.8,7,-452.284013884534,0.292134831460674,NA,"845245871304257216"
"845246012492918639","C19H20ClNO3","[M - H]-",7,0.0186541315031648,15.613958601886,0,15.613958601886,"5","QMDZLRHECGUUPL","COCC1CN(C(=O)O1)C2=CC=C(C=C2)CCC3=CC(=CC=C3)Cl","3-(4-(2-(3-Chlorophenyl)ethyl)phenyl)-5-(methoxymethyl)-2-oxazolidinone",4.2,21,-551.112531627192,0.222772277227723,NA,"845245871304257216"
"845246012492918639","C19H20ClNO3","[M - H]-",7,0.0186541315031648,15.613958601886,0,15.613958601886,"5","KHIAPCKDMQGBOL","CC(=O)N1CCC2=CC(=C(C=C2C1C3=CC=C(C=C3)Cl)OC)OC","1-[1-(4-chlorophenyl)-6,7-dimethoxy-1,2,3,4-tetrahydroisoquinolin-2-yl]ethan-1-one",3.5,22,-559.943658592504,0.209677419354839,NA,"845245871304257216"
"845246012492918639","C19H20ClNO3","[M - H]-",7,0.0186541315031648,15.613958601886,0,15.613958601886,"5","QRPNRXDOWMDNDM","CC1=C(C(=CC=C1)C)N(CCCC(=O)O)C(=O)C2=CC=C(C=C2)Cl","BUTYRIC ACID, 4-(p-CHLORO-N-2,6-XYLYLBENZAMIDO)-",4.708626,24,-565.732264010098,0.204761904761905,NA,"845245871304257216"
"845246012492918639","C19H20ClNO3","[M - H]-",7,0.0186541315031648,15.613958601886,0,15.613958601886,"5","SOHXCFMYNTWRCV","C1CC2=C(C1)C=C(C=C2)OC(=O)C3=NC=C(C=C3)OCCCCCl","Picolinic acid, 5-(4-chlorobutoxy)-, 5-indanyl ester",4.7,25,-566.747839180353,0.290155440414508,NA,"845245871304257216"
"845246012492918639","C19H20ClNO3","[M - H]-",7,0.0186541315031648,15.613958601886,0,15.613958601886,"5","QTSWHDYFLYGYLQ","CC1=C(C(=CC=C1)C)N(CCCC(=O)O)C(=O)C2=CC=CC=C2Cl","BUTYRIC ACID, 4-(o-CHLORO-N-2,6-XYLYLBENZAMIDO)-",4.2,31,-610.33854910149,0.202898550724638,NA,"845245871304257216"
"845246012492918639","C19H20ClNO3","[M - H]-",7,0.0186541315031648,15.613958601886,0,15.613958601886,"5","SHODAIZAJAKWNR","CC1C2=CC(=C(C=C2CCN1C(=O)C3=CC=CC=C3Cl)OC)OC","2-(2-chlorobenzoyl)-6,7-dimethoxy-1-methyl-1,2,3,4-tetrahydroisoquinoline",3.9,33,-620.201532833436,0.216,NA,"845245871304257216"
"845246012492918639","C19H20ClNO3","[M - H]-",7,0.0186541315031648,15.613958601886,0,15.613958601886,"5","ASWJCLIMSXGCQS","CC(=O)N1CCC2=CC(=C(C=C2C1C3=CC=CC=C3Cl)OC)OC","1-[1-(2-chlorophenyl)-6,7-dimethoxy-1,2,3,4-tetrahydroisoquinolin-2-yl]ethan-1-one",3.5,35,-643.183305777836,0.205645161290323,NA,"845245871304257216"
"845246012492918639","C19H20ClNO3","[M - H]-",7,0.0186541315031648,15.613958601886,0,15.613958601886,"5","JCKYHCGTBXZTSB","CN1C2CCC1CC(C2)OC(=O)C3=CC=C(O3)C4=CC=C(C=C4)Cl","1-alpha-H,5-alpha-H-Tropan-3-alpha-ol, 5-(p-chlorophenyl)-2-furoate",4.7,37,-649.927575744631,0.282296650717703,NA,"845245871304257216"
"845246012492918639","C19H20ClNO3","[M - H]-",7,0.0186541315031648,15.613958601886,0,15.613958601886,"5","VDHWYWSLUYRNGE","C=CCN1CCC2=C(C(=C(C=C2C(C1)C3=CC=C(C=C3)O)O)O)Cl","1H-3-Benzazepine-7,8-diol, 6-chloro-2,3,4,5-tetrahydro-1-(4-hydroxyphenyl)-3-(2-propenyl)-",3.7613673,39,-655.909826677168,0.197115384615385,NA,"845245871304257216"
"845246012492918640","C11H18F3N3O6","[M - H]-",8,0.0119295801074497,15.1669119911426,2.20897926011855,12.957932731024,"5",NA,NA,NA,NA,NA,NA,NA,NA,"845245871304257216"
"845246012492918641","C17H16FN3O4","[M - H]-",9,0.0113084565102341,15.1134417615814,1.35729875853169,13.7561430030497,"5","FVCPNISTSVVUPX","COC1=CC(=C(C=C1)O)C=NNC(=O)CNC(=O)C2=CC=C(C=C2)F","4-fluoro-N-[2-[(2Z)-2-[(2-hydroxy-5-methoxyphenyl)methylidene]hydrazinyl]-2-oxoethyl]benzamide",1.9,3,-369.808159080521,0.220512820512821,NA,"845245871304257216"
"845246012492918641","C17H16FN3O4","[M - H]-",9,0.0113084565102341,15.1134417615814,1.35729875853169,13.7561430030497,"5","ZBLZEVQPDZRXNP","COC1=CC=CC(=C1O)C=NNC(=O)CNC(=O)C2=CC=C(C=C2)F","4-fluoro-N-[2-[2-[(2-hydroxy-3-methoxyphenyl)methylidene]hydrazinyl]-2-oxoethyl]benzamide",1.9,5,-430.180149979076,0.205,NA,"845245871304257216"
"845246012492918641","C17H16FN3O4","[M - H]-",9,0.0113084565102341,15.1134417615814,1.35729875853169,13.7561430030497,"5","HAZCGTFRKOCWQZ","CC(=O)NC(CC1=CC=C(C=C1)F)C(=O)NC2=CC=C(C=C2)[N+](=O)[O-]","2-Acetamido-3-(4-fluorophenyl)-N-(4-nitrophenyl)propanamide (3c)",2.7804983,6,-448.237968267941,0.123853211009174,NA,"845245871304257216"
"845246012492918641","C17H16FN3O4","[M - H]-",9,0.0113084565102341,15.1134417615814,1.35729875853169,13.7561430030497,"5","JKZPDGNJAAVKEG","CC(=O)NC(CC1=CC(=CC=C1)F)C(=O)NC2=CC=C(C=C2)[N+](=O)[O-]","2-Acetamido-3-(3-fluorophenyl)-N-(4-nitrophenyl)propanamide (2c)",2.4,9,-477.533182126935,0.127358490566038,NA,"845245871304257216"
"845246012492918641","C17H16FN3O4","[M - H]-",9,0.0113084565102341,15.1134417615814,1.35729875853169,13.7561430030497,"5","NWVXUXFCAZFSQH","C1CN(CCN1)C2=C(C=C3C(=C2)N(C=C(C3=O)C(=O)O)C4CC4=O)F","Oxo-ciprofloxacin",0.33245212,11,-481.596712837705,0.285714285714286,NA,"845245871304257216"
"845246012492918641","C17H16FN3O4","[M - H]-",9,0.0113084565102341,15.1134417615814,1.35729875853169,13.7561430030497,"5","RYUXKVAKPFRBTB","CC(=O)NC(CC1=CC=CC=C1F)C(=O)NC2=CC=C(C=C2)[N+](=O)[O-]","2-Acetamido-3-(2-fluorophenyl)-N-(4-nitrophenyl)propanamide (1c)",2.4,12,-491.779813324574,0.128571428571429,NA,"845245871304257216"
"845246012492918641","C17H16FN3O4","[M - H]-",9,0.0113084565102341,15.1134417615814,1.35729875853169,13.7561430030497,"5","LHZAPCAVMNVKID","CCOC1=C(C=CC(=C1)C=NNC(=O)C(=O)NC2=CC=C(C=C2)F)O","N'-[(3-ethoxy-4-hydroxyphenyl)methylideneamino]-N-(4-fluorophenyl)oxamide",2.5,14,-511.064010258344,0.201030927835052,NA,"845245871304257216"
"845246012492918641","C17H16FN3O4","[M - H]-",9,0.0113084565102341,15.1134417615814,1.35729875853169,13.7561430030497,"5","MYYZZOHRULFPOQ","C1CC1N2C=C(C(=O)C3=CC(=C(C=C32)N4CCNC(=O)C4)F)C(=O)O","Oxociprofloxacin",0.96316284,15,-519.801024412837,0.269767441860465,NA,"845245871304257216"
"845246012492918641","C17H16FN3O4","[M - H]-",9,0.0113084565102341,15.1134417615814,1.35729875853169,13.7561430030497,"5","VCWNLVLFIZZTLZ","C1C2C(CN1C(=O)C3=CC=NO3)OCC(=O)N2CC4=CC=C(C=C4)F","4-[(4-fluorophenyl)methyl]-6-(1,2-oxazole-5-carbonyl)-octahydropyrrolo[3,4-b][1,4]oxazin-3-one",0.8,17,-525.279889221006,0.170506912442396,NA,"845245871304257216"
"845246012492918641","C17H16FN3O4","[M - H]-",9,0.0113084565102341,15.1134417615814,1.35729875853169,13.7561430030497,"5","VDCWENWOWUDREX","CC1=CC(=NO1)C(=O)N2CCC3COC(=O)N3C4=C(C2)C=CC(=C4)F","14-fluoro-9-(5-methyl-1,2-oxazole-3-carbonyl)-4-oxa-2,9-diazatricyclo[9.4.0.0²,⁶]pentadeca-1(15),11,13-trien-3-one",1.9,19,-532.226349675849,0.21078431372549,NA,"845245871304257216"
"845246012492918642","C14H17F2N3O5","[M - H]-",10,0.00846195241521402,14.8234708809424,2.72618957905647,12.0972813018859,"5",NA,NA,NA,NA,NA,NA,NA,NA,"845245871304257216"
"845246005937221401","C17H19N3O3S","[M - H]-",1,0.257661168653628,35.7631794433215,0,35.7631794433215,"6","SUBDBMMJDZJVOS","CC1=CN=C(C(=C1OC)C)CS(=O)C2=NC3=C(N2)C=C(C=C3)OC","6-methoxy-2-[(4-methoxy-3,5-dimethylpyridin-2-yl)methanesulfinyl]-1H-1,3-benzodiazole",2.6206226,1,-11.716743480572,0.975806451612903,0,"845245871316840129"
"845246005937221401","C17H19N3O3S","[M - H]-",1,0.257661168653628,35.7631794433215,0,35.7631794433215,"6","ZWNARYKSNTWUOM","C1CN(CN1CC2=CC=CC=C2)C(=O)C3=CC=C(C=C3)S(=O)(=O)N","4-[3-(Phenylmethyl)imidazolidin-1-yl]carbonylbenzenesulfonamide",1.3,4,-421.938232877224,0.134259259259259,NA,"845245871316840129"
"845246005937221401","C17H19N3O3S","[M - H]-",1,0.257661168653628,35.7631794433215,0,35.7631794433215,"6","SJXKOSOSNRUTAX","C1CN(CCN1CC2=CC=CO2)C(=S)NC3=CC4=C(C=C3)OCO4","N-(1,3-benzodioxol-5-yl)-4-(furan-2-ylmethyl)piperazin-4-ium-1-carbothioamide",1.9,7,-454.009122454492,0.231155778894472,NA,"845245871316840129"
"845246005937221401","C17H19N3O3S","[M - H]-",1,0.257661168653628,35.7631794433215,0,35.7631794433215,"6","HVGVNYJRZJHYBS","CC1=CC(=C(C=C1)S(=O)(=O)NC2=CC3=C(C=C2)N(C(=O)N3C)C)C","N-(1,3-dimethyl-2-oxo-2,3-dihydro-1H-benzimidazol-5-yl)-2,4-dimethylbenzenesulfonamide",2.2,9,-459.972659488235,0.304597701149425,NA,"845245871316840129"
"845246005937221401","C17H19N3O3S","[M - H]-",1,0.257661168653628,35.7631794433215,0,35.7631794433215,"6","FDDLMBKEDYPNER","C1CN(CCN1CCC(=O)C2=CC=CS2)C3=CC=C(C=C3)[N+](=O)[O-]","3-[4-(4-Nitrophenyl)piperazino]-1-(2-thienyl)-1-propanone",3,12,-486.892957744701,0.138755980861244,NA,"845245871316840129"
"845246005937221401","C17H19N3O3S","[M - H]-",1,0.257661168653628,35.7631794433215,0,35.7631794433215,"6","KMCSXFINGGBOFP","C1CN(CC2=CC=CC=C21)CC(=O)NC3=CC=C(C=C3)S(=O)(=O)N","N-(4-sulfamoylphenyl)-2-(1,2,3,4-tetrahydroisoquinolin-2-yl)acetamide",1.3,15,-501.220886130656,0.128630705394191,NA,"845245871316840129"
"845246005937221401","C17H19N3O3S","[M - H]-",1,0.257661168653628,35.7631794433215,0,35.7631794433215,"6","IBAYUWQIQGOLBX","CCOC1=C(C=CC(=C1)C=NNC(=S)NC2=CC=C(C=C2)OC)O","1-[(3-Ethoxy-4-hydroxyphenyl)methylideneamino]-3-(4-methoxyphenyl)thiourea",3.1,17,-511.577456872943,0.247422680412371,NA,"845245871316840129"
"845246005937221401","C17H19N3O3S","[M - H]-",1,0.257661168653628,35.7631794433215,0,35.7631794433215,"6","ABBDYGNALLZFNP","COC1=C(C=C(C=C1)C(=O)NNC(=S)NCC2=CC=CC=C2)OC","N-Benzyl-2-(3,4-dimethoxybenzoyl)hydrazinecarbothioamide",2.6,20,-528.226697496532,0.161538461538462,NA,"845245871316840129"
"845246005937221401","C17H19N3O3S","[M - H]-",1,0.257661168653628,35.7631794433215,0,35.7631794433215,"6","LJAVIEUWQYYONW","COC1=CC=C(C=C1)C2=NC(=NC=C2)SCC(=O)N3CCOCC3","2-[[4-(4-Methoxyphenyl)-2-pyrimidinyl]thio]-1-(4-morpholinyl)ethanone",1.8,23,-540.672775375515,0.322274881516588,NA,"845245871316840129"
"845246005937221401","C17H19N3O3S","[M - H]-",1,0.257661168653628,35.7631794433215,0,35.7631794433215,"6","FUYKCLPJJPJJTN","COC1=CC(=C(C=C1C=NNC(=S)NC2=CC=CC=C2)OC)OC","(Phenylcarbamothioylamino)-[(2,4,5-trimethoxyphenyl)methylidene]azanium",3.1,27,-570.605266578476,0.201970443349754,NA,"845245871316840129"
"845246005937221401","C17H19N3O3S","[M - H]-",1,0.257661168653628,35.7631794433215,0,35.7631794433215,"6","AIBMIQGSVBRQNH","COC1=CC(=CC(=C1OC)OC)C=NNC(=S)NC2=CC=CC=C2","(Phenylcarbamothioylamino)-[(3,4,5-trimethoxyphenyl)methylidene]azanium",3.1,28,-571.087459699522,0.175355450236967,NA,"845245871316840129"
"845246005937221401","C17H19N3O3S","[M - H]-",1,0.257661168653628,35.7631794433215,0,35.7631794433215,"6","HHTWCWCZKQRKRJ","CN1C2=CC=CC=C2N(C3=CC=CC=C3S1(=O)=O)C(=O)CN(C)C","6-Methyl-6,11-dihydro-11-((N,N-dimethylamino)acetyl)dibenzo(c,f)-(1,2,5)-thiadiazepine 5,5-dioxide",1.7,29,-573.313269267691,0.190721649484536,NA,"845245871316840129"
"845246005937221401","C17H19N3O3S","[M - H]-",1,0.257661168653628,35.7631794433215,0,35.7631794433215,"6","RSMGOJOYNVIKHB","COC1=C(C(=C(C=C1)C=NNC(=S)NC2=CC=CC=C2)OC)OC","1-Phenyl-3-[(2,3,4-trimethoxyphenyl)methylideneamino]thiourea",3.1,31,-591.106200091217,0.2,NA,"845245871316840129"
"845246005937221401","C17H19N3O3S","[M - H]-",1,0.257661168653628,35.7631794433215,0,35.7631794433215,"6","WPIILTPYKOWHQU","COC1=CC2=C(C=C1)NC=C2CCNS(=O)(=O)C3=CC=C(C=C3)N","4-amino-N-[2-(5-methoxy-1H-indol-3-yl)ethyl]benzene-1-sulfonamide",2.4006016,32,-600.111963912168,0.341232227488152,NA,"845245871316840129"
"845246005937221401","C17H19N3O3S","[M - H]-",1,0.257661168653628,35.7631794433215,0,35.7631794433215,"6","RHRSBTVNCCOGDJ","CC1=CC(=NC(=N1)SC(C2=CC=CC=C2)C(=O)O)N3CCOCC3","(2S)-2-(4-methyl-6-morpholin-4-ylpyrimidin-2-yl)sulfanyl-2-phenylacetate",2.8,33,-600.666657719414,0.210526315789474,NA,"845245871316840129"
"845246005937221402","C13H20BClN2O6","[M - H]-",2,0.191915542983662,35.4685894162846,0,35.4685894162846,"6","RJXOEUFRQATKAB","[B-](C(CC1=CC=C(C=C1)Cl)NC(=O)C)(O)(O)OCC(C(=O)O)N","[(1R)-1-acetamido-2-(4-chlorophenyl)ethyl]-[(2S)-2-amino-3-hydroxy-3-oxo-propoxy]-dihydroxy-boron",0.87474024,3,-407.534351924518,0.287581699346405,NA,"845245871316840129"
"845246005937221403","C17H16FN3O4","[M - H]-",3,0.127853832792344,35.0624217014355,0.790697609648868,34.2717240917866,"6","FVCPNISTSVVUPX","COC1=CC(=C(C=C1)O)C=NNC(=O)CNC(=O)C2=CC=C(C=C2)F","4-fluoro-N-[2-[(2Z)-2-[(2-hydroxy-5-methoxyphenyl)methylidene]hydrazinyl]-2-oxoethyl]benzamide",1.9,2,-374.253961840074,0.212435233160622,Inf,"845245871316840129"
"845246005937221403","C17H16FN3O4","[M - H]-",3,0.127853832792344,35.0624217014355,0.790697609648868,34.2717240917866,"6","ZBLZEVQPDZRXNP","COC1=CC=CC(=C1O)C=NNC(=O)CNC(=O)C2=CC=C(C=C2)F","4-fluoro-N-[2-[2-[(2-hydroxy-3-methoxyphenyl)methylidene]hydrazinyl]-2-oxoethyl]benzamide",1.9,5,-438.879165649057,0.203045685279188,NA,"845245871316840129"
"845246005937221403","C17H16FN3O4","[M - H]-",3,0.127853832792344,35.0624217014355,0.790697609648868,34.2717240917866,"6","HAZCGTFRKOCWQZ","CC(=O)NC(CC1=CC=C(C=C1)F)C(=O)NC2=CC=C(C=C2)[N+](=O)[O-]","2-Acetamido-3-(4-fluorophenyl)-N-(4-nitrophenyl)propanamide (3c)",2.7804983,6,-445.544123356554,0.126168224299065,NA,"845245871316840129"
"845246005937221403","C17H16FN3O4","[M - H]-",3,0.127853832792344,35.0624217014355,0.790697609648868,34.2717240917866,"6","JKZPDGNJAAVKEG","CC(=O)NC(CC1=CC(=CC=C1)F)C(=O)NC2=CC=C(C=C2)[N+](=O)[O-]","2-Acetamido-3-(3-fluorophenyl)-N-(4-nitrophenyl)propanamide (2c)",2.4,10,-474.336558697036,0.129807692307692,NA,"845245871316840129"
"845246005937221403","C17H16FN3O4","[M - H]-",3,0.127853832792344,35.0624217014355,0.790697609648868,34.2717240917866,"6","RYUXKVAKPFRBTB","CC(=O)NC(CC1=CC=CC=C1F)C(=O)NC2=CC=C(C=C2)[N+](=O)[O-]","2-Acetamido-3-(2-fluorophenyl)-N-(4-nitrophenyl)propanamide (1c)",2.4,11,-480.131970322904,0.131067961165049,NA,"845245871316840129"
"845246005937221403","C17H16FN3O4","[M - H]-",3,0.127853832792344,35.0624217014355,0.790697609648868,34.2717240917866,"6","LHZAPCAVMNVKID","CCOC1=C(C=CC(=C1)C=NNC(=O)C(=O)NC2=CC=C(C=C2)F)O","N'-[(3-ethoxy-4-hydroxyphenyl)methylideneamino]-N-(4-fluorophenyl)oxamide",2.5,14,-498.846172818235,0.211640211640212,NA,"845245871316840129"
"845246005937221403","C17H16FN3O4","[M - H]-",3,0.127853832792344,35.0624217014355,0.790697609648868,34.2717240917866,"6","NWVXUXFCAZFSQH","C1CN(CCN1)C2=C(C=C3C(=C2)N(C=C(C3=O)C(=O)O)C4CC4=O)F","Oxo-ciprofloxacin",0.33245212,16,-511.401534437741,0.253658536585366,NA,"845245871316840129"
"845246005937221403","C17H16FN3O4","[M - H]-",3,0.127853832792344,35.0624217014355,0.790697609648868,34.2717240917866,"6","VCWNLVLFIZZTLZ","C1C2C(CN1C(=O)C3=CC=NO3)OCC(=O)N2CC4=CC=C(C=C4)F","4-[(4-fluorophenyl)methyl]-6-(1,2-oxazole-5-carbonyl)-octahydropyrrolo[3,4-b][1,4]oxazin-3-one",0.8,18,-522.193874077889,0.179245283018868,NA,"845245871316840129"
"845246005937221403","C17H16FN3O4","[M - H]-",3,0.127853832792344,35.0624217014355,0.790697609648868,34.2717240917866,"6","VDCWENWOWUDREX","CC1=CC(=NO1)C(=O)N2CCC3COC(=O)N3C4=C(C2)C=CC(=C4)F","14-fluoro-9-(5-methyl-1,2-oxazole-3-carbonyl)-4-oxa-2,9-diazatricyclo[9.4.0.0²,⁶]pentadeca-1(15),11,13-trien-3-one",1.9,22,-539.401279045316,0.215,NA,"845245871316840129"
"845246005937221403","C17H16FN3O4","[M - H]-",3,0.127853832792344,35.0624217014355,0.790697609648868,34.2717240917866,"6","MYYZZOHRULFPOQ","C1CC1N2C=C(C(=O)C3=CC(=C(C=C32)N4CCNC(=O)C4)F)C(=O)O","Oxociprofloxacin",0.96316284,25,-548.939823160815,0.23963133640553,NA,"845245871316840129"
"845246005937221404","C14H20FN3O4S","[M - H]-",4,0.122232964639129,35.0174627914159,0,35.0174627914159,"6",NA,NA,NA,NA,NA,NA,NA,NA,"845245871316840129"
"845246005937221405","C14H23N3O3S2","[M - H]-",5,0.0979982051906544,34.7964831854478,0,34.7964831854478,"6","WBLFCWDWOFARFH","CC(C)CN1C2CN(CC2OCCS1(=O)=O)CC3=NC=CS3","(5aS,8aR)-1-(2-methylpropyl)-7-(1,3-thiazol-2-ylmethyl)-3,4,5a,6,8,8a-hexahydropyrrolo[3,4-f][1,4,5]oxathiazepine 2,2-dioxide",1,37,-659.030640263813,0.197115384615385,NA,"845245871316840129"
"845246005937221405","C14H23N3O3S2","[M - H]-",5,0.0979982051906544,34.7964831854478,0,34.7964831854478,"6","VDWQLXDLGJSQDR","C1=C(NC=N1)CC(C(=O)O)NC(=O)CCCCC(CCS)S","(2S)-2-[6,8-bis(sulfanyl)octanoylamino]-3-(1H-imidazol-5-yl)propanoic acid",1.3,42,-800.543258838772,0.144628099173554,NA,"845245871316840129"
"845246005937221406","C14H21N2O6S","[M - H]-",6,0.0653213381150099,34.3908527747514,0,34.3908527747514,"6",NA,NA,NA,NA,NA,NA,NA,NA,"845245871316840129"
"845246005937221407","C14H17F2N3O5","[M - H]-",7,0.0610179148767714,34.3227015288863,2.8889072122641,31.4337943166222,"6",NA,NA,NA,NA,NA,NA,NA,NA,"845245871316840129"
"845246005937221408","C19H20ClNO3","[M - H]-",8,0.0262045964188903,33.4774688525415,0,33.4774688525415,"6","BWWOPVHQIVCIES","CC1C(C2=C(O1)C=C(OC2=O)C(=CC=CC3=C(C=CN3)Cl)C)(C)C","Malbranpyrrole F",4.8,8,-454.346760604016,0.260606060606061,NA,"845245871316840129"
"845246005937221408","C19H20ClNO3","[M - H]-",8,0.0262045964188903,33.4774688525415,0,33.4774688525415,"6","KHIAPCKDMQGBOL","CC(=O)N1CCC2=CC(=C(C=C2C1C3=CC=C(C=C3)Cl)OC)OC","1-[1-(4-chlorophenyl)-6,7-dimethoxy-1,2,3,4-tetrahydroisoquinolin-2-yl]ethan-1-one",3.5,13,-489.699017829432,0.235555555555556,NA,"845245871316840129"
"845246005937221408","C19H20ClNO3","[M - H]-",8,0.0262045964188903,33.4774688525415,0,33.4774688525415,"6","QRPNRXDOWMDNDM","CC1=C(C(=CC=C1)C)N(CCCC(=O)O)C(=O)C2=CC=C(C=C2)Cl","BUTYRIC ACID, 4-(p-CHLORO-N-2,6-XYLYLBENZAMIDO)-",4.708626,19,-523.448521931647,0.215789473684211,NA,"845245871316840129"
"845246005937221408","C19H20ClNO3","[M - H]-",8,0.0262045964188903,33.4774688525415,0,33.4774688525415,"6","SOHXCFMYNTWRCV","C1CC2=C(C1)C=C(C=C2)OC(=O)C3=NC=C(C=C3)OCCCCCl","Picolinic acid, 5-(4-chlorobutoxy)-, 5-indanyl ester",4.7,21,-533.356615455606,0.261111111111111,NA,"845245871316840129"
"845246005937221408","C19H20ClNO3","[M - H]-",8,0.0262045964188903,33.4774688525415,0,33.4774688525415,"6","QMDZLRHECGUUPL","COCC1CN(C(=O)O1)C2=CC=C(C=C2)CCC3=CC(=CC=C3)Cl","3-(4-(2-(3-Chlorophenyl)ethyl)phenyl)-5-(methoxymethyl)-2-oxazolidinone",4.2,24,-542.339404806384,0.229508196721311,NA,"845245871316840129"
"845246005937221408","C19H20ClNO3","[M - H]-",8,0.0262045964188903,33.4774688525415,0,33.4774688525415,"6","QTSWHDYFLYGYLQ","CC1=C(C(=CC=C1)C)N(CCCC(=O)O)C(=O)C2=CC=CC=C2Cl","BUTYRIC ACID, 4-(o-CHLORO-N-2,6-XYLYLBENZAMIDO)-",4.2,26,-568.465517424408,0.201058201058201,NA,"845245871316840129"
"845246005937221408","C19H20ClNO3","[M - H]-",8,0.0262045964188903,33.4774688525415,0,33.4774688525415,"6","ASWJCLIMSXGCQS","CC(=O)N1CCC2=CC(=C(C=C2C1C3=CC=CC=C3Cl)OC)OC","1-[1-(2-chlorophenyl)-6,7-dimethoxy-1,2,3,4-tetrahydroisoquinolin-2-yl]ethan-1-one",3.5,30,-588.963646644659,0.220264317180617,NA,"845245871316840129"
"845246005937221408","C19H20ClNO3","[M - H]-",8,0.0262045964188903,33.4774688525415,0,33.4774688525415,"6","SHODAIZAJAKWNR","CC1C2=CC(=C(C=C2CCN1C(=O)C3=CC=CC=C3Cl)OC)OC","2-(2-chlorobenzoyl)-6,7-dimethoxy-1-methyl-1,2,3,4-tetrahydroisoquinoline",3.9,34,-602.023541685665,0.220779220779221,NA,"845245871316840129"
"845246005937221408","C19H20ClNO3","[M - H]-",8,0.0262045964188903,33.4774688525415,0,33.4774688525415,"6","VDHWYWSLUYRNGE","C=CCN1CCC2=C(C(=C(C=C2C(C1)C3=CC=C(C=C3)O)O)O)Cl","1H-3-Benzazepine-7,8-diol, 6-chloro-2,3,4,5-tetrahydro-1-(4-hydroxyphenyl)-3-(2-propenyl)-",3.7613673,35,-619.538153281763,0.220430107526882,NA,"845245871316840129"
"845246005937221408","C19H20ClNO3","[M - H]-",8,0.0262045964188903,33.4774688525415,0,33.4774688525415,"6","JCKYHCGTBXZTSB","CN1C2CCC1CC(C2)OC(=O)C3=CC=C(O3)C4=CC=C(C=C4)Cl","1-alpha-H,5-alpha-H-Tropan-3-alpha-ol, 5-(p-chlorophenyl)-2-furoate",4.7,41,-706.650961163752,0.294736842105263,NA,"845245871316840129"
"845246005937221409","C11H18F3N3O6","[M - H]-",9,0.0215241316922326,33.2807087313248,3.02598748870601,30.2547212426187,"6",NA,NA,NA,NA,NA,NA,NA,NA,"845245871316840129"
"845246005937221410","C14H22ClN4O2S","[M - H]-",10,0.00920269384550618,32.4310302718149,0,32.4310302718149,"6",NA,NA,NA,NA,NA,NA,NA,NA,"845245871316840129"
"845246014233554813","C13H19N3O8","[M - H]-",1,0.826778645740474,36.0824459197301,1.32835666265085,34.7540892570792,"16","RSFNVYSVNQERMH","CN1C(=C(C(=O)N(C1=O)C)C=NC2C(C(C(OC2O)CO)O)O)O","2-deoxy-2-{[(1,3-dimethyl-2,4,6-trioxotetrahydropyrimidin-5(2H)-ylidene)methyl]amino}hexopyranose",-3.1,1,-246.901471604388,0.585798816568047,0,"845245871358783170"
"845246014233554813","C13H19N3O8","[M - H]-",1,0.826778645740474,36.0824459197301,1.32835666265085,34.7540892570792,"16","YXNIEZJFCGTDKV","C1=CN(C(=O)N(C1=O)CCC(C(=O)O)N)C2C(C(C(O2)CO)O)O","2-amino-4-{3-[3,4-dihydroxy-5-(hydroxymethyl)oxolan-2-yl]-2,6-dioxo-1,2,3,6-tetrahydropyrimidin-1-yl}butanoic acid",-3.2040055,2,-251.408456776283,0.474178403755869,Inf,"845245871358783170"
"845246014233554813","C13H19N3O8","[M - H]-",1,0.826778645740474,36.0824459197301,1.32835666265085,34.7540892570792,"16","ILMLVTGTUJPQFP","C1CC(NC1)C(=O)NC(CC(=O)O)C(=O)NC(CC(=O)O)C(=O)O","2-[[3-Carboxy-2-(pyrrolidine-2-carbonylamino)propanoyl]amino]butanedioic acid",-2.258851,9,-421.341411476865,0.147482014388489,NA,"845245871358783170"
"845246014233554813","C13H19N3O8","[M - H]-",1,0.826778645740474,36.0824459197301,1.32835666265085,34.7540892570792,"16","QBIKARYQTKNDPS","CC(=NOCC(=O)NCC(=O)O)C1CNC(C1CC(=O)O)C(=O)O","Kaoag",-4.1,12,-443.042586574423,0.200854700854701,NA,"845245871358783170"
"845246014233554813","C13H19N3O8","[M - H]-",1,0.826778645740474,36.0824459197301,1.32835666265085,34.7540892570792,"16","LKIYSIYBKYLKPU","C1CC(N(C1)C(=O)C(CC(=O)O)NC(=O)C(CC(=O)O)N)C(=O)O","1-[2-[(2-Amino-3-carboxypropanoyl)amino]-3-carboxypropanoyl]pyrrolidine-2-carboxylic acid",-2.709041,15,-483.047951265157,0.136507936507936,NA,"845245871358783170"
"845246014233554813","C13H19N3O8","[M - H]-",1,0.826778645740474,36.0824459197301,1.32835666265085,34.7540892570792,"16","KESWRFKUZRUTAH","C1CC(N(C1)C(=O)C(CC(=O)O)N)C(=O)NC(CC(=O)O)C(=O)O","2-[[1-(2-Amino-3-carboxypropanoyl)pyrrolidine-2-carbonyl]amino]butanedioic acid",-2.709041,16,-496.636416316189,0.129746835443038,NA,"845245871358783170"
"845246014233554814","C17H16FN3O4","[M - H]-",2,0.127381680325379,34.2120968561501,2.48058196676606,31.731514889384,"16","FVCPNISTSVVUPX","COC1=CC(=C(C=C1)O)C=NNC(=O)CNC(=O)C2=CC=C(C=C2)F","4-fluoro-N-[2-[(2Z)-2-[(2-hydroxy-5-methoxyphenyl)methylidene]hydrazinyl]-2-oxoethyl]benzamide",1.9,3,-305.195009396563,0.274193548387097,NA,"845245871358783170"
"845246014233554814","C17H16FN3O4","[M - H]-",2,0.127381680325379,34.2120968561501,2.48058196676606,31.731514889384,"16","ZBLZEVQPDZRXNP","COC1=CC=CC(=C1O)C=NNC(=O)CNC(=O)C2=CC=C(C=C2)F","4-fluoro-N-[2-[2-[(2-hydroxy-3-methoxyphenyl)methylidene]hydrazinyl]-2-oxoethyl]benzamide",1.9,4,-379.068102405821,0.26984126984127,NA,"845245871358783170"
"845246014233554814","C17H16FN3O4","[M - H]-",2,0.127381680325379,34.2120968561501,2.48058196676606,31.731514889384,"16","VCWNLVLFIZZTLZ","C1C2C(CN1C(=O)C3=CC=NO3)OCC(=O)N2CC4=CC=C(C=C4)F","4-[(4-fluorophenyl)methyl]-6-(1,2-oxazole-5-carbonyl)-octahydropyrrolo[3,4-b][1,4]oxazin-3-one",0.8,5,-382.163551852086,0.284263959390863,NA,"845245871358783170"
"845246014233554814","C17H16FN3O4","[M - H]-",2,0.127381680325379,34.2120968561501,2.48058196676606,31.731514889384,"16","VDCWENWOWUDREX","CC1=CC(=NO1)C(=O)N2CCC3COC(=O)N3C4=C(C2)C=CC(=C4)F","14-fluoro-9-(5-methyl-1,2-oxazole-3-carbonyl)-4-oxa-2,9-diazatricyclo[9.4.0.0²,⁶]pentadeca-1(15),11,13-trien-3-one",1.9,6,-406.406918221351,0.308510638297872,NA,"845245871358783170"
"845246014233554814","C17H16FN3O4","[M - H]-",2,0.127381680325379,34.2120968561501,2.48058196676606,31.731514889384,"16","NWVXUXFCAZFSQH","C1CN(CCN1)C2=C(C=C3C(=C2)N(C=C(C3=O)C(=O)O)C4CC4=O)F","Oxo-ciprofloxacin",0.33245212,7,-411.059610268245,0.34020618556701,NA,"845245871358783170"
"845246014233554814","C17H16FN3O4","[M - H]-",2,0.127381680325379,34.2120968561501,2.48058196676606,31.731514889384,"16","HAZCGTFRKOCWQZ","CC(=O)NC(CC1=CC=C(C=C1)F)C(=O)NC2=CC=C(C=C2)[N+](=O)[O-]","2-Acetamido-3-(4-fluorophenyl)-N-(4-nitrophenyl)propanamide (3c)",2.7804983,8,-412.139147596087,0.196078431372549,NA,"845245871358783170"
"845246014233554814","C17H16FN3O4","[M - H]-",2,0.127381680325379,34.2120968561501,2.48058196676606,31.731514889384,"16","MYYZZOHRULFPOQ","C1CC1N2C=C(C(=O)C3=CC(=C(C=C32)N4CCNC(=O)C4)F)C(=O)O","Oxociprofloxacin",0.96316284,10,-427.956136647984,0.333333333333333,NA,"845245871358783170"
"845246014233554814","C17H16FN3O4","[M - H]-",2,0.127381680325379,34.2120968561501,2.48058196676606,31.731514889384,"16","LHZAPCAVMNVKID","CCOC1=C(C=CC(=C1)C=NNC(=O)C(=O)NC2=CC=C(C=C2)F)O","N'-[(3-ethoxy-4-hydroxyphenyl)methylideneamino]-N-(4-fluorophenyl)oxamide",2.5,11,-441.303184771374,0.260869565217391,NA,"845245871358783170"
"845246014233554814","C17H16FN3O4","[M - H]-",2,0.127381680325379,34.2120968561501,2.48058196676606,31.731514889384,"16","RYUXKVAKPFRBTB","CC(=O)NC(CC1=CC=CC=C1F)C(=O)NC2=CC=C(C=C2)[N+](=O)[O-]","2-Acetamido-3-(2-fluorophenyl)-N-(4-nitrophenyl)propanamide (1c)",2.4,13,-444.316744324825,0.197969543147208,NA,"845245871358783170"
"845246014233554814","C17H16FN3O4","[M - H]-",2,0.127381680325379,34.2120968561501,2.48058196676606,31.731514889384,"16","JKZPDGNJAAVKEG","CC(=O)NC(CC1=CC(=CC=C1)F)C(=O)NC2=CC=C(C=C2)[N+](=O)[O-]","2-Acetamido-3-(3-fluorophenyl)-N-(4-nitrophenyl)propanamide (2c)",2.4,14,-450.616710700549,0.202020202020202,NA,"845245871358783170"
"845246014233554815","C14H17F2N3O5","[M - H]-",3,0.0313756335761569,32.8109405107662,2.65509969898797,30.1558408117783,"16",NA,NA,NA,NA,NA,NA,NA,NA,"845245871358783170"
"845246014233554816","C9H15N9O6","[M - H]-",4,0.00513488285956651,31.0009659508177,0.0346425908477515,30.96632335997,"16",NA,NA,NA,NA,NA,NA,NA,NA,"845245871358783170"
"845246014233554817","C12H14F3N7O2","[M - H]-",5,0.00456058475718059,30.8823597713844,1.91909119048209,28.9632685809023,"16",NA,NA,NA,NA,NA,NA,NA,NA,"845245871358783170"
"845246014233554818","C11H18F3N3O6","[M - H]-",6,0.00269680504515538,30.3569766755851,0.964090822478847,29.3928858531062,"16",NA,NA,NA,NA,NA,NA,NA,NA,"845245871358783170"
"845246014233554819","C15H13F2N7O","[M - H]-",7,0.00104823798207869,29.4120195621116,3.28107538639975,26.1309441757118,"16",NA,NA,NA,NA,NA,NA,NA,NA,"845245871358783170"
"845246014233554820","C15H21FNO5P","[M - H]-",8,0.000270610275233325,28.0578333279269,3.28464179991425,24.7731915280126,"16",NA,NA,NA,NA,NA,NA,NA,NA,"845245871358783170"
"845246014233554821","C8H19N5O10","[M - H]-",9,0.000176887708280539,27.6326687556261,0,27.6326687556261,"16",NA,NA,NA,NA,NA,NA,NA,NA,"845245871358783170"
"845246014233554822","C13H18F2N5O2P","[M - H]-",10,0.000133528724594625,27.351470261072,1.92040747149185,25.4310627895802,"16",NA,NA,NA,NA,NA,NA,NA,NA,"845245871358783170"
"845246007354896173","C14H20FN3O4S","[M - H]-",1,0.405353223339481,29.5437315894041,0,29.5437315894041,"17",NA,NA,NA,NA,NA,NA,NA,NA,"845245871367171779"
"845246007354896174","C13H20BClN2O6","[M - H]-",2,0.236620112837156,29.0054287017073,0,29.0054287017073,"17","RJXOEUFRQATKAB","[B-](C(CC1=CC=C(C=C1)Cl)NC(=O)C)(O)(O)OCC(C(=O)O)N","[(1R)-1-acetamido-2-(4-chlorophenyl)ethyl]-[(2S)-2-amino-3-hydroxy-3-oxo-propoxy]-dihydroxy-boron",0.87474024,6,-406.583862480751,0.22093023255814,NA,"845245871367171779"
"845246007354896175","C17H19N3O3S","[M - H]-",3,0.0825524557281356,27.9524066643072,0,27.9524066643072,"17","SUBDBMMJDZJVOS","CC1=CN=C(C(=C1OC)C)CS(=O)C2=NC3=C(N2)C=C(C=C3)OC","6-methoxy-2-[(4-methoxy-3,5-dimethylpyridin-2-yl)methanesulfinyl]-1H-1,3-benzodiazole",2.6206226,1,-65.0987990671757,0.951612903225806,0,"845245871367171779"
"845246007354896175","C17H19N3O3S","[M - H]-",3,0.0825524557281356,27.9524066643072,0,27.9524066643072,"17","HVGVNYJRZJHYBS","CC1=CC(=C(C=C1)S(=O)(=O)NC2=CC3=C(C=C2)N(C(=O)N3C)C)C","N-(1,3-dimethyl-2-oxo-2,3-dihydro-1H-benzimidazol-5-yl)-2,4-dimethylbenzenesulfonamide",2.2,4,-275.454060811471,0.333333333333333,NA,"845245871367171779"
"845246007354896175","C17H19N3O3S","[M - H]-",3,0.0825524557281356,27.9524066643072,0,27.9524066643072,"17","ZWNARYKSNTWUOM","C1CN(CN1CC2=CC=CC=C2)C(=O)C3=CC=C(C=C3)S(=O)(=O)N","4-[3-(Phenylmethyl)imidazolidin-1-yl]carbonylbenzenesulfonamide",1.3,5,-358.3913104203,0.146919431279621,NA,"845245871367171779"
"845246007354896175","C17H19N3O3S","[M - H]-",3,0.0825524557281356,27.9524066643072,0,27.9524066643072,"17","WPIILTPYKOWHQU","COC1=CC2=C(C=C1)NC=C2CCNS(=O)(=O)C3=CC=C(C=C3)N","4-amino-N-[2-(5-methoxy-1H-indol-3-yl)ethyl]benzene-1-sulfonamide",2.4006016,7,-415.788850100454,0.339712918660287,NA,"845245871367171779"
"845246007354896175","C17H19N3O3S","[M - H]-",3,0.0825524557281356,27.9524066643072,0,27.9524066643072,"17","KMCSXFINGGBOFP","C1CN(CC2=CC=CC=C21)CC(=O)NC3=CC=C(C=C3)S(=O)(=O)N","N-(4-sulfamoylphenyl)-2-(1,2,3,4-tetrahydroisoquinolin-2-yl)acetamide",1.3,8,-420.042916890204,0.139830508474576,NA,"845245871367171779"
"845246007354896175","C17H19N3O3S","[M - H]-",3,0.0825524557281356,27.9524066643072,0,27.9524066643072,"17","SJXKOSOSNRUTAX","C1CN(CCN1CC2=CC=CO2)C(=S)NC3=CC4=C(C=C3)OCO4","N-(1,3-benzodioxol-5-yl)-4-(furan-2-ylmethyl)piperazin-4-ium-1-carbothioamide",1.9,9,-466.967303165019,0.241025641025641,NA,"845245871367171779"
"845246007354896175","C17H19N3O3S","[M - H]-",3,0.0825524557281356,27.9524066643072,0,27.9524066643072,"17","HHTWCWCZKQRKRJ","CN1C2=CC=CC=C2N(C3=CC=CC=C3S1(=O)=O)C(=O)CN(C)C","6-Methyl-6,11-dihydro-11-((N,N-dimethylamino)acetyl)dibenzo(c,f)-(1,2,5)-thiadiazepine 5,5-dioxide",1.7,12,-504.657035037265,0.206349206349206,NA,"845245871367171779"
"845246007354896175","C17H19N3O3S","[M - H]-",3,0.0825524557281356,27.9524066643072,0,27.9524066643072,"17","MJRGSRRZKSJHOE","CC1=C(ON=C1C)NS(=O)(=O)C2=CC=CC3=C2C=CC=C3N(C)C","5-(dimethylamino)-N-(3,4-dimethyl-5-isoxazolyl)-1-naphthalenesulfonamide",3.4,13,-504.753973108066,0.239130434782609,NA,"845245871367171779"
"845246007354896175","C17H19N3O3S","[M - H]-",3,0.0825524557281356,27.9524066643072,0,27.9524066643072,"17","FDDLMBKEDYPNER","C1CN(CCN1CCC(=O)C2=CC=CS2)C3=CC=C(C=C3)[N+](=O)[O-]","3-[4-(4-Nitrophenyl)piperazino]-1-(2-thienyl)-1-propanone",3,14,-505.989738119192,0.151960784313725,NA,"845245871367171779"
"845246007354896175","C17H19N3O3S","[M - H]-",3,0.0825524557281356,27.9524066643072,0,27.9524066643072,"17","IBAYUWQIQGOLBX","CCOC1=C(C=CC(=C1)C=NNC(=S)NC2=CC=C(C=C2)OC)O","1-[(3-Ethoxy-4-hydroxyphenyl)methylideneamino]-3-(4-methoxyphenyl)thiourea",3.1,15,-513.342000361055,0.25130890052356,NA,"845245871367171779"
"845246007354896175","C17H19N3O3S","[M - H]-",3,0.0825524557281356,27.9524066643072,0,27.9524066643072,"17","ABBDYGNALLZFNP","COC1=C(C=C(C=C1)C(=O)NNC(=S)NCC2=CC=CC=C2)OC","N-Benzyl-2-(3,4-dimethoxybenzoyl)hydrazinecarbothioamide",2.6,17,-530.104474659086,0.163424124513619,NA,"845245871367171779"
"845246007354896175","C17H19N3O3S","[M - H]-",3,0.0825524557281356,27.9524066643072,0,27.9524066643072,"17","AIBMIQGSVBRQNH","COC1=CC(=CC(=C1OC)OC)C=NNC(=S)NC2=CC=CC=C2","(Phenylcarbamothioylamino)-[(3,4,5-trimethoxyphenyl)methylidene]azanium",3.1,19,-570.752114668909,0.189320388349515,NA,"845245871367171779"
"845246007354896175","C17H19N3O3S","[M - H]-",3,0.0825524557281356,27.9524066643072,0,27.9524066643072,"17","LJAVIEUWQYYONW","COC1=CC=C(C=C1)C2=NC(=NC=C2)SCC(=O)N3CCOCC3","2-[[4-(4-Methoxyphenyl)-2-pyrimidinyl]thio]-1-(4-morpholinyl)ethanone",1.8,20,-583.885516200499,0.314285714285714,NA,"845245871367171779"
"845246007354896175","C17H19N3O3S","[M - H]-",3,0.0825524557281356,27.9524066643072,0,27.9524066643072,"17","FUYKCLPJJPJJTN","COC1=CC(=C(C=C1C=NNC(=S)NC2=CC=CC=C2)OC)OC","(Phenylcarbamothioylamino)-[(2,4,5-trimethoxyphenyl)methylidene]azanium",3.1,21,-607.708632038394,0.21105527638191,NA,"845245871367171779"
"845246007354896175","C17H19N3O3S","[M - H]-",3,0.0825524557281356,27.9524066643072,0,27.9524066643072,"17","VGDNTYWCSGTKDA","C1C2CN(CC1C3=CC=CC(=O)N3C2)S(=O)(=O)C4=CC=C(C=C4)N",NA,0.8,22,-610.578027146048,0.196172248803828,NA,"845245871367171779"
"845246007354896176","C16H24ClNO3S","[M - H]-",4,0.0620027229009386,27.666151047849,0,27.666151047849,"17",NA,NA,NA,NA,NA,NA,NA,NA,"845245871367171779"
"845246007354896177","C13H19N3O8","[M - H]-",5,0.0616746517392197,27.6608457617016,2.3380074420526,25.322838319649,"17","YXNIEZJFCGTDKV","C1=CN(C(=O)N(C1=O)CCC(C(=O)O)N)C2C(C(C(O2)CO)O)O","2-amino-4-{3-[3,4-dihydroxy-5-(hydroxymethyl)oxolan-2-yl]-2,6-dioxo-1,2,3,6-tetrahydropyrimidin-1-yl}butanoic acid",-3.2040055,2,-261.818593710188,0.485576923076923,Inf,"845245871367171779"
"845246007354896177","C13H19N3O8","[M - H]-",5,0.0616746517392197,27.6608457617016,2.3380074420526,25.322838319649,"17","RSFNVYSVNQERMH","CN1C(=C(C(=O)N(C1=O)C)C=NC2C(C(C(OC2O)CO)O)O)O","2-deoxy-2-{[(1,3-dimethyl-2,4,6-trioxotetrahydropyrimidin-5(2H)-ylidene)methyl]amino}hexopyranose",-3.1,3,-266.888933470113,0.556213017751479,NA,"845245871367171779"
"845246007354896177","C13H19N3O8","[M - H]-",5,0.0616746517392197,27.6608457617016,2.3380074420526,25.322838319649,"17","QBIKARYQTKNDPS","CC(=NOCC(=O)NCC(=O)O)C1CNC(C1CC(=O)O)C(=O)O","Kaoag",-4.1,10,-471.304847297739,0.205240174672489,NA,"845245871367171779"
"845246007354896177","C13H19N3O8","[M - H]-",5,0.0616746517392197,27.6608457617016,2.3380074420526,25.322838319649,"17","ILMLVTGTUJPQFP","C1CC(NC1)C(=O)NC(CC(=O)O)C(=O)NC(CC(=O)O)C(=O)O","2-[[3-Carboxy-2-(pyrrolidine-2-carbonylamino)propanoyl]amino]butanedioic acid",-2.258851,11,-483.089907391556,0.141818181818182,NA,"845245871367171779"
"845246007354896177","C13H19N3O8","[M - H]-",5,0.0616746517392197,27.6608457617016,2.3380074420526,25.322838319649,"17","LKIYSIYBKYLKPU","C1CC(N(C1)C(=O)C(CC(=O)O)NC(=O)C(CC(=O)O)N)C(=O)O","1-[2-[(2-Amino-3-carboxypropanoyl)amino]-3-carboxypropanoyl]pyrrolidine-2-carboxylic acid",-2.709041,16,-524.458085088708,0.131410256410256,NA,"845245871367171779"
"845246007354896177","C13H19N3O8","[M - H]-",5,0.0616746517392197,27.6608457617016,2.3380074420526,25.322838319649,"17","KESWRFKUZRUTAH","C1CC(N(C1)C(=O)C(CC(=O)O)N)C(=O)NC(CC(=O)O)C(=O)O","2-[[1-(2-Amino-3-carboxypropanoyl)pyrrolidine-2-carbonyl]amino]butanedioic acid",-2.709041,18,-562.993146750175,0.124600638977636,NA,"845245871367171779"
"845246007354896178","C14H22ClN4O2S","[M - H]-",6,0.0342020940699213,27.0712596183199,0,27.0712596183199,"17",NA,NA,NA,NA,NA,NA,NA,NA,"845245871367171779"
"845246007354896179","C11H18F3N3O6","[M - H]-",7,0.0261222069886941,26.8017585410573,3.21940182836083,23.5823567126964,"17",NA,NA,NA,NA,NA,NA,NA,NA,"845245871367171779"
"845246007354896180","C12H14F3N7O2","[M - H]-",8,0.0205977208629146,26.5641531779633,2.77109776122796,23.7930554167354,"17",NA,NA,NA,NA,NA,NA,NA,NA,"845245871367171779"
"845246007354896181","C14H17F2N3O5","[M - H]-",9,0.0144327725183652,26.2084742360561,2.69314669750099,23.5153275385551,"17",NA,NA,NA,NA,NA,NA,NA,NA,"845245871367171779"
"845246007354896182","C9H23N5O5S2","[M - H]-",10,0.0089233471175573,25.7276438596135,0,25.7276438596135,"17",NA,NA,NA,NA,NA,NA,NA,NA,"845245871367171779"
"845246013243699059","C13H19N3O8","[M - H]-",1,0.794432775376156,25.3006219710366,0.759499762926729,24.5411222081098,"18","YXNIEZJFCGTDKV","C1=CN(C(=O)N(C1=O)CCC(C(=O)O)N)C2C(C(C(O2)CO)O)O","2-amino-4-{3-[3,4-dihydroxy-5-(hydroxymethyl)oxolan-2-yl]-2,6-dioxo-1,2,3,6-tetrahydropyrimidin-1-yl}butanoic acid",-3.2040055,1,-214.276055889526,0.505263157894737,0,"845245871383948996"
"845246013243699059","C13H19N3O8","[M - H]-",1,0.794432775376156,25.3006219710366,0.759499762926729,24.5411222081098,"18","RSFNVYSVNQERMH","CN1C(=C(C(=O)N(C1=O)C)C=NC2C(C(C(OC2O)CO)O)O)O","2-deoxy-2-{[(1,3-dimethyl-2,4,6-trioxotetrahydropyrimidin-5(2H)-ylidene)methyl]amino}hexopyranose",-3.1,2,-231.934702075954,0.538461538461538,Inf,"845245871383948996"
"845246013243699059","C13H19N3O8","[M - H]-",1,0.794432775376156,25.3006219710366,0.759499762926729,24.5411222081098,"18","ILMLVTGTUJPQFP","C1CC(NC1)C(=O)NC(CC(=O)O)C(=O)NC(CC(=O)O)C(=O)O","2-[[3-Carboxy-2-(pyrrolidine-2-carbonylamino)propanoyl]amino]butanedioic acid",-2.258851,5,-418.128797666946,0.119230769230769,NA,"845245871383948996"
"845246013243699059","C13H19N3O8","[M - H]-",1,0.794432775376156,25.3006219710366,0.759499762926729,24.5411222081098,"18","QBIKARYQTKNDPS","CC(=NOCC(=O)NCC(=O)O)C1CNC(C1CC(=O)O)C(=O)O","Kaoag",-4.1,10,-433.017482401041,0.171296296296296,NA,"845245871383948996"
"845246013243699059","C13H19N3O8","[M - H]-",1,0.794432775376156,25.3006219710366,0.759499762926729,24.5411222081098,"18","LKIYSIYBKYLKPU","C1CC(N(C1)C(=O)C(CC(=O)O)NC(=O)C(CC(=O)O)N)C(=O)O","1-[2-[(2-Amino-3-carboxypropanoyl)amino]-3-carboxypropanoyl]pyrrolidine-2-carboxylic acid",-2.709041,14,-471.939741639436,0.111111111111111,NA,"845245871383948996"
"845246013243699059","C13H19N3O8","[M - H]-",1,0.794432775376156,25.3006219710366,0.759499762926729,24.5411222081098,"18","KESWRFKUZRUTAH","C1CC(N(C1)C(=O)C(CC(=O)O)N)C(=O)NC(CC(=O)O)C(=O)O","2-[[1-(2-Amino-3-carboxypropanoyl)pyrrolidine-2-carbonyl]amino]butanedioic acid",-2.709041,16,-498.115362249125,0.104026845637584,NA,"845245871383948996"
"845246013243699060","C15H13F2N7O","[M - H]-",2,0.132488936737965,23.5094927467533,3.05171062274878,20.4577821240046,"18",NA,NA,NA,NA,NA,NA,NA,NA,"845245871383948996"
"845246013243699061","C9H15N9O6","[M - H]-",3,0.0180361353212934,21.5153708645049,0,21.5153708645049,"18",NA,NA,NA,NA,NA,NA,NA,NA,"845245871383948996"
"845246013243699062","C22H17O4","[M - H]-",4,0.0112127593455627,21.0400459582868,1.53853628854162,19.5015096697452,"18",NA,NA,NA,NA,NA,NA,NA,NA,"845245871383948996"
"845246013243699063","C8H19N5O10","[M - H]-",5,0.00959127099083354,20.8838470141776,0,20.8838470141776,"18",NA,NA,NA,NA,NA,NA,NA,NA,"845245871383948996"
"845246013243699064","C14H17F2N3O5","[M - H]-",6,0.00844756320389541,20.7568716226732,2.1437545719676,18.6131170507056,"18",NA,NA,NA,NA,NA,NA,NA,NA,"845245871383948996"
"845246013243699065","C17H16FN3O4","[M - H]-",7,0.00714424319459883,20.5893004859223,2.33368313553187,18.2556173503904,"18","FVCPNISTSVVUPX","COC1=CC(=C(C=C1)O)C=NNC(=O)CNC(=O)C2=CC=C(C=C2)F","4-fluoro-N-[2-[(2Z)-2-[(2-hydroxy-5-methoxyphenyl)methylidene]hydrazinyl]-2-oxoethyl]benzamide",1.9,3,-311.403381215193,0.298850574712644,NA,"845245871383948996"
"845246013243699065","C17H16FN3O4","[M - H]-",7,0.00714424319459883,20.5893004859223,2.33368313553187,18.2556173503904,"18","ZBLZEVQPDZRXNP","COC1=CC=CC(=C1O)C=NNC(=O)CNC(=O)C2=CC=C(C=C2)F","4-fluoro-N-[2-[2-[(2-hydroxy-3-methoxyphenyl)methylidene]hydrazinyl]-2-oxoethyl]benzamide",1.9,4,-380.879179619934,0.279329608938547,NA,"845245871383948996"
"845246013243699065","C17H16FN3O4","[M - H]-",7,0.00714424319459883,20.5893004859223,2.33368313553187,18.2556173503904,"18","HAZCGTFRKOCWQZ","CC(=O)NC(CC1=CC=C(C=C1)F)C(=O)NC2=CC=C(C=C2)[N+](=O)[O-]","2-Acetamido-3-(4-fluorophenyl)-N-(4-nitrophenyl)propanamide (3c)",2.7804983,6,-421.848088980668,0.201030927835052,NA,"845245871383948996"
"845246013243699065","C17H16FN3O4","[M - H]-",7,0.00714424319459883,20.5893004859223,2.33368313553187,18.2556173503904,"18","VCWNLVLFIZZTLZ","C1C2C(CN1C(=O)C3=CC=NO3)OCC(=O)N2CC4=CC=C(C=C4)F","4-[(4-fluorophenyl)methyl]-6-(1,2-oxazole-5-carbonyl)-octahydropyrrolo[3,4-b][1,4]oxazin-3-one",0.8,7,-423.474247477315,0.260416666666667,NA,"845245871383948996"
"845246013243699065","C17H16FN3O4","[M - H]-",7,0.00714424319459883,20.5893004859223,2.33368313553187,18.2556173503904,"18","LHZAPCAVMNVKID","CCOC1=C(C=CC(=C1)C=NNC(=O)C(=O)NC2=CC=C(C=C2)F)O","N'-[(3-ethoxy-4-hydroxyphenyl)methylideneamino]-N-(4-fluorophenyl)oxamide",2.5,8,-426.614291566488,0.284883720930233,NA,"845245871383948996"
"845246013243699065","C17H16FN3O4","[M - H]-",7,0.00714424319459883,20.5893004859223,2.33368313553187,18.2556173503904,"18","VDCWENWOWUDREX","CC1=CC(=NO1)C(=O)N2CCC3COC(=O)N3C4=C(C2)C=CC(=C4)F","14-fluoro-9-(5-methyl-1,2-oxazole-3-carbonyl)-4-oxa-2,9-diazatricyclo[9.4.0.0²,⁶]pentadeca-1(15),11,13-trien-3-one",1.9,9,-431.077724084868,0.291208791208791,NA,"845245871383948996"
"845246013243699065","C17H16FN3O4","[M - H]-",7,0.00714424319459883,20.5893004859223,2.33368313553187,18.2556173503904,"18","RYUXKVAKPFRBTB","CC(=O)NC(CC1=CC=CC=C1F)C(=O)NC2=CC=C(C=C2)[N+](=O)[O-]","2-Acetamido-3-(2-fluorophenyl)-N-(4-nitrophenyl)propanamide (1c)",2.4,11,-449.854205643973,0.203208556149733,NA,"845245871383948996"
"845246013243699065","C17H16FN3O4","[M - H]-",7,0.00714424319459883,20.5893004859223,2.33368313553187,18.2556173503904,"18","NWVXUXFCAZFSQH","C1CN(CCN1)C2=C(C=C3C(=C2)N(C=C(C3=O)C(=O)O)C4CC4=O)F","Oxo-ciprofloxacin",0.33245212,12,-455.143956795517,0.310526315789474,NA,"845245871383948996"
"845246013243699065","C17H16FN3O4","[M - H]-",7,0.00714424319459883,20.5893004859223,2.33368313553187,18.2556173503904,"18","JKZPDGNJAAVKEG","CC(=O)NC(CC1=CC(=CC=C1)F)C(=O)NC2=CC=C(C=C2)[N+](=O)[O-]","2-Acetamido-3-(3-fluorophenyl)-N-(4-nitrophenyl)propanamide (2c)",2.4,13,-464.533157592972,0.207446808510638,NA,"845245871383948996"
"845246013243699065","C17H16FN3O4","[M - H]-",7,0.00714424319459883,20.5893004859223,2.33368313553187,18.2556173503904,"18","MYYZZOHRULFPOQ","C1CC1N2C=C(C(=O)C3=CC(=C(C=C32)N4CCNC(=O)C4)F)C(=O)O","Oxociprofloxacin",0.96316284,15,-490.988833426671,0.298507462686567,NA,"845245871383948996"
"845246013243699066","C20H15N3O3","[M - H]-",8,0.00409082140068096,20.0317393824834,0.797358990512425,19.234380391971,"18",NA,NA,NA,NA,NA,NA,NA,NA,"845245871383948996"
"845246013243699067","C12H14F3N7O2","[M - H]-",9,0.00200259618558423,19.3174380326883,1.34537646353097,17.9720615691574,"18",NA,NA,NA,NA,NA,NA,NA,NA,"845245871383948996"
"845246013243699068","C17H16F5NO","[M - H]-",10,0.00166772276796041,19.1344526849943,3.47463582072252,15.6598168642718,"18",NA,NA,NA,NA,NA,NA,NA,NA,"845245871383948996"
"845246056759603159","C17H19N3O3S","[M - H]-",1,0.656303679729252,22.9392496094537,5.22961306880903,17.7096365406447,"19","SUBDBMMJDZJVOS","CC1=CN=C(C(=C1OC)C)CS(=O)C2=NC3=C(N2)C=C(C=C3)OC","6-methoxy-2-[(4-methoxy-3,5-dimethylpyridin-2-yl)methanesulfinyl]-1H-1,3-benzodiazole",2.6206226,1,-7.44590609705435,0.983606557377049,0,"845245871383948997"
"845246056759603159","C17H19N3O3S","[M - H]-",1,0.656303679729252,22.9392496094537,5.22961306880903,17.7096365406447,"19","ZWNARYKSNTWUOM","C1CN(CN1CC2=CC=CC=C2)C(=O)C3=CC=C(C=C3)S(=O)(=O)N","4-[3-(Phenylmethyl)imidazolidin-1-yl]carbonylbenzenesulfonamide",1.3,4,-432.714760434154,0.141509433962264,NA,"845245871383948997"
"845246056759603159","C17H19N3O3S","[M - H]-",1,0.656303679729252,22.9392496094537,5.22961306880903,17.7096365406447,"19","SJXKOSOSNRUTAX","C1CN(CCN1CC2=CC=CO2)C(=S)NC3=CC4=C(C=C3)OCO4","N-(1,3-benzodioxol-5-yl)-4-(furan-2-ylmethyl)piperazin-4-ium-1-carbothioamide",1.9,6,-483.935030066137,0.23469387755102,NA,"845245871383948997"
"845246056759603159","C17H19N3O3S","[M - H]-",1,0.656303679729252,22.9392496094537,5.22961306880903,17.7096365406447,"19","FDDLMBKEDYPNER","C1CN(CCN1CCC(=O)C2=CC=CS2)C3=CC=C(C=C3)[N+](=O)[O-]","3-[4-(4-Nitrophenyl)piperazino]-1-(2-thienyl)-1-propanone",3,7,-484.950856360158,0.146341463414634,NA,"845245871383948997"
"845246056759603159","C17H19N3O3S","[M - H]-",1,0.656303679729252,22.9392496094537,5.22961306880903,17.7096365406447,"19","HVGVNYJRZJHYBS","CC1=CC(=C(C=C1)S(=O)(=O)NC2=CC3=C(C=C2)N(C(=O)N3C)C)C","N-(1,3-dimethyl-2-oxo-2,3-dihydro-1H-benzimidazol-5-yl)-2,4-dimethylbenzenesulfonamide",2.2,9,-501.86889120179,0.317647058823529,NA,"845245871383948997"
"845246056759603159","C17H19N3O3S","[M - H]-",1,0.656303679729252,22.9392496094537,5.22961306880903,17.7096365406447,"19","LJAVIEUWQYYONW","COC1=CC=C(C=C1)C2=NC(=NC=C2)SCC(=O)N3CCOCC3","2-[[4-(4-Methoxyphenyl)-2-pyrimidinyl]thio]-1-(4-morpholinyl)ethanone",1.8,12,-528.046108024176,0.308056872037915,NA,"845245871383948997"
"845246056759603159","C17H19N3O3S","[M - H]-",1,0.656303679729252,22.9392496094537,5.22961306880903,17.7096365406447,"19","KMCSXFINGGBOFP","C1CN(CC2=CC=CC=C21)CC(=O)NC3=CC=C(C=C3)S(=O)(=O)N","N-(4-sulfamoylphenyl)-2-(1,2,3,4-tetrahydroisoquinolin-2-yl)acetamide",1.3,13,-533.416350766612,0.135021097046413,NA,"845245871383948997"
"845246056759603159","C17H19N3O3S","[M - H]-",1,0.656303679729252,22.9392496094537,5.22961306880903,17.7096365406447,"19","IBAYUWQIQGOLBX","CCOC1=C(C=CC(=C1)C=NNC(=S)NC2=CC=C(C=C2)OC)O","1-[(3-Ethoxy-4-hydroxyphenyl)methylideneamino]-3-(4-methoxyphenyl)thiourea",3.1,14,-555.034995724904,0.244791666666667,NA,"845245871383948997"
"845246056759603159","C17H19N3O3S","[M - H]-",1,0.656303679729252,22.9392496094537,5.22961306880903,17.7096365406447,"19","ABBDYGNALLZFNP","COC1=C(C=C(C=C1)C(=O)NNC(=S)NCC2=CC=CC=C2)OC","N-Benzyl-2-(3,4-dimethoxybenzoyl)hydrazinecarbothioamide",2.6,15,-559.995129797618,0.158914728682171,NA,"845245871383948997"
"845246056759603159","C17H19N3O3S","[M - H]-",1,0.656303679729252,22.9392496094537,5.22961306880903,17.7096365406447,"19","AIBMIQGSVBRQNH","COC1=CC(=CC(=C1OC)OC)C=NNC(=S)NC2=CC=CC=C2","(Phenylcarbamothioylamino)-[(3,4,5-trimethoxyphenyl)methylidene]azanium",3.1,16,-581.250800189861,0.183574879227053,NA,"845245871383948997"
"845246056759603159","C17H19N3O3S","[M - H]-",1,0.656303679729252,22.9392496094537,5.22961306880903,17.7096365406447,"19","WPIILTPYKOWHQU","COC1=CC2=C(C=C1)NC=C2CCNS(=O)(=O)C3=CC=C(C=C3)N","4-amino-N-[2-(5-methoxy-1H-indol-3-yl)ethyl]benzene-1-sulfonamide",2.4006016,17,-582.335020796443,0.339712918660287,NA,"845245871383948997"
"845246056759603159","C17H19N3O3S","[M - H]-",1,0.656303679729252,22.9392496094537,5.22961306880903,17.7096365406447,"19","RHRSBTVNCCOGDJ","CC1=CC(=NC(=N1)SC(C2=CC=CC=C2)C(=O)O)N3CCOCC3","(2S)-2-(4-methyl-6-morpholin-4-ylpyrimidin-2-yl)sulfanyl-2-phenylacetate",2.8,18,-585.057619647094,0.207729468599034,NA,"845245871383948997"
"845246056759603159","C17H19N3O3S","[M - H]-",1,0.656303679729252,22.9392496094537,5.22961306880903,17.7096365406447,"19","FUYKCLPJJPJJTN","COC1=CC(=C(C=C1C=NNC(=S)NC2=CC=CC=C2)OC)OC","(Phenylcarbamothioylamino)-[(2,4,5-trimethoxyphenyl)methylidene]azanium",3.1,19,-585.716845260681,0.205,NA,"845245871383948997"
"845246056759603159","C17H19N3O3S","[M - H]-",1,0.656303679729252,22.9392496094537,5.22961306880903,17.7096365406447,"19","HHTWCWCZKQRKRJ","CN1C2=CC=CC=C2N(C3=CC=CC=C3S1(=O)=O)C(=O)CN(C)C","6-Methyl-6,11-dihydro-11-((N,N-dimethylamino)acetyl)dibenzo(c,f)-(1,2,5)-thiadiazepine 5,5-dioxide",1.7,20,-590.057193894596,0.2,NA,"845245871383948997"
"845246056759603159","C17H19N3O3S","[M - H]-",1,0.656303679729252,22.9392496094537,5.22961306880903,17.7096365406447,"19","RSMGOJOYNVIKHB","COC1=C(C(=C(C=C1)C=NNC(=S)NC2=CC=CC=C2)OC)OC","1-Phenyl-3-[(2,3,4-trimethoxyphenyl)methylideneamino]thiourea",3.1,21,-615.166059850506,0.202970297029703,NA,"845245871383948997"
"845246056759603160","C14H20FN3O4S","[M - H]-",2,0.218333990821477,21.8386519595691,5.78235290049954,16.0562990590696,"19",NA,NA,NA,NA,NA,NA,NA,NA,"845245871383948997"
"845246056759603161","C15H13F2N7O","[M - H]-",3,0.0700127399656875,20.7013032262097,3.31013879920229,17.3911644270074,"19",NA,NA,NA,NA,NA,NA,NA,NA,"845245871383948997"
"845246056759603162","C13H19N3O8","[M - H]-",4,0.0137038929480918,19.0703059504746,2.25370916281316,16.8165967876615,"19","RSFNVYSVNQERMH","CN1C(=C(C(=O)N(C1=O)C)C=NC2C(C(C(OC2O)CO)O)O)O","2-deoxy-2-{[(1,3-dimethyl-2,4,6-trioxotetrahydropyrimidin-5(2H)-ylidene)methyl]amino}hexopyranose",-3.1,2,-263.602386924944,0.518987341772152,Inf,"845245871383948997"
"845246056759603162","C13H19N3O8","[M - H]-",4,0.0137038929480918,19.0703059504746,2.25370916281316,16.8165967876615,"19","YXNIEZJFCGTDKV","C1=CN(C(=O)N(C1=O)CCC(C(=O)O)N)C2C(C(C(O2)CO)O)O","2-amino-4-{3-[3,4-dihydroxy-5-(hydroxymethyl)oxolan-2-yl]-2,6-dioxo-1,2,3,6-tetrahydropyrimidin-1-yl}butanoic acid",-3.2040055,3,-284.384420640165,0.395121951219512,NA,"845245871383948997"
"845246056759603162","C13H19N3O8","[M - H]-",4,0.0137038929480918,19.0703059504746,2.25370916281316,16.8165967876615,"19","ILMLVTGTUJPQFP","C1CC(NC1)C(=O)NC(CC(=O)O)C(=O)NC(CC(=O)O)C(=O)O","2-[[3-Carboxy-2-(pyrrolidine-2-carbonylamino)propanoyl]amino]butanedioic acid",-2.258851,5,-463.898618168219,0.110687022900763,NA,"845245871383948997"
"845246056759603162","C13H19N3O8","[M - H]-",4,0.0137038929480918,19.0703059504746,2.25370916281316,16.8165967876615,"19","QBIKARYQTKNDPS","CC(=NOCC(=O)NCC(=O)O)C1CNC(C1CC(=O)O)C(=O)O","Kaoag",-4.1,8,-485.432251305951,0.155251141552511,NA,"845245871383948997"
"845246056759603162","C13H19N3O8","[M - H]-",4,0.0137038929480918,19.0703059504746,2.25370916281316,16.8165967876615,"19","LKIYSIYBKYLKPU","C1CC(N(C1)C(=O)C(CC(=O)O)NC(=O)C(CC(=O)O)N)C(=O)O","1-[2-[(2-Amino-3-carboxypropanoyl)amino]-3-carboxypropanoyl]pyrrolidine-2-carboxylic acid",-2.709041,10,-507.307237522584,0.10738255033557,NA,"845245871383948997"
"845246056759603162","C13H19N3O8","[M - H]-",4,0.0137038929480918,19.0703059504746,2.25370916281316,16.8165967876615,"19","KESWRFKUZRUTAH","C1CC(N(C1)C(=O)C(CC(=O)O)N)C(=O)NC(CC(=O)O)C(=O)O","2-[[1-(2-Amino-3-carboxypropanoyl)pyrrolidine-2-carbonyl]amino]butanedioic acid",-2.709041,11,-515.027802903539,0.100334448160535,NA,"845245871383948997"
"845246056759603163","C14H21N2O6S","[M - H]-",5,0.0113551903741355,18.8823009422932,4.28543077773756,14.5968701645557,"19",NA,NA,NA,NA,NA,NA,NA,NA,"845245871383948997"
"845246056759603164","C11H20N7O2PS","[M - H]-",6,0.00677404039391047,18.3657237186692,4.76981395934782,13.5959097593214,"19",NA,NA,NA,NA,NA,NA,NA,NA,"845245871383948997"
"845246056759603165","C14H17F6NO2","[M - H]-",7,0.00474135595468954,18.0089491623984,2.83412761479805,15.1748215476004,"19",NA,NA,NA,NA,NA,NA,NA,NA,"845245871383948997"
"845246056759603166","C14H17F2N3O5","[M - H]-",8,0.0032576661511821,17.6336370356617,3.01650801551359,14.6171290201481,"19",NA,NA,NA,NA,NA,NA,NA,NA,"845245871383948997"
"845246056759603167","C12H14F3N7O2","[M - H]-",9,0.00272193426565182,17.4539687558652,2.78125163802389,14.6727171178413,"19",NA,NA,NA,NA,NA,NA,NA,NA,"845245871383948997"
"845246056759603168","C9H15N9O6","[M - H]-",10,0.00269503437209147,17.4440369595129,1.1993514839376,16.2446854755753,"19",NA,NA,NA,NA,NA,NA,NA,NA,"845245871383948997"
"845246008881622849","C15H13F2N7O","[M - H]-",1,0.688554283863244,20.7453076052531,3.21460091820018,17.5307066870529,"20",NA,NA,NA,NA,NA,NA,NA,NA,"845245871421697734"
"845246008881622850","C13H19N3O8","[M - H]-",2,0.12598448147276,19.0468721829793,2.12290999143154,16.9239621915477,"20","RSFNVYSVNQERMH","CN1C(=C(C(=O)N(C1=O)C)C=NC2C(C(C(OC2O)CO)O)O)O","2-deoxy-2-{[(1,3-dimethyl-2,4,6-trioxotetrahydropyrimidin-5(2H)-ylidene)methyl]amino}hexopyranose",-3.1,1,-262.901755057127,0.525316455696203,0,"845245871421697734"
"845246008881622850","C13H19N3O8","[M - H]-",2,0.12598448147276,19.0468721829793,2.12290999143154,16.9239621915477,"20","YXNIEZJFCGTDKV","C1=CN(C(=O)N(C1=O)CCC(C(=O)O)N)C2C(C(C(O2)CO)O)O","2-amino-4-{3-[3,4-dihydroxy-5-(hydroxymethyl)oxolan-2-yl]-2,6-dioxo-1,2,3,6-tetrahydropyrimidin-1-yl}butanoic acid",-3.2040055,2,-282.108202182941,0.4,Inf,"845245871421697734"
"845246008881622850","C13H19N3O8","[M - H]-",2,0.12598448147276,19.0468721829793,2.12290999143154,16.9239621915477,"20","ILMLVTGTUJPQFP","C1CC(NC1)C(=O)NC(CC(=O)O)C(=O)NC(CC(=O)O)C(=O)O","2-[[3-Carboxy-2-(pyrrolidine-2-carbonylamino)propanoyl]amino]butanedioic acid",-2.258851,12,-461.792273294788,0.114503816793893,NA,"845245871421697734"
"845246008881622850","C13H19N3O8","[M - H]-",2,0.12598448147276,19.0468721829793,2.12290999143154,16.9239621915477,"20","QBIKARYQTKNDPS","CC(=NOCC(=O)NCC(=O)O)C1CNC(C1CC(=O)O)C(=O)O","Kaoag",-4.1,14,-481.678781872692,0.159817351598174,NA,"845245871421697734"
"845246008881622850","C13H19N3O8","[M - H]-",2,0.12598448147276,19.0468721829793,2.12290999143154,16.9239621915477,"20","LKIYSIYBKYLKPU","C1CC(N(C1)C(=O)C(CC(=O)O)NC(=O)C(CC(=O)O)N)C(=O)O","1-[2-[(2-Amino-3-carboxypropanoyl)amino]-3-carboxypropanoyl]pyrrolidine-2-carboxylic acid",-2.709041,15,-503.702418720425,0.110738255033557,NA,"845245871421697734"
"845246008881622850","C13H19N3O8","[M - H]-",2,0.12598448147276,19.0468721829793,2.12290999143154,16.9239621915477,"20","KESWRFKUZRUTAH","C1CC(N(C1)C(=O)C(CC(=O)O)N)C(=O)NC(CC(=O)O)C(=O)O","2-[[1-(2-Amino-3-carboxypropanoyl)pyrrolidine-2-carbonyl]amino]butanedioic acid",-2.709041,16,-513.074301465135,0.103678929765886,NA,"845245871421697734"
"845246008881622851","C14H17F2N3O5","[M - H]-",3,0.0476112110997082,18.0737817073375,3.03766898372307,15.0361127236145,"20",NA,NA,NA,NA,NA,NA,NA,NA,"845245871421697734"
"845246008881622852","C14H17F6NO2","[M - H]-",4,0.0435989531250188,17.9857465857002,2.72845532337462,15.2572912623256,"20",NA,NA,NA,NA,NA,NA,NA,NA,"845245871421697734"
"845246008881622853","C9H15N9O6","[M - H]-",5,0.0263913134837905,17.4837483678311,1.19938864752831,16.2843597203028,"20",NA,NA,NA,NA,NA,NA,NA,NA,"845245871421697734"
"845246008881622854","C12H14F3N7O2","[M - H]-",6,0.0245187063872237,17.4101497987497,2.65499234731386,14.7551574514358,"20",NA,NA,NA,NA,NA,NA,NA,NA,"845245871421697734"
"845246008881622855","C17H16FN3O4","[M - H]-",7,0.0114976401863755,16.6528552596554,2.14700739123305,14.5058478684223,"20","FVCPNISTSVVUPX","COC1=CC(=C(C=C1)O)C=NNC(=O)CNC(=O)C2=CC=C(C=C2)F","4-fluoro-N-[2-[(2Z)-2-[(2-hydroxy-5-methoxyphenyl)methylidene]hydrazinyl]-2-oxoethyl]benzamide",1.9,3,-347.740650054568,0.30939226519337,NA,"845245871421697734"
"845246008881622855","C17H16FN3O4","[M - H]-",7,0.0114976401863755,16.6528552596554,2.14700739123305,14.5058478684223,"20","NWVXUXFCAZFSQH","C1CN(CCN1)C2=C(C=C3C(=C2)N(C=C(C3=O)C(=O)O)C4CC4=O)F","Oxo-ciprofloxacin",0.33245212,4,-358.868032522241,0.361256544502618,NA,"845245871421697734"
"845246008881622855","C17H16FN3O4","[M - H]-",7,0.0114976401863755,16.6528552596554,2.14700739123305,14.5058478684223,"20","VCWNLVLFIZZTLZ","C1C2C(CN1C(=O)C3=CC=NO3)OCC(=O)N2CC4=CC=C(C=C4)F","4-[(4-fluorophenyl)methyl]-6-(1,2-oxazole-5-carbonyl)-octahydropyrrolo[3,4-b][1,4]oxazin-3-one",0.8,5,-379.548908556209,0.338624338624339,NA,"845245871421697734"
"845246008881622855","C17H16FN3O4","[M - H]-",7,0.0114976401863755,16.6528552596554,2.14700739123305,14.5058478684223,"20","MYYZZOHRULFPOQ","C1CC1N2C=C(C(=O)C3=CC(=C(C=C32)N4CCNC(=O)C4)F)C(=O)O","Oxociprofloxacin",0.96316284,6,-382.75440905417,0.346534653465347,NA,"845245871421697734"
"845246008881622855","C17H16FN3O4","[M - H]-",7,0.0114976401863755,16.6528552596554,2.14700739123305,14.5058478684223,"20","ZBLZEVQPDZRXNP","COC1=CC=CC(=C1O)C=NNC(=O)CNC(=O)C2=CC=C(C=C2)F","4-fluoro-N-[2-[2-[(2-hydroxy-3-methoxyphenyl)methylidene]hydrazinyl]-2-oxoethyl]benzamide",1.9,7,-396.753872679465,0.290322580645161,NA,"845245871421697734"
"845246008881622855","C17H16FN3O4","[M - H]-",7,0.0114976401863755,16.6528552596554,2.14700739123305,14.5058478684223,"20","VDCWENWOWUDREX","CC1=CC(=NO1)C(=O)N2CCC3COC(=O)N3C4=C(C2)C=CC(=C4)F","14-fluoro-9-(5-methyl-1,2-oxazole-3-carbonyl)-4-oxa-2,9-diazatricyclo[9.4.0.0²,⁶]pentadeca-1(15),11,13-trien-3-one",1.9,8,-408.580483481199,0.389830508474576,NA,"845245871421697734"
"845246008881622855","C17H16FN3O4","[M - H]-",7,0.0114976401863755,16.6528552596554,2.14700739123305,14.5058478684223,"20","HAZCGTFRKOCWQZ","CC(=O)NC(CC1=CC=C(C=C1)F)C(=O)NC2=CC=C(C=C2)[N+](=O)[O-]","2-Acetamido-3-(4-fluorophenyl)-N-(4-nitrophenyl)propanamide (3c)",2.7804983,9,-437.289598095492,0.196078431372549,NA,"845245871421697734"
"845246008881622855","C17H16FN3O4","[M - H]-",7,0.0114976401863755,16.6528552596554,2.14700739123305,14.5058478684223,"20","LHZAPCAVMNVKID","CCOC1=C(C=CC(=C1)C=NNC(=O)C(=O)NC2=CC=C(C=C2)F)O","N'-[(3-ethoxy-4-hydroxyphenyl)methylideneamino]-N-(4-fluorophenyl)oxamide",2.5,10,-456.524705565458,0.29608938547486,NA,"845245871421697734"
"845246008881622855","C17H16FN3O4","[M - H]-",7,0.0114976401863755,16.6528552596554,2.14700739123305,14.5058478684223,"20","JKZPDGNJAAVKEG","CC(=O)NC(CC1=CC(=CC=C1)F)C(=O)NC2=CC=C(C=C2)[N+](=O)[O-]","2-Acetamido-3-(3-fluorophenyl)-N-(4-nitrophenyl)propanamide (2c)",2.4,11,-456.573526629937,0.202020202020202,NA,"845245871421697734"
"845246008881622855","C17H16FN3O4","[M - H]-",7,0.0114976401863755,16.6528552596554,2.14700739123305,14.5058478684223,"20","RYUXKVAKPFRBTB","CC(=O)NC(CC1=CC=CC=C1F)C(=O)NC2=CC=C(C=C2)[N+](=O)[O-]","2-Acetamido-3-(2-fluorophenyl)-N-(4-nitrophenyl)propanamide (1c)",2.4,13,-476.227716727134,0.197969543147208,NA,"845245871421697734"
"845246008881622856","C11H18F3N3O6","[M - H]-",8,0.00984928165638597,16.4981119707665,2.05708443190937,14.4410275388571,"20",NA,NA,NA,NA,NA,NA,NA,NA,"845245871421697734"
"845246008881622857","C17H16F5NO","[M - H]-",9,0.00523399190445945,15.8658877039128,3.5223588562119,12.3435288477009,"20",NA,NA,NA,NA,NA,NA,NA,NA,"845245871421697734"
"845246008881622858","C13H18F2N5O2P","[M - H]-",10,0.00292081662444001,15.2825766896127,2.58108143309827,12.7014952565144,"20",NA,NA,NA,NA,NA,NA,NA,NA,"845245871421697734"
"845246065295011819","C14H20FN3O4S","[M - H]-",1,0.64866608874547,21.5558952111101,5.81197656990862,15.7439186412015,"21","VHCHHKXEAXLLHU","COC1CCN(C1)S(=O)(=O)C2=CN=C(C=C2)OCC(=CF)CN","(E)-3-fluoro-2-[[5-(3-methoxypyrrolidin-1-yl)sulfonylpyridin-2-yl]oxymethyl]prop-2-en-1-amine",-0.1,163,-450.003427922069,0.314606741573034,NA,"845245871434280647"
"845246065295011819","C14H20FN3O4S","[M - H]-",1,0.64866608874547,21.5558952111101,5.81197656990862,15.7439186412015,"21","IJUYHIRGXPVPAM","CC(=NC(CS(=O)(=O)C)C1=C(C=CC(=C1)NC(=O)COC)F)N","N-[3-[1-(1-aminoethylideneamino)-2-methylsulfonylethyl]-4-fluorophenyl]-2-methoxyacetamide",-0.5,171,-469.311552111467,0.217391304347826,NA,"845245871434280647"
"845246065295011819","C14H20FN3O4S","[M - H]-",1,0.64866608874547,21.5558952111101,5.81197656990862,15.7439186412015,"21","XFYAVLRFYSYYNT","CC(C)(C)OC(=O)N1CCN(CC1)S(=O)(=O)C2=C(C=CC=N2)F","Tert-butyl 4-(3-fluoropyridin-2-yl)sulfonylpiperazine-1-carboxylate",1.1,177,-487.991890994841,0.270718232044199,NA,"845245871434280647"
"845246065295011819","C14H20FN3O4S","[M - H]-",1,0.64866608874547,21.5558952111101,5.81197656990862,15.7439186412015,"21","BCLMYENWJVZHAI","C1CN(CCC1O)S(=O)(=O)C2=CN=C(C=C2)OCC(=CF)CN","1-[6-[(E)-2-(aminomethyl)-3-fluoroprop-2-enoxy]pyridin-3-yl]sulfonylpiperidin-4-ol",-0.3,180,-502.792237443654,0.277173913043478,NA,"845245871434280647"
"845246065295011819","C14H20FN3O4S","[M - H]-",1,0.64866608874547,21.5558952111101,5.81197656990862,15.7439186412015,"21","IWHYCGYAOOPSHC","CC(C)(C)OC(=O)N1CCC(C1)CS(=O)(=O)C2=NC=C(C=N2)F","tert-Butyl 3-(((5-fluoropyrimidin-2-yl)sulfonyl)methyl)pyrrolidine-1-carboxylate",1.1,181,-503.956574209503,0.265957446808511,NA,"845245871434280647"
"845246065295011819","C14H20FN3O4S","[M - H]-",1,0.64866608874547,21.5558952111101,5.81197656990862,15.7439186412015,"21","CZPBUTNVMKBFHI","C1COCCC1OC2=NC=CC(=C2)CNS(=O)(=O)N3CC(C3)F","3-fluoro-N-[[2-(oxan-4-yloxy)pyridin-4-yl]methyl]azetidine-1-sulfonamide",0.6,183,-507.557432211685,0.269662921348315,NA,"845245871434280647"
"845246065295011819","C14H20FN3O4S","[M - H]-",1,0.64866608874547,21.5558952111101,5.81197656990862,15.7439186412015,"21","SJQDGPZMGRFCAQ","CCCS(=O)(=O)N1CCC(CC1)NC2=C(C=CC(=C2)F)[N+](=O)[O-]","N-(5-fluoro-2-nitrophenyl)-1-propylsulfonylpiperidin-4-amine",3.1,185,-522.366880668584,0.197916666666667,NA,"845245871434280647"
"845246065295011819","C14H20FN3O4S","[M - H]-",1,0.64866608874547,21.5558952111101,5.81197656990862,15.7439186412015,"21","XVULSDQMHPRQOT","CC1=C(C(=CC=C1)C(=O)NNS(=O)(=O)C2CN(C2)CCOC)F","2-fluoro-N'-[1-(2-methoxyethyl)azetidin-3-yl]sulfonyl-3-methylbenzohydrazide",0.7,186,-527.190897739777,0.202072538860104,NA,"845245871434280647"
"845246065295011819","C14H20FN3O4S","[M - H]-",1,0.64866608874547,21.5558952111101,5.81197656990862,15.7439186412015,"21","SHBWTCASLARGOS","CN1CCS(=O)(=O)CC1CC(=O)NCCOC2=C(C=CC=N2)F","N-[2-(3-fluoropyridin-2-yl)oxyethyl]-2-(4-methyl-1,1-dioxo-1,4-thiazinan-3-yl)acetamide",-0.2,187,-528.689090791938,0.259803921568627,NA,"845245871434280647"
"845246065295011819","C14H20FN3O4S","[M - H]-",1,0.64866608874547,21.5558952111101,5.81197656990862,15.7439186412015,"21","BCRMXDCYNWVAAV","COC1=C(C=CC(=C1)CNNC(=O)NCC2CCS(=O)(=O)C2)F","1-[(1,1-Dioxothiolan-3-yl)methyl]-3-[(4-fluoro-3-methoxyphenyl)methylamino]urea",0.5,189,-531.718747808927,0.226130653266332,NA,"845245871434280647"
"845246065295011819","C14H20FN3O4S","[M - H]-",1,0.64866608874547,21.5558952111101,5.81197656990862,15.7439186412015,"21","ACRYTQLXDDZVIM","CS(=O)(=O)N1CCN(CC1)C(=O)NCCOC2=CC(=CC=C2)F","N-[2-(3-fluorophenoxy)ethyl]-4-methylsulfonylpiperazine-1-carboxamide",0.4,190,-535.099442493962,0.23936170212766,NA,"845245871434280647"
"845246065295011819","C14H20FN3O4S","[M - H]-",1,0.64866608874547,21.5558952111101,5.81197656990862,15.7439186412015,"21","NATVUQQKZXVHHM","CC(C)(C)OC(=O)N1CCC(CC1)S(=O)(=O)C2=NC=C(C=N2)F","tert-Butyl 4-((5-fluoropyrimidin-2-yl)sulfonyl)piperidine-1-carboxylate",1.3,191,-536.033614618073,0.259067357512953,NA,"845245871434280647"
"845246065295011819","C14H20FN3O4S","[M - H]-",1,0.64866608874547,21.5558952111101,5.81197656990862,15.7439186412015,"21","KHFILXUUEXEZGA","CS(=O)(=O)N1CCN(CC1)C(=O)NCCOC2=CC=C(C=C2)F","N-[2-(4-fluorophenoxy)ethyl]-4-methylsulfonylpiperazine-1-carboxamide",0.4,192,-536.81201673413,0.235602094240838,NA,"845245871434280647"
"845246065295011819","C14H20FN3O4S","[M - H]-",1,0.64866608874547,21.5558952111101,5.81197656990862,15.7439186412015,"21","KTNIDMGCOKKCIE","CCCS(=O)(=O)NC1CCN(CC1)C2=C(C=CC(=C2)F)[N+](=O)[O-]","N-[1-(5-fluoro-2-nitrophenyl)piperidin-4-yl]propane-1-sulfonamide",2.5,194,-543.047125876812,0.18974358974359,NA,"845245871434280647"
"845246065295011819","C14H20FN3O4S","[M - H]-",1,0.64866608874547,21.5558952111101,5.81197656990862,15.7439186412015,"21","MESQXIKYNYUZRV","CC(CS(=O)(=O)N1CCN(CC1)C2=CC=C(C=C2)F)N(C=O)O","rac-N-(1-(4-(4-fluorophenyl)piperazin-1-ylsulfonyl)propan-2-yl)-N-hydroxyformamide",0.7,195,-543.1991037614,0.185185185185185,NA,"845245871434280647"
"845246065295011820","C15H13F2N7O","[M - H]-",2,0.135940607369998,19.9931952078053,2.97740029793221,17.0157949098731,"21","YTRLNEAYBRWQPJ","CC(C1=NOC(=N1)CC2=NC=NN2)C3=NC4=CC=CC=C4N3C(F)F","3-[1-[1-(difluoromethyl)benzimidazol-2-yl]ethyl]-5-(1H-1,2,4-triazol-5-ylmethyl)-1,2,4-oxadiazole",2.9,1,-169.047085832241,0.495575221238938,0,"845245871434280647"
"845246065295011820","C15H13F2N7O","[M - H]-",2,0.135940607369998,19.9931952078053,2.97740029793221,17.0157949098731,"21","JTSTWKIGATWXTF","CC1=NC(=NC(=N1)N)C2=C(N=CC(=C2)F)NC3=CC(=C(N=C3)OC)F","4-(5-Fluoro-2-(5-fluoro-6-methoxypyridin-3-ylamino)pyridin-3-YL)-6-methyl-1,3,5-triazin-2-amine",1.9,2,-182.700849287458,0.469565217391304,Inf,"845245871434280647"
"845246065295011820","C15H13F2N7O","[M - H]-",2,0.135940607369998,19.9931952078053,2.97740029793221,17.0157949098731,"21","ICKITLLBYZLHFH","CC1=NC2=NON=C2C(=C1CC3=NC(=C(C=C3)NCC(F)F)C#N)N",NA,2.5,3,-193.455384686103,0.491228070175439,NA,"845245871434280647"
"845246065295011820","C15H13F2N7O","[M - H]-",2,0.135940607369998,19.9931952078053,2.97740029793221,17.0157949098731,"21","MQVBBWVQXHPMPR","C1=CC(=C(C(=C1)F)CN(NC2=CNN=C2)NC(=O)C3=CN=CN=C3)F","N'-[(2,6-difluorophenyl)methyl]-N'-(1H-pyrazol-4-ylamino)pyrimidine-5-carbohydrazide",2.1,5,-206.34937207208,0.43859649122807,NA,"845245871434280647"
"845246065295011820","C15H13F2N7O","[M - H]-",2,0.135940607369998,19.9931952078053,2.97740029793221,17.0157949098731,"21","GXABJCVNISZUSB","CN1C=C(C=N1)NC2=NC=CC(=N2)C3=CN=C(C=C3)NC(=O)C(F)F","2,2-difluoro-N-[5-[2-[(1-methylpyrazol-4-yl)amino]pyrimidin-4-yl]pyridin-2-yl]acetamide",1.3,6,-208.696252339644,0.5,NA,"845245871434280647"
"845246065295011820","C15H13F2N7O","[M - H]-",2,0.135940607369998,19.9931952078053,2.97740029793221,17.0157949098731,"21","VBSXQQWDJBMXPB","C1=CC(=C(C(=C1)F)CNC2=NC(=NC=C2C(=O)N)NC3=CNN=C3)F","4-[(2,6-difluorophenyl)methylamino]-2-(1H-pyrazol-4-ylamino)pyrimidine-5-carboxamide",1.8,7,-210.636802731994,0.418032786885246,NA,"845245871434280647"
"845246065295011820","C15H13F2N7O","[M - H]-",2,0.135940607369998,19.9931952078053,2.97740029793221,17.0157949098731,"21","WPYPMWYYODXLIP","CC1=CC(=NC(=N1)N)NC2=CN(N=C2C(=O)N)C3=C(C=CC=C3F)F","4-[(2-Amino-6-methylpyrimidin-4-yl)amino]-1-(2,6-difluorophenyl)pyrazole-3-carboxamide",2.1,8,-211.742266927228,0.491803278688525,NA,"845245871434280647"
"845246065295011820","C15H13F2N7O","[M - H]-",2,0.135940607369998,19.9931952078053,2.97740029793221,17.0157949098731,"21","HJSFOUOOTROZTO","CC1=NC2=NC=NN2C(=C1CC3=NC(=C(C=C3)C#N)OCC(F)F)N","6-[(7-Amino-5-methyl-[1,2,4]triazolo[1,5-a]pyrimidin-6-yl)methyl]-2-(2,2-difluoroethoxy)pyridine-3-carbonitrile",1.9,9,-212.523996291613,0.483870967741935,NA,"845245871434280647"
"845246065295011820","C15H13F2N7O","[M - H]-",2,0.135940607369998,19.9931952078053,2.97740029793221,17.0157949098731,"21","FMIKZRJTWLKBRN","CC1=C(N=C(C(=N1)C(=O)NCC2=C(C=CC=C2F)F)N)N3N=CC=N3","3-amino-N-[(2,6-difluorophenyl)methyl]-6-methyl-5-(triazol-2-yl)pyrazine-2-carboxamide",2,10,-222.37337785712,0.421487603305785,NA,"845245871434280647"
"845246065295011820","C15H13F2N7O","[M - H]-",2,0.135940607369998,19.9931952078053,2.97740029793221,17.0157949098731,"21","GIXMTDDSXCDPBC","C1C(C1(F)F)N2C(=CC=N2)CNC(=O)C3=CN(N=N3)C4=CN=CC=C4","N-[[2-(2,2-difluorocyclopropyl)pyrazol-3-yl]methyl]-1-pyridin-3-yltriazole-4-carboxamide",0.5,11,-229.565153793946,0.462809917355372,NA,"845245871434280647"
"845246065295011820","C15H13F2N7O","[M - H]-",2,0.135940607369998,19.9931952078053,2.97740029793221,17.0157949098731,"21","LXNFGOMEISTOMK","C1CN(CC1(F)F)C2=NN3C(=NC=C3C(=O)NC4=NN=CC=C4)C=C2","6-(3,3-difluoropyrrolidin-1-yl)-N-pyridazin-3-ylimidazo[1,2-b]pyridazine-3-carboxamide",1,13,-242.899902023478,0.472,NA,"845245871434280647"
"845246065295011820","C15H13F2N7O","[M - H]-",2,0.135940607369998,19.9931952078053,2.97740029793221,17.0157949098731,"21","UNOLYPSFWIKMAJ","C1=CC=C(C=C1)C=CC(C(=O)NC2=CN(N=C2)CC3=NNN=N3)(F)F","(E)-2,2-difluoro-4-phenyl-N-[1-(2H-tetrazol-5-ylmethyl)pyrazol-4-yl]but-3-enamide",1.6,17,-254.728597430593,0.349593495934959,NA,"845245871434280647"
"845246065295011820","C15H13F2N7O","[M - H]-",2,0.135940607369998,19.9931952078053,2.97740029793221,17.0157949098731,"21","UCDUJWSVQMPJGX","CN1C2=C(C(=NC=N2)N3CC(C3)C(=O)NC4=C(C=CC(=C4)F)F)N=N1","N-(2,5-difluorophenyl)-1-(3-methyl-3H-[1,2,3]triazolo[4,5-d]pyrimidin-7-yl)azetidine-3-carboxamide",1,18,-255.627624381453,0.432624113475177,NA,"845245871434280647"
"845246065295011820","C15H13F2N7O","[M - H]-",2,0.135940607369998,19.9931952078053,2.97740029793221,17.0157949098731,"21","FXVHJJYRIMUFKV","C1CN(CC1(F)F)C2=NN3C(=NC=C3C(=O)NC4=NC=NC=C4)C=C2","6-(3,3-difluoropyrrolidin-1-yl)-N-pyrimidin-4-ylimidazo[1,2-b]pyridazine-3-carboxamide",1.4,19,-257.760655075475,0.481203007518797,NA,"845245871434280647"
"845246065295011820","C15H13F2N7O","[M - H]-",2,0.135940607369998,19.9931952078053,2.97740029793221,17.0157949098731,"21","BPJFMOZHRKOVMZ","C1CN(CC1(F)F)C2=NN3C(=NC=C3C(=O)NC4=NC=CN=C4)C=C2","6-(3,3-difluoropyrrolidin-1-yl)-N-pyrazin-2-ylimidazo[1,2-b]pyridazine-3-carboxamide",0.9,20,-260.28203394007,0.453846153846154,NA,"845245871434280647"
"845246065295011821","C13H19N3O8","[M - H]-",3,0.124475760745024,19.9050881321084,2.61898404894239,17.286104083166,"21","PRVMHMAJRNMHQK","C1=CN(C(=O)NC1=O)CCC(=O)NC2C(C(C(OC2O)CO)O)O","3-(2,4-dioxopyrimidin-1-yl)-N-[(4R,6R)-2,4,5-trihydroxy-6-(hydroxymethyl)oxan-3-yl]propanamide",-3.7,15,-251.618390330749,0.427884615384615,NA,"845245871434280647"
"845246065295011821","C13H19N3O8","[M - H]-",3,0.124475760745024,19.9050881321084,2.61898404894239,17.286104083166,"21","FMRNHFVHVCJHOS","CC1(C(C(C(O1)CO)O)OC)N2C=C(C(=O)NC2=O)NCC(=O)O","2-[[1-[(2R,3R,4R,5R)-4-hydroxy-5-(hydroxymethyl)-3-methoxy-2-methyloxolan-2-yl]-2,4-dioxopyrimidin-5-yl]amino]acetic acid",-1.8,24,-262.644632551617,0.458762886597938,NA,"845245871434280647"
"845246065295011821","C13H19N3O8","[M - H]-",3,0.124475760745024,19.9050881321084,2.61898404894239,17.286104083166,"21","RSFNVYSVNQERMH","CN1C(=C(C(=O)N(C1=O)C)C=NC2C(C(C(OC2O)CO)O)O)O","2-deoxy-2-{[(1,3-dimethyl-2,4,6-trioxotetrahydropyrimidin-5(2H)-ylidene)methyl]amino}hexopyranose",-3.1,26,-264.646937218503,0.525316455696203,0,"845245871434280647"
"845246065295011821","C13H19N3O8","[M - H]-",3,0.124475760745024,19.9050881321084,2.61898404894239,17.286104083166,"21","XUADGCIUOHZTTC","CC(C)OC(=O)OCC1C(C(C(O1)N2C=CC(=NC2=O)NO)O)O","[(2R,3S,4R,5R)-3,4-dihydroxy-5-[4-(hydroxyamino)-2-oxopyrimidin-1-yl]oxolan-2-yl]methyl propan-2-yl carbonate",-0.92254835,28,-265.48003355727,0.46927374301676,NA,"845245871434280647"
"845246065295011821","C13H19N3O8","[M - H]-",3,0.124475760745024,19.9050881321084,2.61898404894239,17.286104083166,"21","WSXCNSWFRVAPEM","CC(=O)C1=C(N=C(NC1=O)OC)NC2C(C(C(C(O2)CO)O)O)O","5-acetyl-2-methoxy-4-[[(2S,3R,4R,5S,6S)-3,4,5-trihydroxy-6-(hydroxymethyl)oxan-2-yl]amino]-1H-pyrimidin-6-one",-1.8,29,-269.294084849387,0.50887573964497,NA,"845245871434280647"
"845246065295011821","C13H19N3O8","[M - H]-",3,0.124475760745024,19.9050881321084,2.61898404894239,17.286104083166,"21","SFFCQAIBJUCFJK","COC1C(C(OC1N2C=C(C(=O)NC2=O)CNCC(=O)O)CO)O","5-Carboxymethylaminomethyl-2'-o-methyluridine",-4.5,30,-270.043102591771,0.456989247311828,NA,"845245871434280647"
"845246065295011821","C13H19N3O8","[M - H]-",3,0.124475760745024,19.9050881321084,2.61898404894239,17.286104083166,"21","XBDGLRJUHBOJMS","COCC1C(C(C(O1)N2C=C(C(=O)NC2=O)CNCC(=O)O)O)O","2-[[1-[(2R,3R,4S,5R)-3,4-dihydroxy-5-(methoxymethyl)oxolan-2-yl]-2,4-dioxopyrimidin-5-yl]methylamino]acetic acid",-5.1,32,-272.775189923194,0.444444444444444,NA,"845245871434280647"
"845246065295011821","C13H19N3O8","[M - H]-",3,0.124475760745024,19.9050881321084,2.61898404894239,17.286104083166,"21","PADANNAAQSVQPS","COCCOC(=O)NC1=NC(=O)N(C=C1)C2C(C(C(O2)CO)O)O","[(1-beta-D-Arabinofuranosyl-2-oxo-1,2-dihydropyrimidin)-4-yl]carbamic acid 2-methoxyethyl ester",-1.9625988,35,-276.057668648356,0.446808510638298,NA,"845245871434280647"
"845246065295011821","C13H19N3O8","[M - H]-",3,0.124475760745024,19.9050881321084,2.61898404894239,17.286104083166,"21","HRVWGYYCVXAODM","COC1C(C(OC1(CN)N2C=C(C(=O)NC2=O)CC(=O)O)CO)O","2-[1-[(2R,3R,4R,5R)-2-(aminomethyl)-4-hydroxy-5-(hydroxymethyl)-3-methoxyoxolan-2-yl]-2,4-dioxopyrimidin-5-yl]acetic acid",-5.7,36,-276.291108670994,0.463541666666667,NA,"845245871434280647"
"845246065295011821","C13H19N3O8","[M - H]-",3,0.124475760745024,19.9050881321084,2.61898404894239,17.286104083166,"21","ZBDWYFKHLXPCPQ","CN1C(=O)C(=C(N=C1OC)NC2C(C(C(C(O2)CO)O)O)O)C=O","2-methoxy-1-methyl-6-oxo-4-[[(2R,3R,4S,5S,6R)-3,4,5-trihydroxy-6-(hydroxymethyl)oxan-2-yl]amino]pyrimidine-5-carbaldehyde",-1.9,37,-277.253773781761,0.497109826589595,NA,"845245871434280647"
"845246065295011821","C13H19N3O8","[M - H]-",3,0.124475760745024,19.9050881321084,2.61898404894239,17.286104083166,"21","HGXCVNZHBQXDFZ","CC(OCC(=O)N)OC1C(C(OC1N2C=CC(=O)NC2=O)CO)O","2'-O-[1-(2-Amino-2-oxoethoxy)ethyl]uridine",-2.429741,38,-278.048397759603,0.466666666666667,NA,"845245871434280647"
"845246065295011821","C13H19N3O8","[M - H]-",3,0.124475760745024,19.9050881321084,2.61898404894239,17.286104083166,"21","WTNCXZFHLXEKLK","COC1C(C(OC1N2C=C(C(=O)NC2=O)C(CC(=O)O)N)CO)O","3-amino-3-[1-[(2R,3R,4S,5R)-4-hydroxy-5-(hydroxymethyl)-3-methoxyoxolan-2-yl]-2,4-dioxopyrimidin-5-yl]propanoic acid",-5.1,42,-282.268397820266,0.464864864864865,NA,"845245871434280647"
"845246065295011821","C13H19N3O8","[M - H]-",3,0.124475760745024,19.9050881321084,2.61898404894239,17.286104083166,"21","KXUDSQPSDRNDFJ","CC(=O)OCC1C(C(C(C(O1)OC)N=[N+]=[N-])OC(=O)C)OC(=O)C","1-O-Methyl-2-azido-2-deoxy-alpha-D-glucopyranose 3,4,6-triacetate",0.7,44,-283.879724880266,0.323699421965318,NA,"845245871434280647"
"845246065295011821","C13H19N3O8","[M - H]-",3,0.124475760745024,19.9050881321084,2.61898404894239,17.286104083166,"21","YXNIEZJFCGTDKV","C1=CN(C(=O)N(C1=O)CCC(C(=O)O)N)C2C(C(C(O2)CO)O)O","2-amino-4-{3-[3,4-dihydroxy-5-(hydroxymethyl)oxolan-2-yl]-2,6-dioxo-1,2,3,6-tetrahydropyrimidin-1-yl}butanoic acid",-3.2040055,45,-283.903210319494,0.4,Inf,"845245871434280647"
"845246065295011821","C13H19N3O8","[M - H]-",3,0.124475760745024,19.9050881321084,2.61898404894239,17.286104083166,"21","KKTPCXCAJABKFB","CN1C(=O)C(=CN(C1=O)C2C(C(C(O2)COC)OC)OC)[N+](=O)[O-]","3,2'-O,3'-O,5'-O-Tetramethyl-5-nitrouridine",-1,46,-284.634755613614,0.461077844311377,NA,"845245871434280647"
"845246065295011822","C14H17F6NO2","[M - H]-",4,0.0286181930122704,18.4350197628676,3.16196909822813,15.2730506646395,"21","PAYVDOYGFIXTII","CC(C)(CNCC1=CC=C(C=C1)OC(C(C(F)(F)F)F)(F)F)O","1-[[4-(1,1,2,3,3,3-Hexafluoropropoxy)phenyl]methylamino]-2-methylpropan-2-ol",3.5,14,-247.911981410584,0.323076923076923,NA,"845245871434280647"
"845246065295011822","C14H17F6NO2","[M - H]-",4,0.0286181930122704,18.4350197628676,3.16196909822813,15.2730506646395,"21","MHERMDRXGSXSIH","C1=CC=C(C=C1)CNC(CC(C(F)(F)F)C(F)(F)F)COCO","[2-(Benzylamino)-5,5,5-trifluoro-4-(trifluoromethyl)pentoxy]methanol",3.5,34,-275.944680430734,0.251908396946565,NA,"845245871434280647"
"845246065295011822","C14H17F6NO2","[M - H]-",4,0.0286181930122704,18.4350197628676,3.16196909822813,15.2730506646395,"21","PVOQMXMVYAKREK","CCOCCN(C)C1=CC=C(C=C1)C(C(F)(F)F)(C(F)(F)F)O","2-[4-[2-Ethoxyethyl(methyl)amino]phenyl]-1,1,1,3,3,3-hexafluoropropan-2-ol",3.5,48,-287.439176840437,0.294573643410853,NA,"845245871434280647"
"845246065295011822","C14H17F6NO2","[M - H]-",4,0.0286181930122704,18.4350197628676,3.16196909822813,15.2730506646395,"21","PYYYGWUKYIAVMX","CC(C1CC(=CC(=C1)C(F)(F)F)C(F)(F)F)OC2CNCCO2","(2S)-2-[(1S)-1-[3,5-bis(trifluoromethyl)cyclohexa-2,4-dien-1-yl]ethoxy]morpholine",2.5,50,-291.73487307149,0.248,NA,"845245871434280647"
"845246065295011822","C14H17F6NO2","[M - H]-",4,0.0286181930122704,18.4350197628676,3.16196909822813,15.2730506646395,"21","DYZIATBTWVKARS","CC1=CC(=CC(=C1OCCN)C)C(C(F)(F)F)(C(F)(F)F)OC","2-[4-(1,1,1,3,3,3-Hexafluoro-2-methoxypropan-2-yl)-2,6-dimethylphenoxy]ethanamine",3.4,51,-292.353834240888,0.246153846153846,NA,"845245871434280647"
"845246065295011822","C14H17F6NO2","[M - H]-",4,0.0286181930122704,18.4350197628676,3.16196909822813,15.2730506646395,"21","QNWOKVDIKURUQM","CC(C)(C)C(C1=C(C=CC=C1OC(F)(F)F)OC(F)(F)F)NC","1-[2,6-bis(trifluoromethoxy)phenyl]-N,2,2-trimethylpropan-1-amine",5.4,58,-300.640270515943,0.272727272727273,NA,"845245871434280647"
"845246065295011822","C14H17F6NO2","[M - H]-",4,0.0286181930122704,18.4350197628676,3.16196909822813,15.2730506646395,"21","STWTUJGKDWGGQN","CC(C)(C)C(C1=C(C=CC(=C1)OC(F)(F)F)OC(F)(F)F)NC","1-[2,5-bis(trifluoromethoxy)phenyl]-N,2,2-trimethylpropan-1-amine",5.4,60,-301.269788224507,0.285714285714286,NA,"845245871434280647"
"845246065295011822","C14H17F6NO2","[M - H]-",4,0.0286181930122704,18.4350197628676,3.16196909822813,15.2730506646395,"21","CJBLAVHOKYEGRM","CN(CC(CC1=CC=C(C=C1)C(F)(F)F)O)CC(C(F)(F)F)O","1,1,1-Trifluoro-3-[[2-hydroxy-3-[4-(trifluoromethyl)phenyl]propyl]-methylamino]propan-2-ol",3,62,-303.449271033764,0.219858156028369,NA,"845245871434280647"
"845246065295011822","C14H17F6NO2","[M - H]-",4,0.0286181930122704,18.4350197628676,3.16196909822813,15.2730506646395,"21","LACQBQSAMOGFBI","CC1=CC(=CC(=C1OCCN)C)C(C(C(F)(F)F)(OC)F)(F)F","2-[4-(1,1,2,3,3,3-Hexafluoro-2-methoxypropyl)-2,6-dimethylphenoxy]ethanamine",3.4,63,-303.970521698888,0.240601503759398,NA,"845245871434280647"
"845246065295011822","C14H17F6NO2","[M - H]-",4,0.0286181930122704,18.4350197628676,3.16196909822813,15.2730506646395,"21","DWNOZUQPEPVJTO","CC(CN(C)CC(C(F)(F)F)O)(C1=CC(=CC=C1)C(F)(F)F)O","1,1,1-Trifluoro-3-[[2-hydroxy-2-[3-(trifluoromethyl)phenyl]propyl]-methylamino]propan-2-ol",2.7,65,-309.528359980966,0.232394366197183,NA,"845245871434280647"
"845246065295011822","C14H17F6NO2","[M - H]-",4,0.0286181930122704,18.4350197628676,3.16196909822813,15.2730506646395,"21","PIQYUGLIGMGQMG","CC(C1=CC(=CC(=C1)C(F)(F)F)C(F)(F)F)NCC(COC)O","1-[1-[3,5-Bis(trifluoromethyl)phenyl]ethylamino]-3-methoxypropan-2-ol",2.7,68,-312.157344296941,0.236111111111111,NA,"845245871434280647"
"845246065295011822","C14H17F6NO2","[M - H]-",4,0.0286181930122704,18.4350197628676,3.16196909822813,15.2730506646395,"21","HVQMYPTVCNAXJP","C1=CC=C(C=C1)CN(CCC(C(F)(F)F)O)CC(C(F)(F)F)O","4-[Benzyl-(3,3,3-trifluoro-2-hydroxypropyl)amino]-1,1,1-trifluorobutan-2-ol",3.1,70,-313.400737531973,0.213793103448276,NA,"845245871434280647"
"845246065295011822","C14H17F6NO2","[M - H]-",4,0.0286181930122704,18.4350197628676,3.16196909822813,15.2730506646395,"21","XDKABIJDRAPEHJ","CC(C)(C)C(C1=C(C(=CC=C1)OC(F)(F)F)OC(F)(F)F)NC","1-[2,3-bis(trifluoromethoxy)phenyl]-N,2,2-trimethylpropan-1-amine",5.4,81,-322.818750022044,0.261904761904762,NA,"845245871434280647"
"845246065295011822","C14H17F6NO2","[M - H]-",4,0.0286181930122704,18.4350197628676,3.16196909822813,15.2730506646395,"21","XYOOZDMBUWVKPH","CC(C)(C)C(C1=CC(=CC(=C1)OC(F)(F)F)OC(F)(F)F)NC","1-[3,5-bis(trifluoromethoxy)phenyl]-N,2,2-trimethylpropan-1-amine",5.4,82,-323.16018257727,0.261904761904762,NA,"845245871434280647"
"845246065295011822","C14H17F6NO2","[M - H]-",4,0.0286181930122704,18.4350197628676,3.16196909822813,15.2730506646395,"21","LLPZQAGOQYUWAH","CCCC(CNC1=CC=C(C=C1)C(C(F)(F)F)(C(F)(F)F)O)O","1-[4-(1,1,1,3,3,3-Hexafluoro-2-hydroxypropan-2-yl)anilino]pentan-2-ol",3.7,84,-325.56273978362,0.234042553191489,NA,"845245871434280647"
"845246065295011823","C12H14F3N7O2","[M - H]-",5,0.0124644749040101,17.603859718427,2.8854761312169,14.7183835872101,"21","HWXZKOZWBLQEKW","CC1=C(N(N=C1C(F)(F)F)C)NC(=O)N2CCN3C(=NNC3=O)C2","N-[2,4-dimethyl-5-(trifluoromethyl)pyrazol-3-yl]-3-oxo-2,5,6,8-tetrahydro-[1,2,4]triazolo[4,3-a]pyrazine-7-carboxamide",0,4,-195.795042312991,0.408,NA,"845245871434280647"
"845246065295011823","C12H14F3N7O2","[M - H]-",5,0.0124644749040101,17.603859718427,2.8854761312169,14.7183835872101,"21","RTTFJVBSZDECDO","CN(C)C1=NC(=NC(=N1)N)COC(=O)CN2C=CC(=N2)C(F)(F)F","[4-Amino-6-(dimethylamino)-1,3,5-triazin-2-yl]methyl 2-[3-(trifluoromethyl)pyrazol-1-yl]acetate",0.9,12,-236.713108776291,0.40625,NA,"845245871434280647"
"845246065295011823","C12H14F3N7O2","[M - H]-",5,0.0124644749040101,17.603859718427,2.8854761312169,14.7183835872101,"21","IFYXVNRZCDYQKN","C1C=CN=C(C1O)N2C(=CC(=N2)CN(N)N=C(C(F)(F)F)N)C=O","N'-[amino-[[5-formyl-1-(3-hydroxy-3,4-dihydropyridin-2-yl)pyrazol-3-yl]methyl]amino]-2,2,2-trifluoroethanimidamide",0.2,16,-252.672059979827,0.360655737704918,NA,"845245871434280647"
"845246065295011823","C12H14F3N7O2","[M - H]-",5,0.0124644749040101,17.603859718427,2.8854761312169,14.7183835872101,"21","YDOLGRJEXOMTBA","CC1=C(C2=NN=C(N2N=C1NCCC(=O)NC(=O)N)C(F)(F)F)C","N-carbamoyl-3-[[7,8-dimethyl-3-(trifluoromethyl)-[1,2,4]triazolo[4,3-b]pyridazin-6-yl]amino]propanamide",0.7,31,-271.60455375029,0.397058823529412,NA,"845245871434280647"
"845246065295011823","C12H14F3N7O2","[M - H]-",5,0.0124644749040101,17.603859718427,2.8854761312169,14.7183835872101,"21","PPGDMTJHHGPQCS","C1CCC2=NN(C(=O)N2CC1)CC(=O)NC3=NNC(=N3)C(F)(F)F","2-(3-oxo-6,7,8,9-tetrahydro-5H-[1,2,4]triazolo[4,3-a]azepin-2-yl)-N-[5-(trifluoromethyl)-1H-1,2,4-triazol-3-yl]acetamide",0.6,41,-282.081143040388,0.343283582089552,NA,"845245871434280647"
"845246065295011823","C12H14F3N7O2","[M - H]-",5,0.0124644749040101,17.603859718427,2.8854761312169,14.7183835872101,"21","UWEWKEWSZOLGGS","CC1CN(CCN1C2=NC3=C(C=NN3C(=N2)N)C(F)(F)F)C(=O)O","(3S)-4-[4-amino-8-(trifluoromethyl)pyrazolo[1,5-a][1,3,5]triazin-2-yl]-3-methylpiperazine-1-carboxylic acid",0.9,43,-282.509219732257,0.363013698630137,NA,"845245871434280647"
"845246065295011823","C12H14F3N7O2","[M - H]-",5,0.0124644749040101,17.603859718427,2.8854761312169,14.7183835872101,"21","ZOYGWZALIZNHIN","C1CN(CC1CC(=O)N)C2=NC(=NC3=NNN=C32)OCC(F)(F)F","2-[(3S)-1-[5-(2,2,2-trifluoroethoxy)-2H-triazolo[4,5-d]pyrimidin-7-yl]pyrrolidin-3-yl]acetamide",0.7,75,-316.185582377147,0.368098159509202,NA,"845245871434280647"
"845246065295011823","C12H14F3N7O2","[M - H]-",5,0.0124644749040101,17.603859718427,2.8854761312169,14.7183835872101,"21","YFAOZSCRWGGTHT","CN1C(=NN(C1=O)C2CCN(CC2)C(=O)C3=NC=NN3)C(F)(F)F","1-(1-(1H-1,2,4-triazole-5-carbonyl)piperidin-4-yl)-4-methyl-3-(trifluoromethyl)-1H-1,2,4-triazol-5(4H)-one",0.8,78,-317.622460640713,0.308724832214765,NA,"845245871434280647"
"845246065295011823","C12H14F3N7O2","[M - H]-",5,0.0124644749040101,17.603859718427,2.8854761312169,14.7183835872101,"21","NYHOWMBHIQJUCE","CC(=O)NC1CCN(C1)C2=NC(=NC3=NNN=C32)OCC(F)(F)F","N-[(3S)-1-[5-(2,2,2-trifluoroethoxy)-2H-triazolo[4,5-d]pyrimidin-7-yl]pyrrolidin-3-yl]acetamide",1,107,-352.289684272635,0.359756097560976,NA,"845245871434280647"
"845246065295011823","C12H14F3N7O2","[M - H]-",5,0.0124644749040101,17.603859718427,2.8854761312169,14.7183835872101,"21","JPUBTAPBJQSJLC","CN1C=CC(=N1)C2=C(C(=O)NC(C2)C(F)(F)F)N(C)N=NNC=O","N-[(Z)-[methyl-[4-(1-methylpyrazol-3-yl)-6-oxo-2-(trifluoromethyl)-2,3-dihydro-1H-pyridin-5-yl]amino]diazenyl]formamide",1.2,134,-391.391918071242,0.3125,NA,"845245871434280647"
"845246065295011824","C15H24NO4PS","[M - H]-",6,0.0105244267354989,17.4346760391189,5.60113133464317,11.8335447044757,"21","WTUGRXZKACLJRX","CCCSP(=O)(COC1=CC=CC=C1)NCC(=O)OC(C)C","Propan-2-yl 2-[[phenoxymethyl(propylsulfanyl)phosphoryl]amino]acetate",3,39,-278.654857356229,0.338709677419355,NA,"845245871434280647"
"845246065295011824","C15H24NO4PS","[M - H]-",6,0.0105244267354989,17.4346760391189,5.60113133464317,11.8335447044757,"21","GBFJZODZDADBTG","CCO[P+](CCCCSC1=CC=C(C=C1)C(=O)N)([O-])OCC","4-[4-(Diethoxyphosphinyl)butylthio]benzamide",2,40,-280.471185996947,0.278260869565217,NA,"845245871434280647"
"845246065295011824","C15H24NO4PS","[M - H]-",6,0.0105244267354989,17.4346760391189,5.60113133464317,11.8335447044757,"21","ZZCHPRZTHIXGNE","CO[P+](C1(CCCCC1)N=S(=O)(C)C2=CC=CC=C2)([O-])OC","N-[1-(Dimethoxyphosphinyl)cyclohexyl]-S-phenyl-S-methylsulfoximine",2.8,47,-285.753501444227,0.285714285714286,NA,"845245871434280647"
"845246065295011824","C15H24NO4PS","[M - H]-",6,0.0105244267354989,17.4346760391189,5.60113133464317,11.8335447044757,"21","SAMMSJLPLGDIEZ","CCCOC(=O)C(C)NP(=O)(CCSC)OC1=CC=CC=C1","Propyl 2-[[2-methylsulfanylethyl(phenoxy)phosphoryl]amino]propanoate",2.9,71,-314.413719390779,0.33587786259542,NA,"845245871434280647"
"845246065295011824","C15H24NO4PS","[M - H]-",6,0.0105244267354989,17.4346760391189,5.60113133464317,11.8335447044757,"21","JCVKTRDFXGISNP","CC(C)(C)C(=O)SCCOP(=O)(NCC1=CC=CC=C1)OC","S-[2-[(benzylamino)-methoxyphosphoryl]oxyethyl] 2,2-dimethylpropanethioate",2.6,72,-314.697295789549,0.308333333333333,NA,"845245871434280647"
"845246065295011824","C15H24NO4PS","[M - H]-",6,0.0105244267354989,17.4346760391189,5.60113133464317,11.8335447044757,"21","UDWPPRVLTWMDAC","CCOC(=O)C(C)NP(=O)(CC(C)CS)OC1=CC=CC=C1","Ethyl 2-[[(2-methyl-3-sulfanylpropyl)-phenoxyphosphoryl]amino]propanoate",2.8,77,-316.94602810153,0.3046875,NA,"845245871434280647"
"845246065295011824","C15H24NO4PS","[M - H]-",6,0.0105244267354989,17.4346760391189,5.60113133464317,11.8335447044757,"21","HZHVLKKSOKWVNK","CCOP(=S)(N(C)C(=O)OC1=CC=CC(=C1)C(C)C)OCC","CARBAMIC ACID, N-(O,O-DIETHYLPHOSPHOROTHIOYL)-N-METHYL-, m-ISOPROPYLPHENYL ESTER",4.7,83,-324.732890889783,0.282258064516129,NA,"845245871434280647"
"845246065295011824","C15H24NO4PS","[M - H]-",6,0.0105244267354989,17.4346760391189,5.60113133464317,11.8335447044757,"21","MONMOLHWGJYQGJ","CCO[P+]([O-])(OCC)OC1=C2CCCC2CC(C1SC)C#N","(3aR)-6alpha-(Methylthio)-7-[(diethoxyphosphinyl)oxy]-2,3,3abeta,4,5,6-hexahydro-1H-indene-5alpha-carbonitrile",2,86,-332.796536407902,0.28448275862069,NA,"845245871434280647"
"845246065295011824","C15H24NO4PS","[M - H]-",6,0.0105244267354989,17.4346760391189,5.60113133464317,11.8335447044757,"21","DXSZVAUONVLTAL","CC(C)(C)S(=O)N1CCC1(C2=CC=CC=C2)[P+]([O-])(OC)OC","[(2R)-1-(tert-Butylsulfinyl)-2-phenylazetidine-2beta-yl]phosphonic acid dimethyl ester",1.7,90,-335.433196350115,0.245762711864407,NA,"845245871434280647"
"845246065295011824","C15H24NO4PS","[M - H]-",6,0.0105244267354989,17.4346760391189,5.60113133464317,11.8335447044757,"21","WULGZPPOJVXLGC","CCOP(=S)(OCC)OC1=CC=C(C=C1)C(=O)NCC(C)C","4-diethoxyphosphinothioyloxy-N-(2-methylpropyl)benzamide",3.9432495,95,-339.813260323178,0.240875912408759,NA,"845245871434280647"
"845246065295011824","C15H24NO4PS","[M - H]-",6,0.0105244267354989,17.4346760391189,5.60113133464317,11.8335447044757,"21","YFBDKTUIZMQIGP","CC(C)OC(=O)C(C)NP(=O)(CC(C)S)OC1=CC=CC=C1","Propan-2-yl 2-[[phenoxy(2-sulfanylpropyl)phosphoryl]amino]propanoate",2.8,96,-340.747554829499,0.2734375,NA,"845245871434280647"
"845246065295011824","C15H24NO4PS","[M - H]-",6,0.0105244267354989,17.4346760391189,5.60113133464317,11.8335447044757,"21","FNIAJYQJBPHDKX","CCOP(=S)(N)OC(C)(C)C1=CC=CC=C1C(=O)OC(C)C","Propan-2-yl 2-[2-[amino(ethoxy)phosphinothioyl]oxypropan-2-yl]benzoate",3.6,98,-341.99394205845,0.230769230769231,NA,"845245871434280647"
"845246065295011824","C15H24NO4PS","[M - H]-",6,0.0105244267354989,17.4346760391189,5.60113133464317,11.8335447044757,"21","HOQADATXFBOEGG","CCOP(=S)(NC(C)C)OC1=CC=CC=C1C(=O)OC(C)C","propan-2-yl 2-({ethoxy[(propan-2-yl)amino]sulfanylidene-λ⁵-phosphanyl}oxy)benzoate",4.4666986,100,-343.669287350338,0.248175182481752,NA,"845245871434280647"
"845246065295011824","C15H24NO4PS","[M - H]-",6,0.0105244267354989,17.4346760391189,5.60113133464317,11.8335447044757,"21","NTIKIRCNGPIAQB","CCCP(=O)(C(CCSC)NC(=O)OCC1=CC=CC=C1)O","[3-Methylsulfanyl-1-(phenylmethoxycarbonylamino)propyl]-propylphosphinic acid",2.2,102,-347.932749227676,0.287878787878788,NA,"845245871434280647"
"845246065295011824","C15H24NO4PS","[M - H]-",6,0.0105244267354989,17.4346760391189,5.60113133464317,11.8335447044757,"21","PWKGLERPRMZYSH","CC(C)OC(=O)C(C)NP(=O)(C(C)SC)OC1=CC=CC=C1","propan-2-yl (2S)-2-[[1-methylsulfanylethyl(phenoxy)phosphoryl]amino]propanoate",3.3,108,-353.737591418662,0.259541984732824,NA,"845245871434280647"
"845246065295011825","C14H17F2N3O5","[M - H]-",7,0.00471989823514743,16.6327643669847,2.54588206970692,14.0868822972778,"21","UPBKGPXMJNJLOS","COCC1CC(C(O1)N2C=CC(=NC2=O)NC(=O)OCC=C)(F)F","prop-2-enyl N-[1-[(2R,5S)-3,3-difluoro-5-(methoxymethyl)oxolan-2-yl]-2-oxopyrimidin-4-yl]carbamate",0.9,85,-326.216605222119,0.4,NA,"845245871434280647"
"845246065295011825","C14H17F2N3O5","[M - H]-",7,0.00471989823514743,16.6327643669847,2.54588206970692,14.0868822972778,"21","JAUWZCPMXGOVFY","CC1CN(CC(O1)C)C(=O)NC2=C(C=CC(=C2)[N+](=O)[O-])OC(F)F","N-[2-(difluoromethoxy)-5-nitrophenyl]-2,6-dimethylmorpholine-4-carboxamide",2.4,89,-335.408839606129,0.302857142857143,NA,"845245871434280647"
"845246065295011825","C14H17F2N3O5","[M - H]-",7,0.00471989823514743,16.6327643669847,2.54588206970692,14.0868822972778,"21","ROORJEYJMZRBRE","CC(C)(C)OC(=O)N1CC(C(C1)(F)F)OC2=C(N=CC=C2)[N+](=O)[O-]","Tert-butyl 3,3-difluoro-4-(2-nitropyridin-3-yl)oxypyrrolidine-1-carboxylate",2.4,104,-349.671705672022,0.353932584269663,NA,"845245871434280647"
"845246065295011825","C14H17F2N3O5","[M - H]-",7,0.00471989823514743,16.6327643669847,2.54588206970692,14.0868822972778,"21","CKVPZSUBKHFSJC","CC(C)(C)OC(=O)N1CCC(C1OC2=C(N=CC=C2)[N+](=O)[O-])(F)F","tert-butyl (2S)-3,3-difluoro-2-(2-nitropyridin-3-yl)oxypyrrolidine-1-carboxylate",2.8,105,-351.342567561627,0.335260115606936,NA,"845245871434280647"
"845246065295011825","C14H17F2N3O5","[M - H]-",7,0.00471989823514743,16.6327643669847,2.54588206970692,14.0868822972778,"21","YXIAMSPSABAWNR","CC(C)(C)OC(=O)NC1COC2=C(C=CC(=N2)OC(F)F)NC1=O","tert-butyl N-[(3S)-7-(difluoromethoxy)-2-oxo-3,4-dihydro-1H-pyrido[2,3-b][1,4]oxazepin-3-yl]carbamate",2.1,116,-364.644127347096,0.342857142857143,NA,"845245871434280647"
"845246065295011825","C14H17F2N3O5","[M - H]-",7,0.00471989823514743,16.6327643669847,2.54588206970692,14.0868822972778,"21","HYDWDTMGPGGKTI","COC1=CC(=C(C(=C1)F)C2CN=C(C2NC(=O)O)NOCCO)F","[3-(2,6-difluoro-4-methoxyphenyl)-5-(2-hydroxyethoxyamino)-3,4-dihydro-2H-pyrrol-4-yl]carbamic acid",0.5,120,-373.43777678641,0.254335260115607,NA,"845245871434280647"
"845246065295011825","C14H17F2N3O5","[M - H]-",7,0.00471989823514743,16.6327643669847,2.54588206970692,14.0868822972778,"21","IWCQONMLHVONLN","CCOC(=O)N1CCN(CC1)C2=C(C=C(C(=C2CO)F)[N+](=O)[O-])F","3,6-Difluoro-2-(4-ethoxycarbonyl-1-piperazinyl)-5-nitrobenzyl alcohol",1.2,122,-377.044651818402,0.247058823529412,NA,"845245871434280647"
"845246065295011825","C14H17F2N3O5","[M - H]-",7,0.00471989823514743,16.6327643669847,2.54588206970692,14.0868822972778,"21","RYYXIOLNZYBGHQ","COCCNC(=O)NC(=O)CNC1=C(C=C(C(=C1)C(=O)OC)F)F","Methyl 2,4-difluoro-5-[[2-(2-methoxyethylcarbamoylamino)-2-oxoethyl]amino]benzoate",1.3,130,-383.276017148083,0.234972677595628,NA,"845245871434280647"
"845246065295011825","C14H17F2N3O5","[M - H]-",7,0.00471989823514743,16.6327643669847,2.54588206970692,14.0868822972778,"21","CVPJVRLLJNRSGB","CCOC(=O)C(ONC(=O)N1CC(C=C(C1)C2=NC=CO2)C)(F)F","ethyl 2,2-difluoro-2-[[(3R)-3-methyl-5-(1,3-oxazol-2-yl)-3,6-dihydro-2H-pyridine-1-carbonyl]amino]oxyacetate",1.3,135,-391.996236875728,0.227272727272727,NA,"845245871434280647"
"845246065295011825","C14H17F2N3O5","[M - H]-",7,0.00471989823514743,16.6327643669847,2.54588206970692,14.0868822972778,"21","KDWCPERQQNFZRD","CN(CCN1CCOCC1=O)C2=C(C=CC(=C2)OC(F)F)[N+](=O)[O-]","4-[2-[5-(difluoromethoxy)-N-methyl-2-nitroanilino]ethyl]morpholin-3-one",1.9,142,-407.089738882227,0.269230769230769,NA,"845245871434280647"
"845246065295011825","C14H17F2N3O5","[M - H]-",7,0.00471989823514743,16.6327643669847,2.54588206970692,14.0868822972778,"21","DVBMXBGFCSKWEE","CC(=O)NC(C1=NC2=CC(=C(C=C2N1)F)F)C(C(C(CO)O)O)O","N-[(2R)-1-(5,6-difluoro-1H-benzimidazol-2-yl)-2,3,4,5-tetrahydroxypentyl]acetamide",-1.7,144,-418.543959331207,0.347368421052632,NA,"845245871434280647"
"845246065295011825","C14H17F2N3O5","[M - H]-",7,0.00471989823514743,16.6327643669847,2.54588206970692,14.0868822972778,"21","WHKVCNFTYQCLNE","C1CN(CCC1CO)C(=O)NC2=C(C=CC(=C2)[N+](=O)[O-])OC(F)F","N-[2-(difluoromethoxy)-5-nitrophenyl]-4-(hydroxymethyl)piperidine-1-carboxamide",1.9,150,-424.607631454333,0.251336898395722,NA,"845245871434280647"
"845246065295011825","C14H17F2N3O5","[M - H]-",7,0.00471989823514743,16.6327643669847,2.54588206970692,14.0868822972778,"21","ONBMJMYLNSBDES","CC(C1CCCO1)NC(=O)NC2=C(C=CC(=C2)[N+](=O)[O-])OC(F)F","1-[2-(difluoromethoxy)-5-nitrophenyl]-3-[(1S)-1-[(2S)-oxolan-2-yl]ethyl]urea",2.5,154,-430.284706445841,0.283505154639175,NA,"845245871434280647"
"845246065295011825","C14H17F2N3O5","[M - H]-",7,0.00471989823514743,16.6327643669847,2.54588206970692,14.0868822972778,"21","FCWVTDIMXVCREB","C1COC(CN1C(=O)NCC2=C(N=CC=C2)OCC(F)F)C(=O)O","4-[[2-(2,2-Difluoroethoxy)pyridin-3-yl]methylcarbamoyl]morpholine-2-carboxylic acid",0.4,155,-431.152440079625,0.313513513513514,NA,"845245871434280647"
"845246065295011825","C14H17F2N3O5","[M - H]-",7,0.00471989823514743,16.6327643669847,2.54588206970692,14.0868822972778,"21","GMLIAHAINSUARE","CC1CCN(C1=O)C2=NC(=O)N(C=C2)C3C(C(C(O3)CO)O)(F)F","1-[(2R,4R,5R)-3,3-difluoro-4-hydroxy-5-(hydroxymethyl)oxolan-2-yl]-4-(3-methyl-2-oxopyrrolidin-1-yl)pyrimidin-2-one",-0.3,160,-445.431632461679,0.31924882629108,NA,"845245871434280647"
"845246065295011826","C11H20N7O2PS","[M - H]-",8,0.00471205211679221,16.6311006346977,3.99787872490344,12.6332219097942,"21",NA,NA,NA,NA,NA,NA,NA,NA,"845245871434280647"
"845246065295011827","C14H23N3O3S2","[M - H]-",9,0.00329266849656034,16.2726754571682,0.368065115105058,15.9046103420631,"21",NA,NA,NA,NA,NA,NA,NA,NA,"845245871434280647"
"845246065295011828","C9H15N9O6","[M - H]-",10,0.00326703592116409,16.264860255681,0.703769288291106,15.5610909673899,"21",NA,NA,NA,NA,NA,NA,NA,NA,"845245871434280647"
"845246023196782511","C17H19N3O3S","[M - H]-",1,0.797787309679694,35.6044365125587,0,35.6044365125587,"22","SUBDBMMJDZJVOS","CC1=CN=C(C(=C1OC)C)CS(=O)C2=NC3=C(N2)C=C(C=C3)OC","6-methoxy-2-[(4-methoxy-3,5-dimethylpyridin-2-yl)methanesulfinyl]-1H-1,3-benzodiazole",2.6206226,1,-14.7286500052718,0.975409836065574,0,"845245871434280648"
"845246023196782511","C17H19N3O3S","[M - H]-",1,0.797787309679694,35.6044365125587,0,35.6044365125587,"22","HVGVNYJRZJHYBS","CC1=CC(=C(C=C1)S(=O)(=O)NC2=CC3=C(C=C2)N(C(=O)N3C)C)C","N-(1,3-dimethyl-2-oxo-2,3-dihydro-1H-benzimidazol-5-yl)-2,4-dimethylbenzenesulfonamide",2.2,2,-386.787119002166,0.319526627218935,Inf,"845245871434280648"
"845246023196782511","C17H19N3O3S","[M - H]-",1,0.797787309679694,35.6044365125587,0,35.6044365125587,"22","ZWNARYKSNTWUOM","C1CN(CN1CC2=CC=CC=C2)C(=O)C3=CC=C(C=C3)S(=O)(=O)N","4-[3-(Phenylmethyl)imidazolidin-1-yl]carbonylbenzenesulfonamide",1.3,3,-401.00450951107,0.14218009478673,NA,"845245871434280648"
"845246023196782511","C17H19N3O3S","[M - H]-",1,0.797787309679694,35.6044365125587,0,35.6044365125587,"22","SJXKOSOSNRUTAX","C1CN(CCN1CC2=CC=CO2)C(=S)NC3=CC4=C(C=C3)OCO4","N-(1,3-benzodioxol-5-yl)-4-(furan-2-ylmethyl)piperazin-4-ium-1-carbothioamide",1.9,4,-455.757222091108,0.235897435897436,NA,"845245871434280648"
"845246023196782511","C17H19N3O3S","[M - H]-",1,0.797787309679694,35.6044365125587,0,35.6044365125587,"22","FDDLMBKEDYPNER","C1CN(CCN1CCC(=O)C2=CC=CS2)C3=CC=C(C=C3)[N+](=O)[O-]","3-[4-(4-Nitrophenyl)piperazino]-1-(2-thienyl)-1-propanone",3,5,-473.995010466642,0.147058823529412,NA,"845245871434280648"
"845246023196782511","C17H19N3O3S","[M - H]-",1,0.797787309679694,35.6044365125587,0,35.6044365125587,"22","KMCSXFINGGBOFP","C1CN(CC2=CC=CC=C21)CC(=O)NC3=CC=C(C=C3)S(=O)(=O)N","N-(4-sulfamoylphenyl)-2-(1,2,3,4-tetrahydroisoquinolin-2-yl)acetamide",1.3,6,-516.126695745825,0.135593220338983,NA,"845245871434280648"
"845246023196782511","C17H19N3O3S","[M - H]-",1,0.797787309679694,35.6044365125587,0,35.6044365125587,"22","ABBDYGNALLZFNP","COC1=C(C=C(C=C1)C(=O)NNC(=S)NCC2=CC=CC=C2)OC","N-Benzyl-2-(3,4-dimethoxybenzoyl)hydrazinecarbothioamide",2.6,7,-523.463618225799,0.159533073929961,NA,"845245871434280648"
"845246023196782511","C17H19N3O3S","[M - H]-",1,0.797787309679694,35.6044365125587,0,35.6044365125587,"22","IBAYUWQIQGOLBX","CCOC1=C(C=CC(=C1)C=NNC(=S)NC2=CC=C(C=C2)OC)O","1-[(3-Ethoxy-4-hydroxyphenyl)methylideneamino]-3-(4-methoxyphenyl)thiourea",3.1,8,-532.213755419343,0.246073298429319,NA,"845245871434280648"
"845246023196782511","C17H19N3O3S","[M - H]-",1,0.797787309679694,35.6044365125587,0,35.6044365125587,"22","LJAVIEUWQYYONW","COC1=CC=C(C=C1)C2=NC(=NC=C2)SCC(=O)N3CCOCC3","2-[[4-(4-Methoxyphenyl)-2-pyrimidinyl]thio]-1-(4-morpholinyl)ethanone",1.8,9,-551.812366306812,0.30952380952381,NA,"845245871434280648"
"845246023196782511","C17H19N3O3S","[M - H]-",1,0.797787309679694,35.6044365125587,0,35.6044365125587,"22","HHTWCWCZKQRKRJ","CN1C2=CC=CC=C2N(C3=CC=CC=C3S1(=O)=O)C(=O)CN(C)C","6-Methyl-6,11-dihydro-11-((N,N-dimethylamino)acetyl)dibenzo(c,f)-(1,2,5)-thiadiazepine 5,5-dioxide",1.7,10,-552.6935026144,0.201058201058201,NA,"845245871434280648"
"845246023196782511","C17H19N3O3S","[M - H]-",1,0.797787309679694,35.6044365125587,0,35.6044365125587,"22","FUYKCLPJJPJJTN","COC1=CC(=C(C=C1C=NNC(=S)NC2=CC=CC=C2)OC)OC","(Phenylcarbamothioylamino)-[(2,4,5-trimethoxyphenyl)methylidene]azanium",3.1,11,-577.623174071701,0.206030150753769,NA,"845245871434280648"
"845246023196782511","C17H19N3O3S","[M - H]-",1,0.797787309679694,35.6044365125587,0,35.6044365125587,"22","YPHDMWLZRDJBET","CC(=O)N1CCC2=CC=CC=C2C1C3=C(N(C(=S)N(C3=O)C)C)O","5-(2-acetyl-1,2,3,4-tetrahydroisoquinolin-1-yl)-6-hydroxy-1,3-dimethyl-2-sulfanylidene-1,2,3,4-tetrahydropyrimidin-4-one",0.9,12,-579.454455178929,0.168141592920354,NA,"845245871434280648"
"845246023196782511","C17H19N3O3S","[M - H]-",1,0.797787309679694,35.6044365125587,0,35.6044365125587,"22","WPIILTPYKOWHQU","COC1=CC2=C(C=C1)NC=C2CCNS(=O)(=O)C3=CC=C(C=C3)N","4-amino-N-[2-(5-methoxy-1H-indol-3-yl)ethyl]benzene-1-sulfonamide",2.4006016,13,-581.468716625426,0.334928229665072,NA,"845245871434280648"
"845246023196782511","C17H19N3O3S","[M - H]-",1,0.797787309679694,35.6044365125587,0,35.6044365125587,"22","AIBMIQGSVBRQNH","COC1=CC(=CC(=C1OC)OC)C=NNC(=S)NC2=CC=CC=C2","(Phenylcarbamothioylamino)-[(3,4,5-trimethoxyphenyl)methylidene]azanium",3.1,14,-594.458568309462,0.184466019417476,NA,"845245871434280648"
"845246023196782511","C17H19N3O3S","[M - H]-",1,0.797787309679694,35.6044365125587,0,35.6044365125587,"22","MJRGSRRZKSJHOE","CC1=C(ON=C1C)NS(=O)(=O)C2=CC=CC3=C2C=CC=C3N(C)C","5-(dimethylamino)-N-(3,4-dimethyl-5-isoxazolyl)-1-naphthalenesulfonamide",3.4,15,-595.839915669018,0.233695652173913,NA,"845245871434280648"
"845246023196782512","C14H21N2O6S","[M - H]-",2,0.145108603325442,33.9000769303776,0,33.9000769303776,"22",NA,NA,NA,NA,NA,NA,NA,NA,"845245871434280648"
"845246023196782513","C14H20FN3O4S","[M - H]-",3,0.0542793143599582,32.9167376832035,0,32.9167376832035,"22",NA,NA,NA,NA,NA,NA,NA,NA,"845245871434280648"
"845246023196782514","C17H16FN3O4","[M - H]-",4,0.00107081643440971,28.9910158601903,0,28.9910158601903,"22",NA,NA,NA,NA,NA,NA,NA,NA,"845245871434280648"
"845246023196782515","C11H18F3N3O6","[M - H]-",5,0.000763936663528173,28.6533240854643,0,28.6533240854643,"22",NA,NA,NA,NA,NA,NA,NA,NA,"845245871434280648"
"845246023196782516","C10H16FN9O2S","[M - H]-",6,0.000343322372613399,27.8535090684944,0,27.8535090684944,"22",NA,NA,NA,NA,NA,NA,NA,NA,"845245871434280648"
"845246023196782517","C14H17F2N3O5","[M - H]-",7,0.000247220932224064,27.5251216001558,0,27.5251216001558,"22",NA,NA,NA,NA,NA,NA,NA,NA,"845245871434280648"
"845246023196782518","C9H20FN5O6S","[M - H]-",8,0.000184128222075962,27.2304715748993,0,27.2304715748993,"22",NA,NA,NA,NA,NA,NA,NA,NA,"845245871434280648"
"845246023196782519","C14H23N3O3S2","[M - H]-",9,7.85387720177192e-05,26.3784316147836,0,26.3784316147836,"22",NA,NA,NA,NA,NA,NA,NA,NA,"845245871434280648"
"845246023196782520","C9H15N9O6","[M - H]-",10,4.0483277944484e-05,25.7157281994656,0,25.7157281994656,"22",NA,NA,NA,NA,NA,NA,NA,NA,"845245871434280648"
"845246008374112055","C17H19N3O3S","[M - H]-",1,0.737678541627602,22.8103364827657,3.42226675836294,19.3880697244028,"23","SUBDBMMJDZJVOS","CC1=CN=C(C(=C1OC)C)CS(=O)C2=NC3=C(N2)C=C(C=C3)OC","6-methoxy-2-[(4-methoxy-3,5-dimethylpyridin-2-yl)methanesulfinyl]-1H-1,3-benzodiazole",2.6206226,1,-7.21432622521267,0.983606557377049,0,"845245871434280649"
"845246008374112055","C17H19N3O3S","[M - H]-",1,0.737678541627602,22.8103364827657,3.42226675836294,19.3880697244028,"23","ZWNARYKSNTWUOM","C1CN(CN1CC2=CC=CC=C2)C(=O)C3=CC=C(C=C3)S(=O)(=O)N","4-[3-(Phenylmethyl)imidazolidin-1-yl]carbonylbenzenesulfonamide",1.3,2,-431.487514478833,0.141509433962264,Inf,"845245871434280649"
"845246008374112055","C17H19N3O3S","[M - H]-",1,0.737678541627602,22.8103364827657,3.42226675836294,19.3880697244028,"23","FDDLMBKEDYPNER","C1CN(CCN1CCC(=O)C2=CC=CS2)C3=CC=C(C=C3)[N+](=O)[O-]","3-[4-(4-Nitrophenyl)piperazino]-1-(2-thienyl)-1-propanone",3,3,-482.039452315876,0.146341463414634,NA,"845245871434280649"
"845246008374112055","C17H19N3O3S","[M - H]-",1,0.737678541627602,22.8103364827657,3.42226675836294,19.3880697244028,"23","SJXKOSOSNRUTAX","C1CN(CCN1CC2=CC=CO2)C(=S)NC3=CC4=C(C=C3)OCO4","N-(1,3-benzodioxol-5-yl)-4-(furan-2-ylmethyl)piperazin-4-ium-1-carbothioamide",1.9,4,-483.084876066264,0.23469387755102,NA,"845245871434280649"
"845246008374112055","C17H19N3O3S","[M - H]-",1,0.737678541627602,22.8103364827657,3.42226675836294,19.3880697244028,"23","HVGVNYJRZJHYBS","CC1=CC(=C(C=C1)S(=O)(=O)NC2=CC3=C(C=C2)N(C(=O)N3C)C)C","N-(1,3-dimethyl-2-oxo-2,3-dihydro-1H-benzimidazol-5-yl)-2,4-dimethylbenzenesulfonamide",2.2,5,-500.653243314578,0.317647058823529,NA,"845245871434280649"
"845246008374112055","C17H19N3O3S","[M - H]-",1,0.737678541627602,22.8103364827657,3.42226675836294,19.3880697244028,"23","LJAVIEUWQYYONW","COC1=CC=C(C=C1)C2=NC(=NC=C2)SCC(=O)N3CCOCC3","2-[[4-(4-Methoxyphenyl)-2-pyrimidinyl]thio]-1-(4-morpholinyl)ethanone",1.8,6,-528.761801919139,0.308056872037915,NA,"845245871434280649"
"845246008374112055","C17H19N3O3S","[M - H]-",1,0.737678541627602,22.8103364827657,3.42226675836294,19.3880697244028,"23","KMCSXFINGGBOFP","C1CN(CC2=CC=CC=C21)CC(=O)NC3=CC=C(C=C3)S(=O)(=O)N","N-(4-sulfamoylphenyl)-2-(1,2,3,4-tetrahydroisoquinolin-2-yl)acetamide",1.3,7,-533.584555345573,0.135021097046413,NA,"845245871434280649"
"845246008374112055","C17H19N3O3S","[M - H]-",1,0.737678541627602,22.8103364827657,3.42226675836294,19.3880697244028,"23","IBAYUWQIQGOLBX","CCOC1=C(C=CC(=C1)C=NNC(=S)NC2=CC=C(C=C2)OC)O","1-[(3-Ethoxy-4-hydroxyphenyl)methylideneamino]-3-(4-methoxyphenyl)thiourea",3.1,8,-553.603139165491,0.244791666666667,NA,"845245871434280649"
"845246008374112055","C17H19N3O3S","[M - H]-",1,0.737678541627602,22.8103364827657,3.42226675836294,19.3880697244028,"23","ABBDYGNALLZFNP","COC1=C(C=C(C=C1)C(=O)NNC(=S)NCC2=CC=CC=C2)OC","N-Benzyl-2-(3,4-dimethoxybenzoyl)hydrazinecarbothioamide",2.6,9,-559.84631163588,0.158914728682171,NA,"845245871434280649"
"845246008374112055","C17H19N3O3S","[M - H]-",1,0.737678541627602,22.8103364827657,3.42226675836294,19.3880697244028,"23","AIBMIQGSVBRQNH","COC1=CC(=CC(=C1OC)OC)C=NNC(=S)NC2=CC=CC=C2","(Phenylcarbamothioylamino)-[(3,4,5-trimethoxyphenyl)methylidene]azanium",3.1,10,-579.768417835785,0.183574879227053,NA,"845245871434280649"
"845246008374112055","C17H19N3O3S","[M - H]-",1,0.737678541627602,22.8103364827657,3.42226675836294,19.3880697244028,"23","WPIILTPYKOWHQU","COC1=CC2=C(C=C1)NC=C2CCNS(=O)(=O)C3=CC=C(C=C3)N","4-amino-N-[2-(5-methoxy-1H-indol-3-yl)ethyl]benzene-1-sulfonamide",2.4006016,11,-582.115802527884,0.339712918660287,NA,"845245871434280649"
"845246008374112055","C17H19N3O3S","[M - H]-",1,0.737678541627602,22.8103364827657,3.42226675836294,19.3880697244028,"23","FUYKCLPJJPJJTN","COC1=CC(=C(C=C1C=NNC(=S)NC2=CC=CC=C2)OC)OC","(Phenylcarbamothioylamino)-[(2,4,5-trimethoxyphenyl)methylidene]azanium",3.1,12,-584.157882944953,0.205,NA,"845245871434280649"
"845246008374112055","C17H19N3O3S","[M - H]-",1,0.737678541627602,22.8103364827657,3.42226675836294,19.3880697244028,"23","RHRSBTVNCCOGDJ","CC1=CC(=NC(=N1)SC(C2=CC=CC=C2)C(=O)O)N3CCOCC3","(2S)-2-(4-methyl-6-morpholin-4-ylpyrimidin-2-yl)sulfanyl-2-phenylacetate",2.8,13,-585.297857177538,0.207729468599034,NA,"845245871434280649"
"845246008374112055","C17H19N3O3S","[M - H]-",1,0.737678541627602,22.8103364827657,3.42226675836294,19.3880697244028,"23","HHTWCWCZKQRKRJ","CN1C2=CC=CC=C2N(C3=CC=CC=C3S1(=O)=O)C(=O)CN(C)C","6-Methyl-6,11-dihydro-11-((N,N-dimethylamino)acetyl)dibenzo(c,f)-(1,2,5)-thiadiazepine 5,5-dioxide",1.7,14,-593.431268400235,0.2,NA,"845245871434280649"
"845246008374112055","C17H19N3O3S","[M - H]-",1,0.737678541627602,22.8103364827657,3.42226675836294,19.3880697244028,"23","RSMGOJOYNVIKHB","COC1=C(C(=C(C=C1)C=NNC(=S)NC2=CC=CC=C2)OC)OC","1-Phenyl-3-[(2,3,4-trimethoxyphenyl)methylideneamino]thiourea",3.1,15,-613.675808182532,0.202970297029703,NA,"845245871434280649"
"845246008374112056","C14H20FN3O4S","[M - H]-",2,0.206818022672009,21.5386676225968,4.1719808475251,17.3666867750717,"23",NA,NA,NA,NA,NA,NA,NA,NA,"845245871434280649"
"845246008374112057","C15H13F2N7O","[M - H]-",3,0.0266677299264958,19.4902825509628,3.19817580194105,16.2921067490218,"23",NA,NA,NA,NA,NA,NA,NA,NA,"845245871434280649"
"845246008374112058","C14H17F6NO2","[M - H]-",4,0.00614982166193949,18.0232514168477,2.79272932912647,15.2305220877212,"23",NA,NA,NA,NA,NA,NA,NA,NA,"845245871434280649"
"845246008374112059","C14H23N3O3S2","[M - H]-",5,0.00599735802708393,17.9981473769439,0,17.9981473769439,"23","WBLFCWDWOFARFH","CC(C)CN1C2CN(CC2OCCS1(=O)=O)CC3=NC=CS3","(5aS,8aR)-1-(2-methylpropyl)-7-(1,3-thiazol-2-ylmethyl)-3,4,5a,6,8,8a-hexahydropyrrolo[3,4-f][1,4,5]oxathiazepine 2,2-dioxide",1,19,-674.287585228722,0.177884615384615,NA,"845245871434280649"
"845246008374112059","C14H23N3O3S2","[M - H]-",5,0.00599735802708393,17.9981473769439,0,17.9981473769439,"23","VDWQLXDLGJSQDR","C1=C(NC=N1)CC(C(=O)O)NC(=O)CCCCC(CCS)S","(2S)-2-[6,8-bis(sulfanyl)octanoylamino]-3-(1H-imidazol-5-yl)propanoic acid",1.3,22,-776.778703210192,0.151898734177215,NA,"845245871434280649"
"845246008374112060","C11H20N7O2PS","[M - H]-",6,0.00319034413573364,17.3669571240269,3.21724600531068,14.1497111187162,"23",NA,NA,NA,NA,NA,NA,NA,NA,"845245871434280649"
"845246008374112061","C12H14F3N7O2","[M - H]-",7,0.0027529825597377,17.2195132246461,2.63681801188701,14.5826952127591,"23",NA,NA,NA,NA,NA,NA,NA,NA,"845245871434280649"
"845246008374112062","C14H21N2O6S","[M - H]-",8,0.00267770911096715,17.1917899531327,2.33143653989969,14.860353413233,"23",NA,NA,NA,NA,NA,NA,NA,NA,"845245871434280649"
"845246008374112063","C9H25N5O3P2S","[M - H]-",9,0.00105980388317864,16.2649122086456,2.23319610464075,14.0317161040048,"23",NA,NA,NA,NA,NA,NA,NA,NA,"845245871434280649"
"845246008374112064","C19H17F2NO3","[M - H]-",10,0.000998200379001044,16.2050270912461,1.94942408438468,14.2556030068615,"23",NA,NA,NA,NA,NA,NA,NA,NA,"845245871434280649"
"845246077081006079","C15H13F2N7O","[M - H]-",1,0.303140015323165,19.0645017927564,2.95429778150374,16.1102040112527,"24",NA,NA,NA,NA,NA,NA,NA,NA,"845245871434280650"
"845246077081006080","C17H19N3O3S","[M - H]-",2,0.201997481754718,18.6585622279675,0,18.6585622279675,"24","SUBDBMMJDZJVOS","CC1=CN=C(C(=C1OC)C)CS(=O)C2=NC3=C(N2)C=C(C=C3)OC","6-methoxy-2-[(4-methoxy-3,5-dimethylpyridin-2-yl)methanesulfinyl]-1H-1,3-benzodiazole",2.6206226,1,-6.92522133642603,0.983606557377049,0,"845245871434280650"
"845246077081006080","C17H19N3O3S","[M - H]-",2,0.201997481754718,18.6585622279675,0,18.6585622279675,"24","ZWNARYKSNTWUOM","C1CN(CN1CC2=CC=CC=C2)C(=O)C3=CC=C(C=C3)S(=O)(=O)N","4-[3-(Phenylmethyl)imidazolidin-1-yl]carbonylbenzenesulfonamide",1.3,6,-433.751814070739,0.141509433962264,NA,"845245871434280650"
"845246077081006080","C17H19N3O3S","[M - H]-",2,0.201997481754718,18.6585622279675,0,18.6585622279675,"24","FDDLMBKEDYPNER","C1CN(CCN1CCC(=O)C2=CC=CS2)C3=CC=C(C=C3)[N+](=O)[O-]","3-[4-(4-Nitrophenyl)piperazino]-1-(2-thienyl)-1-propanone",3,9,-482.906475590561,0.146341463414634,NA,"845245871434280650"
"845246077081006080","C17H19N3O3S","[M - H]-",2,0.201997481754718,18.6585622279675,0,18.6585622279675,"24","SJXKOSOSNRUTAX","C1CN(CCN1CC2=CC=CO2)C(=S)NC3=CC4=C(C=C3)OCO4","N-(1,3-benzodioxol-5-yl)-4-(furan-2-ylmethyl)piperazin-4-ium-1-carbothioamide",1.9,10,-482.956950151745,0.23469387755102,NA,"845245871434280650"
"845246077081006080","C17H19N3O3S","[M - H]-",2,0.201997481754718,18.6585622279675,0,18.6585622279675,"24","HVGVNYJRZJHYBS","CC1=CC(=C(C=C1)S(=O)(=O)NC2=CC3=C(C=C2)N(C(=O)N3C)C)C","N-(1,3-dimethyl-2-oxo-2,3-dihydro-1H-benzimidazol-5-yl)-2,4-dimethylbenzenesulfonamide",2.2,11,-498.355288145751,0.317647058823529,NA,"845245871434280650"
"845246077081006080","C17H19N3O3S","[M - H]-",2,0.201997481754718,18.6585622279675,0,18.6585622279675,"24","KMCSXFINGGBOFP","C1CN(CC2=CC=CC=C21)CC(=O)NC3=CC=C(C=C3)S(=O)(=O)N","N-(4-sulfamoylphenyl)-2-(1,2,3,4-tetrahydroisoquinolin-2-yl)acetamide",1.3,12,-527.054364548174,0.135021097046413,NA,"845245871434280650"
"845246077081006080","C17H19N3O3S","[M - H]-",2,0.201997481754718,18.6585622279675,0,18.6585622279675,"24","LJAVIEUWQYYONW","COC1=CC=C(C=C1)C2=NC(=NC=C2)SCC(=O)N3CCOCC3","2-[[4-(4-Methoxyphenyl)-2-pyrimidinyl]thio]-1-(4-morpholinyl)ethanone",1.8,13,-529.183071328323,0.308056872037915,NA,"845245871434280650"
"845246077081006080","C17H19N3O3S","[M - H]-",2,0.201997481754718,18.6585622279675,0,18.6585622279675,"24","IBAYUWQIQGOLBX","CCOC1=C(C=CC(=C1)C=NNC(=S)NC2=CC=C(C=C2)OC)O","1-[(3-Ethoxy-4-hydroxyphenyl)methylideneamino]-3-(4-methoxyphenyl)thiourea",3.1,14,-551.106107471103,0.244791666666667,NA,"845245871434280650"
"845246077081006080","C17H19N3O3S","[M - H]-",2,0.201997481754718,18.6585622279675,0,18.6585622279675,"24","ABBDYGNALLZFNP","COC1=C(C=C(C=C1)C(=O)NNC(=S)NCC2=CC=CC=C2)OC","N-Benzyl-2-(3,4-dimethoxybenzoyl)hydrazinecarbothioamide",2.6,15,-561.648242292525,0.158914728682171,NA,"845245871434280650"
"845246077081006080","C17H19N3O3S","[M - H]-",2,0.201997481754718,18.6585622279675,0,18.6585622279675,"24","AIBMIQGSVBRQNH","COC1=CC(=CC(=C1OC)OC)C=NNC(=S)NC2=CC=CC=C2","(Phenylcarbamothioylamino)-[(3,4,5-trimethoxyphenyl)methylidene]azanium",3.1,16,-580.501787360326,0.183574879227053,NA,"845245871434280650"
"845246077081006080","C17H19N3O3S","[M - H]-",2,0.201997481754718,18.6585622279675,0,18.6585622279675,"24","WPIILTPYKOWHQU","COC1=CC2=C(C=C1)NC=C2CCNS(=O)(=O)C3=CC=C(C=C3)N","4-amino-N-[2-(5-methoxy-1H-indol-3-yl)ethyl]benzene-1-sulfonamide",2.4006016,17,-583.870842837748,0.339712918660287,NA,"845245871434280650"
"845246077081006080","C17H19N3O3S","[M - H]-",2,0.201997481754718,18.6585622279675,0,18.6585622279675,"24","RHRSBTVNCCOGDJ","CC1=CC(=NC(=N1)SC(C2=CC=CC=C2)C(=O)O)N3CCOCC3","(2S)-2-(4-methyl-6-morpholin-4-ylpyrimidin-2-yl)sulfanyl-2-phenylacetate",2.8,18,-585.423821090203,0.207729468599034,NA,"845245871434280650"
"845246077081006080","C17H19N3O3S","[M - H]-",2,0.201997481754718,18.6585622279675,0,18.6585622279675,"24","HHTWCWCZKQRKRJ","CN1C2=CC=CC=C2N(C3=CC=CC=C3S1(=O)=O)C(=O)CN(C)C","6-Methyl-6,11-dihydro-11-((N,N-dimethylamino)acetyl)dibenzo(c,f)-(1,2,5)-thiadiazepine 5,5-dioxide",1.7,19,-587.670675446374,0.2,NA,"845245871434280650"
"845246077081006080","C17H19N3O3S","[M - H]-",2,0.201997481754718,18.6585622279675,0,18.6585622279675,"24","FUYKCLPJJPJJTN","COC1=CC(=C(C=C1C=NNC(=S)NC2=CC=CC=C2)OC)OC","(Phenylcarbamothioylamino)-[(2,4,5-trimethoxyphenyl)methylidene]azanium",3.1,20,-588.196603944188,0.205,NA,"845245871434280650"
"845246077081006080","C17H19N3O3S","[M - H]-",2,0.201997481754718,18.6585622279675,0,18.6585622279675,"24","RSMGOJOYNVIKHB","COC1=C(C(=C(C=C1)C=NNC(=S)NC2=CC=CC=C2)OC)OC","1-Phenyl-3-[(2,3,4-trimethoxyphenyl)methylideneamino]thiourea",3.1,21,-613.942152803976,0.202970297029703,NA,"845245871434280650"
"845246077081006081","C14H17F6NO2","[M - H]-",3,0.15074390791803,18.3658894201748,3.25647330186539,15.1094161183094,"24",NA,NA,NA,NA,NA,NA,NA,NA,"845245871434280650"
"845246077081006082","C14H23N3O3S2","[M - H]-",4,0.0929809684741172,17.8827018293532,0,17.8827018293532,"24","WBLFCWDWOFARFH","CC(C)CN1C2CN(CC2OCCS1(=O)=O)CC3=NC=CS3","(5aS,8aR)-1-(2-methylpropyl)-7-(1,3-thiazol-2-ylmethyl)-3,4,5a,6,8,8a-hexahydropyrrolo[3,4-f][1,4,5]oxathiazepine 2,2-dioxide",1,23,-635.885007875914,0.182692307692308,NA,"845245871434280650"
"845246077081006082","C14H23N3O3S2","[M - H]-",4,0.0929809684741172,17.8827018293532,0,17.8827018293532,"24","VDWQLXDLGJSQDR","C1=C(NC=N1)CC(C(=O)O)NC(=O)CCCCC(CCS)S","(2S)-2-[6,8-bis(sulfanyl)octanoylamino]-3-(1H-imidazol-5-yl)propanoic acid",1.3,27,-762.767821531742,0.151260504201681,NA,"845245871434280650"
"845246077081006083","C12H14F3N7O2","[M - H]-",5,0.06983300657043,17.5964137687055,3.09315917561924,14.5032545930863,"24",NA,NA,NA,NA,NA,NA,NA,NA,"845245871434280650"
"845246077081006084","C14H20FN3O4S","[M - H]-",6,0.0314123044429969,16.7975066746034,0.190839422798996,16.6066672518044,"24",NA,NA,NA,NA,NA,NA,NA,NA,"845245871434280650"
"845246077081006085","C9H15N9O6","[M - H]-",7,0.0271448052241523,16.6514926891507,1.27772242217625,15.3737702669744,"24",NA,NA,NA,NA,NA,NA,NA,NA,"845245871434280650"
"845246077081006086","C13H19N3O8","[M - H]-",8,0.022807253051159,16.4773855988558,2.7254644312484,13.7519211676074,"24","YXNIEZJFCGTDKV","C1=CN(C(=O)N(C1=O)CCC(C(=O)O)N)C2C(C(C(O2)CO)O)O","2-amino-4-{3-[3,4-dihydroxy-5-(hydroxymethyl)oxolan-2-yl]-2,6-dioxo-1,2,3,6-tetrahydropyrimidin-1-yl}butanoic acid",-3.2040055,2,-250.692168501117,0.391089108910891,Inf,"845245871434280650"
"845246077081006086","C13H19N3O8","[M - H]-",8,0.022807253051159,16.4773855988558,2.7254644312484,13.7519211676074,"24","RSFNVYSVNQERMH","CN1C(=C(C(=O)N(C1=O)C)C=NC2C(C(C(OC2O)CO)O)O)O","2-deoxy-2-{[(1,3-dimethyl-2,4,6-trioxotetrahydropyrimidin-5(2H)-ylidene)methyl]amino}hexopyranose",-3.1,3,-267.827558304746,0.477987421383648,NA,"845245871434280650"
"845246077081006086","C13H19N3O8","[M - H]-",8,0.022807253051159,16.4773855988558,2.7254644312484,13.7519211676074,"24","ILMLVTGTUJPQFP","C1CC(NC1)C(=O)NC(CC(=O)O)C(=O)NC(CC(=O)O)C(=O)O","2-[[3-Carboxy-2-(pyrrolidine-2-carbonylamino)propanoyl]amino]butanedioic acid",-2.258851,4,-396.238761487294,0.153225806451613,NA,"845245871434280650"
"845246077081006086","C13H19N3O8","[M - H]-",8,0.022807253051159,16.4773855988558,2.7254644312484,13.7519211676074,"24","QBIKARYQTKNDPS","CC(=NOCC(=O)NCC(=O)O)C1CNC(C1CC(=O)O)C(=O)O","Kaoag",-4.1,5,-420.560471459233,0.215686274509804,NA,"845245871434280650"
"845246077081006086","C13H19N3O8","[M - H]-",8,0.022807253051159,16.4773855988558,2.7254644312484,13.7519211676074,"24","LKIYSIYBKYLKPU","C1CC(N(C1)C(=O)C(CC(=O)O)NC(=O)C(CC(=O)O)N)C(=O)O","1-[2-[(2-Amino-3-carboxypropanoyl)amino]-3-carboxypropanoyl]pyrrolidine-2-carboxylic acid",-2.709041,7,-472.67149551896,0.140350877192982,NA,"845245871434280650"
"845246077081006086","C13H19N3O8","[M - H]-",8,0.022807253051159,16.4773855988558,2.7254644312484,13.7519211676074,"24","KESWRFKUZRUTAH","C1CC(N(C1)C(=O)C(CC(=O)O)N)C(=O)NC(CC(=O)O)C(=O)O","2-[[1-(2-Amino-3-carboxypropanoyl)pyrrolidine-2-carbonyl]amino]butanedioic acid",-2.709041,8,-473.228776503314,0.132867132867133,NA,"845245871434280650"
"845246077081006087","C14H17F2N3O5","[M - H]-",9,0.0162839078875186,16.1404843712045,2.78268360527632,13.3578007659282,"24",NA,NA,NA,NA,NA,NA,NA,NA,"845245871434280650"
"845246077081006088","C19H17F2NO3","[M - H]-",10,0.0124993087425278,15.8759803393861,1.34866753449618,14.52731280489,"24",NA,NA,NA,NA,NA,NA,NA,NA,"845245871434280650"
"845246103698059293","C13H20BClN2O6","[M + H]+",1,0.549303891775065,136.455058275041,0,136.455058275041,"7","RJXOEUFRQATKAB","[B-](C(CC1=CC=C(C=C1)Cl)NC(=O)C)(O)(O)OCC(C(=O)O)N","[(1R)-1-acetamido-2-(4-chlorophenyl)ethyl]-[(2S)-2-amino-3-hydroxy-3-oxo-propoxy]-dihydroxy-boron",0.87474024,4,-377.35203037608,0.251655629139073,NA,"845245971258715870"
"845246103698059294","C14H20FN3O4S","[M + H]+",2,0.412754347595087,136.169259065731,0.174802042202889,135.994457023528,"7",NA,NA,NA,NA,NA,NA,NA,NA,"845245971258715870"
"845246103698059295","C13H19N3O8","[M + H]+",3,0.0333345133792696,133.652999747817,2.92444801753705,130.72855173028,"7","YXNIEZJFCGTDKV","C1=CN(C(=O)N(C1=O)CCC(C(=O)O)N)C2C(C(C(O2)CO)O)O","2-amino-4-{3-[3,4-dihydroxy-5-(hydroxymethyl)oxolan-2-yl]-2,6-dioxo-1,2,3,6-tetrahydropyrimidin-1-yl}butanoic acid",-3.2040055,2,-327.996106581897,0.16504854368932,Inf,"845245971258715870"
"845246103698059295","C13H19N3O8","[M + H]+",3,0.0333345133792696,133.652999747817,2.92444801753705,130.72855173028,"7","RSFNVYSVNQERMH","CN1C(=C(C(=O)N(C1=O)C)C=NC2C(C(C(OC2O)CO)O)O)O","2-deoxy-2-{[(1,3-dimethyl-2,4,6-trioxotetrahydropyrimidin-5(2H)-ylidene)methyl]amino}hexopyranose",-3.1,3,-346.774984458822,0.220125786163522,NA,"845245971258715870"
"845246103698059295","C13H19N3O8","[M + H]+",3,0.0333345133792696,133.652999747817,2.92444801753705,130.72855173028,"7","QBIKARYQTKNDPS","CC(=NOCC(=O)NCC(=O)O)C1CNC(C1CC(=O)O)C(=O)O","Kaoag",-4.1,5,-420.2593304983,0.162921348314607,NA,"845245971258715870"
"845246103698059295","C13H19N3O8","[M + H]+",3,0.0333345133792696,133.652999747817,2.92444801753705,130.72855173028,"7","ILMLVTGTUJPQFP","C1CC(NC1)C(=O)NC(CC(=O)O)C(=O)NC(CC(=O)O)C(=O)O","2-[[3-Carboxy-2-(pyrrolidine-2-carbonylamino)propanoyl]amino]butanedioic acid",-2.258851,7,-441.273904417879,0.0986547085201794,NA,"845245971258715870"
"845246103698059295","C13H19N3O8","[M + H]+",3,0.0333345133792696,133.652999747817,2.92444801753705,130.72855173028,"7","KESWRFKUZRUTAH","C1CC(N(C1)C(=O)C(CC(=O)O)N)C(=O)NC(CC(=O)O)C(=O)O","2-[[1-(2-Amino-3-carboxypropanoyl)pyrrolidine-2-carbonyl]amino]butanedioic acid",-2.709041,9,-467.207827515062,0.0884615384615385,NA,"845245971258715870"
"845246103698059295","C13H19N3O8","[M + H]+",3,0.0333345133792696,133.652999747817,2.92444801753705,130.72855173028,"7","LKIYSIYBKYLKPU","C1CC(N(C1)C(=O)C(CC(=O)O)NC(=O)C(CC(=O)O)N)C(=O)O","1-[2-[(2-Amino-3-carboxypropanoyl)amino]-3-carboxypropanoyl]pyrrolidine-2-carboxylic acid",-2.709041,10,-467.89503550684,0.0923076923076923,NA,"845245971258715870"
"845246103698059296","C14H23N3O3S2","[M + H]+",4,0.00342307142521291,131.376944675338,0,131.376944675338,"7","WBLFCWDWOFARFH","CC(C)CN1C2CN(CC2OCCS1(=O)=O)CC3=NC=CS3","(5aS,8aR)-1-(2-methylpropyl)-7-(1,3-thiazol-2-ylmethyl)-3,4,5a,6,8,8a-hexahydropyrrolo[3,4-f][1,4,5]oxathiazepine 2,2-dioxide",1,6,-440.374613663646,0.21505376344086,NA,"845245971258715870"
"845246103698059296","C14H23N3O3S2","[M + H]+",4,0.00342307142521291,131.376944675338,0,131.376944675338,"7","VDWQLXDLGJSQDR","C1=C(NC=N1)CC(C(=O)O)NC(=O)CCCCC(CCS)S","(2S)-2-[6,8-bis(sulfanyl)octanoylamino]-3-(1H-imidazol-5-yl)propanoic acid",1.3,25,-615.682085935684,0.181395348837209,NA,"845245971258715870"
"845246103698059297","C17H19N3O3S","[M + H]+",5,0.00118374857371822,130.315092610379,0,130.315092610379,"7","SUBDBMMJDZJVOS","CC1=CN=C(C(=C1OC)C)CS(=O)C2=NC3=C(N2)C=C(C=C3)OC","6-methoxy-2-[(4-methoxy-3,5-dimethylpyridin-2-yl)methanesulfinyl]-1H-1,3-benzodiazole",2.6206226,1,-16.8292666167934,0.967479674796748,0,"845245971258715870"
"845246103698059297","C17H19N3O3S","[M + H]+",5,0.00118374857371822,130.315092610379,0,130.315092610379,"7","ZWNARYKSNTWUOM","C1CN(CN1CC2=CC=CC=C2)C(=O)C3=CC=C(C=C3)S(=O)(=O)N","4-[3-(Phenylmethyl)imidazolidin-1-yl]carbonylbenzenesulfonamide",1.3,8,-455.025663679032,0.141509433962264,NA,"845245971258715870"
"845246103698059297","C17H19N3O3S","[M + H]+",5,0.00118374857371822,130.315092610379,0,130.315092610379,"7","HVGVNYJRZJHYBS","CC1=CC(=C(C=C1)S(=O)(=O)NC2=CC3=C(C=C2)N(C(=O)N3C)C)C","N-(1,3-dimethyl-2-oxo-2,3-dihydro-1H-benzimidazol-5-yl)-2,4-dimethylbenzenesulfonamide",2.2,11,-471.537132661501,0.317647058823529,NA,"845245971258715870"
"845246103698059297","C17H19N3O3S","[M + H]+",5,0.00118374857371822,130.315092610379,0,130.315092610379,"7","FDDLMBKEDYPNER","C1CN(CCN1CCC(=O)C2=CC=CS2)C3=CC=C(C=C3)[N+](=O)[O-]","3-[4-(4-Nitrophenyl)piperazino]-1-(2-thienyl)-1-propanone",3,12,-471.574238279088,0.146341463414634,NA,"845245971258715870"
"845246103698059297","C17H19N3O3S","[M + H]+",5,0.00118374857371822,130.315092610379,0,130.315092610379,"7","SJXKOSOSNRUTAX","C1CN(CCN1CC2=CC=CO2)C(=S)NC3=CC4=C(C=C3)OCO4","N-(1,3-benzodioxol-5-yl)-4-(furan-2-ylmethyl)piperazin-4-ium-1-carbothioamide",1.9,13,-486.968627556803,0.23469387755102,NA,"845245971258715870"
"845246103698059297","C17H19N3O3S","[M + H]+",5,0.00118374857371822,130.315092610379,0,130.315092610379,"7","IBAYUWQIQGOLBX","CCOC1=C(C=CC(=C1)C=NNC(=S)NC2=CC=C(C=C2)OC)O","1-[(3-Ethoxy-4-hydroxyphenyl)methylideneamino]-3-(4-methoxyphenyl)thiourea",3.1,14,-501.229073278375,0.244791666666667,NA,"845245971258715870"
"845246103698059297","C17H19N3O3S","[M + H]+",5,0.00118374857371822,130.315092610379,0,130.315092610379,"7","AIBMIQGSVBRQNH","COC1=CC(=CC(=C1OC)OC)C=NNC(=S)NC2=CC=CC=C2","(Phenylcarbamothioylamino)-[(3,4,5-trimethoxyphenyl)methylidene]azanium",3.1,15,-531.337410795239,0.183574879227053,NA,"845245971258715870"
"845246103698059297","C17H19N3O3S","[M + H]+",5,0.00118374857371822,130.315092610379,0,130.315092610379,"7","LJAVIEUWQYYONW","COC1=CC=C(C=C1)C2=NC(=NC=C2)SCC(=O)N3CCOCC3","2-[[4-(4-Methoxyphenyl)-2-pyrimidinyl]thio]-1-(4-morpholinyl)ethanone",1.8,16,-535.210252504188,0.308056872037915,NA,"845245971258715870"
"845246103698059297","C17H19N3O3S","[M + H]+",5,0.00118374857371822,130.315092610379,0,130.315092610379,"7","KMCSXFINGGBOFP","C1CN(CC2=CC=CC=C21)CC(=O)NC3=CC=C(C=C3)S(=O)(=O)N","N-(4-sulfamoylphenyl)-2-(1,2,3,4-tetrahydroisoquinolin-2-yl)acetamide",1.3,17,-545.03656069123,0.135021097046413,NA,"845245971258715870"
"845246103698059297","C17H19N3O3S","[M + H]+",5,0.00118374857371822,130.315092610379,0,130.315092610379,"7","ABBDYGNALLZFNP","COC1=C(C=C(C=C1)C(=O)NNC(=S)NCC2=CC=CC=C2)OC","N-Benzyl-2-(3,4-dimethoxybenzoyl)hydrazinecarbothioamide",2.6,18,-547.343777173372,0.158914728682171,NA,"845245971258715870"
"845246103698059297","C17H19N3O3S","[M + H]+",5,0.00118374857371822,130.315092610379,0,130.315092610379,"7","RSMGOJOYNVIKHB","COC1=C(C(=C(C=C1)C=NNC(=S)NC2=CC=CC=C2)OC)OC","1-Phenyl-3-[(2,3,4-trimethoxyphenyl)methylideneamino]thiourea",3.1,19,-573.847089282099,0.202970297029703,NA,"845245971258715870"
"845246103698059297","C17H19N3O3S","[M + H]+",5,0.00118374857371822,130.315092610379,0,130.315092610379,"7","HHTWCWCZKQRKRJ","CN1C2=CC=CC=C2N(C3=CC=CC=C3S1(=O)=O)C(=O)CN(C)C","6-Methyl-6,11-dihydro-11-((N,N-dimethylamino)acetyl)dibenzo(c,f)-(1,2,5)-thiadiazepine 5,5-dioxide",1.7,20,-576.128882778839,0.2,NA,"845245971258715870"
"845246103698059297","C17H19N3O3S","[M + H]+",5,0.00118374857371822,130.315092610379,0,130.315092610379,"7","RHRSBTVNCCOGDJ","CC1=CC(=NC(=N1)SC(C2=CC=CC=C2)C(=O)O)N3CCOCC3","(2S)-2-(4-methyl-6-morpholin-4-ylpyrimidin-2-yl)sulfanyl-2-phenylacetate",2.8,21,-588.858282131447,0.207729468599034,NA,"845245971258715870"
"845246103698059297","C17H19N3O3S","[M + H]+",5,0.00118374857371822,130.315092610379,0,130.315092610379,"7","FUYKCLPJJPJJTN","COC1=CC(=C(C=C1C=NNC(=S)NC2=CC=CC=C2)OC)OC","(Phenylcarbamothioylamino)-[(2,4,5-trimethoxyphenyl)methylidene]azanium",3.1,22,-591.011464692591,0.205,NA,"845245971258715870"
"845246103698059297","C17H19N3O3S","[M + H]+",5,0.00118374857371822,130.315092610379,0,130.315092610379,"7","WPIILTPYKOWHQU","COC1=CC2=C(C=C1)NC=C2CCNS(=O)(=O)C3=CC=C(C=C3)N","4-amino-N-[2-(5-methoxy-1H-indol-3-yl)ethyl]benzene-1-sulfonamide",2.4006016,23,-606.9811916268,0.333333333333333,NA,"845245971258715870"
"845246103698059298","C14H16F3N4O3","[M + H]+",6,4.26159742612945e-07,122.385710150422,2.9521755705806,119.433534579841,"7",NA,NA,NA,NA,NA,NA,NA,NA,"845245971258715870"
"845246103698059299","C14H22ClN4O2S","[M + H]+",7,1.02829714211743e-09,116.3588000658,0,116.3588000658,"7",NA,NA,NA,NA,NA,NA,NA,NA,"845245971258715870"
"845246103698059300","C16H24ClNO3S","[M + H]+",8,6.36058086322745e-11,113.575845409671,0,113.575845409671,"7",NA,NA,NA,NA,NA,NA,NA,NA,"845245971258715870"
"845246103698059301","C11H21F2N3O5S","[M + H]+",9,1.99705776010729e-15,103.207060311272,0,103.207060311272,"7",NA,NA,NA,NA,NA,NA,NA,NA,"845245971258715870"
"845246103698059302","C17H16FN3O4","[M + H]+",10,1.52604517368605e-16,100.635479775925,1.24246782015973,99.3930119557653,"7",NA,NA,NA,NA,NA,NA,NA,NA,"845245971258715870"
"845246011209461599","C14H20FN3O4S","[M + H]+",1,0.866934863857221,66.8117115690465,6.2149858542466,60.5967257147999,"8",NA,NA,NA,NA,NA,NA,NA,NA,"845245971267104479"
"845246011209461600","C13H19N3O8","[M + H]+",2,0.0670738411380879,64.2525418423366,1.97080810222929,62.2817337401073,"8","RSFNVYSVNQERMH","CN1C(=C(C(=O)N(C1=O)C)C=NC2C(C(C(OC2O)CO)O)O)O","2-deoxy-2-{[(1,3-dimethyl-2,4,6-trioxotetrahydropyrimidin-5(2H)-ylidene)methyl]amino}hexopyranose",-3.1,2,-393.927520277789,0.221105527638191,Inf,"845245971267104479"
"845246011209461600","C13H19N3O8","[M + H]+",2,0.0670738411380879,64.2525418423366,1.97080810222929,62.2817337401073,"8","YXNIEZJFCGTDKV","C1=CN(C(=O)N(C1=O)CCC(C(=O)O)N)C2C(C(C(O2)CO)O)O","2-amino-4-{3-[3,4-dihydroxy-5-(hydroxymethyl)oxolan-2-yl]-2,6-dioxo-1,2,3,6-tetrahydropyrimidin-1-yl}butanoic acid",-3.2040055,3,-411.058279326006,0.209205020920502,NA,"845245971267104479"
"845246011209461600","C13H19N3O8","[M + H]+",2,0.0670738411380879,64.2525418423366,1.97080810222929,62.2817337401073,"8","QBIKARYQTKNDPS","CC(=NOCC(=O)NCC(=O)O)C1CNC(C1CC(=O)O)C(=O)O","Kaoag",-4.1,4,-441.701155834185,0.163636363636364,NA,"845245971267104479"
"845246011209461600","C13H19N3O8","[M + H]+",2,0.0670738411380879,64.2525418423366,1.97080810222929,62.2817337401073,"8","ILMLVTGTUJPQFP","C1CC(NC1)C(=O)NC(CC(=O)O)C(=O)NC(CC(=O)O)C(=O)O","2-[[3-Carboxy-2-(pyrrolidine-2-carbonylamino)propanoyl]amino]butanedioic acid",-2.258851,6,-477.890810325648,0.109433962264151,NA,"845245971267104479"
"845246011209461600","C13H19N3O8","[M + H]+",2,0.0670738411380879,64.2525418423366,1.97080810222929,62.2817337401073,"8","LKIYSIYBKYLKPU","C1CC(N(C1)C(=O)C(CC(=O)O)NC(=O)C(CC(=O)O)N)C(=O)O","1-[2-[(2-Amino-3-carboxypropanoyl)amino]-3-carboxypropanoyl]pyrrolidine-2-carboxylic acid",-2.709041,9,-529.985765362384,0.102649006622517,NA,"845245971267104479"
"845246011209461600","C13H19N3O8","[M + H]+",2,0.0670738411380879,64.2525418423366,1.97080810222929,62.2817337401073,"8","KESWRFKUZRUTAH","C1CC(N(C1)C(=O)C(CC(=O)O)N)C(=O)NC(CC(=O)O)C(=O)O","2-[[1-(2-Amino-3-carboxypropanoyl)pyrrolidine-2-carbonyl]amino]butanedioic acid",-2.709041,10,-536.692755587845,0.0957095709570957,NA,"845245971267104479"
"845246011209461601","C17H19N3O3S","[M + H]+",3,0.0658933662236213,64.2347854954371,5.8689484178405,58.3658370775966,"8","SUBDBMMJDZJVOS","CC1=CN=C(C(=C1OC)C)CS(=O)C2=NC3=C(N2)C=C(C=C3)OC","6-methoxy-2-[(4-methoxy-3,5-dimethylpyridin-2-yl)methanesulfinyl]-1H-1,3-benzodiazole",2.6206226,1,-5.38707348479313,0.983739837398374,0,"845245971267104479"
"845246011209461601","C17H19N3O3S","[M + H]+",3,0.0658933662236213,64.2347854954371,5.8689484178405,58.3658370775966,"8","ZWNARYKSNTWUOM","C1CN(CN1CC2=CC=CC=C2)C(=O)C3=CC=C(C=C3)S(=O)(=O)N","4-[3-(Phenylmethyl)imidazolidin-1-yl]carbonylbenzenesulfonamide",1.3,5,-473.150382787603,0.14018691588785,NA,"845245971267104479"
"845246011209461601","C17H19N3O3S","[M + H]+",3,0.0658933662236213,64.2347854954371,5.8689484178405,58.3658370775966,"8","FDDLMBKEDYPNER","C1CN(CCN1CCC(=O)C2=CC=CS2)C3=CC=C(C=C3)[N+](=O)[O-]","3-[4-(4-Nitrophenyl)piperazino]-1-(2-thienyl)-1-propanone",3,7,-511.935714588419,0.144927536231884,NA,"845245971267104479"
"845246011209461601","C17H19N3O3S","[M + H]+",3,0.0658933662236213,64.2347854954371,5.8689484178405,58.3658370775966,"8","SJXKOSOSNRUTAX","C1CN(CCN1CC2=CC=CO2)C(=S)NC3=CC4=C(C=C3)OCO4","N-(1,3-benzodioxol-5-yl)-4-(furan-2-ylmethyl)piperazin-4-ium-1-carbothioamide",1.9,8,-528.832845473195,0.232323232323232,NA,"845245971267104479"
"845246011209461601","C17H19N3O3S","[M + H]+",3,0.0658933662236213,64.2347854954371,5.8689484178405,58.3658370775966,"8","HVGVNYJRZJHYBS","CC1=CC(=C(C=C1)S(=O)(=O)NC2=CC3=C(C=C2)N(C(=O)N3C)C)C","N-(1,3-dimethyl-2-oxo-2,3-dihydro-1H-benzimidazol-5-yl)-2,4-dimethylbenzenesulfonamide",2.2,11,-556.246303427306,0.313953488372093,NA,"845245971267104479"
"845246011209461601","C17H19N3O3S","[M + H]+",3,0.0658933662236213,64.2347854954371,5.8689484178405,58.3658370775966,"8","LJAVIEUWQYYONW","COC1=CC=C(C=C1)C2=NC(=NC=C2)SCC(=O)N3CCOCC3","2-[[4-(4-Methoxyphenyl)-2-pyrimidinyl]thio]-1-(4-morpholinyl)ethanone",1.8,12,-572.378989931979,0.311320754716981,NA,"845245971267104479"
"845246011209461601","C17H19N3O3S","[M + H]+",3,0.0658933662236213,64.2347854954371,5.8689484178405,58.3658370775966,"8","IBAYUWQIQGOLBX","CCOC1=C(C=CC(=C1)C=NNC(=S)NC2=CC=C(C=C2)OC)O","1-[(3-Ethoxy-4-hydroxyphenyl)methylideneamino]-3-(4-methoxyphenyl)thiourea",3.1,14,-578.126009821877,0.248704663212435,NA,"845245971267104479"
"845246011209461601","C17H19N3O3S","[M + H]+",3,0.0658933662236213,64.2347854954371,5.8689484178405,58.3658370775966,"8","AIBMIQGSVBRQNH","COC1=CC(=CC(=C1OC)OC)C=NNC(=S)NC2=CC=CC=C2","(Phenylcarbamothioylamino)-[(3,4,5-trimethoxyphenyl)methylidene]azanium",3.1,15,-591.216863396469,0.181818181818182,NA,"845245971267104479"
"845246011209461601","C17H19N3O3S","[M + H]+",3,0.0658933662236213,64.2347854954371,5.8689484178405,58.3658370775966,"8","ABBDYGNALLZFNP","COC1=C(C=C(C=C1)C(=O)NNC(=S)NCC2=CC=CC=C2)OC","N-Benzyl-2-(3,4-dimethoxybenzoyl)hydrazinecarbothioamide",2.6,16,-591.626252682971,0.162162162162162,NA,"845245971267104479"
"845246011209461601","C17H19N3O3S","[M + H]+",3,0.0658933662236213,64.2347854954371,5.8689484178405,58.3658370775966,"8","KMCSXFINGGBOFP","C1CN(CC2=CC=CC=C21)CC(=O)NC3=CC=C(C=C3)S(=O)(=O)N","N-(4-sulfamoylphenyl)-2-(1,2,3,4-tetrahydroisoquinolin-2-yl)acetamide",1.3,17,-595.299795509089,0.133891213389121,NA,"845245971267104479"
"845246011209461601","C17H19N3O3S","[M + H]+",3,0.0658933662236213,64.2347854954371,5.8689484178405,58.3658370775966,"8","RSMGOJOYNVIKHB","COC1=C(C(=C(C=C1)C=NNC(=S)NC2=CC=CC=C2)OC)OC","1-Phenyl-3-[(2,3,4-trimethoxyphenyl)methylideneamino]thiourea",3.1,18,-631.127752874031,0.206896551724138,NA,"845245971267104479"
"845246011209461601","C17H19N3O3S","[M + H]+",3,0.0658933662236213,64.2347854954371,5.8689484178405,58.3658370775966,"8","HHTWCWCZKQRKRJ","CN1C2=CC=CC=C2N(C3=CC=CC=C3S1(=O)=O)C(=O)CN(C)C","6-Methyl-6,11-dihydro-11-((N,N-dimethylamino)acetyl)dibenzo(c,f)-(1,2,5)-thiadiazepine 5,5-dioxide",1.7,19,-633.236482846581,0.197916666666667,NA,"845245971267104479"
"845246011209461601","C17H19N3O3S","[M + H]+",3,0.0658933662236213,64.2347854954371,5.8689484178405,58.3658370775966,"8","RHRSBTVNCCOGDJ","CC1=CC(=NC(=N1)SC(C2=CC=CC=C2)C(=O)O)N3CCOCC3","(2S)-2-(4-methyl-6-morpholin-4-ylpyrimidin-2-yl)sulfanyl-2-phenylacetate",2.8,20,-638.484538943754,0.205741626794258,NA,"845245971267104479"
"845246011209461601","C17H19N3O3S","[M + H]+",3,0.0658933662236213,64.2347854954371,5.8689484178405,58.3658370775966,"8","FUYKCLPJJPJJTN","COC1=CC(=C(C=C1C=NNC(=S)NC2=CC=CC=C2)OC)OC","(Phenylcarbamothioylamino)-[(2,4,5-trimethoxyphenyl)methylidene]azanium",3.1,21,-647.433988573467,0.202970297029703,NA,"845245971267104479"
"845246011209461601","C17H19N3O3S","[M + H]+",3,0.0658933662236213,64.2347854954371,5.8689484178405,58.3658370775966,"8","YPHDMWLZRDJBET","CC(=O)N1CCC2=CC=CC=C2C1C3=C(N(C(=S)N(C3=O)C)C)O","5-(2-acetyl-1,2,3,4-tetrahydroisoquinolin-1-yl)-6-hydroxy-1,3-dimethyl-2-sulfanylidene-1,2,3,4-tetrahydropyrimidin-4-one",0.9,22,-664.787135249026,0.171052631578947,NA,"845245971267104479"
"845246011209461602","C14H16F3N4O3","[M + H]+",4,5.70314311326087e-05,57.1825949835341,2.47232599595167,54.7102689875824,"8",NA,NA,NA,NA,NA,NA,NA,NA,"845245971267104479"
"845246011209461603","C14H23N3O3S2","[M + H]+",5,4.08781355570784e-05,56.8495877814503,1.62989839787536,55.2196893835749,"8","WBLFCWDWOFARFH","CC(C)CN1C2CN(CC2OCCS1(=O)=O)CC3=NC=CS3","(5aS,8aR)-1-(2-methylpropyl)-7-(1,3-thiazol-2-ylmethyl)-3,4,5a,6,8,8a-hexahydropyrrolo[3,4-f][1,4,5]oxathiazepine 2,2-dioxide",1,13,-576.64414013861,0.187793427230047,NA,"845245971267104479"
"845246011209461603","C14H23N3O3S2","[M + H]+",5,4.08781355570784e-05,56.8495877814503,1.62989839787536,55.2196893835749,"8","VDWQLXDLGJSQDR","C1=C(NC=N1)CC(C(=O)O)NC(=O)CCCCC(CCS)S","(2S)-2-[6,8-bis(sulfanyl)octanoylamino]-3-(1H-imidazol-5-yl)propanoic acid",1.3,27,-761.906878993946,0.151639344262295,NA,"845245971267104479"
"845246011209461604","C15H13F2N7O","[M + H]+",6,1.82219195736912e-08,49.1338624069055,3.27517806483563,45.8586843420699,"8",NA,NA,NA,NA,NA,NA,NA,NA,"845245971267104479"
"845246011209461605","C11H21F2N3O5S","[M + H]+",7,6.17245786930142e-10,45.7487491889876,3.81820778134281,41.9305414076448,"8",NA,NA,NA,NA,NA,NA,NA,NA,"845245971267104479"
"845246011209461606","C12H14F3N7O2","[M + H]+",8,1.572343020877e-10,44.3812189491904,2.48387748258039,41.89734146661,"8",NA,NA,NA,NA,NA,NA,NA,NA,"845245971267104479"
"845246011209461607","C15H24NO4PS","[M + H]+",9,1.5110369439269e-10,44.3414482052987,5.83091372327346,38.5105344820252,"8",NA,NA,NA,NA,NA,NA,NA,NA,"845245971267104479"
"845246011209461608","C12H25FNO5PS","[M + H]+",10,2.96249418905055e-11,42.7120985242856,3.62540294825538,39.0866955760302,"8",NA,NA,NA,NA,NA,NA,NA,NA,"845245971267104479"
"845246109226151975","C14H20FN3O4S","[M + H]+",1,0.967586376394266,74.8977138839907,4.43486616901383,70.4628477149768,"9",NA,NA,NA,NA,NA,NA,NA,NA,"845245971283881696"
"845246109226151976","C13H19N3O8","[M + H]+",2,0.0285717055412701,71.3753260965351,2.57326610605345,68.8020599904816,"9","RSFNVYSVNQERMH","CN1C(=C(C(=O)N(C1=O)C)C=NC2C(C(C(OC2O)CO)O)O)O","2-deoxy-2-{[(1,3-dimethyl-2,4,6-trioxotetrahydropyrimidin-5(2H)-ylidene)methyl]amino}hexopyranose",-3.1,2,-397.135576250542,0.214285714285714,Inf,"845245971283881696"
"845246109226151976","C13H19N3O8","[M + H]+",2,0.0285717055412701,71.3753260965351,2.57326610605345,68.8020599904816,"9","YXNIEZJFCGTDKV","C1=CN(C(=O)N(C1=O)CCC(C(=O)O)N)C2C(C(C(O2)CO)O)O","2-amino-4-{3-[3,4-dihydroxy-5-(hydroxymethyl)oxolan-2-yl]-2,6-dioxo-1,2,3,6-tetrahydropyrimidin-1-yl}butanoic acid",-3.2040055,3,-404.990948436757,0.203389830508475,NA,"845245971283881696"
"845246109226151976","C13H19N3O8","[M + H]+",2,0.0285717055412701,71.3753260965351,2.57326610605345,68.8020599904816,"9","QBIKARYQTKNDPS","CC(=NOCC(=O)NCC(=O)O)C1CNC(C1CC(=O)O)C(=O)O","Kaoag",-4.1,4,-449.570221404821,0.162037037037037,NA,"845245971283881696"
"845246109226151976","C13H19N3O8","[M + H]+",2,0.0285717055412701,71.3753260965351,2.57326610605345,68.8020599904816,"9","ILMLVTGTUJPQFP","C1CC(NC1)C(=O)NC(CC(=O)O)C(=O)NC(CC(=O)O)C(=O)O","2-[[3-Carboxy-2-(pyrrolidine-2-carbonylamino)propanoyl]amino]butanedioic acid",-2.258851,6,-482.537940332994,0.111538461538462,NA,"845245971283881696"
"845246109226151976","C13H19N3O8","[M + H]+",2,0.0285717055412701,71.3753260965351,2.57326610605345,68.8020599904816,"9","LKIYSIYBKYLKPU","C1CC(N(C1)C(=O)C(CC(=O)O)NC(=O)C(CC(=O)O)N)C(=O)O","1-[2-[(2-Amino-3-carboxypropanoyl)amino]-3-carboxypropanoyl]pyrrolidine-2-carboxylic acid",-2.709041,8,-519.85486503144,0.104377104377104,NA,"845245971283881696"
"845246109226151976","C13H19N3O8","[M + H]+",2,0.0285717055412701,71.3753260965351,2.57326610605345,68.8020599904816,"9","KESWRFKUZRUTAH","C1CC(N(C1)C(=O)C(CC(=O)O)N)C(=O)NC(CC(=O)O)C(=O)O","2-[[1-(2-Amino-3-carboxypropanoyl)pyrrolidine-2-carbonyl]amino]butanedioic acid",-2.709041,9,-526.745458952369,0.0973154362416107,NA,"845245971283881696"
"845246109226151977","C17H19N3O3S","[M + H]+",3,0.00362507368382897,69.3107837998185,3.25070889912402,66.0600749006944,"9","SUBDBMMJDZJVOS","CC1=CN=C(C(=C1OC)C)CS(=O)C2=NC3=C(N2)C=C(C=C3)OC","6-methoxy-2-[(4-methoxy-3,5-dimethylpyridin-2-yl)methanesulfinyl]-1H-1,3-benzodiazole",2.6206226,1,-5.05921363537833,0.983739837398374,0,"845245971283881696"
"845246109226151977","C17H19N3O3S","[M + H]+",3,0.00362507368382897,69.3107837998185,3.25070889912402,66.0600749006944,"9","ZWNARYKSNTWUOM","C1CN(CN1CC2=CC=CC=C2)C(=O)C3=CC=C(C=C3)S(=O)(=O)N","4-[3-(Phenylmethyl)imidazolidin-1-yl]carbonylbenzenesulfonamide",1.3,5,-476.136142418593,0.14018691588785,NA,"845245971283881696"
"845246109226151977","C17H19N3O3S","[M + H]+",3,0.00362507368382897,69.3107837998185,3.25070889912402,66.0600749006944,"9","FDDLMBKEDYPNER","C1CN(CCN1CCC(=O)C2=CC=CS2)C3=CC=C(C=C3)[N+](=O)[O-]","3-[4-(4-Nitrophenyl)piperazino]-1-(2-thienyl)-1-propanone",3,7,-519.309316323843,0.144927536231884,NA,"845245971283881696"
"845246109226151977","C17H19N3O3S","[M + H]+",3,0.00362507368382897,69.3107837998185,3.25070889912402,66.0600749006944,"9","SJXKOSOSNRUTAX","C1CN(CCN1CC2=CC=CO2)C(=S)NC3=CC4=C(C=C3)OCO4","N-(1,3-benzodioxol-5-yl)-4-(furan-2-ylmethyl)piperazin-4-ium-1-carbothioamide",1.9,10,-534.215487991064,0.232323232323232,NA,"845245971283881696"
"845246109226151977","C17H19N3O3S","[M + H]+",3,0.00362507368382897,69.3107837998185,3.25070889912402,66.0600749006944,"9","HVGVNYJRZJHYBS","CC1=CC(=C(C=C1)S(=O)(=O)NC2=CC3=C(C=C2)N(C(=O)N3C)C)C","N-(1,3-dimethyl-2-oxo-2,3-dihydro-1H-benzimidazol-5-yl)-2,4-dimethylbenzenesulfonamide",2.2,11,-570.260283049448,0.313953488372093,NA,"845245971283881696"
"845246109226151977","C17H19N3O3S","[M + H]+",3,0.00362507368382897,69.3107837998185,3.25070889912402,66.0600749006944,"9","LJAVIEUWQYYONW","COC1=CC=C(C=C1)C2=NC(=NC=C2)SCC(=O)N3CCOCC3","2-[[4-(4-Methoxyphenyl)-2-pyrimidinyl]thio]-1-(4-morpholinyl)ethanone",1.8,12,-575.898570712777,0.311320754716981,NA,"845245971283881696"
"845246109226151977","C17H19N3O3S","[M + H]+",3,0.00362507368382897,69.3107837998185,3.25070889912402,66.0600749006944,"9","IBAYUWQIQGOLBX","CCOC1=C(C=CC(=C1)C=NNC(=S)NC2=CC=C(C=C2)OC)O","1-[(3-Ethoxy-4-hydroxyphenyl)methylideneamino]-3-(4-methoxyphenyl)thiourea",3.1,13,-581.949868568163,0.248704663212435,NA,"845245971283881696"
"845246109226151977","C17H19N3O3S","[M + H]+",3,0.00362507368382897,69.3107837998185,3.25070889912402,66.0600749006944,"9","KMCSXFINGGBOFP","C1CN(CC2=CC=CC=C21)CC(=O)NC3=CC=C(C=C3)S(=O)(=O)N","N-(4-sulfamoylphenyl)-2-(1,2,3,4-tetrahydroisoquinolin-2-yl)acetamide",1.3,14,-594.860028325512,0.133891213389121,NA,"845245971283881696"
"845246109226151977","C17H19N3O3S","[M + H]+",3,0.00362507368382897,69.3107837998185,3.25070889912402,66.0600749006944,"9","AIBMIQGSVBRQNH","COC1=CC(=CC(=C1OC)OC)C=NNC(=S)NC2=CC=CC=C2","(Phenylcarbamothioylamino)-[(3,4,5-trimethoxyphenyl)methylidene]azanium",3.1,15,-597.229333623091,0.181818181818182,NA,"845245971283881696"
"845246109226151977","C17H19N3O3S","[M + H]+",3,0.00362507368382897,69.3107837998185,3.25070889912402,66.0600749006944,"9","ABBDYGNALLZFNP","COC1=C(C=C(C=C1)C(=O)NNC(=S)NCC2=CC=CC=C2)OC","N-Benzyl-2-(3,4-dimethoxybenzoyl)hydrazinecarbothioamide",2.6,16,-597.471224012378,0.162162162162162,NA,"845245971283881696"
"845246109226151977","C17H19N3O3S","[M + H]+",3,0.00362507368382897,69.3107837998185,3.25070889912402,66.0600749006944,"9","HHTWCWCZKQRKRJ","CN1C2=CC=CC=C2N(C3=CC=CC=C3S1(=O)=O)C(=O)CN(C)C","6-Methyl-6,11-dihydro-11-((N,N-dimethylamino)acetyl)dibenzo(c,f)-(1,2,5)-thiadiazepine 5,5-dioxide",1.7,17,-637.269393717125,0.197916666666667,NA,"845245971283881696"
"845246109226151977","C17H19N3O3S","[M + H]+",3,0.00362507368382897,69.3107837998185,3.25070889912402,66.0600749006944,"9","RSMGOJOYNVIKHB","COC1=C(C(=C(C=C1)C=NNC(=S)NC2=CC=CC=C2)OC)OC","1-Phenyl-3-[(2,3,4-trimethoxyphenyl)methylideneamino]thiourea",3.1,18,-641.350104842677,0.206896551724138,NA,"845245971283881696"
"845246109226151977","C17H19N3O3S","[M + H]+",3,0.00362507368382897,69.3107837998185,3.25070889912402,66.0600749006944,"9","RHRSBTVNCCOGDJ","CC1=CC(=NC(=N1)SC(C2=CC=CC=C2)C(=O)O)N3CCOCC3","(2S)-2-(4-methyl-6-morpholin-4-ylpyrimidin-2-yl)sulfanyl-2-phenylacetate",2.8,19,-642.086188947483,0.205741626794258,NA,"845245971283881696"
"845246109226151977","C17H19N3O3S","[M + H]+",3,0.00362507368382897,69.3107837998185,3.25070889912402,66.0600749006944,"9","FUYKCLPJJPJJTN","COC1=CC(=C(C=C1C=NNC(=S)NC2=CC=CC=C2)OC)OC","(Phenylcarbamothioylamino)-[(2,4,5-trimethoxyphenyl)methylidene]azanium",3.1,20,-655.782034417352,0.202970297029703,NA,"845245971283881696"
"845246109226151977","C17H19N3O3S","[M + H]+",3,0.00362507368382897,69.3107837998185,3.25070889912402,66.0600749006944,"9","YPHDMWLZRDJBET","CC(=O)N1CCC2=CC=CC=C2C1C3=C(N(C(=S)N(C3=O)C)C)O","5-(2-acetyl-1,2,3,4-tetrahydroisoquinolin-1-yl)-6-hydroxy-1,3-dimethyl-2-sulfanylidene-1,2,3,4-tetrahydropyrimidin-4-one",0.9,21,-676.121058521287,0.171052631578947,NA,"845245971283881696"
"845246109226151978","C14H16F3N4O3","[M + H]+",4,0.000215622288644176,66.4886821194655,2.75874164963965,63.7299404698258,"9",NA,NA,NA,NA,NA,NA,NA,NA,"845245971283881696"
"845246109226151979","C14H23N3O3S2","[M + H]+",5,1.22170895405156e-06,61.3154045667375,0,61.3154045667375,"9",NA,NA,NA,NA,NA,NA,NA,NA,"845245971283881696"
"845246109226151980","C11H21F2N3O5S","[M + H]+",6,1.47304031689073e-10,52.2921420418904,2.97766234999459,49.3144796918958,"9",NA,NA,NA,NA,NA,NA,NA,NA,"845245971283881696"
"845246109226151981","C9H15F4N7O3","[M + H]+",7,1.11311609940391e-10,52.0119769131727,0.338924966295054,51.6730519468777,"9",NA,NA,NA,NA,NA,NA,NA,NA,"845245971283881696"
"845246109226151982","C15H13F2N7O","[M + H]+",8,6.37263772647532e-11,51.4542419108556,2.97072105724664,48.483520853609,"9",NA,NA,NA,NA,NA,NA,NA,NA,"845245971283881696"
"845246109226151983","C10H20FN3O9","[M + H]+",9,2.61287732564267e-11,50.5626804789223,0,50.5626804789223,"9",NA,NA,NA,NA,NA,NA,NA,NA,"845245971283881696"
"845246109226151984","C11H18F3N3O6","[M + H]+",10,1.16589087258606e-11,49.7557139334768,1.49370217317804,48.2620117602987,"9",NA,NA,NA,NA,NA,NA,NA,NA,"845245971283881696"
"845246057548132321","C13H19N3O8","[M + H]+",1,0.65761574815576,67.4134749986915,2.69340943463603,64.7200655640555,"10","RSFNVYSVNQERMH","CN1C(=C(C(=O)N(C1=O)C)C=NC2C(C(C(OC2O)CO)O)O)O","2-deoxy-2-{[(1,3-dimethyl-2,4,6-trioxotetrahydropyrimidin-5(2H)-ylidene)methyl]amino}hexopyranose",-3.1,2,-393.545018796002,0.243386243386243,Inf,"845245971283881697"
"845246057548132321","C13H19N3O8","[M + H]+",1,0.65761574815576,67.4134749986915,2.69340943463603,64.7200655640555,"10","YXNIEZJFCGTDKV","C1=CN(C(=O)N(C1=O)CCC(C(=O)O)N)C2C(C(C(O2)CO)O)O","2-amino-4-{3-[3,4-dihydroxy-5-(hydroxymethyl)oxolan-2-yl]-2,6-dioxo-1,2,3,6-tetrahydropyrimidin-1-yl}butanoic acid",-3.2040055,3,-395.428672645085,0.221739130434783,NA,"845245971283881697"
"845246057548132321","C13H19N3O8","[M + H]+",1,0.65761574815576,67.4134749986915,2.69340943463603,64.7200655640555,"10","QBIKARYQTKNDPS","CC(=NOCC(=O)NCC(=O)O)C1CNC(C1CC(=O)O)C(=O)O","Kaoag",-4.1,4,-436.699865742837,0.180952380952381,NA,"845245971283881697"
"845246057548132321","C13H19N3O8","[M + H]+",1,0.65761574815576,67.4134749986915,2.69340943463603,64.7200655640555,"10","ILMLVTGTUJPQFP","C1CC(NC1)C(=O)NC(CC(=O)O)C(=O)NC(CC(=O)O)C(=O)O","2-[[3-Carboxy-2-(pyrrolidine-2-carbonylamino)propanoyl]amino]butanedioic acid",-2.258851,6,-474.307455160688,0.12156862745098,NA,"845245971283881697"
"845246057548132321","C13H19N3O8","[M + H]+",1,0.65761574815576,67.4134749986915,2.69340943463603,64.7200655640555,"10","LKIYSIYBKYLKPU","C1CC(N(C1)C(=O)C(CC(=O)O)NC(=O)C(CC(=O)O)N)C(=O)O","1-[2-[(2-Amino-3-carboxypropanoyl)amino]-3-carboxypropanoyl]pyrrolidine-2-carboxylic acid",-2.709041,8,-528.126826135719,0.113013698630137,NA,"845245971283881697"
"845246057548132321","C13H19N3O8","[M + H]+",1,0.65761574815576,67.4134749986915,2.69340943463603,64.7200655640555,"10","KESWRFKUZRUTAH","C1CC(N(C1)C(=O)C(CC(=O)O)N)C(=O)NC(CC(=O)O)C(=O)O","2-[[1-(2-Amino-3-carboxypropanoyl)pyrrolidine-2-carbonyl]amino]butanedioic acid",-2.709041,10,-534.497980369676,0.10580204778157,NA,"845245971283881697"
"845246057548132322","C14H20FN3O4S","[M + H]+",2,0.333430164727834,66.7342876496231,6.2783366126004,60.4559510370227,"10",NA,NA,NA,NA,NA,NA,NA,NA,"845245971283881697"
"845246057548132323","C17H19N3O3S","[M + H]+",3,0.00866859738176977,63.0845612066732,5.17068569838536,57.9138755082878,"10","SUBDBMMJDZJVOS","CC1=CN=C(C(=C1OC)C)CS(=O)C2=NC3=C(N2)C=C(C=C3)OC","6-methoxy-2-[(4-methoxy-3,5-dimethylpyridin-2-yl)methanesulfinyl]-1H-1,3-benzodiazole",2.6206226,1,-5.35153474773143,0.983739837398374,0,"845245971283881697"
"845246057548132323","C17H19N3O3S","[M + H]+",3,0.00866859738176977,63.0845612066732,5.17068569838536,57.9138755082878,"10","ZWNARYKSNTWUOM","C1CN(CN1CC2=CC=CC=C2)C(=O)C3=CC=C(C=C3)S(=O)(=O)N","4-[3-(Phenylmethyl)imidazolidin-1-yl]carbonylbenzenesulfonamide",1.3,5,-473.798110993357,0.14018691588785,NA,"845245971283881697"
"845246057548132323","C17H19N3O3S","[M + H]+",3,0.00866859738176977,63.0845612066732,5.17068569838536,57.9138755082878,"10","FDDLMBKEDYPNER","C1CN(CCN1CCC(=O)C2=CC=CS2)C3=CC=C(C=C3)[N+](=O)[O-]","3-[4-(4-Nitrophenyl)piperazino]-1-(2-thienyl)-1-propanone",3,7,-513.01731155706,0.144927536231884,NA,"845245971283881697"
"845246057548132323","C17H19N3O3S","[M + H]+",3,0.00866859738176977,63.0845612066732,5.17068569838536,57.9138755082878,"10","SJXKOSOSNRUTAX","C1CN(CCN1CC2=CC=CO2)C(=S)NC3=CC4=C(C=C3)OCO4","N-(1,3-benzodioxol-5-yl)-4-(furan-2-ylmethyl)piperazin-4-ium-1-carbothioamide",1.9,9,-529.777537918791,0.232323232323232,NA,"845245971283881697"
"845246057548132323","C17H19N3O3S","[M + H]+",3,0.00866859738176977,63.0845612066732,5.17068569838536,57.9138755082878,"10","HVGVNYJRZJHYBS","CC1=CC(=C(C=C1)S(=O)(=O)NC2=CC3=C(C=C2)N(C(=O)N3C)C)C","N-(1,3-dimethyl-2-oxo-2,3-dihydro-1H-benzimidazol-5-yl)-2,4-dimethylbenzenesulfonamide",2.2,11,-557.612417399006,0.313953488372093,NA,"845245971283881697"
"845246057548132323","C17H19N3O3S","[M + H]+",3,0.00866859738176977,63.0845612066732,5.17068569838536,57.9138755082878,"10","LJAVIEUWQYYONW","COC1=CC=C(C=C1)C2=NC(=NC=C2)SCC(=O)N3CCOCC3","2-[[4-(4-Methoxyphenyl)-2-pyrimidinyl]thio]-1-(4-morpholinyl)ethanone",1.8,13,-573.827768058029,0.311320754716981,NA,"845245971283881697"
"845246057548132323","C17H19N3O3S","[M + H]+",3,0.00866859738176977,63.0845612066732,5.17068569838536,57.9138755082878,"10","IBAYUWQIQGOLBX","CCOC1=C(C=CC(=C1)C=NNC(=S)NC2=CC=C(C=C2)OC)O","1-[(3-Ethoxy-4-hydroxyphenyl)methylideneamino]-3-(4-methoxyphenyl)thiourea",3.1,14,-579.185649392437,0.248704663212435,NA,"845245971283881697"
"845246057548132323","C17H19N3O3S","[M + H]+",3,0.00866859738176977,63.0845612066732,5.17068569838536,57.9138755082878,"10","AIBMIQGSVBRQNH","COC1=CC(=CC(=C1OC)OC)C=NNC(=S)NC2=CC=CC=C2","(Phenylcarbamothioylamino)-[(3,4,5-trimethoxyphenyl)methylidene]azanium",3.1,15,-591.713890618293,0.181818181818182,NA,"845245971283881697"
"845246057548132323","C17H19N3O3S","[M + H]+",3,0.00866859738176977,63.0845612066732,5.17068569838536,57.9138755082878,"10","ABBDYGNALLZFNP","COC1=C(C=C(C=C1)C(=O)NNC(=S)NCC2=CC=CC=C2)OC","N-Benzyl-2-(3,4-dimethoxybenzoyl)hydrazinecarbothioamide",2.6,16,-592.89810750166,0.162162162162162,NA,"845245971283881697"
"845246057548132323","C17H19N3O3S","[M + H]+",3,0.00866859738176977,63.0845612066732,5.17068569838536,57.9138755082878,"10","KMCSXFINGGBOFP","C1CN(CC2=CC=CC=C21)CC(=O)NC3=CC=C(C=C3)S(=O)(=O)N","N-(4-sulfamoylphenyl)-2-(1,2,3,4-tetrahydroisoquinolin-2-yl)acetamide",1.3,17,-596.103874358856,0.133891213389121,NA,"845245971283881697"
"845246057548132323","C17H19N3O3S","[M + H]+",3,0.00866859738176977,63.0845612066732,5.17068569838536,57.9138755082878,"10","RSMGOJOYNVIKHB","COC1=C(C(=C(C=C1)C=NNC(=S)NC2=CC=CC=C2)OC)OC","1-Phenyl-3-[(2,3,4-trimethoxyphenyl)methylideneamino]thiourea",3.1,18,-632.249928189022,0.206896551724138,NA,"845245971283881697"
"845246057548132323","C17H19N3O3S","[M + H]+",3,0.00866859738176977,63.0845612066732,5.17068569838536,57.9138755082878,"10","HHTWCWCZKQRKRJ","CN1C2=CC=CC=C2N(C3=CC=CC=C3S1(=O)=O)C(=O)CN(C)C","6-Methyl-6,11-dihydro-11-((N,N-dimethylamino)acetyl)dibenzo(c,f)-(1,2,5)-thiadiazepine 5,5-dioxide",1.7,19,-634.429188098286,0.197916666666667,NA,"845245971283881697"
"845246057548132323","C17H19N3O3S","[M + H]+",3,0.00866859738176977,63.0845612066732,5.17068569838536,57.9138755082878,"10","RHRSBTVNCCOGDJ","CC1=CC(=NC(=N1)SC(C2=CC=CC=C2)C(=O)O)N3CCOCC3","(2S)-2-(4-methyl-6-morpholin-4-ylpyrimidin-2-yl)sulfanyl-2-phenylacetate",2.8,20,-639.210787508989,0.205741626794258,NA,"845245971283881697"
"845246057548132323","C17H19N3O3S","[M + H]+",3,0.00866859738176977,63.0845612066732,5.17068569838536,57.9138755082878,"10","FUYKCLPJJPJJTN","COC1=CC(=C(C=C1C=NNC(=S)NC2=CC=CC=C2)OC)OC","(Phenylcarbamothioylamino)-[(2,4,5-trimethoxyphenyl)methylidene]azanium",3.1,21,-648.689205366257,0.202970297029703,NA,"845245971283881697"
"845246057548132323","C17H19N3O3S","[M + H]+",3,0.00866859738176977,63.0845612066732,5.17068569838536,57.9138755082878,"10","YPHDMWLZRDJBET","CC(=O)N1CCC2=CC=CC=C2C1C3=C(N(C(=S)N(C3=O)C)C)O","5-(2-acetyl-1,2,3,4-tetrahydroisoquinolin-1-yl)-6-hydroxy-1,3-dimethyl-2-sulfanylidene-1,2,3,4-tetrahydropyrimidin-4-one",0.9,22,-665.88701300078,0.171052631578947,NA,"845245971283881697"
"845246057548132324","C14H23N3O3S2","[M + H]+",4,0.000178416175444233,59.2012178138949,2.06556418116791,57.1356536327269,"10","WBLFCWDWOFARFH","CC(C)CN1C2CN(CC2OCCS1(=O)=O)CC3=NC=CS3","(5aS,8aR)-1-(2-methylpropyl)-7-(1,3-thiazol-2-ylmethyl)-3,4,5a,6,8,8a-hexahydropyrrolo[3,4-f][1,4,5]oxathiazepine 2,2-dioxide",1,12,-562.367375368735,0.182242990654206,NA,"845245971283881697"
"845246057548132324","C14H23N3O3S2","[M + H]+",4,0.000178416175444233,59.2012178138949,2.06556418116791,57.1356536327269,"10","VDWQLXDLGJSQDR","C1=C(NC=N1)CC(C(=O)O)NC(=O)CCCCC(CCS)S","(2S)-2-[6,8-bis(sulfanyl)octanoylamino]-3-(1H-imidazol-5-yl)propanoic acid",1.3,26,-740.551085100896,0.151639344262295,NA,"845245971283881697"
"845246057548132325","C14H16F3N4O3","[M + H]+",5,0.000107064782196545,58.6905330206743,2.85339392027976,55.8371391003946,"10",NA,NA,NA,NA,NA,NA,NA,NA,"845245971283881697"
"845246057548132326","C15H13F2N7O","[M + H]+",6,5.68338237324569e-09,48.8468901930944,3.02912648264168,45.8177637104527,"10",NA,NA,NA,NA,NA,NA,NA,NA,"845245971283881697"
"845246057548132327","C11H21F2N3O5S","[M + H]+",7,2.63535336147735e-09,48.0783609253764,4.72917975870505,43.3491811666713,"10",NA,NA,NA,NA,NA,NA,NA,NA,"845245971283881697"
"845246057548132328","C12H25FNO5PS","[M + H]+",8,1.28902870157039e-10,45.060647546602,4.61525815614246,40.4453893904595,"10",NA,NA,NA,NA,NA,NA,NA,NA,"845245971283881697"
"845246057548132329","C11H18F3N3O6","[M + H]+",9,1.04802334990371e-10,44.8536644224457,1.67450334652381,43.1791610759219,"10",NA,NA,NA,NA,NA,NA,NA,NA,"845245971283881697"
"845246057548132330","C14H17F2N3O5","[M + H]+",10,8.16486089525184e-11,44.6040131529245,2.57614677006239,42.0278663828621,"10",NA,NA,NA,NA,NA,NA,NA,NA,"845245971283881697"
"845246051588026317","C17H19N3O3S","[M + H]+",1,0.553317878249787,33.5209527243071,0,33.5209527243071,"11","SUBDBMMJDZJVOS","CC1=CN=C(C(=C1OC)C)CS(=O)C2=NC3=C(N2)C=C(C=C3)OC","6-methoxy-2-[(4-methoxy-3,5-dimethylpyridin-2-yl)methanesulfinyl]-1H-1,3-benzodiazole",2.6206226,1,-20.6220898884819,0.967479674796748,0,"845245971292270306"
"845246051588026317","C17H19N3O3S","[M + H]+",1,0.553317878249787,33.5209527243071,0,33.5209527243071,"11","HVGVNYJRZJHYBS","CC1=CC(=C(C=C1)S(=O)(=O)NC2=CC3=C(C=C2)N(C(=O)N3C)C)C","N-(1,3-dimethyl-2-oxo-2,3-dihydro-1H-benzimidazol-5-yl)-2,4-dimethylbenzenesulfonamide",2.2,2,-394.695390159968,0.317647058823529,Inf,"845245971292270306"
"845246051588026317","C17H19N3O3S","[M + H]+",1,0.553317878249787,33.5209527243071,0,33.5209527243071,"11","ZWNARYKSNTWUOM","C1CN(CN1CC2=CC=CC=C2)C(=O)C3=CC=C(C=C3)S(=O)(=O)N","4-[3-(Phenylmethyl)imidazolidin-1-yl]carbonylbenzenesulfonamide",1.3,3,-422.395221727097,0.141509433962264,NA,"845245971292270306"
"845246051588026317","C17H19N3O3S","[M + H]+",1,0.553317878249787,33.5209527243071,0,33.5209527243071,"11","FDDLMBKEDYPNER","C1CN(CCN1CCC(=O)C2=CC=CS2)C3=CC=C(C=C3)[N+](=O)[O-]","3-[4-(4-Nitrophenyl)piperazino]-1-(2-thienyl)-1-propanone",3,4,-447.72746924545,0.146341463414634,NA,"845245971292270306"
"845246051588026317","C17H19N3O3S","[M + H]+",1,0.553317878249787,33.5209527243071,0,33.5209527243071,"11","SJXKOSOSNRUTAX","C1CN(CCN1CC2=CC=CO2)C(=S)NC3=CC4=C(C=C3)OCO4","N-(1,3-benzodioxol-5-yl)-4-(furan-2-ylmethyl)piperazin-4-ium-1-carbothioamide",1.9,5,-486.568370081266,0.23469387755102,NA,"845245971292270306"
"845246051588026317","C17H19N3O3S","[M + H]+",1,0.553317878249787,33.5209527243071,0,33.5209527243071,"11","IBAYUWQIQGOLBX","CCOC1=C(C=CC(=C1)C=NNC(=S)NC2=CC=C(C=C2)OC)O","1-[(3-Ethoxy-4-hydroxyphenyl)methylideneamino]-3-(4-methoxyphenyl)thiourea",3.1,6,-493.87653394228,0.244791666666667,NA,"845245971292270306"
"845246051588026317","C17H19N3O3S","[M + H]+",1,0.553317878249787,33.5209527243071,0,33.5209527243071,"11","AIBMIQGSVBRQNH","COC1=CC(=CC(=C1OC)OC)C=NNC(=S)NC2=CC=CC=C2","(Phenylcarbamothioylamino)-[(3,4,5-trimethoxyphenyl)methylidene]azanium",3.1,7,-527.629780035624,0.183574879227053,NA,"845245971292270306"
"845246051588026317","C17H19N3O3S","[M + H]+",1,0.553317878249787,33.5209527243071,0,33.5209527243071,"11","KMCSXFINGGBOFP","C1CN(CC2=CC=CC=C21)CC(=O)NC3=CC=C(C=C3)S(=O)(=O)N","N-(4-sulfamoylphenyl)-2-(1,2,3,4-tetrahydroisoquinolin-2-yl)acetamide",1.3,8,-531.89013603944,0.135021097046413,NA,"845245971292270306"
"845246051588026317","C17H19N3O3S","[M + H]+",1,0.553317878249787,33.5209527243071,0,33.5209527243071,"11","ABBDYGNALLZFNP","COC1=C(C=C(C=C1)C(=O)NNC(=S)NCC2=CC=CC=C2)OC","N-Benzyl-2-(3,4-dimethoxybenzoyl)hydrazinecarbothioamide",2.6,9,-533.578465973844,0.158914728682171,NA,"845245971292270306"
"845246051588026317","C17H19N3O3S","[M + H]+",1,0.553317878249787,33.5209527243071,0,33.5209527243071,"11","RSMGOJOYNVIKHB","COC1=C(C(=C(C=C1)C=NNC(=S)NC2=CC=CC=C2)OC)OC","1-Phenyl-3-[(2,3,4-trimethoxyphenyl)methylideneamino]thiourea",3.1,10,-540.020265314806,0.202970297029703,NA,"845245971292270306"
"845246051588026317","C17H19N3O3S","[M + H]+",1,0.553317878249787,33.5209527243071,0,33.5209527243071,"11","LJAVIEUWQYYONW","COC1=CC=C(C=C1)C2=NC(=NC=C2)SCC(=O)N3CCOCC3","2-[[4-(4-Methoxyphenyl)-2-pyrimidinyl]thio]-1-(4-morpholinyl)ethanone",1.8,11,-560.804206318918,0.308056872037915,NA,"845245971292270306"
"845246051588026317","C17H19N3O3S","[M + H]+",1,0.553317878249787,33.5209527243071,0,33.5209527243071,"11","HHTWCWCZKQRKRJ","CN1C2=CC=CC=C2N(C3=CC=CC=C3S1(=O)=O)C(=O)CN(C)C","6-Methyl-6,11-dihydro-11-((N,N-dimethylamino)acetyl)dibenzo(c,f)-(1,2,5)-thiadiazepine 5,5-dioxide",1.7,12,-561.912234626245,0.2,NA,"845245971292270306"
"845246051588026317","C17H19N3O3S","[M + H]+",1,0.553317878249787,33.5209527243071,0,33.5209527243071,"11","YPHDMWLZRDJBET","CC(=O)N1CCC2=CC=CC=C2C1C3=C(N(C(=S)N(C3=O)C)C)O","5-(2-acetyl-1,2,3,4-tetrahydroisoquinolin-1-yl)-6-hydroxy-1,3-dimethyl-2-sulfanylidene-1,2,3,4-tetrahydropyrimidin-4-one",0.9,13,-563.411838971613,0.172566371681416,NA,"845245971292270306"
"845246051588026317","C17H19N3O3S","[M + H]+",1,0.553317878249787,33.5209527243071,0,33.5209527243071,"11","WPIILTPYKOWHQU","COC1=CC2=C(C=C1)NC=C2CCNS(=O)(=O)C3=CC=C(C=C3)N","4-amino-N-[2-(5-methoxy-1H-indol-3-yl)ethyl]benzene-1-sulfonamide",2.4006016,14,-574.542364844477,0.333333333333333,NA,"845245971292270306"
"845246051588026317","C17H19N3O3S","[M + H]+",1,0.553317878249787,33.5209527243071,0,33.5209527243071,"11","FUYKCLPJJPJJTN","COC1=CC(=C(C=C1C=NNC(=S)NC2=CC=CC=C2)OC)OC","(Phenylcarbamothioylamino)-[(2,4,5-trimethoxyphenyl)methylidene]azanium",3.1,15,-580.536441203715,0.205,NA,"845245971292270306"
"845246051588026318","C14H20FN3O4S","[M + H]+",2,0.44662631099329,33.3067423145612,0,33.3067423145612,"11",NA,NA,NA,NA,NA,NA,NA,NA,"845245971292270306"
"845246051588026319","C12H19N5O5S","[M + H]+",3,2.6311938923179e-05,23.567287571537,0,23.567287571537,"11",NA,NA,NA,NA,NA,NA,NA,NA,"845245971292270306"
"845246051588026320","C16H19N3O4Si","[M + H]+",4,1.88832324759e-05,23.235539141616,0,23.235539141616,"11",NA,NA,NA,NA,NA,NA,NA,NA,"845245971292270306"
"845246051588026321","C13H20FN3O5Si","[M + H]+",5,6.65080905461521e-06,22.192003293522,0,22.192003293522,"11",NA,NA,NA,NA,NA,NA,NA,NA,"845245971292270306"
"845246051588026322","C17H16FN3O4","[M + H]+",6,1.76381267151479e-06,20.8647425405655,0,20.8647425405655,"11",NA,NA,NA,NA,NA,NA,NA,NA,"845245971292270306"
"845246051588026323","C9H15N9O6","[M + H]+",7,6.90887609915397e-07,19.9274866670051,0,19.9274866670051,"11",NA,NA,NA,NA,NA,NA,NA,NA,"845245971292270306"
"845246051588026324","C20H15N3O3","[M + H]+",8,5.89561821933796e-07,19.7688890912161,0,19.7688890912161,"11",NA,NA,NA,NA,NA,NA,NA,NA,"845245971292270306"
"845246051588026325","C14H21N2O6S","[M + H]+",9,5.5269297635857e-07,19.7043121558097,0,19.7043121558097,"11",NA,NA,NA,NA,NA,NA,NA,NA,"845245971292270306"
"845246051588026326","C14H24NO5PSi","[M + H]+",10,1.43965670431679e-07,18.3590843762985,0,18.3590843762985,"11",NA,NA,NA,NA,NA,NA,NA,NA,"845245971292270306"
"845246120248782897","C14H20FN3O4S","[M + H]+",1,0.950589960205052,138.815599890401,0.0948516079610395,138.72074828244,"12",NA,NA,NA,NA,NA,NA,NA,NA,"845245971292270307"
"845246120252977202","C17H19N3O3S","[M + H]+",2,0.0492568659165086,135.855565855186,0,135.855565855186,"12","SUBDBMMJDZJVOS","CC1=CN=C(C(=C1OC)C)CS(=O)C2=NC3=C(N2)C=C(C=C3)OC","6-methoxy-2-[(4-methoxy-3,5-dimethylpyridin-2-yl)methanesulfinyl]-1H-1,3-benzodiazole",2.6206226,1,-24.184680558224,0.951612903225806,0,"845245971292270307"
"845246120252977202","C17H19N3O3S","[M + H]+",2,0.0492568659165086,135.855565855186,0,135.855565855186,"12","FDDLMBKEDYPNER","C1CN(CCN1CCC(=O)C2=CC=CS2)C3=CC=C(C=C3)[N+](=O)[O-]","3-[4-(4-Nitrophenyl)piperazino]-1-(2-thienyl)-1-propanone",3,8,-463.256780036785,0.140776699029126,NA,"845245971292270307"
"845246120252977202","C17H19N3O3S","[M + H]+",2,0.0492568659165086,135.855565855186,0,135.855565855186,"12","ZWNARYKSNTWUOM","C1CN(CN1CC2=CC=CC=C2)C(=O)C3=CC=C(C=C3)S(=O)(=O)N","4-[3-(Phenylmethyl)imidazolidin-1-yl]carbonylbenzenesulfonamide",1.3,14,-479.863031887352,0.136150234741784,NA,"845245971292270307"
"845246120252977202","C17H19N3O3S","[M + H]+",2,0.0492568659165086,135.855565855186,0,135.855565855186,"12","HVGVNYJRZJHYBS","CC1=CC(=C(C=C1)S(=O)(=O)NC2=CC3=C(C=C2)N(C(=O)N3C)C)C","N-(1,3-dimethyl-2-oxo-2,3-dihydro-1H-benzimidazol-5-yl)-2,4-dimethylbenzenesulfonamide",2.2,20,-521.73020954772,0.309941520467836,NA,"845245971292270307"
"845246120252977202","C17H19N3O3S","[M + H]+",2,0.0492568659165086,135.855565855186,0,135.855565855186,"12","SJXKOSOSNRUTAX","C1CN(CCN1CC2=CC=CO2)C(=S)NC3=CC4=C(C=C3)OCO4","N-(1,3-benzodioxol-5-yl)-4-(furan-2-ylmethyl)piperazin-4-ium-1-carbothioamide",1.9,22,-531.350560332629,0.23469387755102,NA,"845245971292270307"
"845246120252977202","C17H19N3O3S","[M + H]+",2,0.0492568659165086,135.855565855186,0,135.855565855186,"12","LJAVIEUWQYYONW","COC1=CC=C(C=C1)C2=NC(=NC=C2)SCC(=O)N3CCOCC3","2-[[4-(4-Methoxyphenyl)-2-pyrimidinyl]thio]-1-(4-morpholinyl)ethanone",1.8,23,-532.170277602972,0.314285714285714,NA,"845245971292270307"
"845246120252977202","C17H19N3O3S","[M + H]+",2,0.0492568659165086,135.855565855186,0,135.855565855186,"12","IBAYUWQIQGOLBX","CCOC1=C(C=CC(=C1)C=NNC(=S)NC2=CC=C(C=C2)OC)O","1-[(3-Ethoxy-4-hydroxyphenyl)methylideneamino]-3-(4-methoxyphenyl)thiourea",3.1,24,-538.378241322095,0.238341968911917,NA,"845245971292270307"
"845246120252977202","C17H19N3O3S","[M + H]+",2,0.0492568659165086,135.855565855186,0,135.855565855186,"12","RHRSBTVNCCOGDJ","CC1=CC(=NC(=N1)SC(C2=CC=CC=C2)C(=O)O)N3CCOCC3","(2S)-2-(4-methyl-6-morpholin-4-ylpyrimidin-2-yl)sulfanyl-2-phenylacetate",2.8,27,-562.091486590351,0.213592233009709,NA,"845245971292270307"
"845246120252977202","C17H19N3O3S","[M + H]+",2,0.0492568659165086,135.855565855186,0,135.855565855186,"12","AIBMIQGSVBRQNH","COC1=CC(=CC(=C1OC)OC)C=NNC(=S)NC2=CC=CC=C2","(Phenylcarbamothioylamino)-[(3,4,5-trimethoxyphenyl)methylidene]azanium",3.1,28,-565.856659720993,0.177884615384615,NA,"845245971292270307"
"845246120252977202","C17H19N3O3S","[M + H]+",2,0.0492568659165086,135.855565855186,0,135.855565855186,"12","ABBDYGNALLZFNP","COC1=C(C=C(C=C1)C(=O)NNC(=S)NCC2=CC=CC=C2)OC","N-Benzyl-2-(3,4-dimethoxybenzoyl)hydrazinecarbothioamide",2.6,29,-570.969727847741,0.154440154440154,NA,"845245971292270307"
"845246120252977202","C17H19N3O3S","[M + H]+",2,0.0492568659165086,135.855565855186,0,135.855565855186,"12","KMCSXFINGGBOFP","C1CN(CC2=CC=CC=C21)CC(=O)NC3=CC=C(C=C3)S(=O)(=O)N","N-(4-sulfamoylphenyl)-2-(1,2,3,4-tetrahydroisoquinolin-2-yl)acetamide",1.3,30,-572.053819688599,0.130252100840336,NA,"845245971292270307"
"845246120252977202","C17H19N3O3S","[M + H]+",2,0.0492568659165086,135.855565855186,0,135.855565855186,"12","HHTWCWCZKQRKRJ","CN1C2=CC=CC=C2N(C3=CC=CC=C3S1(=O)=O)C(=O)CN(C)C","6-Methyl-6,11-dihydro-11-((N,N-dimethylamino)acetyl)dibenzo(c,f)-(1,2,5)-thiadiazepine 5,5-dioxide",1.7,34,-607.102570355266,0.193717277486911,NA,"845245971292270307"
"845246120252977202","C17H19N3O3S","[M + H]+",2,0.0492568659165086,135.855565855186,0,135.855565855186,"12","RSMGOJOYNVIKHB","COC1=C(C(=C(C=C1)C=NNC(=S)NC2=CC=CC=C2)OC)OC","1-Phenyl-3-[(2,3,4-trimethoxyphenyl)methylideneamino]thiourea",3.1,35,-611.575048420497,0.197044334975369,NA,"845245971292270307"
"845246120252977202","C17H19N3O3S","[M + H]+",2,0.0492568659165086,135.855565855186,0,135.855565855186,"12","YSNOZZZDWRAZSF","CCOC1=CC=CC=C1C2=NN=C(S2)NC3=C(CCCC3)C(=O)O","1-Cyclohexene-1-carboxylic acid, 2-((5-(2-ethoxyphenyl)-1,3,4-thiadiazol-2-yl)amino)-",4.1,36,-620.0427166344,0.215311004784689,NA,"845245971292270307"
"845246120252977202","C17H19N3O3S","[M + H]+",2,0.0492568659165086,135.855565855186,0,135.855565855186,"12","FUYKCLPJJPJJTN","COC1=CC(=C(C=C1C=NNC(=S)NC2=CC=CC=C2)OC)OC","(Phenylcarbamothioylamino)-[(2,4,5-trimethoxyphenyl)methylidene]azanium",3.1,37,-624.145499286928,0.199004975124378,NA,"845245971292270307"
"845246120252977203","C17H16FN3O4","[M + H]+",3,0.000149280643028696,130.056589853454,1.53801407096876,128.518575782485,"12","FVCPNISTSVVUPX","COC1=CC(=C(C=C1)O)C=NNC(=O)CNC(=O)C2=CC=C(C=C2)F","4-fluoro-N-[2-[(2Z)-2-[(2-hydroxy-5-methoxyphenyl)methylidene]hydrazinyl]-2-oxoethyl]benzamide",1.9,3,-370.209759701638,0.229885057471264,NA,"845245971292270307"
"845246120252977203","C17H16FN3O4","[M + H]+",3,0.000149280643028696,130.056589853454,1.53801407096876,128.518575782485,"12","LHZAPCAVMNVKID","CCOC1=C(C=CC(=C1)C=NNC(=O)C(=O)NC2=CC=C(C=C2)F)O","N'-[(3-ethoxy-4-hydroxyphenyl)methylideneamino]-N-(4-fluorophenyl)oxamide",2.5,4,-424.891385597491,0.266666666666667,NA,"845245971292270307"
"845246120252977203","C17H16FN3O4","[M + H]+",3,0.000149280643028696,130.056589853454,1.53801407096876,128.518575782485,"12","NWVXUXFCAZFSQH","C1CN(CCN1)C2=C(C=C3C(=C2)N(C=C(C3=O)C(=O)O)C4CC4=O)F","Oxo-ciprofloxacin",0.33245212,5,-432.458661528264,0.295081967213115,NA,"845245971292270307"
"845246120252977203","C17H16FN3O4","[M + H]+",3,0.000149280643028696,130.056589853454,1.53801407096876,128.518575782485,"12","ZBLZEVQPDZRXNP","COC1=CC=CC(=C1O)C=NNC(=O)CNC(=O)C2=CC=C(C=C2)F","4-fluoro-N-[2-[2-[(2-hydroxy-3-methoxyphenyl)methylidene]hydrazinyl]-2-oxoethyl]benzamide",1.9,6,-445.484658147309,0.212290502793296,NA,"845245971292270307"
"845246120252977203","C17H16FN3O4","[M + H]+",3,0.000149280643028696,130.056589853454,1.53801407096876,128.518575782485,"12","HAZCGTFRKOCWQZ","CC(=O)NC(CC1=CC=C(C=C1)F)C(=O)NC2=CC=C(C=C2)[N+](=O)[O-]","2-Acetamido-3-(4-fluorophenyl)-N-(4-nitrophenyl)propanamide (3c)",2.7804983,9,-466.103313011132,0.145077720207254,NA,"845245971292270307"
"845246120252977203","C17H16FN3O4","[M + H]+",3,0.000149280643028696,130.056589853454,1.53801407096876,128.518575782485,"12","RYUXKVAKPFRBTB","CC(=O)NC(CC1=CC=CC=C1F)C(=O)NC2=CC=C(C=C2)[N+](=O)[O-]","2-Acetamido-3-(2-fluorophenyl)-N-(4-nitrophenyl)propanamide (1c)",2.4,11,-471.35843529477,0.151351351351351,NA,"845245971292270307"
"845246120252977203","C17H16FN3O4","[M + H]+",3,0.000149280643028696,130.056589853454,1.53801407096876,128.518575782485,"12","VCWNLVLFIZZTLZ","C1C2C(CN1C(=O)C3=CC=NO3)OCC(=O)N2CC4=CC=C(C=C4)F","4-[(4-fluorophenyl)methyl]-6-(1,2-oxazole-5-carbonyl)-octahydropyrrolo[3,4-b][1,4]oxazin-3-one",0.8,13,-479.053394403111,0.229946524064171,NA,"845245971292270307"
"845246120252977203","C17H16FN3O4","[M + H]+",3,0.000149280643028696,130.056589853454,1.53801407096876,128.518575782485,"12","VDCWENWOWUDREX","CC1=CC(=NO1)C(=O)N2CCC3COC(=O)N3C4=C(C2)C=CC(=C4)F","14-fluoro-9-(5-methyl-1,2-oxazole-3-carbonyl)-4-oxa-2,9-diazatricyclo[9.4.0.0²,⁶]pentadeca-1(15),11,13-trien-3-one",1.9,15,-489.778062962376,0.245810055865922,NA,"845245971292270307"
"845246120252977203","C17H16FN3O4","[M + H]+",3,0.000149280643028696,130.056589853454,1.53801407096876,128.518575782485,"12","MYYZZOHRULFPOQ","C1CC1N2C=C(C(=O)C3=CC(=C(C=C32)N4CCNC(=O)C4)F)C(=O)O","Oxociprofloxacin",0.96316284,16,-497.478418185662,0.283505154639175,NA,"845245971292270307"
"845246120252977203","C17H16FN3O4","[M + H]+",3,0.000149280643028696,130.056589853454,1.53801407096876,128.518575782485,"12","JKZPDGNJAAVKEG","CC(=O)NC(CC1=CC(=CC=C1)F)C(=O)NC2=CC=C(C=C2)[N+](=O)[O-]","2-Acetamido-3-(3-fluorophenyl)-N-(4-nitrophenyl)propanamide (2c)",2.4,18,-519.070281487909,0.149732620320856,NA,"845245971292270307"
"845246120252977204","C16H24ClNO3S","[M + H]+",4,1.95439802129007e-06,125.720844037352,0,125.720844037352,"12",NA,NA,NA,NA,NA,NA,NA,NA,"845245971292270307"
"845246120252977205","C13H20BClN2O6","[M + H]+",5,1.27015722562437e-06,125.289902501342,0,125.289902501342,"12","RJXOEUFRQATKAB","[B-](C(CC1=CC=C(C=C1)Cl)NC(=O)C)(O)(O)OCC(C(=O)O)N","[(1R)-1-acetamido-2-(4-chlorophenyl)ethyl]-[(2S)-2-amino-3-hydroxy-3-oxo-propoxy]-dihydroxy-boron",0.87474024,2,-311.564237275888,0.291390728476821,Inf,"845245971292270307"
"845246120252977206","C14H16F3N4O3","[M + H]+",6,4.35308195702657e-07,124.21906080594,2.78677379789922,121.43228700804,"12",NA,NA,NA,NA,NA,NA,NA,NA,"845245971292270307"
"845246120252977207","C19H20ClNO3","[M + H]+",7,2.29703280624227e-07,123.579794921653,0,123.579794921653,"12","QMDZLRHECGUUPL","COCC1CN(C(=O)O1)C2=CC=C(C=C2)CCC3=CC(=CC=C3)Cl","3-(4-(2-(3-Chlorophenyl)ethyl)phenyl)-5-(methoxymethyl)-2-oxazolidinone",4.2,7,-450.133119615541,0.364238410596026,NA,"845245971292270307"
"845246120252977207","C19H20ClNO3","[M + H]+",7,2.29703280624227e-07,123.579794921653,0,123.579794921653,"12","QTSWHDYFLYGYLQ","CC1=C(C(=CC=C1)C)N(CCCC(=O)O)C(=O)C2=CC=CC=C2Cl","BUTYRIC ACID, 4-(o-CHLORO-N-2,6-XYLYLBENZAMIDO)-",4.2,10,-468.47470878795,0.291925465838509,NA,"845245971292270307"
"845246120252977207","C19H20ClNO3","[M + H]+",7,2.29703280624227e-07,123.579794921653,0,123.579794921653,"12","QRPNRXDOWMDNDM","CC1=C(C(=CC=C1)C)N(CCCC(=O)O)C(=O)C2=CC=C(C=C2)Cl","BUTYRIC ACID, 4-(p-CHLORO-N-2,6-XYLYLBENZAMIDO)-",4.708626,12,-477.211098413464,0.308641975308642,NA,"845245971292270307"
"845246120252977207","C19H20ClNO3","[M + H]+",7,2.29703280624227e-07,123.579794921653,0,123.579794921653,"12","BWWOPVHQIVCIES","CC1C(C2=C(O1)C=C(OC2=O)C(=CC=CC3=C(C=CN3)Cl)C)(C)C","Malbranpyrrole F",4.8,17,-515.027762604103,0.294520547945205,NA,"845245971292270307"
"845246120252977207","C19H20ClNO3","[M + H]+",7,2.29703280624227e-07,123.579794921653,0,123.579794921653,"12","KHIAPCKDMQGBOL","CC(=O)N1CCC2=CC(=C(C=C2C1C3=CC=C(C=C3)Cl)OC)OC","1-[1-(4-chlorophenyl)-6,7-dimethoxy-1,2,3,4-tetrahydroisoquinolin-2-yl]ethan-1-one",3.5,19,-519.732102467645,0.233333333333333,NA,"845245971292270307"
"845246120252977207","C19H20ClNO3","[M + H]+",7,2.29703280624227e-07,123.579794921653,0,123.579794921653,"12","SHODAIZAJAKWNR","CC1C2=CC(=C(C=C2CCN1C(=O)C3=CC=CC=C3Cl)OC)OC","2-(2-chlorobenzoyl)-6,7-dimethoxy-1-methyl-1,2,3,4-tetrahydroisoquinoline",3.9,21,-527.132883696676,0.217592592592593,NA,"845245971292270307"
"845246120252977207","C19H20ClNO3","[M + H]+",7,2.29703280624227e-07,123.579794921653,0,123.579794921653,"12","SOHXCFMYNTWRCV","C1CC2=C(C1)C=C(C=C2)OC(=O)C3=NC=C(C=C3)OCCCCCl","Picolinic acid, 5-(4-chlorobutoxy)-, 5-indanyl ester",4.7,25,-554.031172610807,0.260606060606061,NA,"845245971292270307"
"845246120252977207","C19H20ClNO3","[M + H]+",7,2.29703280624227e-07,123.579794921653,0,123.579794921653,"12","ASWJCLIMSXGCQS","CC(=O)N1CCC2=CC(=C(C=C2C1C3=CC=CC=C3Cl)OC)OC","1-[1-(2-chlorophenyl)-6,7-dimethoxy-1,2,3,4-tetrahydroisoquinolin-2-yl]ethan-1-one",3.5,26,-554.343048274298,0.222748815165877,NA,"845245971292270307"
"845246120252977207","C19H20ClNO3","[M + H]+",7,2.29703280624227e-07,123.579794921653,0,123.579794921653,"12","VDHWYWSLUYRNGE","C=CCN1CCC2=C(C(=C(C=C2C(C1)C3=CC=C(C=C3)O)O)O)Cl","1H-3-Benzazepine-7,8-diol, 6-chloro-2,3,4,5-tetrahydro-1-(4-hydroxyphenyl)-3-(2-propenyl)-",3.7613673,32,-583.35068294926,0.253012048192771,NA,"845245971292270307"
"845246120252977207","C19H20ClNO3","[M + H]+",7,2.29703280624227e-07,123.579794921653,0,123.579794921653,"12","JCKYHCGTBXZTSB","CN1C2CCC1CC(C2)OC(=O)C3=CC=C(O3)C4=CC=C(C=C4)Cl","1-alpha-H,5-alpha-H-Tropan-3-alpha-ol, 5-(p-chlorophenyl)-2-furoate",4.7,33,-604.610775596349,0.327485380116959,NA,"845245971292270307"
"845246120252977208","C14H23N3O3S2","[M + H]+",8,2.21897018203818e-09,118.94004973614,0,118.94004973614,"12","WBLFCWDWOFARFH","CC(C)CN1C2CN(CC2OCCS1(=O)=O)CC3=NC=CS3","(5aS,8aR)-1-(2-methylpropyl)-7-(1,3-thiazol-2-ylmethyl)-3,4,5a,6,8,8a-hexahydropyrrolo[3,4-f][1,4,5]oxathiazepine 2,2-dioxide",1,31,-580.010399037172,0.170506912442396,NA,"845245971292270307"
"845246120252977208","C14H23N3O3S2","[M + H]+",8,2.21897018203818e-09,118.94004973614,0,118.94004973614,"12","VDWQLXDLGJSQDR","C1=C(NC=N1)CC(C(=O)O)NC(=O)CCCCC(CCS)S","(2S)-2-[6,8-bis(sulfanyl)octanoylamino]-3-(1H-imidazol-5-yl)propanoic acid",1.3,42,-723.75710775251,0.151020408163265,NA,"845245971292270307"
"845246120252977209","C14H22ClN4O2S","[M + H]+",9,1.43526427969308e-09,118.504355529136,0,118.504355529136,"12",NA,NA,NA,NA,NA,NA,NA,NA,"845245971292270307"
"845246120252977210","C13H19N3O8","[M + H]+",10,1.44501449324018e-11,113.905955695298,2.50506396018225,111.400891735115,"12",NA,NA,NA,NA,NA,NA,NA,NA,"845245971292270307"
"845246016578170759","C14H20FN3O4S","[M + H]+",1,0.768523278387232,68.8710758166378,5.61204339979277,63.259032416845,"13",NA,NA,NA,NA,NA,NA,NA,NA,"845245971309047524"
"845246016578170760","C17H19N3O3S","[M + H]+",2,0.167403616814813,67.3470127270836,5.38038727589163,61.9666254511919,"13","SUBDBMMJDZJVOS","CC1=CN=C(C(=C1OC)C)CS(=O)C2=NC3=C(N2)C=C(C=C3)OC","6-methoxy-2-[(4-methoxy-3,5-dimethylpyridin-2-yl)methanesulfinyl]-1H-1,3-benzodiazole",2.6206226,1,-5.39776689822029,0.991803278688525,0,"845245971309047524"
"845246016578170760","C17H19N3O3S","[M + H]+",2,0.167403616814813,67.3470127270836,5.38038727589163,61.9666254511919,"13","ZWNARYKSNTWUOM","C1CN(CN1CC2=CC=CC=C2)C(=O)C3=CC=C(C=C3)S(=O)(=O)N","4-[3-(Phenylmethyl)imidazolidin-1-yl]carbonylbenzenesulfonamide",1.3,5,-473.104709565536,0.140845070422535,NA,"845245971309047524"
"845246016578170760","C17H19N3O3S","[M + H]+",2,0.167403616814813,67.3470127270836,5.38038727589163,61.9666254511919,"13","FDDLMBKEDYPNER","C1CN(CCN1CCC(=O)C2=CC=CS2)C3=CC=C(C=C3)[N+](=O)[O-]","3-[4-(4-Nitrophenyl)piperazino]-1-(2-thienyl)-1-propanone",3,7,-511.197276944613,0.145631067961165,NA,"845245971309047524"
"845246016578170760","C17H19N3O3S","[M + H]+",2,0.167403616814813,67.3470127270836,5.38038727589163,61.9666254511919,"13","SJXKOSOSNRUTAX","C1CN(CCN1CC2=CC=CO2)C(=S)NC3=CC4=C(C=C3)OCO4","N-(1,3-benzodioxol-5-yl)-4-(furan-2-ylmethyl)piperazin-4-ium-1-carbothioamide",1.9,8,-528.758797362399,0.233502538071066,NA,"845245971309047524"
"845246016578170760","C17H19N3O3S","[M + H]+",2,0.167403616814813,67.3470127270836,5.38038727589163,61.9666254511919,"13","HVGVNYJRZJHYBS","CC1=CC(=C(C=C1)S(=O)(=O)NC2=CC3=C(C=C2)N(C(=O)N3C)C)C","N-(1,3-dimethyl-2-oxo-2,3-dihydro-1H-benzimidazol-5-yl)-2,4-dimethylbenzenesulfonamide",2.2,11,-558.612644993447,0.315789473684211,NA,"845245971309047524"
"845246016578170760","C17H19N3O3S","[M + H]+",2,0.167403616814813,67.3470127270836,5.38038727589163,61.9666254511919,"13","LJAVIEUWQYYONW","COC1=CC=C(C=C1)C2=NC(=NC=C2)SCC(=O)N3CCOCC3","2-[[4-(4-Methoxyphenyl)-2-pyrimidinyl]thio]-1-(4-morpholinyl)ethanone",1.8,12,-571.64896944985,0.312796208530806,NA,"845245971309047524"
"845246016578170760","C17H19N3O3S","[M + H]+",2,0.167403616814813,67.3470127270836,5.38038727589163,61.9666254511919,"13","IBAYUWQIQGOLBX","CCOC1=C(C=CC(=C1)C=NNC(=S)NC2=CC=C(C=C2)OC)O","1-[(3-Ethoxy-4-hydroxyphenyl)methylideneamino]-3-(4-methoxyphenyl)thiourea",3.1,13,-577.576062453945,0.25,NA,"845245971309047524"
"845246016578170760","C17H19N3O3S","[M + H]+",2,0.167403616814813,67.3470127270836,5.38038727589163,61.9666254511919,"13","AIBMIQGSVBRQNH","COC1=CC(=CC(=C1OC)OC)C=NNC(=S)NC2=CC=CC=C2","(Phenylcarbamothioylamino)-[(3,4,5-trimethoxyphenyl)methylidene]azanium",3.1,14,-589.494881966582,0.182692307692308,NA,"845245971309047524"
"845246016578170760","C17H19N3O3S","[M + H]+",2,0.167403616814813,67.3470127270836,5.38038727589163,61.9666254511919,"13","ABBDYGNALLZFNP","COC1=C(C=C(C=C1)C(=O)NNC(=S)NCC2=CC=CC=C2)OC","N-Benzyl-2-(3,4-dimethoxybenzoyl)hydrazinecarbothioamide",2.6,15,-591.24856677186,0.162790697674419,NA,"845245971309047524"
"845246016578170760","C17H19N3O3S","[M + H]+",2,0.167403616814813,67.3470127270836,5.38038727589163,61.9666254511919,"13","KMCSXFINGGBOFP","C1CN(CC2=CC=CC=C21)CC(=O)NC3=CC=C(C=C3)S(=O)(=O)N","N-(4-sulfamoylphenyl)-2-(1,2,3,4-tetrahydroisoquinolin-2-yl)acetamide",1.3,16,-593.785751139317,0.134453781512605,NA,"845245971309047524"
"845246016578170760","C17H19N3O3S","[M + H]+",2,0.167403616814813,67.3470127270836,5.38038727589163,61.9666254511919,"13","RSMGOJOYNVIKHB","COC1=C(C(=C(C=C1)C=NNC(=S)NC2=CC=CC=C2)OC)OC","1-Phenyl-3-[(2,3,4-trimethoxyphenyl)methylideneamino]thiourea",3.1,18,-631.607796342481,0.207920792079208,NA,"845245971309047524"
"845246016578170760","C17H19N3O3S","[M + H]+",2,0.167403616814813,67.3470127270836,5.38038727589163,61.9666254511919,"13","HHTWCWCZKQRKRJ","CN1C2=CC=CC=C2N(C3=CC=CC=C3S1(=O)=O)C(=O)CN(C)C","6-Methyl-6,11-dihydro-11-((N,N-dimethylamino)acetyl)dibenzo(c,f)-(1,2,5)-thiadiazepine 5,5-dioxide",1.7,19,-632.497816751291,0.198952879581152,NA,"845245971309047524"
"845246016578170760","C17H19N3O3S","[M + H]+",2,0.167403616814813,67.3470127270836,5.38038727589163,61.9666254511919,"13","RHRSBTVNCCOGDJ","CC1=CC(=NC(=N1)SC(C2=CC=CC=C2)C(=O)O)N3CCOCC3","(2S)-2-(4-methyl-6-morpholin-4-ylpyrimidin-2-yl)sulfanyl-2-phenylacetate",2.8,20,-635.269288034068,0.206730769230769,NA,"845245971309047524"
"845246016578170760","C17H19N3O3S","[M + H]+",2,0.167403616814813,67.3470127270836,5.38038727589163,61.9666254511919,"13","FUYKCLPJJPJJTN","COC1=CC(=C(C=C1C=NNC(=S)NC2=CC=CC=C2)OC)OC","(Phenylcarbamothioylamino)-[(2,4,5-trimethoxyphenyl)methylidene]azanium",3.1,21,-647.625394710379,0.203980099502488,NA,"845245971309047524"
"845246016578170760","C17H19N3O3S","[M + H]+",2,0.167403616814813,67.3470127270836,5.38038727589163,61.9666254511919,"13","YPHDMWLZRDJBET","CC(=O)N1CCC2=CC=CC=C2C1C3=C(N(C(=S)N(C3=O)C)C)O","5-(2-acetyl-1,2,3,4-tetrahydroisoquinolin-1-yl)-6-hydroxy-1,3-dimethyl-2-sulfanylidene-1,2,3,4-tetrahydropyrimidin-4-one",0.9,22,-665.54066633442,0.166666666666667,NA,"845245971309047524"
"845246016578170761","C13H19N3O8","[M + H]+",3,0.0632273702942235,66.3733422451172,1.47553034367413,64.8978119014431,"13","RSFNVYSVNQERMH","CN1C(=C(C(=O)N(C1=O)C)C=NC2C(C(C(OC2O)CO)O)O)O","2-deoxy-2-{[(1,3-dimethyl-2,4,6-trioxotetrahydropyrimidin-5(2H)-ylidene)methyl]amino}hexopyranose",-3.1,2,-388.754026045566,0.246073298429319,Inf,"845245971309047524"
"845246016578170761","C13H19N3O8","[M + H]+",3,0.0632273702942235,66.3733422451172,1.47553034367413,64.8978119014431,"13","YXNIEZJFCGTDKV","C1=CN(C(=O)N(C1=O)CCC(C(=O)O)N)C2C(C(C(O2)CO)O)O","2-amino-4-{3-[3,4-dihydroxy-5-(hydroxymethyl)oxolan-2-yl]-2,6-dioxo-1,2,3,6-tetrahydropyrimidin-1-yl}butanoic acid",-3.2040055,3,-397.371314341216,0.224137931034483,NA,"845245971309047524"
"845246016578170761","C13H19N3O8","[M + H]+",3,0.0632273702942235,66.3733422451172,1.47553034367413,64.8978119014431,"13","QBIKARYQTKNDPS","CC(=NOCC(=O)NCC(=O)O)C1CNC(C1CC(=O)O)C(=O)O","Kaoag",-4.1,4,-439.157612506453,0.178403755868545,NA,"845245971309047524"
"845246016578170761","C13H19N3O8","[M + H]+",3,0.0632273702942235,66.3733422451172,1.47553034367413,64.8978119014431,"13","ILMLVTGTUJPQFP","C1CC(NC1)C(=O)NC(CC(=O)O)C(=O)NC(CC(=O)O)C(=O)O","2-[[3-Carboxy-2-(pyrrolidine-2-carbonylamino)propanoyl]amino]butanedioic acid",-2.258851,6,-476.041011022432,0.12015503875969,NA,"845245971309047524"
"845246016578170761","C13H19N3O8","[M + H]+",3,0.0632273702942235,66.3733422451172,1.47553034367413,64.8978119014431,"13","LKIYSIYBKYLKPU","C1CC(N(C1)C(=O)C(CC(=O)O)NC(=O)C(CC(=O)O)N)C(=O)O","1-[2-[(2-Amino-3-carboxypropanoyl)amino]-3-carboxypropanoyl]pyrrolidine-2-carboxylic acid",-2.709041,9,-529.710158382754,0.111864406779661,NA,"845245971309047524"
"845246016578170761","C13H19N3O8","[M + H]+",3,0.0632273702942235,66.3733422451172,1.47553034367413,64.8978119014431,"13","KESWRFKUZRUTAH","C1CC(N(C1)C(=O)C(CC(=O)O)N)C(=O)NC(CC(=O)O)C(=O)O","2-[[1-(2-Amino-3-carboxypropanoyl)pyrrolidine-2-carbonyl]amino]butanedioic acid",-2.709041,10,-535.974654924777,0.10472972972973,NA,"845245971309047524"
"845246016578170762","C14H23N3O3S2","[M + H]+",4,0.000815452576729819,62.0225929524411,1.38854105127759,60.6340519011635,"13","WBLFCWDWOFARFH","CC(C)CN1C2CN(CC2OCCS1(=O)=O)CC3=NC=CS3","(5aS,8aR)-1-(2-methylpropyl)-7-(1,3-thiazol-2-ylmethyl)-3,4,5a,6,8,8a-hexahydropyrrolo[3,4-f][1,4,5]oxathiazepine 2,2-dioxide",1,17,-595.036657982508,0.182242990654206,NA,"845245971309047524"
"845246016578170762","C14H23N3O3S2","[M + H]+",4,0.000815452576729819,62.0225929524411,1.38854105127759,60.6340519011635,"13","VDWQLXDLGJSQDR","C1=C(NC=N1)CC(C(=O)O)NC(=O)CCCCC(CCS)S","(2S)-2-[6,8-bis(sulfanyl)octanoylamino]-3-(1H-imidazol-5-yl)propanoic acid",1.3,27,-767.043876688763,0.151639344262295,NA,"845245971309047524"
"845246016578170763","C14H16F3N4O3","[M + H]+",5,3.02789040266686e-05,58.7293009177425,2.06786718829914,56.6614337294434,"13",NA,NA,NA,NA,NA,NA,NA,NA,"845245971309047524"
"845246016578170764","C15H13F2N7O","[M + H]+",6,2.05751013627796e-09,49.132590985533,3.30621557043489,45.8263754150982,"13",NA,NA,NA,NA,NA,NA,NA,NA,"845245971309047524"
"845246016578170765","C11H21F2N3O5S","[M + H]+",7,4.90473022233836e-10,47.6987094034421,3.37192903427685,44.3267803691653,"13",NA,NA,NA,NA,NA,NA,NA,NA,"845245971309047524"
"845246016578170766","C12H14F3N7O2","[M + H]+",8,2.58043664497153e-10,47.0564679393307,2.65059321341989,44.4058747259108,"13",NA,NA,NA,NA,NA,NA,NA,NA,"845245971309047524"
"845246016586559375","C15H24NO4PS","[M + H]+",9,9.30917931803781e-11,46.0369251563027,5.17228072574224,40.8646444305605,"13",NA,NA,NA,NA,NA,NA,NA,NA,"845245971309047524"
"845246016586559376","C9H15F4N7O3","[M + H]+",10,6.62476802509463e-11,45.6967395756651,0,45.6967395756651,"13",NA,NA,NA,NA,NA,NA,NA,NA,"845245971309047524"
"845246006503452451","C14H20FN3O4S","[M + H]+",1,0.991802124954288,108.856950878668,4.55869372248084,104.298257156187,"14",NA,NA,NA,NA,NA,NA,NA,NA,"845245971317436133"
"845246006503452452","C17H19N3O3S","[M + H]+",2,0.00779169289873918,104.010485415276,2.98336184213789,101.027123573138,"14","SUBDBMMJDZJVOS","CC1=CN=C(C(=C1OC)C)CS(=O)C2=NC3=C(N2)C=C(C=C3)OC","6-methoxy-2-[(4-methoxy-3,5-dimethylpyridin-2-yl)methanesulfinyl]-1H-1,3-benzodiazole",2.6206226,1,-7.15841341256607,0.991803278688525,0,"845245971317436133"
"845246006503452452","C17H19N3O3S","[M + H]+",2,0.00779169289873918,104.010485415276,2.98336184213789,101.027123573138,"14","ZWNARYKSNTWUOM","C1CN(CN1CC2=CC=CC=C2)C(=O)C3=CC=C(C=C3)S(=O)(=O)N","4-[3-(Phenylmethyl)imidazolidin-1-yl]carbonylbenzenesulfonamide",1.3,5,-470.650105126653,0.140845070422535,NA,"845245971317436133"
"845246006503452452","C17H19N3O3S","[M + H]+",2,0.00779169289873918,104.010485415276,2.98336184213789,101.027123573138,"14","FDDLMBKEDYPNER","C1CN(CCN1CCC(=O)C2=CC=CS2)C3=CC=C(C=C3)[N+](=O)[O-]","3-[4-(4-Nitrophenyl)piperazino]-1-(2-thienyl)-1-propanone",3,9,-510.384795645781,0.145631067961165,NA,"845245971317436133"
"845246006503452452","C17H19N3O3S","[M + H]+",2,0.00779169289873918,104.010485415276,2.98336184213789,101.027123573138,"14","SJXKOSOSNRUTAX","C1CN(CCN1CC2=CC=CO2)C(=S)NC3=CC4=C(C=C3)OCO4","N-(1,3-benzodioxol-5-yl)-4-(furan-2-ylmethyl)piperazin-4-ium-1-carbothioamide",1.9,10,-530.535230179182,0.233502538071066,NA,"845245971317436133"
"845246006503452452","C17H19N3O3S","[M + H]+",2,0.00779169289873918,104.010485415276,2.98336184213789,101.027123573138,"14","HVGVNYJRZJHYBS","CC1=CC(=C(C=C1)S(=O)(=O)NC2=CC3=C(C=C2)N(C(=O)N3C)C)C","N-(1,3-dimethyl-2-oxo-2,3-dihydro-1H-benzimidazol-5-yl)-2,4-dimethylbenzenesulfonamide",2.2,12,-550.451133737553,0.315789473684211,NA,"845245971317436133"
"845246006503452452","C17H19N3O3S","[M + H]+",2,0.00779169289873918,104.010485415276,2.98336184213789,101.027123573138,"14","LJAVIEUWQYYONW","COC1=CC=C(C=C1)C2=NC(=NC=C2)SCC(=O)N3CCOCC3","2-[[4-(4-Methoxyphenyl)-2-pyrimidinyl]thio]-1-(4-morpholinyl)ethanone",1.8,13,-564.484809816985,0.312796208530806,NA,"845245971317436133"
"845246006503452452","C17H19N3O3S","[M + H]+",2,0.00779169289873918,104.010485415276,2.98336184213789,101.027123573138,"14","IBAYUWQIQGOLBX","CCOC1=C(C=CC(=C1)C=NNC(=S)NC2=CC=C(C=C2)OC)O","1-[(3-Ethoxy-4-hydroxyphenyl)methylideneamino]-3-(4-methoxyphenyl)thiourea",3.1,14,-568.806428897111,0.25,NA,"845245971317436133"
"845246006503452452","C17H19N3O3S","[M + H]+",2,0.00779169289873918,104.010485415276,2.98336184213789,101.027123573138,"14","KMCSXFINGGBOFP","C1CN(CC2=CC=CC=C21)CC(=O)NC3=CC=C(C=C3)S(=O)(=O)N","N-(4-sulfamoylphenyl)-2-(1,2,3,4-tetrahydroisoquinolin-2-yl)acetamide",1.3,15,-584.460461043957,0.134453781512605,NA,"845245971317436133"
"845246006503452452","C17H19N3O3S","[M + H]+",2,0.00779169289873918,104.010485415276,2.98336184213789,101.027123573138,"14","AIBMIQGSVBRQNH","COC1=CC(=CC(=C1OC)OC)C=NNC(=S)NC2=CC=CC=C2","(Phenylcarbamothioylamino)-[(3,4,5-trimethoxyphenyl)methylidene]azanium",3.1,16,-589.478025453013,0.182692307692308,NA,"845245971317436133"
"845246006503452452","C17H19N3O3S","[M + H]+",2,0.00779169289873918,104.010485415276,2.98336184213789,101.027123573138,"14","ABBDYGNALLZFNP","COC1=C(C=C(C=C1)C(=O)NNC(=S)NCC2=CC=CC=C2)OC","N-Benzyl-2-(3,4-dimethoxybenzoyl)hydrazinecarbothioamide",2.6,17,-590.07138356092,0.162790697674419,NA,"845245971317436133"
"845246006503452452","C17H19N3O3S","[M + H]+",2,0.00779169289873918,104.010485415276,2.98336184213789,101.027123573138,"14","HHTWCWCZKQRKRJ","CN1C2=CC=CC=C2N(C3=CC=CC=C3S1(=O)=O)C(=O)CN(C)C","6-Methyl-6,11-dihydro-11-((N,N-dimethylamino)acetyl)dibenzo(c,f)-(1,2,5)-thiadiazepine 5,5-dioxide",1.7,18,-625.133310856497,0.198952879581152,NA,"845245971317436133"
"845246006503452452","C17H19N3O3S","[M + H]+",2,0.00779169289873918,104.010485415276,2.98336184213789,101.027123573138,"14","RHRSBTVNCCOGDJ","CC1=CC(=NC(=N1)SC(C2=CC=CC=C2)C(=O)O)N3CCOCC3","(2S)-2-(4-methyl-6-morpholin-4-ylpyrimidin-2-yl)sulfanyl-2-phenylacetate",2.8,19,-633.39553301801,0.206730769230769,NA,"845245971317436133"
"845246006503452452","C17H19N3O3S","[M + H]+",2,0.00779169289873918,104.010485415276,2.98336184213789,101.027123573138,"14","RSMGOJOYNVIKHB","COC1=C(C(=C(C=C1)C=NNC(=S)NC2=CC=CC=C2)OC)OC","1-Phenyl-3-[(2,3,4-trimethoxyphenyl)methylideneamino]thiourea",3.1,20,-635.002791949949,0.207920792079208,NA,"845245971317436133"
"845246006503452452","C17H19N3O3S","[M + H]+",2,0.00779169289873918,104.010485415276,2.98336184213789,101.027123573138,"14","FUYKCLPJJPJJTN","COC1=CC(=C(C=C1C=NNC(=S)NC2=CC=CC=C2)OC)OC","(Phenylcarbamothioylamino)-[(2,4,5-trimethoxyphenyl)methylidene]azanium",3.1,21,-648.972708347305,0.203980099502488,NA,"845245971317436133"
"845246006503452452","C17H19N3O3S","[M + H]+",2,0.00779169289873918,104.010485415276,2.98336184213789,101.027123573138,"14","YPHDMWLZRDJBET","CC(=O)N1CCC2=CC=CC=C2C1C3=C(N(C(=S)N(C3=O)C)C)O","5-(2-acetyl-1,2,3,4-tetrahydroisoquinolin-1-yl)-6-hydroxy-1,3-dimethyl-2-sulfanylidene-1,2,3,4-tetrahydropyrimidin-4-one",0.9,22,-666.643138435623,0.166666666666667,NA,"845245971317436133"
"845246006503452453","C13H19N3O8","[M + H]+",3,0.000360210617313825,100.93636089158,3.03321744982572,97.9031434417546,"14","RSFNVYSVNQERMH","CN1C(=C(C(=O)N(C1=O)C)C=NC2C(C(C(OC2O)CO)O)O)O","2-deoxy-2-{[(1,3-dimethyl-2,4,6-trioxotetrahydropyrimidin-5(2H)-ylidene)methyl]amino}hexopyranose",-3.1,2,-377.638989238948,0.244318181818182,Inf,"845245971317436133"
"845246006503452453","C13H19N3O8","[M + H]+",3,0.000360210617313825,100.93636089158,3.03321744982572,97.9031434417546,"14","YXNIEZJFCGTDKV","C1=CN(C(=O)N(C1=O)CCC(C(=O)O)N)C2C(C(C(O2)CO)O)O","2-amino-4-{3-[3,4-dihydroxy-5-(hydroxymethyl)oxolan-2-yl]-2,6-dioxo-1,2,3,6-tetrahydropyrimidin-1-yl}butanoic acid",-3.2040055,3,-391.329096580916,0.199095022624434,NA,"845245971317436133"
"845246006503452453","C13H19N3O8","[M + H]+",3,0.000360210617313825,100.93636089158,3.03321744982572,97.9031434417546,"14","QBIKARYQTKNDPS","CC(=NOCC(=O)NCC(=O)O)C1CNC(C1CC(=O)O)C(=O)O","Kaoag",-4.1,4,-462.245048449559,0.16,NA,"845245971317436133"
"845246006503452453","C13H19N3O8","[M + H]+",3,0.000360210617313825,100.93636089158,3.03321744982572,97.9031434417546,"14","LKIYSIYBKYLKPU","C1CC(N(C1)C(=O)C(CC(=O)O)NC(=O)C(CC(=O)O)N)C(=O)O","1-[2-[(2-Amino-3-carboxypropanoyl)amino]-3-carboxypropanoyl]pyrrolidine-2-carboxylic acid",-2.709041,6,-486.134574696489,0.0957446808510638,NA,"845245971317436133"
"845246006503452453","C13H19N3O8","[M + H]+",3,0.000360210617313825,100.93636089158,3.03321744982572,97.9031434417546,"14","ILMLVTGTUJPQFP","C1CC(NC1)C(=O)NC(CC(=O)O)C(=O)NC(CC(=O)O)C(=O)O","2-[[3-Carboxy-2-(pyrrolidine-2-carbonylamino)propanoyl]amino]butanedioic acid",-2.258851,7,-495.323592890694,0.102040816326531,NA,"845245971317436133"
"845246006503452453","C13H19N3O8","[M + H]+",3,0.000360210617313825,100.93636089158,3.03321744982572,97.9031434417546,"14","KESWRFKUZRUTAH","C1CC(N(C1)C(=O)C(CC(=O)O)N)C(=O)NC(CC(=O)O)C(=O)O","2-[[1-(2-Amino-3-carboxypropanoyl)pyrrolidine-2-carbonyl]amino]butanedioic acid",-2.709041,8,-506.601770072177,0.088339222614841,NA,"845245971317436133"
"845246006503452454","C14H16F3N4O3","[M + H]+",4,4.56929262122409e-05,98.8716154815511,3.15356036315257,95.7180551183986,"14",NA,NA,NA,NA,NA,NA,NA,NA,"845245971317436133"
"845246006503452455","C14H23N3O3S2","[M + H]+",5,2.64464568323454e-07,93.7196239892641,0,93.7196239892641,"14","WBLFCWDWOFARFH","CC(C)CN1C2CN(CC2OCCS1(=O)=O)CC3=NC=CS3","(5aS,8aR)-1-(2-methylpropyl)-7-(1,3-thiazol-2-ylmethyl)-3,4,5a,6,8,8a-hexahydropyrrolo[3,4-f][1,4,5]oxathiazepine 2,2-dioxide",1,11,-546.905291302286,0.173708920187793,NA,"845245971317436133"
"845246006503452455","C14H23N3O3S2","[M + H]+",5,2.64464568323454e-07,93.7196239892641,0,93.7196239892641,"14","VDWQLXDLGJSQDR","C1=C(NC=N1)CC(C(=O)O)NC(=O)CCCCC(CCS)S","(2S)-2-[6,8-bis(sulfanyl)octanoylamino]-3-(1H-imidazol-5-yl)propanoic acid",1.3,26,-712.921829997178,0.148760330578512,NA,"845245971317436133"
"845246006503452456","C16H18F3NO4","[M + H]+",6,1.41388317625795e-08,90.7908417418466,2.44934978796741,88.3414919538792,"14",NA,NA,NA,NA,NA,NA,NA,NA,"845245971317436133"
"845246006503452457","C15H13F2N7O","[M + H]+",7,2.48980846046895e-14,77.5411970231692,2.63736529545309,74.9038317277161,"14",NA,NA,NA,NA,NA,NA,NA,NA,"845245971317436133"
"845246006503452458","C19H17F2NO3","[M + H]+",8,1.47677205955554e-14,77.0188499041593,2.06908970794613,74.9497601962132,"14",NA,NA,NA,NA,NA,NA,NA,NA,"845245971317436133"
"845246006503452459","C11H21F2N3O5S","[M + H]+",9,4.51082009108749e-15,75.8328851215263,3.69575869664498,72.1371264248813,"14",NA,NA,NA,NA,NA,NA,NA,NA,"845245971317436133"
"845246006503452460","C9H15F4N7O3","[M + H]+",10,1.32496299674138e-15,74.6077906782243,0.949843285552189,73.6579473926721,"14",NA,NA,NA,NA,NA,NA,NA,NA,"845245971317436133"
"845246074346319861","C13H19N3O8","[M + H]+",1,0.994199884722239,132.93355030492,3.13637185611655,129.797178448803,"15","RSFNVYSVNQERMH","CN1C(=C(C(=O)N(C1=O)C)C=NC2C(C(C(OC2O)CO)O)O)O","2-deoxy-2-{[(1,3-dimethyl-2,4,6-trioxotetrahydropyrimidin-5(2H)-ylidene)methyl]amino}hexopyranose",-3.1,2,-332.193282958418,0.319526627218935,Inf,"845245971317436134"
"845246074346319861","C13H19N3O8","[M + H]+",1,0.994199884722239,132.93355030492,3.13637185611655,129.797178448803,"15","YXNIEZJFCGTDKV","C1=CN(C(=O)N(C1=O)CCC(C(=O)O)N)C2C(C(C(O2)CO)O)O","2-amino-4-{3-[3,4-dihydroxy-5-(hydroxymethyl)oxolan-2-yl]-2,6-dioxo-1,2,3,6-tetrahydropyrimidin-1-yl}butanoic acid",-3.2040055,4,-362.513338149494,0.274881516587678,NA,"845245971317436134"
"845246074346319861","C13H19N3O8","[M + H]+",1,0.994199884722239,132.93355030492,3.13637185611655,129.797178448803,"15","QBIKARYQTKNDPS","CC(=NOCC(=O)NCC(=O)O)C1CNC(C1CC(=O)O)C(=O)O","Kaoag",-4.1,5,-400.245015746222,0.22279792746114,NA,"845245971317436134"
"845246074346319861","C13H19N3O8","[M + H]+",1,0.994199884722239,132.93355030492,3.13637185611655,129.797178448803,"15","ILMLVTGTUJPQFP","C1CC(NC1)C(=O)NC(CC(=O)O)C(=O)NC(CC(=O)O)C(=O)O","2-[[3-Carboxy-2-(pyrrolidine-2-carbonylamino)propanoyl]amino]butanedioic acid",-2.258851,7,-438.184337193126,0.156118143459916,NA,"845245971317436134"
"845246074346319861","C13H19N3O8","[M + H]+",1,0.994199884722239,132.93355030492,3.13637185611655,129.797178448803,"15","LKIYSIYBKYLKPU","C1CC(N(C1)C(=O)C(CC(=O)O)NC(=O)C(CC(=O)O)N)C(=O)O","1-[2-[(2-Amino-3-carboxypropanoyl)amino]-3-carboxypropanoyl]pyrrolidine-2-carboxylic acid",-2.709041,8,-444.755267905765,0.146520146520147,NA,"845245971317436134"
"845246074346319861","C13H19N3O8","[M + H]+",1,0.994199884722239,132.93355030492,3.13637185611655,129.797178448803,"15","KESWRFKUZRUTAH","C1CC(N(C1)C(=O)C(CC(=O)O)N)C(=O)NC(CC(=O)O)C(=O)O","2-[[1-(2-Amino-3-carboxypropanoyl)pyrrolidine-2-carbonyl]amino]butanedioic acid",-2.709041,11,-473.674895419493,0.138686131386861,NA,"845245971317436134"
"845246074346319862","C16H24ClNO3S","[M + H]+",2,0.00256310181777653,126.972830199817,0,126.972830199817,"15",NA,NA,NA,NA,NA,NA,NA,NA,"845245971317436134"
"845246074346319863","C13H20BClN2O6","[M + H]+",3,0.00192795560287736,126.688072195579,0,126.688072195579,"15","RJXOEUFRQATKAB","[B-](C(CC1=CC=C(C=C1)Cl)NC(=O)C)(O)(O)OCC(C(=O)O)N","[(1R)-1-acetamido-2-(4-chlorophenyl)ethyl]-[(2S)-2-amino-3-hydroxy-3-oxo-propoxy]-dihydroxy-boron",0.87474024,3,-353.73715831437,0.24203821656051,NA,"845245971317436134"
"845246074346319864","C17H19N3O3S","[M + H]+",4,0.000664530170035533,125.622937027962,0,125.622937027962,"15","SUBDBMMJDZJVOS","CC1=CN=C(C(=C1OC)C)CS(=O)C2=NC3=C(N2)C=C(C=C3)OC","6-methoxy-2-[(4-methoxy-3,5-dimethylpyridin-2-yl)methanesulfinyl]-1H-1,3-benzodiazole",2.6206226,1,-9.90749367212369,0.975609756097561,0,"845245971317436134"
"845246074346319864","C17H19N3O3S","[M + H]+",4,0.000664530170035533,125.622937027962,0,125.622937027962,"15","ZWNARYKSNTWUOM","C1CN(CN1CC2=CC=CC=C2)C(=O)C3=CC=C(C=C3)S(=O)(=O)N","4-[3-(Phenylmethyl)imidazolidin-1-yl]carbonylbenzenesulfonamide",1.3,9,-467.854117749485,0.140845070422535,NA,"845245971317436134"
"845246074346319864","C17H19N3O3S","[M + H]+",4,0.000664530170035533,125.622937027962,0,125.622937027962,"15","FDDLMBKEDYPNER","C1CN(CCN1CCC(=O)C2=CC=CS2)C3=CC=C(C=C3)[N+](=O)[O-]","3-[4-(4-Nitrophenyl)piperazino]-1-(2-thienyl)-1-propanone",3,12,-493.154770193406,0.145631067961165,NA,"845245971317436134"
"845246074346319864","C17H19N3O3S","[M + H]+",4,0.000664530170035533,125.622937027962,0,125.622937027962,"15","SJXKOSOSNRUTAX","C1CN(CCN1CC2=CC=CO2)C(=S)NC3=CC4=C(C=C3)OCO4","N-(1,3-benzodioxol-5-yl)-4-(furan-2-ylmethyl)piperazin-4-ium-1-carbothioamide",1.9,13,-520.71368877724,0.233502538071066,NA,"845245971317436134"
"845246074346319864","C17H19N3O3S","[M + H]+",4,0.000664530170035533,125.622937027962,0,125.622937027962,"15","HVGVNYJRZJHYBS","CC1=CC(=C(C=C1)S(=O)(=O)NC2=CC3=C(C=C2)N(C(=O)N3C)C)C","N-(1,3-dimethyl-2-oxo-2,3-dihydro-1H-benzimidazol-5-yl)-2,4-dimethylbenzenesulfonamide",2.2,14,-524.105035507782,0.315789473684211,NA,"845245971317436134"
"845246074346319864","C17H19N3O3S","[M + H]+",4,0.000664530170035533,125.622937027962,0,125.622937027962,"15","IBAYUWQIQGOLBX","CCOC1=C(C=CC(=C1)C=NNC(=S)NC2=CC=C(C=C2)OC)O","1-[(3-Ethoxy-4-hydroxyphenyl)methylideneamino]-3-(4-methoxyphenyl)thiourea",3.1,15,-552.402529934297,0.243523316062176,NA,"845245971317436134"
"845246074346319864","C17H19N3O3S","[M + H]+",4,0.000664530170035533,125.622937027962,0,125.622937027962,"15","LJAVIEUWQYYONW","COC1=CC=C(C=C1)C2=NC(=NC=C2)SCC(=O)N3CCOCC3","2-[[4-(4-Methoxyphenyl)-2-pyrimidinyl]thio]-1-(4-morpholinyl)ethanone",1.8,16,-561.110129325907,0.306603773584906,NA,"845245971317436134"
"845246074346319864","C17H19N3O3S","[M + H]+",4,0.000664530170035533,125.622937027962,0,125.622937027962,"15","AIBMIQGSVBRQNH","COC1=CC(=CC(=C1OC)OC)C=NNC(=S)NC2=CC=CC=C2","(Phenylcarbamothioylamino)-[(3,4,5-trimethoxyphenyl)methylidene]azanium",3.1,17,-569.102804867713,0.182692307692308,NA,"845245971317436134"
"845246074346319864","C17H19N3O3S","[M + H]+",4,0.000664530170035533,125.622937027962,0,125.622937027962,"15","KMCSXFINGGBOFP","C1CN(CC2=CC=CC=C21)CC(=O)NC3=CC=C(C=C3)S(=O)(=O)N","N-(4-sulfamoylphenyl)-2-(1,2,3,4-tetrahydroisoquinolin-2-yl)acetamide",1.3,18,-576.040729137602,0.134453781512605,NA,"845245971317436134"
"845246074346319864","C17H19N3O3S","[M + H]+",4,0.000664530170035533,125.622937027962,0,125.622937027962,"15","ABBDYGNALLZFNP","COC1=C(C=C(C=C1)C(=O)NNC(=S)NCC2=CC=CC=C2)OC","N-Benzyl-2-(3,4-dimethoxybenzoyl)hydrazinecarbothioamide",2.6,19,-578.174530540875,0.158301158301158,NA,"845245971317436134"
"845246074346319864","C17H19N3O3S","[M + H]+",4,0.000664530170035533,125.622937027962,0,125.622937027962,"15","RSMGOJOYNVIKHB","COC1=C(C(=C(C=C1)C=NNC(=S)NC2=CC=CC=C2)OC)OC","1-Phenyl-3-[(2,3,4-trimethoxyphenyl)methylideneamino]thiourea",3.1,20,-597.889538836483,0.201970443349754,NA,"845245971317436134"
"845246074346319864","C17H19N3O3S","[M + H]+",4,0.000664530170035533,125.622937027962,0,125.622937027962,"15","RHRSBTVNCCOGDJ","CC1=CC(=NC(=N1)SC(C2=CC=CC=C2)C(=O)O)N3CCOCC3","(2S)-2-(4-methyl-6-morpholin-4-ylpyrimidin-2-yl)sulfanyl-2-phenylacetate",2.8,21,-604.750039583732,0.206730769230769,NA,"845245971317436134"
"845246074346319864","C17H19N3O3S","[M + H]+",4,0.000664530170035533,125.622937027962,0,125.622937027962,"15","HHTWCWCZKQRKRJ","CN1C2=CC=CC=C2N(C3=CC=CC=C3S1(=O)=O)C(=O)CN(C)C","6-Methyl-6,11-dihydro-11-((N,N-dimethylamino)acetyl)dibenzo(c,f)-(1,2,5)-thiadiazepine 5,5-dioxide",1.7,22,-613.261292666343,0.198952879581152,NA,"845245971317436134"
"845246074346319864","C17H19N3O3S","[M + H]+",4,0.000664530170035533,125.622937027962,0,125.622937027962,"15","FUYKCLPJJPJJTN","COC1=CC(=C(C=C1C=NNC(=S)NC2=CC=CC=C2)OC)OC","(Phenylcarbamothioylamino)-[(2,4,5-trimethoxyphenyl)methylidene]azanium",3.1,23,-620.444347759505,0.203980099502488,NA,"845245971317436134"
"845246074346319864","C17H19N3O3S","[M + H]+",4,0.000664530170035533,125.622937027962,0,125.622937027962,"15","YPHDMWLZRDJBET","CC(=O)N1CCC2=CC=CC=C2C1C3=C(N(C(=S)N(C3=O)C)C)O","5-(2-acetyl-1,2,3,4-tetrahydroisoquinolin-1-yl)-6-hydroxy-1,3-dimethyl-2-sulfanylidene-1,2,3,4-tetrahydropyrimidin-4-one",0.9,25,-648.73902556722,0.171806167400881,NA,"845245971317436134"
"845246074346319865","C14H20FN3O4S","[M + H]+",5,0.000447999496219099,125.228648856131,0.0841893397655609,125.144459516365,"15",NA,NA,NA,NA,NA,NA,NA,NA,"845245971317436134"
"845246074346319866","C14H23N3O3S2","[M + H]+",6,0.000165055088356445,124.230136035233,0,124.230136035233,"15","WBLFCWDWOFARFH","CC(C)CN1C2CN(CC2OCCS1(=O)=O)CC3=NC=CS3","(5aS,8aR)-1-(2-methylpropyl)-7-(1,3-thiazol-2-ylmethyl)-3,4,5a,6,8,8a-hexahydropyrrolo[3,4-f][1,4,5]oxathiazepine 2,2-dioxide",1,10,-473.20121351506,0.194736842105263,NA,"845245971317436134"
"845246074346319866","C14H23N3O3S2","[M + H]+",6,0.000165055088356445,124.230136035233,0,124.230136035233,"15","VDWQLXDLGJSQDR","C1=C(NC=N1)CC(C(=O)O)NC(=O)CCCCC(CCS)S","(2S)-2-[6,8-bis(sulfanyl)octanoylamino]-3-(1H-imidazol-5-yl)propanoic acid",1.3,24,-635.142191713054,0.153846153846154,NA,"845245971317436134"
"845246074346319867","C14H22ClN4O2S","[M + H]+",7,3.13535282339771e-05,122.569183552322,0,122.569183552322,"15",NA,NA,NA,NA,NA,NA,NA,NA,"845245971317436134"
"845246074346319868","C14H16F3N4O3","[M + H]+",8,6.03318671134612e-08,116.315961909561,3.01702887312724,113.298933036433,"15",NA,NA,NA,NA,NA,NA,NA,NA,"845245971317436134"
"845246074346319869","C16H18F3NO4","[M + H]+",9,5.92420347941892e-08,116.29773280637,2.07522579969724,114.222507006673,"15","MBBOXUAAZWHHAU","CC(C)(C)OC(=O)N1CC(C2=C(C1)C(=CC=C2)C(F)(F)F)C(=O)O","2-(tert-Butoxycarbonyl)-8-(trifluoromethyl)-1,2,3,4-tetrahydroisoquinoline-4-carboxylic acid",2.8,6,-414.462902543223,0.230769230769231,NA,"845245971317436134"
"845246074346319870","C14H15N7O4","[M + H]+",10,3.4760224719768e-13,104.251649769547,2.10961817163804,102.142031597909,"15",NA,NA,NA,NA,NA,NA,NA,NA,"845245971317436134"
"845246019891670939","C14H16F3N4O3","[M + H]+",1,0.975599403102668,59.2339473324027,2.7415715812805,56.4923757511222,"25",NA,NA,NA,NA,NA,NA,NA,NA,"845245971330019047"
"845246019891670940","C16H18F3NO4","[M + H]+",2,0.023703013126461,55.5164974540846,1.86060730188991,53.6558901521947,"25","TXOTZLKVSKGWKZ","COC=C(C(=CCCC=CC1=NOCC=C1)C(F)(F)F)C(=O)OC","methyl (2E,3E,7E)-2-(methoxymethylidene)-8-(6H-oxazin-3-yl)-3-(trifluoromethyl)octa-3,7-dienoate",3.4,9,-241.967202201829,0.358695652173913,NA,"845245971330019047"
"845246019891670940","C16H18F3NO4","[M + H]+",2,0.023703013126461,55.5164974540846,1.86060730188991,53.6558901521947,"25","AHPWROADAIZQRO","CC1=CC(=NOC)CC(C1(C#CC(=CC(=O)O)C(F)(F)F)O)(C)C","(E)-5-[(4Z)-1-hydroxy-4-methoxyimino-2,6,6-trimethylcyclohex-2-en-1-yl]-3-(trifluoromethyl)pent-2-en-4-ynoic acid",2.5,19,-296.897455492016,0.271929824561404,NA,"845245971330019047"
"845246019891670940","C16H18F3NO4","[M + H]+",2,0.023703013126461,55.5164974540846,1.86060730188991,53.6558901521947,"25","PZMKMEQSASNTRQ","CC(C)(C)CN1C=C2C=C(CC(=O)C2=CC1C(=O)OO)C(F)(F)F","2-(2,2-Dimethylpropyl)-5-oxo-7-(trifluoromethyl)-3,6-dihydroisoquinoline-3-carboperoxoic acid",2.6,21,-304.171696622149,0.285714285714286,NA,"845245971330019047"
"845246019891670940","C16H18F3NO4","[M + H]+",2,0.023703013126461,55.5164974540846,1.86060730188991,53.6558901521947,"25","LEVUIPAAMXASFE","CCOC(=O)C(=C(C(F)(F)F)NC1=CC=C(C=C1)C(C)C)C(=O)O","2-Ethoxycarbonyl-4,4,4-trifluoro-3-(4-propan-2-ylanilino)but-2-enoate",5.1,22,-307.102122769703,0.325757575757576,NA,"845245971330019047"
"845246019891670940","C16H18F3NO4","[M + H]+",2,0.023703013126461,55.5164974540846,1.86060730188991,53.6558901521947,"25","GRVORUVMPGMLHL","CC(C)OC(=O)C(=NC1=CC=CC(=C1)C(F)(F)F)C(=O)OC(C)C","Dipropan-2-yl 2-[3-(trifluoromethyl)phenyl]iminopropanedioate",4.6,23,-307.128805996671,0.321739130434783,NA,"845245971330019047"
"845246019891670940","C16H18F3NO4","[M + H]+",2,0.023703013126461,55.5164974540846,1.86060730188991,53.6558901521947,"25","GPDJJZOSQUGPMP","CCOC1=C(C(=O)C1=O)NC(C2=CC(=CO2)C(C)(C)C)C(F)(F)F","3-[[(1S)-1-(4-tert-butylfuran-2-yl)-2,2,2-trifluoroethyl]amino]-4-ethoxycyclobut-3-ene-1,2-dione",3.7,24,-308.272319202241,0.317460317460317,NA,"845245971330019047"
"845246019891670940","C16H18F3NO4","[M + H]+",2,0.023703013126461,55.5164974540846,1.86060730188991,53.6558901521947,"25","RNVLCNSTMFYLLR","CC(C)(C)OC(=O)C(C1=CN=CC=C1)C(C=CC(F)(F)F)C(=O)O","5,5,5-Trifluoro-2-[2-[(2-methylpropan-2-yl)oxy]-2-oxo-1-pyridin-3-ylethyl]pent-3-enoic acid",2.8,25,-309.037661237381,0.338345864661654,NA,"845245971330019047"
"845246019891670940","C16H18F3NO4","[M + H]+",2,0.023703013126461,55.5164974540846,1.86060730188991,53.6558901521947,"25","PSWNLMWTVBRDHP","CCOCC1=C(ON=C1C(OC)OC)C2=CC=C(C=C2)C(F)(F)F","3-(Dimethoxymethyl)-4-(ethoxymethyl)-5-[4-(trifluoromethyl)phenyl]-1,2-oxazole",2.6,26,-310.46749617396,0.333333333333333,NA,"845245971330019047"
"845246019891670940","C16H18F3NO4","[M + H]+",2,0.023703013126461,55.5164974540846,1.86060730188991,53.6558901521947,"25","ZYQUPZNUMVFWPY","CCOCC1=C(ON=C1COCOC)C2=CC=C(C=C2)C(F)(F)F","4-(Ethoxymethyl)-3-(methoxymethoxymethyl)-5-[4-(trifluoromethyl)phenyl]-1,2-oxazole",2.6,27,-311.608076137062,0.3203125,NA,"845245971330019047"
"845246019891670940","C16H18F3NO4","[M + H]+",2,0.023703013126461,55.5164974540846,1.86060730188991,53.6558901521947,"25","BKWNOPDXBJGPAW","CCOC(=O)CC=C(C(=O)OCC)NC1=CC=C(C=C1)C(F)(F)F","diethyl (E)-2-[4-(trifluoromethyl)anilino]pent-2-enedioate",3.7,28,-313.114954636264,0.328,NA,"845245971330019047"
"845246019891670940","C16H18F3NO4","[M + H]+",2,0.023703013126461,55.5164974540846,1.86060730188991,53.6558901521947,"25","GBBAWMCWFKIUSZ","CC1=CC(=CC(=C1OC(=NC(=O)OC)C(F)(F)F)C(C)C)C(=O)C","(4-acetyl-2-methyl-6-propan-2-ylphenyl) 2,2,2-trifluoro-N-methoxycarbonylethanimidate",4.4,29,-317.506060582844,0.304,NA,"845245971330019047"
"845246019891670940","C16H18F3NO4","[M + H]+",2,0.023703013126461,55.5164974540846,1.86060730188991,53.6558901521947,"25","INWVVFXHEDENGA","CC(C1=CC=C(C=C1)C(F)(F)F)N2CC(=C(O2)CCOC)C(=O)O","5-(2-methoxyethyl)-2-[1-[4-(trifluoromethyl)phenyl]ethyl]-3H-1,2-oxazole-4-carboxylic acid",0.4,30,-318.463040730352,0.28169014084507,NA,"845245971330019047"
"845246019891670940","C16H18F3NO4","[M + H]+",2,0.023703013126461,55.5164974540846,1.86060730188991,53.6558901521947,"25","SMQWHDMLRHEFMP","CCC=C(C(=O)OCC)OC(=NC1=CC=C(C=C1)OC)C(F)(F)F","(Z)-2-[1-(4-Methoxyphenylimino)-2,2,2-trifluoroethoxy]-2-pentenoic acid ethyl ester",4.6,31,-321.374214378453,0.391304347826087,NA,"845245971330019047"
"845246019891670940","C16H18F3NO4","[M + H]+",2,0.023703013126461,55.5164974540846,1.86060730188991,53.6558901521947,"25","QBWPFLJEBICGOY","CCC1=CC(=C(C(=C1F)F)F)N(CC)C(=C(CC)C(=O)O)C(=O)O","(E)-2-(N,5-diethyl-2,3,4-trifluoroanilino)-3-ethylbut-2-enedioic acid",3.7,32,-321.444151906633,0.277777777777778,NA,"845245971330019047"
"845246019891670940","C16H18F3NO4","[M + H]+",2,0.023703013126461,55.5164974540846,1.86060730188991,53.6558901521947,"25","IMYBWZUKUJRURJ","CCN(C1=C(C(=C(C=C1)F)F)F)C(=CC(=O)OCC)C(=O)OCC","diethyl (Z)-2-(N-ethyl-2,3,4-trifluoroanilino)but-2-enedioate",3.5,33,-323.467363292189,0.307692307692308,NA,"845245971330019047"
"845246019891670941","C15H13F2N7O","[M + H]+",3,0.000428319826109212,51.5030101726935,2.92773089702978,48.5752792756637,"25","YTRLNEAYBRWQPJ","CC(C1=NOC(=N1)CC2=NC=NN2)C3=NC4=CC=CC=C4N3C(F)F","3-[1-[1-(difluoromethyl)benzimidazol-2-yl]ethyl]-5-(1H-1,2,4-triazol-5-ylmethyl)-1,2,4-oxadiazole",2.9,1,-146.93200293218,0.496,0,"845245971330019047"
"845246019891670941","C15H13F2N7O","[M + H]+",3,0.000428319826109212,51.5030101726935,2.92773089702978,48.5752792756637,"25","JTSTWKIGATWXTF","CC1=NC(=NC(=N1)N)C2=C(N=CC(=C2)F)NC3=CC(=C(N=C3)OC)F","4-(5-Fluoro-2-(5-fluoro-6-methoxypyridin-3-ylamino)pyridin-3-YL)-6-methyl-1,3,5-triazin-2-amine",1.9,2,-165.834616544327,0.449612403100775,Inf,"845245971330019047"
"845246019891670941","C15H13F2N7O","[M + H]+",3,0.000428319826109212,51.5030101726935,2.92773089702978,48.5752792756637,"25","ICKITLLBYZLHFH","CC1=NC2=NON=C2C(=C1CC3=NC(=C(C=C3)NCC(F)F)C#N)N",NA,2.5,3,-200.052757049859,0.352517985611511,NA,"845245971330019047"
"845246019891670941","C15H13F2N7O","[M + H]+",3,0.000428319826109212,51.5030101726935,2.92773089702978,48.5752792756637,"25","HJSFOUOOTROZTO","CC1=NC2=NC=NN2C(=C1CC3=NC(=C(C=C3)C#N)OCC(F)F)N","6-[(7-Amino-5-methyl-[1,2,4]triazolo[1,5-a]pyrimidin-6-yl)methyl]-2-(2,2-difluoroethoxy)pyridine-3-carbonitrile",1.9,4,-201.010474624353,0.402777777777778,NA,"845245971330019047"
"845246019891670941","C15H13F2N7O","[M + H]+",3,0.000428319826109212,51.5030101726935,2.92773089702978,48.5752792756637,"25","MQVBBWVQXHPMPR","C1=CC(=C(C(=C1)F)CN(NC2=CNN=C2)NC(=O)C3=CN=CN=C3)F","N'-[(2,6-difluorophenyl)methyl]-N'-(1H-pyrazol-4-ylamino)pyrimidine-5-carbohydrazide",2.1,5,-204.338454898935,0.358208955223881,NA,"845245971330019047"
"845246019891670941","C15H13F2N7O","[M + H]+",3,0.000428319826109212,51.5030101726935,2.92773089702978,48.5752792756637,"25","VBSXQQWDJBMXPB","C1=CC(=C(C(=C1)F)CNC2=NC(=NC=C2C(=O)N)NC3=CNN=C3)F","4-[(2,6-difluorophenyl)methylamino]-2-(1H-pyrazol-4-ylamino)pyrimidine-5-carboxamide",1.8,6,-215.154824301497,0.326388888888889,NA,"845245971330019047"
"845246019891670941","C15H13F2N7O","[M + H]+",3,0.000428319826109212,51.5030101726935,2.92773089702978,48.5752792756637,"25","WPYPMWYYODXLIP","CC1=CC(=NC(=N1)N)NC2=CN(N=C2C(=O)N)C3=C(C=CC=C3F)F","4-[(2-Amino-6-methylpyrimidin-4-yl)amino]-1-(2,6-difluorophenyl)pyrazole-3-carboxamide",2.1,7,-216.689299221096,0.388888888888889,NA,"845245971330019047"
"845246019891670941","C15H13F2N7O","[M + H]+",3,0.000428319826109212,51.5030101726935,2.92773089702978,48.5752792756637,"25","FMIKZRJTWLKBRN","CC1=C(N=C(C(=N1)C(=O)NCC2=C(C=CC=C2F)F)N)N3N=CC=N3","3-amino-N-[(2,6-difluorophenyl)methyl]-6-methyl-5-(triazol-2-yl)pyrazine-2-carboxamide",2,8,-221.022877833543,0.347517730496454,NA,"845245971330019047"
"845246019891670941","C15H13F2N7O","[M + H]+",3,0.000428319826109212,51.5030101726935,2.92773089702978,48.5752792756637,"25","UNOLYPSFWIKMAJ","C1=CC=C(C=C1)C=CC(C(=O)NC2=CN(N=C2)CC3=NNN=N3)(F)F","(E)-2,2-difluoro-4-phenyl-N-[1-(2H-tetrazol-5-ylmethyl)pyrazol-4-yl]but-3-enamide",1.6,10,-251.476365804655,0.286713286713287,NA,"845245971330019047"
"845246019891670941","C15H13F2N7O","[M + H]+",3,0.000428319826109212,51.5030101726935,2.92773089702978,48.5752792756637,"25","GIXMTDDSXCDPBC","C1C(C1(F)F)N2C(=CC=N2)CNC(=O)C3=CN(N=N3)C4=CN=CC=C4","N-[[2-(2,2-difluorocyclopropyl)pyrazol-3-yl]methyl]-1-pyridin-3-yltriazole-4-carboxamide",0.5,11,-251.845225433982,0.363636363636364,NA,"845245971330019047"
"845246019891670941","C15H13F2N7O","[M + H]+",3,0.000428319826109212,51.5030101726935,2.92773089702978,48.5752792756637,"25","GXABJCVNISZUSB","CN1C=C(C=N1)NC2=NC=CC(=N2)C3=CN=C(C=C3)NC(=O)C(F)F","2,2-difluoro-N-[5-[2-[(1-methylpyrazol-4-yl)amino]pyrimidin-4-yl]pyridin-2-yl]acetamide",1.3,12,-258.432985084655,0.346938775510204,NA,"845245971330019047"
"845246019891670941","C15H13F2N7O","[M + H]+",3,0.000428319826109212,51.5030101726935,2.92773089702978,48.5752792756637,"25","LXNFGOMEISTOMK","C1CN(CC1(F)F)C2=NN3C(=NC=C3C(=O)NC4=NN=CC=C4)C=C2","6-(3,3-difluoropyrrolidin-1-yl)-N-pyridazin-3-ylimidazo[1,2-b]pyridazine-3-carboxamide",1,13,-265.929067239614,0.346666666666667,NA,"845245971330019047"
"845246019891670941","C15H13F2N7O","[M + H]+",3,0.000428319826109212,51.5030101726935,2.92773089702978,48.5752792756637,"25","IBILLMHRWJAVGZ","C1=CN(N=C1)C2=NC(=NC(=N2)NCCC(=O)N)C3=CC(=CC(=C3)F)F","3-[[4-(3,5-Difluorophenyl)-6-pyrazol-1-yl-1,3,5-triazin-2-yl]amino]propanamide",1.9,14,-269.225197141763,0.314102564102564,NA,"845245971330019047"
"845246019891670941","C15H13F2N7O","[M + H]+",3,0.000428319826109212,51.5030101726935,2.92773089702978,48.5752792756637,"25","KLDFYAKMDGPMDJ","CN(C)C(=O)C1=CC(=C(N=C1)N)C2=NN=NN2C3=C(C(=CC=C3)F)F","6-amino-5-[1-(2,3-difluorophenyl)tetrazol-5-yl]-N,N-dimethylpyridine-3-carboxamide",1.1,15,-277.078428980422,0.348387096774194,NA,"845245971330019047"
"845246019891670941","C15H13F2N7O","[M + H]+",3,0.000428319826109212,51.5030101726935,2.92773089702978,48.5752792756637,"25","BPJFMOZHRKOVMZ","C1CN(CC1(F)F)C2=NN3C(=NC=C3C(=O)NC4=NC=CN=C4)C=C2","6-(3,3-difluoropyrrolidin-1-yl)-N-pyrazin-2-ylimidazo[1,2-b]pyridazine-3-carboxamide",0.9,16,-283.532835586156,0.335483870967742,NA,"845245971330019047"
"845246019891670942","C12H24AsN5O2","[M + H]+",4,0.000141024573455811,50.3920741539266,2.74436331902261,47.6477108349039,"25",NA,NA,NA,NA,NA,NA,NA,NA,"845245971330019047"
"845246019891670943","C11H18F3N3O6","[M + H]+",5,6.61861694376227e-05,49.635611519139,2.13595636944077,47.4996551496983,"25",NA,NA,NA,NA,NA,NA,NA,NA,"845245971330019047"
"845246019891670944","C12H14F3N7O2","[M + H]+",6,2.78256156692096e-05,48.7690970222983,3.05786419586906,45.7112328264292,"25",NA,NA,NA,NA,NA,NA,NA,NA,"845245971330019047"
"845246019891670945","C14H17F2N3O5","[M + H]+",7,1.73489640881625e-05,48.2966727967811,2.76784281728071,45.5288299795004,"25",NA,NA,NA,NA,NA,NA,NA,NA,"845245971330019047"
"845246019891670946","C9H15N9O6","[M + H]+",8,1.0491104390494e-05,47.7936676960855,1.26047869513126,46.5331890009543,"25",NA,NA,NA,NA,NA,NA,NA,NA,"845245971330019047"
"845246019891670947","C17H16FN3O4","[M + H]+",9,1.83227413204381e-06,46.0486978893577,1.5289668896478,44.5197309997099,"25",NA,NA,NA,NA,NA,NA,NA,NA,"845245971330019047"
"845246019891670948","C9H15F4N7O3","[M + H]+",10,1.73032332015684e-06,45.9914482802169,0.864831585766934,45.1266166944499,"25",NA,NA,NA,NA,NA,NA,NA,NA,"845245971330019047"
"845246020415958949","C17H19N3O3S","[M + H]+",1,0.874041175257158,67.5695928260871,0,67.5695928260871,"26","SUBDBMMJDZJVOS","CC1=CN=C(C(=C1OC)C)CS(=O)C2=NC3=C(N2)C=C(C=C3)OC","6-methoxy-2-[(4-methoxy-3,5-dimethylpyridin-2-yl)methanesulfinyl]-1H-1,3-benzodiazole",2.6206226,1,-5.14644474051317,0.983739837398374,0,"845245971330019048"
"845246020415958949","C17H19N3O3S","[M + H]+",1,0.874041175257158,67.5695928260871,0,67.5695928260871,"26","ZWNARYKSNTWUOM","C1CN(CN1CC2=CC=CC=C2)C(=O)C3=CC=C(C=C3)S(=O)(=O)N","4-[3-(Phenylmethyl)imidazolidin-1-yl]carbonylbenzenesulfonamide",1.3,2,-473.034141666411,0.14018691588785,Inf,"845245971330019048"
"845246020415958949","C17H19N3O3S","[M + H]+",1,0.874041175257158,67.5695928260871,0,67.5695928260871,"26","FDDLMBKEDYPNER","C1CN(CCN1CCC(=O)C2=CC=CS2)C3=CC=C(C=C3)[N+](=O)[O-]","3-[4-(4-Nitrophenyl)piperazino]-1-(2-thienyl)-1-propanone",3,3,-514.214410478476,0.144927536231884,NA,"845245971330019048"
"845246020415958949","C17H19N3O3S","[M + H]+",1,0.874041175257158,67.5695928260871,0,67.5695928260871,"26","SJXKOSOSNRUTAX","C1CN(CCN1CC2=CC=CO2)C(=S)NC3=CC4=C(C=C3)OCO4","N-(1,3-benzodioxol-5-yl)-4-(furan-2-ylmethyl)piperazin-4-ium-1-carbothioamide",1.9,4,-529.038880468659,0.232323232323232,NA,"845245971330019048"
"845246020415958949","C17H19N3O3S","[M + H]+",1,0.874041175257158,67.5695928260871,0,67.5695928260871,"26","HVGVNYJRZJHYBS","CC1=CC(=C(C=C1)S(=O)(=O)NC2=CC3=C(C=C2)N(C(=O)N3C)C)C","N-(1,3-dimethyl-2-oxo-2,3-dihydro-1H-benzimidazol-5-yl)-2,4-dimethylbenzenesulfonamide",2.2,5,-561.148855647982,0.313953488372093,NA,"845245971330019048"
"845246020415958949","C17H19N3O3S","[M + H]+",1,0.874041175257158,67.5695928260871,0,67.5695928260871,"26","LJAVIEUWQYYONW","COC1=CC=C(C=C1)C2=NC(=NC=C2)SCC(=O)N3CCOCC3","2-[[4-(4-Methoxyphenyl)-2-pyrimidinyl]thio]-1-(4-morpholinyl)ethanone",1.8,6,-570.692578787193,0.311320754716981,NA,"845245971330019048"
"845246020415958949","C17H19N3O3S","[M + H]+",1,0.874041175257158,67.5695928260871,0,67.5695928260871,"26","IBAYUWQIQGOLBX","CCOC1=C(C=CC(=C1)C=NNC(=S)NC2=CC=C(C=C2)OC)O","1-[(3-Ethoxy-4-hydroxyphenyl)methylideneamino]-3-(4-methoxyphenyl)thiourea",3.1,7,-578.493867240328,0.248704663212435,NA,"845245971330019048"
"845246020415958949","C17H19N3O3S","[M + H]+",1,0.874041175257158,67.5695928260871,0,67.5695928260871,"26","ABBDYGNALLZFNP","COC1=C(C=C(C=C1)C(=O)NNC(=S)NCC2=CC=CC=C2)OC","N-Benzyl-2-(3,4-dimethoxybenzoyl)hydrazinecarbothioamide",2.6,8,-591.534221298321,0.162162162162162,NA,"845245971330019048"
"845246020415958949","C17H19N3O3S","[M + H]+",1,0.874041175257158,67.5695928260871,0,67.5695928260871,"26","AIBMIQGSVBRQNH","COC1=CC(=CC(=C1OC)OC)C=NNC(=S)NC2=CC=CC=C2","(Phenylcarbamothioylamino)-[(3,4,5-trimethoxyphenyl)methylidene]azanium",3.1,9,-593.185144178888,0.181818181818182,NA,"845245971330019048"
"845246020415958949","C17H19N3O3S","[M + H]+",1,0.874041175257158,67.5695928260871,0,67.5695928260871,"26","KMCSXFINGGBOFP","C1CN(CC2=CC=CC=C21)CC(=O)NC3=CC=C(C=C3)S(=O)(=O)N","N-(4-sulfamoylphenyl)-2-(1,2,3,4-tetrahydroisoquinolin-2-yl)acetamide",1.3,10,-595.194115265764,0.133891213389121,NA,"845245971330019048"
"845246020415958949","C17H19N3O3S","[M + H]+",1,0.874041175257158,67.5695928260871,0,67.5695928260871,"26","RSMGOJOYNVIKHB","COC1=C(C(=C(C=C1)C=NNC(=S)NC2=CC=CC=C2)OC)OC","1-Phenyl-3-[(2,3,4-trimethoxyphenyl)methylideneamino]thiourea",3.1,11,-633.574970485728,0.206896551724138,NA,"845245971330019048"
"845246020415958949","C17H19N3O3S","[M + H]+",1,0.874041175257158,67.5695928260871,0,67.5695928260871,"26","HHTWCWCZKQRKRJ","CN1C2=CC=CC=C2N(C3=CC=CC=C3S1(=O)=O)C(=O)CN(C)C","6-Methyl-6,11-dihydro-11-((N,N-dimethylamino)acetyl)dibenzo(c,f)-(1,2,5)-thiadiazepine 5,5-dioxide",1.7,12,-634.255297004795,0.197916666666667,NA,"845245971330019048"
"845246020415958949","C17H19N3O3S","[M + H]+",1,0.874041175257158,67.5695928260871,0,67.5695928260871,"26","RHRSBTVNCCOGDJ","CC1=CC(=NC(=N1)SC(C2=CC=CC=C2)C(=O)O)N3CCOCC3","(2S)-2-(4-methyl-6-morpholin-4-ylpyrimidin-2-yl)sulfanyl-2-phenylacetate",2.8,13,-639.088343684858,0.205741626794258,NA,"845245971330019048"
"845246020415958949","C17H19N3O3S","[M + H]+",1,0.874041175257158,67.5695928260871,0,67.5695928260871,"26","FUYKCLPJJPJJTN","COC1=CC(=C(C=C1C=NNC(=S)NC2=CC=CC=C2)OC)OC","(Phenylcarbamothioylamino)-[(2,4,5-trimethoxyphenyl)methylidene]azanium",3.1,14,-649.017828801222,0.202970297029703,NA,"845245971330019048"
"845246020415958949","C17H19N3O3S","[M + H]+",1,0.874041175257158,67.5695928260871,0,67.5695928260871,"26","YPHDMWLZRDJBET","CC(=O)N1CCC2=CC=CC=C2C1C3=C(N(C(=S)N(C3=O)C)C)O","5-(2-acetyl-1,2,3,4-tetrahydroisoquinolin-1-yl)-6-hydroxy-1,3-dimethyl-2-sulfanylidene-1,2,3,4-tetrahydropyrimidin-4-one",0.9,15,-665.089956007537,0.171052631578947,NA,"845245971330019048"
"845246020415958950","C14H20FN3O4S","[M + H]+",2,0.121032156502191,65.5925216067693,0,65.5925216067693,"26",NA,NA,NA,NA,NA,NA,NA,NA,"845245971330019048"
"845246020415958951","C16H24ClNO3S","[M + H]+",3,0.00475251932162112,62.3551402012052,0,62.3551402012052,"26",NA,NA,NA,NA,NA,NA,NA,NA,"845245971330019048"
"845246020415958952","C14H22ClN4O2S","[M + H]+",4,0.000103623633712514,58.529475489728,0,58.529475489728,"26",NA,NA,NA,NA,NA,NA,NA,NA,"845245971330019048"
"845246020415958953","C14H23N3O3S2","[M + H]+",5,2.74584065915849e-05,57.2013824334107,0,57.2013824334107,"26",NA,NA,NA,NA,NA,NA,NA,NA,"845245971330019048"
"845246020415958954","C13H20BClN2O6","[M + H]+",6,2.19372598205471e-05,56.976896614096,0,56.976896614096,"26",NA,NA,NA,NA,NA,NA,NA,NA,"845245971330019048"
"845246020415958955","C14H16F3N4O3","[M + H]+",7,2.09876154844187e-05,56.9326425862028,2.57669776797089,54.3559448182319,"26",NA,NA,NA,NA,NA,NA,NA,NA,"845245971330019048"
"845246020415958956","C15H13F2N7O","[M + H]+",8,6.7820393633423e-08,51.19781772307,2.72470257318683,48.4731151498832,"26",NA,NA,NA,NA,NA,NA,NA,NA,"845245971330019048"
"845246020415958957","C12H24AsN5O2","[M + H]+",9,2.96791187051261e-08,50.3713985069336,2.96978532643976,47.4016131804939,"26",NA,NA,NA,NA,NA,NA,NA,NA,"845245971330019048"
"845246020415958958","C14H21N2O6S","[M + H]+",10,1.46898849372739e-08,49.6681139397292,0,49.6681139397292,"26",NA,NA,NA,NA,NA,NA,NA,NA,"845245971330019048"
"845246010941026133","C14H20FN3O4S","[M + H]+",1,0.920248163514382,71.3459563656128,0,71.3459563656128,"27",NA,NA,NA,NA,NA,NA,NA,NA,"845245971330019049"
"845246010941026134","C17H19N3O3S","[M + H]+",2,0.0722462728312655,68.8013937275447,0,68.8013937275447,"27","SUBDBMMJDZJVOS","CC1=CN=C(C(=C1OC)C)CS(=O)C2=NC3=C(N2)C=C(C=C3)OC","6-methoxy-2-[(4-methoxy-3,5-dimethylpyridin-2-yl)methanesulfinyl]-1H-1,3-benzodiazole",2.6206226,1,-9.65565592957464,0.983606557377049,0,"845245971330019049"
"845246010941026134","C17H19N3O3S","[M + H]+",2,0.0722462728312655,68.8013937275447,0,68.8013937275447,"27","ZWNARYKSNTWUOM","C1CN(CN1CC2=CC=CC=C2)C(=O)C3=CC=C(C=C3)S(=O)(=O)N","4-[3-(Phenylmethyl)imidazolidin-1-yl]carbonylbenzenesulfonamide",1.3,4,-441.567556290291,0.141509433962264,NA,"845245971330019049"
"845246010941026134","C17H19N3O3S","[M + H]+",2,0.0722462728312655,68.8013937275447,0,68.8013937275447,"27","FDDLMBKEDYPNER","C1CN(CCN1CCC(=O)C2=CC=CS2)C3=CC=C(C=C3)[N+](=O)[O-]","3-[4-(4-Nitrophenyl)piperazino]-1-(2-thienyl)-1-propanone",3,5,-489.287540162236,0.146341463414634,NA,"845245971330019049"
"845246010941026134","C17H19N3O3S","[M + H]+",2,0.0722462728312655,68.8013937275447,0,68.8013937275447,"27","HVGVNYJRZJHYBS","CC1=CC(=C(C=C1)S(=O)(=O)NC2=CC3=C(C=C2)N(C(=O)N3C)C)C","N-(1,3-dimethyl-2-oxo-2,3-dihydro-1H-benzimidazol-5-yl)-2,4-dimethylbenzenesulfonamide",2.2,6,-503.056398482254,0.317647058823529,NA,"845245971330019049"
"845246010941026134","C17H19N3O3S","[M + H]+",2,0.0722462728312655,68.8013937275447,0,68.8013937275447,"27","SJXKOSOSNRUTAX","C1CN(CCN1CC2=CC=CO2)C(=S)NC3=CC4=C(C=C3)OCO4","N-(1,3-benzodioxol-5-yl)-4-(furan-2-ylmethyl)piperazin-4-ium-1-carbothioamide",1.9,7,-506.555361904075,0.23469387755102,NA,"845245971330019049"
"845246010941026134","C17H19N3O3S","[M + H]+",2,0.0722462728312655,68.8013937275447,0,68.8013937275447,"27","LJAVIEUWQYYONW","COC1=CC=C(C=C1)C2=NC(=NC=C2)SCC(=O)N3CCOCC3","2-[[4-(4-Methoxyphenyl)-2-pyrimidinyl]thio]-1-(4-morpholinyl)ethanone",1.8,8,-524.244957216383,0.308056872037915,NA,"845245971330019049"
"845246010941026134","C17H19N3O3S","[M + H]+",2,0.0722462728312655,68.8013937275447,0,68.8013937275447,"27","IBAYUWQIQGOLBX","CCOC1=C(C=CC(=C1)C=NNC(=S)NC2=CC=C(C=C2)OC)O","1-[(3-Ethoxy-4-hydroxyphenyl)methylideneamino]-3-(4-methoxyphenyl)thiourea",3.1,9,-528.529509260852,0.244791666666667,NA,"845245971330019049"
"845246010941026134","C17H19N3O3S","[M + H]+",2,0.0722462728312655,68.8013937275447,0,68.8013937275447,"27","AIBMIQGSVBRQNH","COC1=CC(=CC(=C1OC)OC)C=NNC(=S)NC2=CC=CC=C2","(Phenylcarbamothioylamino)-[(3,4,5-trimethoxyphenyl)methylidene]azanium",3.1,10,-556.240241256708,0.183574879227053,NA,"845245971330019049"
"845246010941026134","C17H19N3O3S","[M + H]+",2,0.0722462728312655,68.8013937275447,0,68.8013937275447,"27","ABBDYGNALLZFNP","COC1=C(C=C(C=C1)C(=O)NNC(=S)NCC2=CC=CC=C2)OC","N-Benzyl-2-(3,4-dimethoxybenzoyl)hydrazinecarbothioamide",2.6,11,-562.069627727059,0.158914728682171,NA,"845245971330019049"
"845246010941026134","C17H19N3O3S","[M + H]+",2,0.0722462728312655,68.8013937275447,0,68.8013937275447,"27","KMCSXFINGGBOFP","C1CN(CC2=CC=CC=C21)CC(=O)NC3=CC=C(C=C3)S(=O)(=O)N","N-(4-sulfamoylphenyl)-2-(1,2,3,4-tetrahydroisoquinolin-2-yl)acetamide",1.3,12,-564.188465435247,0.135021097046413,NA,"845245971330019049"
"845246010941026134","C17H19N3O3S","[M + H]+",2,0.0722462728312655,68.8013937275447,0,68.8013937275447,"27","RSMGOJOYNVIKHB","COC1=C(C(=C(C=C1)C=NNC(=S)NC2=CC=CC=C2)OC)OC","1-Phenyl-3-[(2,3,4-trimethoxyphenyl)methylideneamino]thiourea",3.1,13,-593.665054476842,0.202970297029703,NA,"845245971330019049"
"845246010941026134","C17H19N3O3S","[M + H]+",2,0.0722462728312655,68.8013937275447,0,68.8013937275447,"27","RHRSBTVNCCOGDJ","CC1=CC(=NC(=N1)SC(C2=CC=CC=C2)C(=O)O)N3CCOCC3","(2S)-2-(4-methyl-6-morpholin-4-ylpyrimidin-2-yl)sulfanyl-2-phenylacetate",2.8,14,-604.166868217391,0.207729468599034,NA,"845245971330019049"
"845246010941026134","C17H19N3O3S","[M + H]+",2,0.0722462728312655,68.8013937275447,0,68.8013937275447,"27","HHTWCWCZKQRKRJ","CN1C2=CC=CC=C2N(C3=CC=CC=C3S1(=O)=O)C(=O)CN(C)C","6-Methyl-6,11-dihydro-11-((N,N-dimethylamino)acetyl)dibenzo(c,f)-(1,2,5)-thiadiazepine 5,5-dioxide",1.7,15,-609.290250863106,0.2,NA,"845245971330019049"
"845246010941026134","C17H19N3O3S","[M + H]+",2,0.0722462728312655,68.8013937275447,0,68.8013937275447,"27","FUYKCLPJJPJJTN","COC1=CC(=C(C=C1C=NNC(=S)NC2=CC=CC=C2)OC)OC","(Phenylcarbamothioylamino)-[(2,4,5-trimethoxyphenyl)methylidene]azanium",3.1,16,-609.471371429681,0.205,NA,"845245971330019049"
"845246010941026134","C17H19N3O3S","[M + H]+",2,0.0722462728312655,68.8013937275447,0,68.8013937275447,"27","YPHDMWLZRDJBET","CC(=O)N1CCC2=CC=CC=C2C1C3=C(N(C(=S)N(C3=O)C)C)O","5-(2-acetyl-1,2,3,4-tetrahydroisoquinolin-1-yl)-6-hydroxy-1,3-dimethyl-2-sulfanylidene-1,2,3,4-tetrahydropyrimidin-4-one",0.9,17,-612.465523230535,0.167400881057269,NA,"845245971330019049"
"845246010941026135","C11H18F3N3O6","[M + H]+",3,0.00354418039931331,65.7866199231815,3.35392485905468,62.4326950641268,"27",NA,NA,NA,NA,NA,NA,NA,NA,"845245971330019049"
"845246010941026136","C13H20BClN2O6","[M + H]+",4,0.0014449638553256,64.8893972966294,0,64.8893972966294,"27","RJXOEUFRQATKAB","[B-](C(CC1=CC=C(C=C1)Cl)NC(=O)C)(O)(O)OCC(C(=O)O)N","[(1R)-1-acetamido-2-(4-chlorophenyl)ethyl]-[(2S)-2-amino-3-hydroxy-3-oxo-propoxy]-dihydroxy-boron",0.87474024,2,-347.608229449399,0.2125,Inf,"845245971330019049"
"845246010941026137","C16H24ClNO3S","[M + H]+",5,0.00127847263922727,64.7669791038308,0,64.7669791038308,"27",NA,NA,NA,NA,NA,NA,NA,NA,"845245971330019049"
"845246010941026138","C14H23N3O3S2","[M + H]+",6,0.000491937205178247,63.8119087866064,0,63.8119087866064,"27","WBLFCWDWOFARFH","CC(C)CN1C2CN(CC2OCCS1(=O)=O)CC3=NC=CS3","(5aS,8aR)-1-(2-methylpropyl)-7-(1,3-thiazol-2-ylmethyl)-3,4,5a,6,8,8a-hexahydropyrrolo[3,4-f][1,4,5]oxathiazepine 2,2-dioxide",1,3,-432.879155469885,0.202127659574468,NA,"845245971330019049"
"845246010941026138","C14H23N3O3S2","[M + H]+",6,0.000491937205178247,63.8119087866064,0,63.8119087866064,"27","VDWQLXDLGJSQDR","C1=C(NC=N1)CC(C(=O)O)NC(=O)CCCCC(CCS)S","(2S)-2-[6,8-bis(sulfanyl)octanoylamino]-3-(1H-imidazol-5-yl)propanoic acid",1.3,19,-653.536736769195,0.159817351598174,NA,"845245971330019049"
"845246010941026139","C16H19N3O4Si","[M + H]+",7,0.000212432181911431,62.9721805034922,0,62.9721805034922,"27",NA,NA,NA,NA,NA,NA,NA,NA,"845245971330019049"
"845246010941026140","C14H17F2N3O5","[M + H]+",8,0.000204387434051844,62.9335750892095,1.76641988241979,61.1671552067897,"27",NA,NA,NA,NA,NA,NA,NA,NA,"845245971330019049"
"845246010941026141","C9H15N9O6","[M + H]+",9,0.000158312393109974,62.6781279625891,2.7749324250284,59.9031955375607,"27",NA,NA,NA,NA,NA,NA,NA,NA,"845245971330019049"
"845246010941026142","C12H22F2NO6P","[M + H]+",10,5.77275426909008e-05,61.6692921126299,3.30839497502911,58.3608971376008,"27",NA,NA,NA,NA,NA,NA,NA,NA,"845245971330019049"
"845246005484236559","C17H19N3O3S","[M + H]+",1,0.904342269479455,69.6194362259456,4.12556441646315,65.4938718094824,"28","SUBDBMMJDZJVOS","CC1=CN=C(C(=C1OC)C)CS(=O)C2=NC3=C(N2)C=C(C=C3)OC","6-methoxy-2-[(4-methoxy-3,5-dimethylpyridin-2-yl)methanesulfinyl]-1H-1,3-benzodiazole",2.6206226,1,-6.74589142949612,0.975609756097561,0,"845245971330019050"
"845246005484236559","C17H19N3O3S","[M + H]+",1,0.904342269479455,69.6194362259456,4.12556441646315,65.4938718094824,"28","ZWNARYKSNTWUOM","C1CN(CN1CC2=CC=CC=C2)C(=O)C3=CC=C(C=C3)S(=O)(=O)N","4-[3-(Phenylmethyl)imidazolidin-1-yl]carbonylbenzenesulfonamide",1.3,2,-465.972100236599,0.140845070422535,Inf,"845245971330019050"
"845246005484236559","C17H19N3O3S","[M + H]+",1,0.904342269479455,69.6194362259456,4.12556441646315,65.4938718094824,"28","FDDLMBKEDYPNER","C1CN(CCN1CCC(=O)C2=CC=CS2)C3=CC=C(C=C3)[N+](=O)[O-]","3-[4-(4-Nitrophenyl)piperazino]-1-(2-thienyl)-1-propanone",3,3,-504.846725160872,0.145631067961165,NA,"845245971330019050"
"845246005484236559","C17H19N3O3S","[M + H]+",1,0.904342269479455,69.6194362259456,4.12556441646315,65.4938718094824,"28","SJXKOSOSNRUTAX","C1CN(CCN1CC2=CC=CO2)C(=S)NC3=CC4=C(C=C3)OCO4","N-(1,3-benzodioxol-5-yl)-4-(furan-2-ylmethyl)piperazin-4-ium-1-carbothioamide",1.9,4,-527.090328349399,0.233502538071066,NA,"845245971330019050"
"845246005484236559","C17H19N3O3S","[M + H]+",1,0.904342269479455,69.6194362259456,4.12556441646315,65.4938718094824,"28","HVGVNYJRZJHYBS","CC1=CC(=C(C=C1)S(=O)(=O)NC2=CC3=C(C=C2)N(C(=O)N3C)C)C","N-(1,3-dimethyl-2-oxo-2,3-dihydro-1H-benzimidazol-5-yl)-2,4-dimethylbenzenesulfonamide",2.2,5,-549.922504911049,0.315789473684211,NA,"845245971330019050"
"845246005484236559","C17H19N3O3S","[M + H]+",1,0.904342269479455,69.6194362259456,4.12556441646315,65.4938718094824,"28","LJAVIEUWQYYONW","COC1=CC=C(C=C1)C2=NC(=NC=C2)SCC(=O)N3CCOCC3","2-[[4-(4-Methoxyphenyl)-2-pyrimidinyl]thio]-1-(4-morpholinyl)ethanone",1.8,6,-565.074444678579,0.306603773584906,NA,"845245971330019050"
"845246005484236559","C17H19N3O3S","[M + H]+",1,0.904342269479455,69.6194362259456,4.12556441646315,65.4938718094824,"28","IBAYUWQIQGOLBX","CCOC1=C(C=CC(=C1)C=NNC(=S)NC2=CC=C(C=C2)OC)O","1-[(3-Ethoxy-4-hydroxyphenyl)methylideneamino]-3-(4-methoxyphenyl)thiourea",3.1,7,-577.832520058546,0.243523316062176,NA,"845245971330019050"
"845246005484236559","C17H19N3O3S","[M + H]+",1,0.904342269479455,69.6194362259456,4.12556441646315,65.4938718094824,"28","ABBDYGNALLZFNP","COC1=C(C=C(C=C1)C(=O)NNC(=S)NCC2=CC=CC=C2)OC","N-Benzyl-2-(3,4-dimethoxybenzoyl)hydrazinecarbothioamide",2.6,8,-583.462677757827,0.158301158301158,NA,"845245971330019050"
"845246005484236559","C17H19N3O3S","[M + H]+",1,0.904342269479455,69.6194362259456,4.12556441646315,65.4938718094824,"28","KMCSXFINGGBOFP","C1CN(CC2=CC=CC=C21)CC(=O)NC3=CC=C(C=C3)S(=O)(=O)N","N-(4-sulfamoylphenyl)-2-(1,2,3,4-tetrahydroisoquinolin-2-yl)acetamide",1.3,9,-588.753900347198,0.134453781512605,NA,"845245971330019050"
"845246005484236559","C17H19N3O3S","[M + H]+",1,0.904342269479455,69.6194362259456,4.12556441646315,65.4938718094824,"28","AIBMIQGSVBRQNH","COC1=CC(=CC(=C1OC)OC)C=NNC(=S)NC2=CC=CC=C2","(Phenylcarbamothioylamino)-[(3,4,5-trimethoxyphenyl)methylidene]azanium",3.1,10,-592.434881126685,0.182692307692308,NA,"845245971330019050"
"845246005484236559","C17H19N3O3S","[M + H]+",1,0.904342269479455,69.6194362259456,4.12556441646315,65.4938718094824,"28","HHTWCWCZKQRKRJ","CN1C2=CC=CC=C2N(C3=CC=CC=C3S1(=O)=O)C(=O)CN(C)C","6-Methyl-6,11-dihydro-11-((N,N-dimethylamino)acetyl)dibenzo(c,f)-(1,2,5)-thiadiazepine 5,5-dioxide",1.7,11,-622.376650272539,0.198952879581152,NA,"845245971330019050"
"845246005484236559","C17H19N3O3S","[M + H]+",1,0.904342269479455,69.6194362259456,4.12556441646315,65.4938718094824,"28","RHRSBTVNCCOGDJ","CC1=CC(=NC(=N1)SC(C2=CC=CC=C2)C(=O)O)N3CCOCC3","(2S)-2-(4-methyl-6-morpholin-4-ylpyrimidin-2-yl)sulfanyl-2-phenylacetate",2.8,12,-623.855448523498,0.206730769230769,NA,"845245971330019050"
"845246005484236559","C17H19N3O3S","[M + H]+",1,0.904342269479455,69.6194362259456,4.12556441646315,65.4938718094824,"28","RSMGOJOYNVIKHB","COC1=C(C(=C(C=C1)C=NNC(=S)NC2=CC=CC=C2)OC)OC","1-Phenyl-3-[(2,3,4-trimethoxyphenyl)methylideneamino]thiourea",3.1,13,-631.30813595072,0.201970443349754,NA,"845245971330019050"
"845246005484236559","C17H19N3O3S","[M + H]+",1,0.904342269479455,69.6194362259456,4.12556441646315,65.4938718094824,"28","FUYKCLPJJPJJTN","COC1=CC(=C(C=C1C=NNC(=S)NC2=CC=CC=C2)OC)OC","(Phenylcarbamothioylamino)-[(2,4,5-trimethoxyphenyl)methylidene]azanium",3.1,14,-648.878229530059,0.203980099502488,NA,"845245971330019050"
"845246005484236559","C17H19N3O3S","[M + H]+",1,0.904342269479455,69.6194362259456,4.12556441646315,65.4938718094824,"28","YPHDMWLZRDJBET","CC(=O)N1CCC2=CC=CC=C2C1C3=C(N(C(=S)N(C3=O)C)C)O","5-(2-acetyl-1,2,3,4-tetrahydroisoquinolin-1-yl)-6-hydroxy-1,3-dimethyl-2-sulfanylidene-1,2,3,4-tetrahydropyrimidin-4-one",0.9,15,-666.048671375555,0.171806167400881,NA,"845245971330019050"
"845246005492625168","C14H20FN3O4S","[M + H]+",2,0.0956549859489911,67.3729761420725,4.34499445845267,63.0279816836199,"28",NA,NA,NA,NA,NA,NA,NA,NA,"845245971330019050"
"845246005492625169","C14H16F3N4O3","[M + H]+",3,2.18103724517403e-06,56.68427360573,2.00734796581881,54.6769256399112,"28",NA,NA,NA,NA,NA,NA,NA,NA,"845245971330019050"
"845246005492625170","C14H21N2O6S","[M + H]+",4,5.5300685006319e-07,55.3120881511055,3.68220098819236,51.6298871629131,"28",NA,NA,NA,NA,NA,NA,NA,NA,"845245971330019050"
"845246005492625171","C15H13F2N7O","[M + H]+",5,2.53320950123356e-09,49.9262048389029,3.25901878503092,46.667186053872,"28",NA,NA,NA,NA,NA,NA,NA,NA,"845245971330019050"
"845246005492625172","C12H24AsN5O2","[M + H]+",6,2.3467914292363e-09,49.8497668085218,2.75874259343267,47.0910242150892,"28",NA,NA,NA,NA,NA,NA,NA,NA,"845245971330019050"
"845246005492625173","C14H17F2N3O5","[M + H]+",7,1.95435561532035e-09,49.6667782931382,3.12354295872091,46.5432353344173,"28",NA,NA,NA,NA,NA,NA,NA,NA,"845245971330019050"
"845246005492625174","C17H16FN3O4","[M + H]+",8,1.26097713720567e-09,49.2286046886985,2.41720016696054,46.811404521738,"28",NA,NA,NA,NA,NA,NA,NA,NA,"845245971330019050"
"845246005492625175","C11H18F3N3O6","[M + H]+",9,1.26024222535511e-09,49.228021707398,1.85494469908682,47.3730770083112,"28",NA,NA,NA,NA,NA,NA,NA,NA,"845245971330019050"
"845246005492625176","C16H19N3O4Si","[M + H]+",10,5.91718401201385e-10,48.4719933316525,0.972221570672345,47.4997717609801,"28",NA,NA,NA,NA,NA,NA,NA,NA,"845245971330019050"
"845246039567151043","C17H19N3O3S","[M + H]+",1,0.676299488184684,71.0660030990677,5.41652969673045,65.6494734023373,"29","SUBDBMMJDZJVOS","CC1=CN=C(C(=C1OC)C)CS(=O)C2=NC3=C(N2)C=C(C=C3)OC","6-methoxy-2-[(4-methoxy-3,5-dimethylpyridin-2-yl)methanesulfinyl]-1H-1,3-benzodiazole",2.6206226,1,-5.73815865063873,0.983739837398374,0,"845245971330019051"
"845246039567151043","C17H19N3O3S","[M + H]+",1,0.676299488184684,71.0660030990677,5.41652969673045,65.6494734023373,"29","ZWNARYKSNTWUOM","C1CN(CN1CC2=CC=CC=C2)C(=O)C3=CC=C(C=C3)S(=O)(=O)N","4-[3-(Phenylmethyl)imidazolidin-1-yl]carbonylbenzenesulfonamide",1.3,4,-471.613824122756,0.14018691588785,NA,"845245971330019051"
"845246039567151043","C17H19N3O3S","[M + H]+",1,0.676299488184684,71.0660030990677,5.41652969673045,65.6494734023373,"29","FDDLMBKEDYPNER","C1CN(CCN1CCC(=O)C2=CC=CS2)C3=CC=C(C=C3)[N+](=O)[O-]","3-[4-(4-Nitrophenyl)piperazino]-1-(2-thienyl)-1-propanone",3,7,-502.863095312313,0.144927536231884,NA,"845245971330019051"
"845246039567151043","C17H19N3O3S","[M + H]+",1,0.676299488184684,71.0660030990677,5.41652969673045,65.6494734023373,"29","SJXKOSOSNRUTAX","C1CN(CCN1CC2=CC=CO2)C(=S)NC3=CC4=C(C=C3)OCO4","N-(1,3-benzodioxol-5-yl)-4-(furan-2-ylmethyl)piperazin-4-ium-1-carbothioamide",1.9,10,-523.464708740416,0.232323232323232,NA,"845245971330019051"
"845246039567151043","C17H19N3O3S","[M + H]+",1,0.676299488184684,71.0660030990677,5.41652969673045,65.6494734023373,"29","HVGVNYJRZJHYBS","CC1=CC(=C(C=C1)S(=O)(=O)NC2=CC3=C(C=C2)N(C(=O)N3C)C)C","N-(1,3-dimethyl-2-oxo-2,3-dihydro-1H-benzimidazol-5-yl)-2,4-dimethylbenzenesulfonamide",2.2,11,-541.067466591433,0.313953488372093,NA,"845245971330019051"
"845246039567151043","C17H19N3O3S","[M + H]+",1,0.676299488184684,71.0660030990677,5.41652969673045,65.6494734023373,"29","LJAVIEUWQYYONW","COC1=CC=C(C=C1)C2=NC(=NC=C2)SCC(=O)N3CCOCC3","2-[[4-(4-Methoxyphenyl)-2-pyrimidinyl]thio]-1-(4-morpholinyl)ethanone",1.8,12,-565.941692991614,0.311320754716981,NA,"845245971330019051"
"845246039567151043","C17H19N3O3S","[M + H]+",1,0.676299488184684,71.0660030990677,5.41652969673045,65.6494734023373,"29","IBAYUWQIQGOLBX","CCOC1=C(C=CC(=C1)C=NNC(=S)NC2=CC=C(C=C2)OC)O","1-[(3-Ethoxy-4-hydroxyphenyl)methylideneamino]-3-(4-methoxyphenyl)thiourea",3.1,13,-566.621361316859,0.248704663212435,NA,"845245971330019051"
"845246039567151043","C17H19N3O3S","[M + H]+",1,0.676299488184684,71.0660030990677,5.41652969673045,65.6494734023373,"29","AIBMIQGSVBRQNH","COC1=CC(=CC(=C1OC)OC)C=NNC(=S)NC2=CC=CC=C2","(Phenylcarbamothioylamino)-[(3,4,5-trimethoxyphenyl)methylidene]azanium",3.1,14,-585.355205888615,0.181818181818182,NA,"845245971330019051"
"845246039567151043","C17H19N3O3S","[M + H]+",1,0.676299488184684,71.0660030990677,5.41652969673045,65.6494734023373,"29","KMCSXFINGGBOFP","C1CN(CC2=CC=CC=C21)CC(=O)NC3=CC=C(C=C3)S(=O)(=O)N","N-(4-sulfamoylphenyl)-2-(1,2,3,4-tetrahydroisoquinolin-2-yl)acetamide",1.3,15,-590.178058009858,0.133891213389121,NA,"845245971330019051"
"845246039567151043","C17H19N3O3S","[M + H]+",1,0.676299488184684,71.0660030990677,5.41652969673045,65.6494734023373,"29","ABBDYGNALLZFNP","COC1=C(C=C(C=C1)C(=O)NNC(=S)NCC2=CC=CC=C2)OC","N-Benzyl-2-(3,4-dimethoxybenzoyl)hydrazinecarbothioamide",2.6,16,-591.881149588333,0.162162162162162,NA,"845245971330019051"
"845246039567151043","C17H19N3O3S","[M + H]+",1,0.676299488184684,71.0660030990677,5.41652969673045,65.6494734023373,"29","HHTWCWCZKQRKRJ","CN1C2=CC=CC=C2N(C3=CC=CC=C3S1(=O)=O)C(=O)CN(C)C","6-Methyl-6,11-dihydro-11-((N,N-dimethylamino)acetyl)dibenzo(c,f)-(1,2,5)-thiadiazepine 5,5-dioxide",1.7,17,-626.518341372687,0.197916666666667,NA,"845245971330019051"
"845246039567151043","C17H19N3O3S","[M + H]+",1,0.676299488184684,71.0660030990677,5.41652969673045,65.6494734023373,"29","RSMGOJOYNVIKHB","COC1=C(C(=C(C=C1)C=NNC(=S)NC2=CC=CC=C2)OC)OC","1-Phenyl-3-[(2,3,4-trimethoxyphenyl)methylideneamino]thiourea",3.1,18,-627.797423515611,0.206896551724138,NA,"845245971330019051"
"845246039567151043","C17H19N3O3S","[M + H]+",1,0.676299488184684,71.0660030990677,5.41652969673045,65.6494734023373,"29","RHRSBTVNCCOGDJ","CC1=CC(=NC(=N1)SC(C2=CC=CC=C2)C(=O)O)N3CCOCC3","(2S)-2-(4-methyl-6-morpholin-4-ylpyrimidin-2-yl)sulfanyl-2-phenylacetate",2.8,19,-635.375218605774,0.205741626794258,NA,"845245971330019051"
"845246039567151043","C17H19N3O3S","[M + H]+",1,0.676299488184684,71.0660030990677,5.41652969673045,65.6494734023373,"29","FUYKCLPJJPJJTN","COC1=CC(=C(C=C1C=NNC(=S)NC2=CC=CC=C2)OC)OC","(Phenylcarbamothioylamino)-[(2,4,5-trimethoxyphenyl)methylidene]azanium",3.1,20,-642.199124740088,0.202970297029703,NA,"845245971330019051"
"845246039567151043","C17H19N3O3S","[M + H]+",1,0.676299488184684,71.0660030990677,5.41652969673045,65.6494734023373,"29","YPHDMWLZRDJBET","CC(=O)N1CCC2=CC=CC=C2C1C3=C(N(C(=S)N(C3=O)C)C)O","5-(2-acetyl-1,2,3,4-tetrahydroisoquinolin-1-yl)-6-hydroxy-1,3-dimethyl-2-sulfanylidene-1,2,3,4-tetrahydropyrimidin-4-one",0.9,21,-655.022691392235,0.171052631578947,NA,"845245971330019051"
"845246039567151044","C14H20FN3O4S","[M + H]+",2,0.323662511996529,70.3290684345533,5.6474934630858,64.6815749714675,"29",NA,NA,NA,NA,NA,NA,NA,NA,"845245971330019051"
"845246039567151045","C13H19N3O8","[M + H]+",3,3.32227999426607e-05,61.144848197774,2.02188907587671,59.1229591218973,"29","RSFNVYSVNQERMH","CN1C(=C(C(=O)N(C1=O)C)C=NC2C(C(C(OC2O)CO)O)O)O","2-deoxy-2-{[(1,3-dimethyl-2,4,6-trioxotetrahydropyrimidin-5(2H)-ylidene)methyl]amino}hexopyranose",-3.1,2,-394.777695912225,0.214285714285714,Inf,"845245971330019051"
"845246039567151045","C13H19N3O8","[M + H]+",3,3.32227999426607e-05,61.144848197774,2.02188907587671,59.1229591218973,"29","YXNIEZJFCGTDKV","C1=CN(C(=O)N(C1=O)CCC(C(=O)O)N)C2C(C(C(O2)CO)O)O","2-amino-4-{3-[3,4-dihydroxy-5-(hydroxymethyl)oxolan-2-yl]-2,6-dioxo-1,2,3,6-tetrahydropyrimidin-1-yl}butanoic acid",-3.2040055,3,-401.858416028255,0.19327731092437,NA,"845245971330019051"
"845246039567151045","C13H19N3O8","[M + H]+",3,3.32227999426607e-05,61.144848197774,2.02188907587671,59.1229591218973,"29","QBIKARYQTKNDPS","CC(=NOCC(=O)NCC(=O)O)C1CNC(C1CC(=O)O)C(=O)O","Kaoag",-4.1,5,-476.57073711412,0.167441860465116,NA,"845245971330019051"
"845246039567151045","C13H19N3O8","[M + H]+",3,3.32227999426607e-05,61.144848197774,2.02188907587671,59.1229591218973,"29","ILMLVTGTUJPQFP","C1CC(NC1)C(=O)NC(CC(=O)O)C(=O)NC(CC(=O)O)C(=O)O","2-[[3-Carboxy-2-(pyrrolidine-2-carbonylamino)propanoyl]amino]butanedioic acid",-2.258851,6,-490.12715559122,0.12015503875969,NA,"845245971330019051"
"845246039567151045","C13H19N3O8","[M + H]+",3,3.32227999426607e-05,61.144848197774,2.02188907587671,59.1229591218973,"29","LKIYSIYBKYLKPU","C1CC(N(C1)C(=O)C(CC(=O)O)NC(=O)C(CC(=O)O)N)C(=O)O","1-[2-[(2-Amino-3-carboxypropanoyl)amino]-3-carboxypropanoyl]pyrrolidine-2-carboxylic acid",-2.709041,8,-512.546307398707,0.111864406779661,NA,"845245971330019051"
"845246039567151045","C13H19N3O8","[M + H]+",3,3.32227999426607e-05,61.144848197774,2.02188907587671,59.1229591218973,"29","KESWRFKUZRUTAH","C1CC(N(C1)C(=O)C(CC(=O)O)N)C(=O)NC(CC(=O)O)C(=O)O","2-[[1-(2-Amino-3-carboxypropanoyl)pyrrolidine-2-carbonyl]amino]butanedioic acid",-2.709041,9,-516.619858722057,0.10472972972973,NA,"845245971330019051"
"845246039567151046","C14H23N3O3S2","[M + H]+",4,4.39972113521628e-06,59.1231529728481,0.505822949867325,58.6173300229808,"29",NA,NA,NA,NA,NA,NA,NA,NA,"845245971330019051"
"845246039567151047","C14H16F3N4O3","[M + H]+",5,3.76566921920229e-07,56.664952312219,2.250955197448,54.413997114771,"29",NA,NA,NA,NA,NA,NA,NA,NA,"845245971330019051"
"845246039567151048","C15H13F2N7O","[M + H]+",6,4.75664304675699e-10,49.9908136174812,3.39862803177483,46.5921855857064,"29",NA,NA,NA,NA,NA,NA,NA,NA,"845245971330019051"
"845246039567151049","C14H21N2O6S","[M + H]+",7,1.7777652630049e-10,49.0066285456352,4.131648341503,44.8749802041322,"29",NA,NA,NA,NA,NA,NA,NA,NA,"845245971330019051"
"845246039567151050","C12H24AsN5O2","[M + H]+",8,3.00436655869542e-11,47.2287530973135,2.59245539257543,44.6362977047381,"29",NA,NA,NA,NA,NA,NA,NA,NA,"845245971330019051"
"845246039567151051","C15H24NO4PS","[M + H]+",9,2.16355505447863e-11,46.9004390746322,5.33813915419866,41.5622999204336,"29",NA,NA,NA,NA,NA,NA,NA,NA,"845245971330019051"
"845246039567151052","C11H18F3N3O6","[M + H]+",10,8.66574026966858e-12,45.9854786060068,1.70846737240468,44.2770112336021,"29",NA,NA,NA,NA,NA,NA,NA,NA,"845245971330019051"
"845246009552711499","C17H19N3O3S","[M + H]+",1,0.558655146456923,67.7777976328064,0,67.7777976328064,"30","SUBDBMMJDZJVOS","CC1=CN=C(C(=C1OC)C)CS(=O)C2=NC3=C(N2)C=C(C=C3)OC","6-methoxy-2-[(4-methoxy-3,5-dimethylpyridin-2-yl)methanesulfinyl]-1H-1,3-benzodiazole",2.6206226,1,-10.2669003951683,0.983606557377049,0,"845245971330019052"
"845246009552711499","C17H19N3O3S","[M + H]+",1,0.558655146456923,67.7777976328064,0,67.7777976328064,"30","ZWNARYKSNTWUOM","C1CN(CN1CC2=CC=CC=C2)C(=O)C3=CC=C(C=C3)S(=O)(=O)N","4-[3-(Phenylmethyl)imidazolidin-1-yl]carbonylbenzenesulfonamide",1.3,4,-435.720194195403,0.141509433962264,NA,"845245971330019052"
"845246009552711499","C17H19N3O3S","[M + H]+",1,0.558655146456923,67.7777976328064,0,67.7777976328064,"30","FDDLMBKEDYPNER","C1CN(CCN1CCC(=O)C2=CC=CS2)C3=CC=C(C=C3)[N+](=O)[O-]","3-[4-(4-Nitrophenyl)piperazino]-1-(2-thienyl)-1-propanone",3,5,-483.29151973703,0.146341463414634,NA,"845245971330019052"
"845246009552711499","C17H19N3O3S","[M + H]+",1,0.558655146456923,67.7777976328064,0,67.7777976328064,"30","HVGVNYJRZJHYBS","CC1=CC(=C(C=C1)S(=O)(=O)NC2=CC3=C(C=C2)N(C(=O)N3C)C)C","N-(1,3-dimethyl-2-oxo-2,3-dihydro-1H-benzimidazol-5-yl)-2,4-dimethylbenzenesulfonamide",2.2,6,-491.905993725584,0.317647058823529,NA,"845245971330019052"
"845246009552711499","C17H19N3O3S","[M + H]+",1,0.558655146456923,67.7777976328064,0,67.7777976328064,"30","SJXKOSOSNRUTAX","C1CN(CCN1CC2=CC=CO2)C(=S)NC3=CC4=C(C=C3)OCO4","N-(1,3-benzodioxol-5-yl)-4-(furan-2-ylmethyl)piperazin-4-ium-1-carbothioamide",1.9,7,-504.748907860893,0.23469387755102,NA,"845245971330019052"
"845246009552711499","C17H19N3O3S","[M + H]+",1,0.558655146456923,67.7777976328064,0,67.7777976328064,"30","IBAYUWQIQGOLBX","CCOC1=C(C=CC(=C1)C=NNC(=S)NC2=CC=C(C=C2)OC)O","1-[(3-Ethoxy-4-hydroxyphenyl)methylideneamino]-3-(4-methoxyphenyl)thiourea",3.1,8,-522.249071019292,0.244791666666667,NA,"845245971330019052"
"845246009552711499","C17H19N3O3S","[M + H]+",1,0.558655146456923,67.7777976328064,0,67.7777976328064,"30","LJAVIEUWQYYONW","COC1=CC=C(C=C1)C2=NC(=NC=C2)SCC(=O)N3CCOCC3","2-[[4-(4-Methoxyphenyl)-2-pyrimidinyl]thio]-1-(4-morpholinyl)ethanone",1.8,9,-528.396026924646,0.308056872037915,NA,"845245971330019052"
"845246009552711499","C17H19N3O3S","[M + H]+",1,0.558655146456923,67.7777976328064,0,67.7777976328064,"30","AIBMIQGSVBRQNH","COC1=CC(=CC(=C1OC)OC)C=NNC(=S)NC2=CC=CC=C2","(Phenylcarbamothioylamino)-[(3,4,5-trimethoxyphenyl)methylidene]azanium",3.1,10,-551.448786995059,0.183574879227053,NA,"845245971330019052"
"845246009552711499","C17H19N3O3S","[M + H]+",1,0.558655146456923,67.7777976328064,0,67.7777976328064,"30","KMCSXFINGGBOFP","C1CN(CC2=CC=CC=C21)CC(=O)NC3=CC=C(C=C3)S(=O)(=O)N","N-(4-sulfamoylphenyl)-2-(1,2,3,4-tetrahydroisoquinolin-2-yl)acetamide",1.3,11,-558.638817132952,0.135021097046413,NA,"845245971330019052"
"845246009552711499","C17H19N3O3S","[M + H]+",1,0.558655146456923,67.7777976328064,0,67.7777976328064,"30","ABBDYGNALLZFNP","COC1=C(C=C(C=C1)C(=O)NNC(=S)NCC2=CC=CC=C2)OC","N-Benzyl-2-(3,4-dimethoxybenzoyl)hydrazinecarbothioamide",2.6,12,-565.501167989478,0.158914728682171,NA,"845245971330019052"
"845246009552711499","C17H19N3O3S","[M + H]+",1,0.558655146456923,67.7777976328064,0,67.7777976328064,"30","RSMGOJOYNVIKHB","COC1=C(C(=C(C=C1)C=NNC(=S)NC2=CC=CC=C2)OC)OC","1-Phenyl-3-[(2,3,4-trimethoxyphenyl)methylideneamino]thiourea",3.1,13,-589.96353825784,0.202970297029703,NA,"845245971330019052"
"845246009552711499","C17H19N3O3S","[M + H]+",1,0.558655146456923,67.7777976328064,0,67.7777976328064,"30","RHRSBTVNCCOGDJ","CC1=CC(=NC(=N1)SC(C2=CC=CC=C2)C(=O)O)N3CCOCC3","(2S)-2-(4-methyl-6-morpholin-4-ylpyrimidin-2-yl)sulfanyl-2-phenylacetate",2.8,14,-592.039423019778,0.207729468599034,NA,"845245971330019052"
"845246009552711499","C17H19N3O3S","[M + H]+",1,0.558655146456923,67.7777976328064,0,67.7777976328064,"30","HHTWCWCZKQRKRJ","CN1C2=CC=CC=C2N(C3=CC=CC=C3S1(=O)=O)C(=O)CN(C)C","6-Methyl-6,11-dihydro-11-((N,N-dimethylamino)acetyl)dibenzo(c,f)-(1,2,5)-thiadiazepine 5,5-dioxide",1.7,15,-597.422811237579,0.2,NA,"845245971330019052"
"845246009552711499","C17H19N3O3S","[M + H]+",1,0.558655146456923,67.7777976328064,0,67.7777976328064,"30","YPHDMWLZRDJBET","CC(=O)N1CCC2=CC=CC=C2C1C3=C(N(C(=S)N(C3=O)C)C)O","5-(2-acetyl-1,2,3,4-tetrahydroisoquinolin-1-yl)-6-hydroxy-1,3-dimethyl-2-sulfanylidene-1,2,3,4-tetrahydropyrimidin-4-one",0.9,16,-612.183541859617,0.167400881057269,NA,"845245971330019052"
"845246009552711499","C17H19N3O3S","[M + H]+",1,0.558655146456923,67.7777976328064,0,67.7777976328064,"30","FUYKCLPJJPJJTN","COC1=CC(=C(C=C1C=NNC(=S)NC2=CC=CC=C2)OC)OC","(Phenylcarbamothioylamino)-[(2,4,5-trimethoxyphenyl)methylidene]azanium",3.1,17,-613.095758919443,0.205,NA,"845245971330019052"
"845246009552711500","C14H20FN3O4S","[M + H]+",2,0.374848989765384,67.378788512454,0,67.378788512454,"30",NA,NA,NA,NA,NA,NA,NA,NA,"845245971330019052"
"845246009552711501","C13H20BClN2O6","[M + H]+",3,0.0413538898016711,65.1744317487644,0,65.1744317487644,"30","RJXOEUFRQATKAB","[B-](C(CC1=CC=C(C=C1)Cl)NC(=O)C)(O)(O)OCC(C(=O)O)N","[(1R)-1-acetamido-2-(4-chlorophenyl)ethyl]-[(2S)-2-amino-3-hydroxy-3-oxo-propoxy]-dihydroxy-boron",0.87474024,2,-337.34141092839,0.2375,Inf,"845245971330019052"
"845246009552711502","C16H24ClNO3S","[M + H]+",4,0.0154751031003763,64.191497742477,0,64.191497742477,"30",NA,NA,NA,NA,NA,NA,NA,NA,"845245971330019052"
"845246009552711503","C14H23N3O3S2","[M + H]+",5,0.0086321048840157,63.6077536400318,0,63.6077536400318,"30","WBLFCWDWOFARFH","CC(C)CN1C2CN(CC2OCCS1(=O)=O)CC3=NC=CS3","(5aS,8aR)-1-(2-methylpropyl)-7-(1,3-thiazol-2-ylmethyl)-3,4,5a,6,8,8a-hexahydropyrrolo[3,4-f][1,4,5]oxathiazepine 2,2-dioxide",1,3,-396.171239625531,0.248554913294798,NA,"845245971330019052"
"845246009552711503","C14H23N3O3S2","[M + H]+",5,0.0086321048840157,63.6077536400318,0,63.6077536400318,"30","VDWQLXDLGJSQDR","C1=C(NC=N1)CC(C(=O)O)NC(=O)CCCCC(CCS)S","(2S)-2-[6,8-bis(sulfanyl)octanoylamino]-3-(1H-imidazol-5-yl)propanoic acid",1.3,18,-620.68727532635,0.156398104265403,NA,"845245971330019052"
"845246009552711504","C16H19N3O4Si","[M + H]+",6,0.000478585462260475,60.7153447820236,0,60.7153447820236,"30",NA,NA,NA,NA,NA,NA,NA,NA,"845245971330019052"
"845246009552711505","C9H15N9O6","[M + H]+",7,0.000170845237976834,59.685268088198,0,59.685268088198,"30",NA,NA,NA,NA,NA,NA,NA,NA,"845245971330019052"
"845246009552711506","C14H16F3N4O3","[M + H]+",8,0.000166848476551405,59.6615960570713,1.55694230711903,58.1046537499522,"30",NA,NA,NA,NA,NA,NA,NA,NA,"845245971330019052"
"845246009552711507","C14H22ClN4O2S","[M + H]+",9,8.42796000989992e-05,58.9786498265783,0,58.9786498265783,"30",NA,NA,NA,NA,NA,NA,NA,NA,"845245971330019052"
"845246009552711508","C14H17F2N3O5","[M + H]+",10,5.48104692592219e-05,58.548391203147,1.97165657451264,56.5767346286343,"30",NA,NA,NA,NA,NA,NA,NA,NA,"845245971330019052"
"845246082646847497","C17H19N3O3S","[M + H]+",1,0.653011998626423,55.2155965717792,0,55.2155965717792,"31","SUBDBMMJDZJVOS","CC1=CN=C(C(=C1OC)C)CS(=O)C2=NC3=C(N2)C=C(C=C3)OC","6-methoxy-2-[(4-methoxy-3,5-dimethylpyridin-2-yl)methanesulfinyl]-1H-1,3-benzodiazole",2.6206226,1,-4.67302000286408,0.991803278688525,0,"845245971330019053"
"845246082646847497","C17H19N3O3S","[M + H]+",1,0.653011998626423,55.2155965717792,0,55.2155965717792,"31","ZWNARYKSNTWUOM","C1CN(CN1CC2=CC=CC=C2)C(=O)C3=CC=C(C=C3)S(=O)(=O)N","4-[3-(Phenylmethyl)imidazolidin-1-yl]carbonylbenzenesulfonamide",1.3,7,-468.886595662384,0.140845070422535,NA,"845245971330019053"
"845246082646847497","C17H19N3O3S","[M + H]+",1,0.653011998626423,55.2155965717792,0,55.2155965717792,"31","FDDLMBKEDYPNER","C1CN(CCN1CCC(=O)C2=CC=CS2)C3=CC=C(C=C3)[N+](=O)[O-]","3-[4-(4-Nitrophenyl)piperazino]-1-(2-thienyl)-1-propanone",3,10,-522.09921428643,0.145631067961165,NA,"845245971330019053"
"845246082646847497","C17H19N3O3S","[M + H]+",1,0.653011998626423,55.2155965717792,0,55.2155965717792,"31","SJXKOSOSNRUTAX","C1CN(CCN1CC2=CC=CO2)C(=S)NC3=CC4=C(C=C3)OCO4","N-(1,3-benzodioxol-5-yl)-4-(furan-2-ylmethyl)piperazin-4-ium-1-carbothioamide",1.9,11,-531.052129487247,0.233502538071066,NA,"845245971330019053"
"845246082646847497","C17H19N3O3S","[M + H]+",1,0.653011998626423,55.2155965717792,0,55.2155965717792,"31","HVGVNYJRZJHYBS","CC1=CC(=C(C=C1)S(=O)(=O)NC2=CC3=C(C=C2)N(C(=O)N3C)C)C","N-(1,3-dimethyl-2-oxo-2,3-dihydro-1H-benzimidazol-5-yl)-2,4-dimethylbenzenesulfonamide",2.2,12,-561.564027055793,0.315789473684211,NA,"845245971330019053"
"845246082646847497","C17H19N3O3S","[M + H]+",1,0.653011998626423,55.2155965717792,0,55.2155965717792,"31","LJAVIEUWQYYONW","COC1=CC=C(C=C1)C2=NC(=NC=C2)SCC(=O)N3CCOCC3","2-[[4-(4-Methoxyphenyl)-2-pyrimidinyl]thio]-1-(4-morpholinyl)ethanone",1.8,13,-573.432435890206,0.312796208530806,NA,"845245971330019053"
"845246082646847497","C17H19N3O3S","[M + H]+",1,0.653011998626423,55.2155965717792,0,55.2155965717792,"31","IBAYUWQIQGOLBX","CCOC1=C(C=CC(=C1)C=NNC(=S)NC2=CC=C(C=C2)OC)O","1-[(3-Ethoxy-4-hydroxyphenyl)methylideneamino]-3-(4-methoxyphenyl)thiourea",3.1,14,-574.891791476367,0.25,NA,"845245971330019053"
"845246082646847497","C17H19N3O3S","[M + H]+",1,0.653011998626423,55.2155965717792,0,55.2155965717792,"31","AIBMIQGSVBRQNH","COC1=CC(=CC(=C1OC)OC)C=NNC(=S)NC2=CC=CC=C2","(Phenylcarbamothioylamino)-[(3,4,5-trimethoxyphenyl)methylidene]azanium",3.1,16,-591.071212748699,0.182692307692308,NA,"845245971330019053"
"845246082646847497","C17H19N3O3S","[M + H]+",1,0.653011998626423,55.2155965717792,0,55.2155965717792,"31","KMCSXFINGGBOFP","C1CN(CC2=CC=CC=C21)CC(=O)NC3=CC=C(C=C3)S(=O)(=O)N","N-(4-sulfamoylphenyl)-2-(1,2,3,4-tetrahydroisoquinolin-2-yl)acetamide",1.3,17,-593.103135950426,0.134453781512605,NA,"845245971330019053"
"845246082646847497","C17H19N3O3S","[M + H]+",1,0.653011998626423,55.2155965717792,0,55.2155965717792,"31","ABBDYGNALLZFNP","COC1=C(C=C(C=C1)C(=O)NNC(=S)NCC2=CC=CC=C2)OC","N-Benzyl-2-(3,4-dimethoxybenzoyl)hydrazinecarbothioamide",2.6,18,-595.968781271226,0.162790697674419,NA,"845245971330019053"
"845246082646847497","C17H19N3O3S","[M + H]+",1,0.653011998626423,55.2155965717792,0,55.2155965717792,"31","RSMGOJOYNVIKHB","COC1=C(C(=C(C=C1)C=NNC(=S)NC2=CC=CC=C2)OC)OC","1-Phenyl-3-[(2,3,4-trimethoxyphenyl)methylideneamino]thiourea",3.1,19,-635.170177591741,0.207920792079208,NA,"845245971330019053"
"845246082646847497","C17H19N3O3S","[M + H]+",1,0.653011998626423,55.2155965717792,0,55.2155965717792,"31","HHTWCWCZKQRKRJ","CN1C2=CC=CC=C2N(C3=CC=CC=C3S1(=O)=O)C(=O)CN(C)C","6-Methyl-6,11-dihydro-11-((N,N-dimethylamino)acetyl)dibenzo(c,f)-(1,2,5)-thiadiazepine 5,5-dioxide",1.7,20,-638.001702609168,0.198952879581152,NA,"845245971330019053"
"845246082646847497","C17H19N3O3S","[M + H]+",1,0.653011998626423,55.2155965717792,0,55.2155965717792,"31","FUYKCLPJJPJJTN","COC1=CC(=C(C=C1C=NNC(=S)NC2=CC=CC=C2)OC)OC","(Phenylcarbamothioylamino)-[(2,4,5-trimethoxyphenyl)methylidene]azanium",3.1,21,-643.308162556376,0.203980099502488,NA,"845245971330019053"
"845246082646847497","C17H19N3O3S","[M + H]+",1,0.653011998626423,55.2155965717792,0,55.2155965717792,"31","RHRSBTVNCCOGDJ","CC1=CC(=NC(=N1)SC(C2=CC=CC=C2)C(=O)O)N3CCOCC3","(2S)-2-(4-methyl-6-morpholin-4-ylpyrimidin-2-yl)sulfanyl-2-phenylacetate",2.8,22,-646.212851907174,0.206730769230769,NA,"845245971330019053"
"845246082646847497","C17H19N3O3S","[M + H]+",1,0.653011998626423,55.2155965717792,0,55.2155965717792,"31","YPHDMWLZRDJBET","CC(=O)N1CCC2=CC=CC=C2C1C3=C(N(C(=S)N(C3=O)C)C)O","5-(2-acetyl-1,2,3,4-tetrahydroisoquinolin-1-yl)-6-hydroxy-1,3-dimethyl-2-sulfanylidene-1,2,3,4-tetrahydropyrimidin-4-one",0.9,23,-662.877382344384,0.166666666666667,NA,"845245971330019053"
"845246082646847498","C14H20FN3O4S","[M + H]+",2,0.270969186215316,54.3360061784646,0.0547224484514608,54.2812837300131,"31",NA,NA,NA,NA,NA,NA,NA,NA,"845245971330019053"
"845246082646847499","C14H23N3O3S2","[M + H]+",3,0.0277023022885628,52.0555165929022,0,52.0555165929022,"31","WBLFCWDWOFARFH","CC(C)CN1C2CN(CC2OCCS1(=O)=O)CC3=NC=CS3","(5aS,8aR)-1-(2-methylpropyl)-7-(1,3-thiazol-2-ylmethyl)-3,4,5a,6,8,8a-hexahydropyrrolo[3,4-f][1,4,5]oxathiazepine 2,2-dioxide",1,15,-588.469424258251,0.183098591549296,NA,"845245971330019053"
"845246082646847499","C14H23N3O3S2","[M + H]+",3,0.0277023022885628,52.0555165929022,0,52.0555165929022,"31","VDWQLXDLGJSQDR","C1=C(NC=N1)CC(C(=O)O)NC(=O)CCCCC(CCS)S","(2S)-2-[6,8-bis(sulfanyl)octanoylamino]-3-(1H-imidazol-5-yl)propanoic acid",1.3,28,-771.178510582661,0.152263374485597,NA,"845245971330019053"
"845246082646847500","C13H19N3O8","[M + H]+",4,0.0245427605951864,51.9344179946994,2.66285231878728,49.2715656759121,"31","RSFNVYSVNQERMH","CN1C(=C(C(=O)N(C1=O)C)C=NC2C(C(C(OC2O)CO)O)O)O","2-deoxy-2-{[(1,3-dimethyl-2,4,6-trioxotetrahydropyrimidin-5(2H)-ylidene)methyl]amino}hexopyranose",-3.1,2,-354.676949214279,0.232804232804233,Inf,"845245971330019053"
"845246082646847500","C13H19N3O8","[M + H]+",4,0.0245427605951864,51.9344179946994,2.66285231878728,49.2715656759121,"31","YXNIEZJFCGTDKV","C1=CN(C(=O)N(C1=O)CCC(C(=O)O)N)C2C(C(C(O2)CO)O)O","2-amino-4-{3-[3,4-dihydroxy-5-(hydroxymethyl)oxolan-2-yl]-2,6-dioxo-1,2,3,6-tetrahydropyrimidin-1-yl}butanoic acid",-3.2040055,3,-379.859593666236,0.207792207792208,NA,"845245971330019053"
"845246082646847500","C13H19N3O8","[M + H]+",4,0.0245427605951864,51.9344179946994,2.66285231878728,49.2715656759121,"31","QBIKARYQTKNDPS","CC(=NOCC(=O)NCC(=O)O)C1CNC(C1CC(=O)O)C(=O)O","Kaoag",-4.1,5,-402.672796676405,0.171428571428571,NA,"845245971330019053"
"845246082646847500","C13H19N3O8","[M + H]+",4,0.0245427605951864,51.9344179946994,2.66285231878728,49.2715656759121,"31","ILMLVTGTUJPQFP","C1CC(NC1)C(=O)NC(CC(=O)O)C(=O)NC(CC(=O)O)C(=O)O","2-[[3-Carboxy-2-(pyrrolidine-2-carbonylamino)propanoyl]amino]butanedioic acid",-2.258851,6,-454.018383041527,0.109375,NA,"845245971330019053"
"845246082646847500","C13H19N3O8","[M + H]+",4,0.0245427605951864,51.9344179946994,2.66285231878728,49.2715656759121,"31","LKIYSIYBKYLKPU","C1CC(N(C1)C(=O)C(CC(=O)O)NC(=O)C(CC(=O)O)N)C(=O)O","1-[2-[(2-Amino-3-carboxypropanoyl)amino]-3-carboxypropanoyl]pyrrolidine-2-carboxylic acid",-2.709041,8,-509.922793077942,0.102389078498294,NA,"845245971330019053"
"845246082646847500","C13H19N3O8","[M + H]+",4,0.0245427605951864,51.9344179946994,2.66285231878728,49.2715656759121,"31","KESWRFKUZRUTAH","C1CC(N(C1)C(=O)C(CC(=O)O)N)C(=O)NC(CC(=O)O)C(=O)O","2-[[1-(2-Amino-3-carboxypropanoyl)pyrrolidine-2-carbonyl]amino]butanedioic acid",-2.709041,9,-517.078398621928,0.0952380952380952,NA,"845245971330019053"
"845246082646847501","C16H24ClNO3S","[M + H]+",5,0.0191586652717338,51.6867561759416,0,51.6867561759416,"31",NA,NA,NA,NA,NA,NA,NA,NA,"845245971330019053"
"845246082646847502","C13H20BClN2O6","[M + H]+",6,0.00272022099096926,49.7347141917396,0,49.7347141917396,"31","RJXOEUFRQATKAB","[B-](C(CC1=CC=C(C=C1)Cl)NC(=O)C)(O)(O)OCC(C(=O)O)N","[(1R)-1-acetamido-2-(4-chlorophenyl)ethyl]-[(2S)-2-amino-3-hydroxy-3-oxo-propoxy]-dihydroxy-boron",0.87474024,4,-402.58476345362,0.205882352941176,NA,"845245971330019053"
"845246082646847503","C14H16F3N4O3","[M + H]+",7,0.00168725847693245,49.2571060767927,2.63748739644128,46.6196186803514,"31",NA,NA,NA,NA,NA,NA,NA,NA,"845245971330019053"
"845246082646847504","C14H22ClN4O2S","[M + H]+",8,0.000177774822926751,47.0067634987866,0,47.0067634987866,"31",NA,NA,NA,NA,NA,NA,NA,NA,"845245971330019053"
"845246082646847505","C15H13F2N7O","[M + H]+",9,2.15570230926069e-05,44.8969474500955,2.90143745460808,41.9955099954874,"31",NA,NA,NA,NA,NA,NA,NA,NA,"845245971330019053"
"845246082646847506","C12H14F3N7O2","[M + H]+",10,2.05117167056146e-06,42.5446569655652,3.07924987325241,39.4654070923128,"31",NA,NA,NA,NA,NA,NA,NA,NA,"845245971330019053"
"845246019887476625","C17H19N3O3S","[M + H]+",1,0.933570931736007,64.5168909112649,0,64.5168909112649,"32","SUBDBMMJDZJVOS","CC1=CN=C(C(=C1OC)C)CS(=O)C2=NC3=C(N2)C=C(C=C3)OC","6-methoxy-2-[(4-methoxy-3,5-dimethylpyridin-2-yl)methanesulfinyl]-1H-1,3-benzodiazole",2.6206226,1,-5.02702073290412,0.991803278688525,0,"845245971330019054"
"845246019887476625","C17H19N3O3S","[M + H]+",1,0.933570931736007,64.5168909112649,0,64.5168909112649,"32","ZWNARYKSNTWUOM","C1CN(CN1CC2=CC=CC=C2)C(=O)C3=CC=C(C=C3)S(=O)(=O)N","4-[3-(Phenylmethyl)imidazolidin-1-yl]carbonylbenzenesulfonamide",1.3,2,-472.502181275707,0.140845070422535,Inf,"845245971330019054"
"845246019887476625","C17H19N3O3S","[M + H]+",1,0.933570931736007,64.5168909112649,0,64.5168909112649,"32","FDDLMBKEDYPNER","C1CN(CCN1CCC(=O)C2=CC=CS2)C3=CC=C(C=C3)[N+](=O)[O-]","3-[4-(4-Nitrophenyl)piperazino]-1-(2-thienyl)-1-propanone",3,3,-515.88316500199,0.145631067961165,NA,"845245971330019054"
"845246019887476625","C17H19N3O3S","[M + H]+",1,0.933570931736007,64.5168909112649,0,64.5168909112649,"32","SJXKOSOSNRUTAX","C1CN(CCN1CC2=CC=CO2)C(=S)NC3=CC4=C(C=C3)OCO4","N-(1,3-benzodioxol-5-yl)-4-(furan-2-ylmethyl)piperazin-4-ium-1-carbothioamide",1.9,4,-528.384690951646,0.233502538071066,NA,"845245971330019054"
"845246019887476625","C17H19N3O3S","[M + H]+",1,0.933570931736007,64.5168909112649,0,64.5168909112649,"32","HVGVNYJRZJHYBS","CC1=CC(=C(C=C1)S(=O)(=O)NC2=CC3=C(C=C2)N(C(=O)N3C)C)C","N-(1,3-dimethyl-2-oxo-2,3-dihydro-1H-benzimidazol-5-yl)-2,4-dimethylbenzenesulfonamide",2.2,5,-562.624550150591,0.315789473684211,NA,"845245971330019054"
"845246019887476625","C17H19N3O3S","[M + H]+",1,0.933570931736007,64.5168909112649,0,64.5168909112649,"32","LJAVIEUWQYYONW","COC1=CC=C(C=C1)C2=NC(=NC=C2)SCC(=O)N3CCOCC3","2-[[4-(4-Methoxyphenyl)-2-pyrimidinyl]thio]-1-(4-morpholinyl)ethanone",1.8,6,-567.824820451323,0.312796208530806,NA,"845245971330019054"
"845246019887476625","C17H19N3O3S","[M + H]+",1,0.933570931736007,64.5168909112649,0,64.5168909112649,"32","IBAYUWQIQGOLBX","CCOC1=C(C=CC(=C1)C=NNC(=S)NC2=CC=C(C=C2)OC)O","1-[(3-Ethoxy-4-hydroxyphenyl)methylideneamino]-3-(4-methoxyphenyl)thiourea",3.1,7,-575.605775964785,0.25,NA,"845245971330019054"
"845246019887476625","C17H19N3O3S","[M + H]+",1,0.933570931736007,64.5168909112649,0,64.5168909112649,"32","ABBDYGNALLZFNP","COC1=C(C=C(C=C1)C(=O)NNC(=S)NCC2=CC=CC=C2)OC","N-Benzyl-2-(3,4-dimethoxybenzoyl)hydrazinecarbothioamide",2.6,8,-588.033307697012,0.162790697674419,NA,"845245971330019054"
"845246019887476625","C17H19N3O3S","[M + H]+",1,0.933570931736007,64.5168909112649,0,64.5168909112649,"32","AIBMIQGSVBRQNH","COC1=CC(=CC(=C1OC)OC)C=NNC(=S)NC2=CC=CC=C2","(Phenylcarbamothioylamino)-[(3,4,5-trimethoxyphenyl)methylidene]azanium",3.1,9,-591.031177803818,0.182692307692308,NA,"845245971330019054"
"845246019887476625","C17H19N3O3S","[M + H]+",1,0.933570931736007,64.5168909112649,0,64.5168909112649,"32","KMCSXFINGGBOFP","C1CN(CC2=CC=CC=C21)CC(=O)NC3=CC=C(C=C3)S(=O)(=O)N","N-(4-sulfamoylphenyl)-2-(1,2,3,4-tetrahydroisoquinolin-2-yl)acetamide",1.3,10,-595.290409147797,0.134453781512605,NA,"845245971330019054"
"845246019887476625","C17H19N3O3S","[M + H]+",1,0.933570931736007,64.5168909112649,0,64.5168909112649,"32","RSMGOJOYNVIKHB","COC1=C(C(=C(C=C1)C=NNC(=S)NC2=CC=CC=C2)OC)OC","1-Phenyl-3-[(2,3,4-trimethoxyphenyl)methylideneamino]thiourea",3.1,11,-630.930003117527,0.207920792079208,NA,"845245971330019054"
"845246019887476625","C17H19N3O3S","[M + H]+",1,0.933570931736007,64.5168909112649,0,64.5168909112649,"32","HHTWCWCZKQRKRJ","CN1C2=CC=CC=C2N(C3=CC=CC=C3S1(=O)=O)C(=O)CN(C)C","6-Methyl-6,11-dihydro-11-((N,N-dimethylamino)acetyl)dibenzo(c,f)-(1,2,5)-thiadiazepine 5,5-dioxide",1.7,12,-634.747652790596,0.198952879581152,NA,"845245971330019054"
"845246019887476625","C17H19N3O3S","[M + H]+",1,0.933570931736007,64.5168909112649,0,64.5168909112649,"32","RHRSBTVNCCOGDJ","CC1=CC(=NC(=N1)SC(C2=CC=CC=C2)C(=O)O)N3CCOCC3","(2S)-2-(4-methyl-6-morpholin-4-ylpyrimidin-2-yl)sulfanyl-2-phenylacetate",2.8,13,-639.957925403232,0.206730769230769,NA,"845245971330019054"
"845246019887476625","C17H19N3O3S","[M + H]+",1,0.933570931736007,64.5168909112649,0,64.5168909112649,"32","FUYKCLPJJPJJTN","COC1=CC(=C(C=C1C=NNC(=S)NC2=CC=CC=C2)OC)OC","(Phenylcarbamothioylamino)-[(2,4,5-trimethoxyphenyl)methylidene]azanium",3.1,14,-647.227622765002,0.203980099502488,NA,"845245971330019054"
"845246019887476625","C17H19N3O3S","[M + H]+",1,0.933570931736007,64.5168909112649,0,64.5168909112649,"32","YPHDMWLZRDJBET","CC(=O)N1CCC2=CC=CC=C2C1C3=C(N(C(=S)N(C3=O)C)C)O","5-(2-acetyl-1,2,3,4-tetrahydroisoquinolin-1-yl)-6-hydroxy-1,3-dimethyl-2-sulfanylidene-1,2,3,4-tetrahydropyrimidin-4-one",0.9,15,-665.665349260401,0.166666666666667,NA,"845245971330019054"
"845246019887476626","C14H20FN3O4S","[M + H]+",2,0.0664285308822688,61.8740006126074,0,61.8740006126074,"32",NA,NA,NA,NA,NA,NA,NA,NA,"845245971330019054"
"845246019887476627","C14H16F3N4O3","[M + H]+",3,4.34971239859692e-07,49.9376433221236,0,49.9376433221236,"32",NA,NA,NA,NA,NA,NA,NA,NA,"845245971330019054"
"845246019887476628","C12H24AsN5O2","[M + H]+",4,8.27616353453365e-08,48.2783280212613,2.9850894974229,45.2932385238384,"32",NA,NA,NA,NA,NA,NA,NA,NA,"845245971330019054"
"845246019887476629","C14H21N2O6S","[M + H]+",5,9.61614220195469e-09,46.125806574226,0,46.125806574226,"32",NA,NA,NA,NA,NA,NA,NA,NA,"845245971330019054"
"845246019887476630","C11H18F3N3O6","[M + H]+",6,3.20691444649462e-09,45.0276726517266,0,45.0276726517266,"32",NA,NA,NA,NA,NA,NA,NA,NA,"845245971330019054"
"845246019887476631","C9H15N9O6","[M + H]+",7,2.41500332547292e-09,44.7440640725967,0,44.7440640725967,"32",NA,NA,NA,NA,NA,NA,NA,NA,"845245971330019054"
"845246019887476632","C15H13F2N7O","[M + H]+",8,1.35314644183326e-09,44.1647959867274,0,44.1647959867274,"32",NA,NA,NA,NA,NA,NA,NA,NA,"845245971330019054"
"845246019887476633","C14H17F2N3O5","[M + H]+",9,1.22443983169112e-09,44.0648468676457,0,44.0648468676457,"32",NA,NA,NA,NA,NA,NA,NA,NA,"845245971330019054"
"845246019887476634","C17H16FN3O4","[M + H]+",10,1.20075724628342e-09,44.045315804828,0,44.045315804828,"32",NA,NA,NA,NA,NA,NA,NA,NA,"845245971330019054"
"845246036337536953","C17H19N3O3S","[M + H]+",1,0.869827997207175,67.7924680622741,0,67.7924680622741,"33","SUBDBMMJDZJVOS","CC1=CN=C(C(=C1OC)C)CS(=O)C2=NC3=C(N2)C=C(C=C3)OC","6-methoxy-2-[(4-methoxy-3,5-dimethylpyridin-2-yl)methanesulfinyl]-1H-1,3-benzodiazole",2.6206226,1,-5.41504864752306,0.983739837398374,0,"845245971330019055"
"845246036337536953","C17H19N3O3S","[M + H]+",1,0.869827997207175,67.7924680622741,0,67.7924680622741,"33","ZWNARYKSNTWUOM","C1CN(CN1CC2=CC=CC=C2)C(=O)C3=CC=C(C=C3)S(=O)(=O)N","4-[3-(Phenylmethyl)imidazolidin-1-yl]carbonylbenzenesulfonamide",1.3,2,-476.192592950347,0.14018691588785,Inf,"845245971330019055"
"845246036337536953","C17H19N3O3S","[M + H]+",1,0.869827997207175,67.7924680622741,0,67.7924680622741,"33","FDDLMBKEDYPNER","C1CN(CCN1CCC(=O)C2=CC=CS2)C3=CC=C(C=C3)[N+](=O)[O-]","3-[4-(4-Nitrophenyl)piperazino]-1-(2-thienyl)-1-propanone",3,3,-511.007990943738,0.144927536231884,NA,"845245971330019055"
"845246036337536953","C17H19N3O3S","[M + H]+",1,0.869827997207175,67.7924680622741,0,67.7924680622741,"33","SJXKOSOSNRUTAX","C1CN(CCN1CC2=CC=CO2)C(=S)NC3=CC4=C(C=C3)OCO4","N-(1,3-benzodioxol-5-yl)-4-(furan-2-ylmethyl)piperazin-4-ium-1-carbothioamide",1.9,4,-529.489127792721,0.232323232323232,NA,"845245971330019055"
"845246036337536953","C17H19N3O3S","[M + H]+",1,0.869827997207175,67.7924680622741,0,67.7924680622741,"33","HVGVNYJRZJHYBS","CC1=CC(=C(C=C1)S(=O)(=O)NC2=CC3=C(C=C2)N(C(=O)N3C)C)C","N-(1,3-dimethyl-2-oxo-2,3-dihydro-1H-benzimidazol-5-yl)-2,4-dimethylbenzenesulfonamide",2.2,6,-557.510958389295,0.313953488372093,NA,"845245971330019055"
"845246036337536953","C17H19N3O3S","[M + H]+",1,0.869827997207175,67.7924680622741,0,67.7924680622741,"33","LJAVIEUWQYYONW","COC1=CC=C(C=C1)C2=NC(=NC=C2)SCC(=O)N3CCOCC3","2-[[4-(4-Methoxyphenyl)-2-pyrimidinyl]thio]-1-(4-morpholinyl)ethanone",1.8,7,-575.121284004784,0.311320754716981,NA,"845245971330019055"
"845246036337536953","C17H19N3O3S","[M + H]+",1,0.869827997207175,67.7924680622741,0,67.7924680622741,"33","IBAYUWQIQGOLBX","CCOC1=C(C=CC(=C1)C=NNC(=S)NC2=CC=C(C=C2)OC)O","1-[(3-Ethoxy-4-hydroxyphenyl)methylideneamino]-3-(4-methoxyphenyl)thiourea",3.1,8,-578.893688723339,0.248704663212435,NA,"845245971330019055"
"845246036337536953","C17H19N3O3S","[M + H]+",1,0.869827997207175,67.7924680622741,0,67.7924680622741,"33","AIBMIQGSVBRQNH","COC1=CC(=CC(=C1OC)OC)C=NNC(=S)NC2=CC=CC=C2","(Phenylcarbamothioylamino)-[(3,4,5-trimethoxyphenyl)methylidene]azanium",3.1,9,-594.294536497848,0.181818181818182,NA,"845245971330019055"
"845246036337536953","C17H19N3O3S","[M + H]+",1,0.869827997207175,67.7924680622741,0,67.7924680622741,"33","ABBDYGNALLZFNP","COC1=C(C=C(C=C1)C(=O)NNC(=S)NCC2=CC=CC=C2)OC","N-Benzyl-2-(3,4-dimethoxybenzoyl)hydrazinecarbothioamide",2.6,10,-595.019002658482,0.162162162162162,NA,"845245971330019055"
"845246036337536953","C17H19N3O3S","[M + H]+",1,0.869827997207175,67.7924680622741,0,67.7924680622741,"33","KMCSXFINGGBOFP","C1CN(CC2=CC=CC=C21)CC(=O)NC3=CC=C(C=C3)S(=O)(=O)N","N-(4-sulfamoylphenyl)-2-(1,2,3,4-tetrahydroisoquinolin-2-yl)acetamide",1.3,11,-597.54761796721,0.133891213389121,NA,"845245971330019055"
"845246036337536953","C17H19N3O3S","[M + H]+",1,0.869827997207175,67.7924680622741,0,67.7924680622741,"33","RSMGOJOYNVIKHB","COC1=C(C(=C(C=C1)C=NNC(=S)NC2=CC=CC=C2)OC)OC","1-Phenyl-3-[(2,3,4-trimethoxyphenyl)methylideneamino]thiourea",3.1,12,-633.131819716913,0.206896551724138,NA,"845245971330019055"
"845246036337536953","C17H19N3O3S","[M + H]+",1,0.869827997207175,67.7924680622741,0,67.7924680622741,"33","HHTWCWCZKQRKRJ","CN1C2=CC=CC=C2N(C3=CC=CC=C3S1(=O)=O)C(=O)CN(C)C","6-Methyl-6,11-dihydro-11-((N,N-dimethylamino)acetyl)dibenzo(c,f)-(1,2,5)-thiadiazepine 5,5-dioxide",1.7,13,-634.353464227889,0.197916666666667,NA,"845245971330019055"
"845246036337536953","C17H19N3O3S","[M + H]+",1,0.869827997207175,67.7924680622741,0,67.7924680622741,"33","RHRSBTVNCCOGDJ","CC1=CC(=NC(=N1)SC(C2=CC=CC=C2)C(=O)O)N3CCOCC3","(2S)-2-(4-methyl-6-morpholin-4-ylpyrimidin-2-yl)sulfanyl-2-phenylacetate",2.8,14,-639.974950774811,0.205741626794258,NA,"845245971330019055"
"845246036337536953","C17H19N3O3S","[M + H]+",1,0.869827997207175,67.7924680622741,0,67.7924680622741,"33","FUYKCLPJJPJJTN","COC1=CC(=C(C=C1C=NNC(=S)NC2=CC=CC=C2)OC)OC","(Phenylcarbamothioylamino)-[(2,4,5-trimethoxyphenyl)methylidene]azanium",3.1,15,-648.812022564048,0.202970297029703,NA,"845245971330019055"
"845246036337536953","C17H19N3O3S","[M + H]+",1,0.869827997207175,67.7924680622741,0,67.7924680622741,"33","YPHDMWLZRDJBET","CC(=O)N1CCC2=CC=CC=C2C1C3=C(N(C(=S)N(C3=O)C)C)O","5-(2-acetyl-1,2,3,4-tetrahydroisoquinolin-1-yl)-6-hydroxy-1,3-dimethyl-2-sulfanylidene-1,2,3,4-tetrahydropyrimidin-4-one",0.9,16,-665.841262522902,0.171052631578947,NA,"845245971330019055"
"845246036337536954","C14H20FN3O4S","[M + H]+",2,0.124921254708843,65.8518561509945,0.0524859102055735,65.799370240789,"33",NA,NA,NA,NA,NA,NA,NA,NA,"845245971330019055"
"845246036337536955","C16H24ClNO3S","[M + H]+",3,0.00475587258827955,62.5835527633203,0,62.5835527633203,"33",NA,NA,NA,NA,NA,NA,NA,NA,"845245971330019055"
"845246036337536956","C14H23N3O3S2","[M + H]+",4,0.000376085540526003,60.0462339144633,0,60.0462339144633,"33","WBLFCWDWOFARFH","CC(C)CN1C2CN(CC2OCCS1(=O)=O)CC3=NC=CS3","(5aS,8aR)-1-(2-methylpropyl)-7-(1,3-thiazol-2-ylmethyl)-3,4,5a,6,8,8a-hexahydropyrrolo[3,4-f][1,4,5]oxathiazepine 2,2-dioxide",1,5,-546.278916560666,0.18957345971564,NA,"845245971330019055"
"845246036337536956","C14H23N3O3S2","[M + H]+",4,0.000376085540526003,60.0462339144633,0,60.0462339144633,"33","VDWQLXDLGJSQDR","C1=C(NC=N1)CC(C(=O)O)NC(=O)CCCCC(CCS)S","(2S)-2-[6,8-bis(sulfanyl)octanoylamino]-3-(1H-imidazol-5-yl)propanoic acid",1.3,20,-724.416346440813,0.152892561983471,NA,"845245971330019055"
"845246036337536957","C14H22ClN4O2S","[M + H]+",5,9.53717029496116e-05,58.6741992152204,0,58.6741992152204,"33",NA,NA,NA,NA,NA,NA,NA,NA,"845245971330019055"
"845246036337536958","C13H20BClN2O6","[M + H]+",6,1.27292494909455e-05,56.6603197504452,0,56.6603197504452,"33",NA,NA,NA,NA,NA,NA,NA,NA,"845245971330019055"
"845246036337536959","C14H16F3N4O3","[M + H]+",7,1.05975463051971e-05,56.4770397892295,2.63081343703935,53.8462263521901,"33",NA,NA,NA,NA,NA,NA,NA,NA,"845245971330019055"
"845246036337536960","C15H13F2N7O","[M + H]+",8,4.8124253451224e-08,51.0824482963526,2.89922245259393,48.1832258437587,"33",NA,NA,NA,NA,NA,NA,NA,NA,"845245971330019055"
"845246036337536961","C12H24AsN5O2","[M + H]+",9,2.19520552583725e-08,50.2975227853435,2.86641776122209,47.4311050241214,"33",NA,NA,NA,NA,NA,NA,NA,NA,"845245971330019055"
"845246036337536962","C11H18F3N3O6","[M + H]+",10,9.36426855339855e-09,49.4455632451306,2.31144687309652,47.134116372034,"33",NA,NA,NA,NA,NA,NA,NA,NA,"845245971330019055"
"845246087499657235","C17H16FN3O4","[M + H]+",1,0.84312443336348,59.8157264239457,2.28379406574489,57.5319323582008,"34","FVCPNISTSVVUPX","COC1=CC(=C(C=C1)O)C=NNC(=O)CNC(=O)C2=CC=C(C=C2)F","4-fluoro-N-[2-[(2Z)-2-[(2-hydroxy-5-methoxyphenyl)methylidene]hydrazinyl]-2-oxoethyl]benzamide",1.9,3,-316.49745909048,0.268156424581006,NA,"845245971330019056"
"845246087499657235","C17H16FN3O4","[M + H]+",1,0.84312443336348,59.8157264239457,2.28379406574489,57.5319323582008,"34","HAZCGTFRKOCWQZ","CC(=O)NC(CC1=CC=C(C=C1)F)C(=O)NC2=CC=C(C=C2)[N+](=O)[O-]","2-Acetamido-3-(4-fluorophenyl)-N-(4-nitrophenyl)propanamide (3c)",2.7804983,4,-361.113276701631,0.17,NA,"845245971330019056"
"845246087499657235","C17H16FN3O4","[M + H]+",1,0.84312443336348,59.8157264239457,2.28379406574489,57.5319323582008,"34","RYUXKVAKPFRBTB","CC(=O)NC(CC1=CC=CC=C1F)C(=O)NC2=CC=C(C=C2)[N+](=O)[O-]","2-Acetamido-3-(2-fluorophenyl)-N-(4-nitrophenyl)propanamide (1c)",2.4,5,-373.583927052485,0.170984455958549,NA,"845245971330019056"
"845246087499657235","C17H16FN3O4","[M + H]+",1,0.84312443336348,59.8157264239457,2.28379406574489,57.5319323582008,"34","ZBLZEVQPDZRXNP","COC1=CC=CC(=C1O)C=NNC(=O)CNC(=O)C2=CC=C(C=C2)F","4-fluoro-N-[2-[2-[(2-hydroxy-3-methoxyphenyl)methylidene]hydrazinyl]-2-oxoethyl]benzamide",1.9,6,-378.476366596735,0.229946524064171,NA,"845245971330019056"
"845246087499657235","C17H16FN3O4","[M + H]+",1,0.84312443336348,59.8157264239457,2.28379406574489,57.5319323582008,"34","LHZAPCAVMNVKID","CCOC1=C(C=CC(=C1)C=NNC(=O)C(=O)NC2=CC=C(C=C2)F)O","N'-[(3-ethoxy-4-hydroxyphenyl)methylideneamino]-N-(4-fluorophenyl)oxamide",2.5,7,-394.599335451633,0.247191011235955,NA,"845245971330019056"
"845246087499657235","C17H16FN3O4","[M + H]+",1,0.84312443336348,59.8157264239457,2.28379406574489,57.5319323582008,"34","JKZPDGNJAAVKEG","CC(=O)NC(CC1=CC(=CC=C1)F)C(=O)NC2=CC=C(C=C2)[N+](=O)[O-]","2-Acetamido-3-(3-fluorophenyl)-N-(4-nitrophenyl)propanamide (2c)",2.4,8,-404.916629232748,0.175257731958763,NA,"845245971330019056"
"845246087499657235","C17H16FN3O4","[M + H]+",1,0.84312443336348,59.8157264239457,2.28379406574489,57.5319323582008,"34","VDCWENWOWUDREX","CC1=CC(=NO1)C(=O)N2CCC3COC(=O)N3C4=C(C2)C=CC(=C4)F","14-fluoro-9-(5-methyl-1,2-oxazole-3-carbonyl)-4-oxa-2,9-diazatricyclo[9.4.0.0²,⁶]pentadeca-1(15),11,13-trien-3-one",1.9,11,-457.192526000083,0.25531914893617,NA,"845245971330019056"
"845246087499657235","C17H16FN3O4","[M + H]+",1,0.84312443336348,59.8157264239457,2.28379406574489,57.5319323582008,"34","NWVXUXFCAZFSQH","C1CN(CCN1)C2=C(C=C3C(=C2)N(C=C(C3=O)C(=O)O)C4CC4=O)F","Oxo-ciprofloxacin",0.33245212,13,-490.583555662013,0.282051282051282,NA,"845245971330019056"
"845246087499657235","C17H16FN3O4","[M + H]+",1,0.84312443336348,59.8157264239457,2.28379406574489,57.5319323582008,"34","VCWNLVLFIZZTLZ","C1C2C(CN1C(=O)C3=CC=NO3)OCC(=O)N2CC4=CC=C(C=C4)F","4-[(4-fluorophenyl)methyl]-6-(1,2-oxazole-5-carbonyl)-octahydropyrrolo[3,4-b][1,4]oxazin-3-one",0.8,16,-504.096507267059,0.215,NA,"845245971330019056"
"845246087499657235","C17H16FN3O4","[M + H]+",1,0.84312443336348,59.8157264239457,2.28379406574489,57.5319323582008,"34","MYYZZOHRULFPOQ","C1CC1N2C=C(C(=O)C3=CC(=C(C=C32)N4CCNC(=O)C4)F)C(=O)O","Oxociprofloxacin",0.96316284,18,-535.849133643608,0.265700483091787,NA,"845245971330019056"
"845246087499657236","C17H19N3O3S","[M + H]+",2,0.0713611725129852,57.3463657881432,0,57.3463657881432,"34","SUBDBMMJDZJVOS","CC1=CN=C(C(=C1OC)C)CS(=O)C2=NC3=C(N2)C=C(C=C3)OC","6-methoxy-2-[(4-methoxy-3,5-dimethylpyridin-2-yl)methanesulfinyl]-1H-1,3-benzodiazole",2.6206226,1,-12.5242747219469,0.975409836065574,0,"845245971330019056"
"845246087499657236","C17H19N3O3S","[M + H]+",2,0.0713611725129852,57.3463657881432,0,57.3463657881432,"34","ZWNARYKSNTWUOM","C1CN(CN1CC2=CC=CC=C2)C(=O)C3=CC=C(C=C3)S(=O)(=O)N","4-[3-(Phenylmethyl)imidazolidin-1-yl]carbonylbenzenesulfonamide",1.3,10,-444.564034169173,0.14218009478673,NA,"845245971330019056"
"845246087499657236","C17H19N3O3S","[M + H]+",2,0.0713611725129852,57.3463657881432,0,57.3463657881432,"34","FDDLMBKEDYPNER","C1CN(CCN1CCC(=O)C2=CC=CS2)C3=CC=C(C=C3)[N+](=O)[O-]","3-[4-(4-Nitrophenyl)piperazino]-1-(2-thienyl)-1-propanone",3,12,-488.582233686657,0.147058823529412,NA,"845245971330019056"
"845246087499657236","C17H19N3O3S","[M + H]+",2,0.0713611725129852,57.3463657881432,0,57.3463657881432,"34","HVGVNYJRZJHYBS","CC1=CC(=C(C=C1)S(=O)(=O)NC2=CC3=C(C=C2)N(C(=O)N3C)C)C","N-(1,3-dimethyl-2-oxo-2,3-dihydro-1H-benzimidazol-5-yl)-2,4-dimethylbenzenesulfonamide",2.2,14,-492.843754926458,0.319526627218935,NA,"845245971330019056"
"845246087499657236","C17H19N3O3S","[M + H]+",2,0.0713611725129852,57.3463657881432,0,57.3463657881432,"34","SJXKOSOSNRUTAX","C1CN(CCN1CC2=CC=CO2)C(=S)NC3=CC4=C(C=C3)OCO4","N-(1,3-benzodioxol-5-yl)-4-(furan-2-ylmethyl)piperazin-4-ium-1-carbothioamide",1.9,15,-501.248009112185,0.235897435897436,NA,"845245971330019056"
"845246087499657236","C17H19N3O3S","[M + H]+",2,0.0713611725129852,57.3463657881432,0,57.3463657881432,"34","IBAYUWQIQGOLBX","CCOC1=C(C=CC(=C1)C=NNC(=S)NC2=CC=C(C=C2)OC)O","1-[(3-Ethoxy-4-hydroxyphenyl)methylideneamino]-3-(4-methoxyphenyl)thiourea",3.1,17,-519.381476826541,0.246073298429319,NA,"845245971330019056"
"845246087499657236","C17H19N3O3S","[M + H]+",2,0.0713611725129852,57.3463657881432,0,57.3463657881432,"34","KMCSXFINGGBOFP","C1CN(CC2=CC=CC=C21)CC(=O)NC3=CC=C(C=C3)S(=O)(=O)N","N-(4-sulfamoylphenyl)-2-(1,2,3,4-tetrahydroisoquinolin-2-yl)acetamide",1.3,19,-551.599598765181,0.135593220338983,NA,"845245971330019056"
"845246087499657236","C17H19N3O3S","[M + H]+",2,0.0713611725129852,57.3463657881432,0,57.3463657881432,"34","ABBDYGNALLZFNP","COC1=C(C=C(C=C1)C(=O)NNC(=S)NCC2=CC=CC=C2)OC","N-Benzyl-2-(3,4-dimethoxybenzoyl)hydrazinecarbothioamide",2.6,20,-554.330950436154,0.159533073929961,NA,"845245971330019056"
"845246087499657236","C17H19N3O3S","[M + H]+",2,0.0713611725129852,57.3463657881432,0,57.3463657881432,"34","AIBMIQGSVBRQNH","COC1=CC(=CC(=C1OC)OC)C=NNC(=S)NC2=CC=CC=C2","(Phenylcarbamothioylamino)-[(3,4,5-trimethoxyphenyl)methylidene]azanium",3.1,21,-556.455511381745,0.184466019417476,NA,"845245971330019056"
"845246087499657236","C17H19N3O3S","[M + H]+",2,0.0713611725129852,57.3463657881432,0,57.3463657881432,"34","LJAVIEUWQYYONW","COC1=CC=C(C=C1)C2=NC(=NC=C2)SCC(=O)N3CCOCC3","2-[[4-(4-Methoxyphenyl)-2-pyrimidinyl]thio]-1-(4-morpholinyl)ethanone",1.8,22,-558.696584634509,0.30952380952381,NA,"845245971330019056"
"845246087499657236","C17H19N3O3S","[M + H]+",2,0.0713611725129852,57.3463657881432,0,57.3463657881432,"34","RSMGOJOYNVIKHB","COC1=C(C(=C(C=C1)C=NNC(=S)NC2=CC=CC=C2)OC)OC","1-Phenyl-3-[(2,3,4-trimethoxyphenyl)methylideneamino]thiourea",3.1,23,-591.702854473572,0.203980099502488,NA,"845245971330019056"
"845246087499657236","C17H19N3O3S","[M + H]+",2,0.0713611725129852,57.3463657881432,0,57.3463657881432,"34","HHTWCWCZKQRKRJ","CN1C2=CC=CC=C2N(C3=CC=CC=C3S1(=O)=O)C(=O)CN(C)C","6-Methyl-6,11-dihydro-11-((N,N-dimethylamino)acetyl)dibenzo(c,f)-(1,2,5)-thiadiazepine 5,5-dioxide",1.7,24,-591.763629243009,0.201058201058201,NA,"845245971330019056"
"845246087499657236","C17H19N3O3S","[M + H]+",2,0.0713611725129852,57.3463657881432,0,57.3463657881432,"34","FUYKCLPJJPJJTN","COC1=CC(=C(C=C1C=NNC(=S)NC2=CC=CC=C2)OC)OC","(Phenylcarbamothioylamino)-[(2,4,5-trimethoxyphenyl)methylidene]azanium",3.1,25,-608.516937996479,0.206030150753769,NA,"845245971330019056"
"845246087499657236","C17H19N3O3S","[M + H]+",2,0.0713611725129852,57.3463657881432,0,57.3463657881432,"34","RHRSBTVNCCOGDJ","CC1=CC(=NC(=N1)SC(C2=CC=CC=C2)C(=O)O)N3CCOCC3","(2S)-2-(4-methyl-6-morpholin-4-ylpyrimidin-2-yl)sulfanyl-2-phenylacetate",2.8,26,-625.20939742235,0.20873786407767,NA,"845245971330019056"
"845246087499657236","C17H19N3O3S","[M + H]+",2,0.0713611725129852,57.3463657881432,0,57.3463657881432,"34","WPIILTPYKOWHQU","COC1=CC2=C(C=C1)NC=C2CCNS(=O)(=O)C3=CC=C(C=C3)N","4-amino-N-[2-(5-methoxy-1H-indol-3-yl)ethyl]benzene-1-sulfonamide",2.4006016,28,-633.02078641994,0.334928229665072,NA,"845245971330019056"
"845246087499657237","C14H20FN3O4S","[M + H]+",3,0.0566272685463739,57.1151025146808,0,57.1151025146808,"34",NA,NA,NA,NA,NA,NA,NA,NA,"845245971330019056"
"845246087499657238","C14H23N3O3S2","[M + H]+",4,0.0281169905916576,56.414985910055,0,56.414985910055,"34","WBLFCWDWOFARFH","CC(C)CN1C2CN(CC2OCCS1(=O)=O)CC3=NC=CS3","(5aS,8aR)-1-(2-methylpropyl)-7-(1,3-thiazol-2-ylmethyl)-3,4,5a,6,8,8a-hexahydropyrrolo[3,4-f][1,4,5]oxathiazepine 2,2-dioxide",1,9,-425.254125490324,0.236263736263736,NA,"845245971330019056"
"845246087499657238","C14H23N3O3S2","[M + H]+",4,0.0281169905916576,56.414985910055,0,56.414985910055,"34","VDWQLXDLGJSQDR","C1=C(NC=N1)CC(C(=O)O)NC(=O)CCCCC(CCS)S","(2S)-2-[6,8-bis(sulfanyl)octanoylamino]-3-(1H-imidazol-5-yl)propanoic acid",1.3,27,-629.494578690327,0.15,NA,"845245971330019056"
"845246087499657239","C13H20BClN2O6","[M + H]+",5,0.000391152432795613,52.1399539277782,0,52.1399539277782,"34","RJXOEUFRQATKAB","[B-](C(CC1=CC=C(C=C1)Cl)NC(=O)C)(O)(O)OCC(C(=O)O)N","[(1R)-1-acetamido-2-(4-chlorophenyl)ethyl]-[(2S)-2-amino-3-hydroxy-3-oxo-propoxy]-dihydroxy-boron",0.87474024,2,-315.263812753083,0.27710843373494,Inf,"845245971330019056"
"845246087499657240","C16H24ClNO3S","[M + H]+",6,0.000237526736564536,51.641136782216,0,51.641136782216,"34",NA,NA,NA,NA,NA,NA,NA,NA,"845245971330019056"
"845246087499657241","C19H17F2NO3","[M + H]+",7,5.66609082829942e-05,50.2079411147521,1.88420902869135,48.3237320860607,"34",NA,NA,NA,NA,NA,NA,NA,NA,"845245971330019056"
"845246087499657242","C14H17F2N3O5","[M + H]+",8,2.94099187139427e-05,49.5521885787391,2.41497548528146,47.1372130934577,"34",NA,NA,NA,NA,NA,NA,NA,NA,"845245971330019056"
"845246087499657243","C14H22ClN4O2S","[M + H]+",9,2.46201630285301e-05,49.3744223325957,0,49.3744223325957,"34",NA,NA,NA,NA,NA,NA,NA,NA,"845245971330019056"
"845246087499657244","C11H18F3N3O6","[M + H]+",10,2.18890321991323e-05,49.2568422886176,0.774187558023531,48.4826547305941,"34",NA,NA,NA,NA,NA,NA,NA,NA,"845245971330019056"
