"formulaId","molecularFormula","adduct","rank.x","siriusScoreNormalized","siriusScore","isotopeScore","treeScore","xcms_fts","inchiKey","smiles","structureName","xlogP","rank.y","csiScore","tanimotoSimilarity","mcesDistToTopHit","sirius_fts"
"845221206084860619","C13H19N3O8","[M + Na]+",1,0.382915302920493,27.6407153886502,2.39604278962401,25.2446725990262,"1","YXNIEZJFCGTDKV","C1=CN(C(=O)N(C1=O)CCC(C(=O)O)N)C2C(C(C(O2)CO)O)O","2-amino-4-{3-[3,4-dihydroxy-5-(hydroxymethyl)oxolan-2-yl]-2,6-dioxo-1,2,3,6-tetrahydropyrimidin-1-yl}butanoic acid",-3.2040055,3,-330.193717608645,0.2,NA,"845221101311146591"
"845221206084860619","C13H19N3O8","[M + Na]+",1,0.382915302920493,27.6407153886502,2.39604278962401,25.2446725990262,"1","RSFNVYSVNQERMH","CN1C(=C(C(=O)N(C1=O)C)C=NC2C(C(C(OC2O)CO)O)O)O","2-deoxy-2-{[(1,3-dimethyl-2,4,6-trioxotetrahydropyrimidin-5(2H)-ylidene)methyl]amino}hexopyranose",-3.1,4,-332.315933086905,0.272727272727273,NA,"845221101311146591"
"845221206084860619","C13H19N3O8","[M + Na]+",1,0.382915302920493,27.6407153886502,2.39604278962401,25.2446725990262,"1","QBIKARYQTKNDPS","CC(=NOCC(=O)NCC(=O)O)C1CNC(C1CC(=O)O)C(=O)O","Kaoag",-4.1,7,-401.00218746987,0.167664670658683,NA,"845221101311146591"
"845221206084860619","C13H19N3O8","[M + Na]+",1,0.382915302920493,27.6407153886502,2.39604278962401,25.2446725990262,"1","ILMLVTGTUJPQFP","C1CC(NC1)C(=O)NC(CC(=O)O)C(=O)NC(CC(=O)O)C(=O)O","2-[[3-Carboxy-2-(pyrrolidine-2-carbonylamino)propanoyl]amino]butanedioic acid",-2.258851,11,-456.987249353604,0.10952380952381,NA,"845221101311146591"
"845221206084860619","C13H19N3O8","[M + Na]+",1,0.382915302920493,27.6407153886502,2.39604278962401,25.2446725990262,"1","LKIYSIYBKYLKPU","C1CC(N(C1)C(=O)C(CC(=O)O)NC(=O)C(CC(=O)O)N)C(=O)O","1-[2-[(2-Amino-3-carboxypropanoyl)amino]-3-carboxypropanoyl]pyrrolidine-2-carboxylic acid",-2.709041,15,-491.509930225722,0.0967741935483871,NA,"845221101311146591"
"845221206084860619","C13H19N3O8","[M + Na]+",1,0.382915302920493,27.6407153886502,2.39604278962401,25.2446725990262,"1","KESWRFKUZRUTAH","C1CC(N(C1)C(=O)C(CC(=O)O)N)C(=O)NC(CC(=O)O)C(=O)O","2-[[1-(2-Amino-3-carboxypropanoyl)pyrrolidine-2-carbonyl]amino]butanedioic acid",-2.709041,17,-518.219893660772,0.092741935483871,NA,"845221101311146591"
"845221206097443532","C14H20FN3O4S","[M + Na]+",2,0.368141241359496,27.6013682377003,6.03449489287534,21.5668733448249,"1",NA,NA,NA,NA,NA,NA,NA,NA,"845221101311146591"
"845221206097443533","C17H19N3O3S","[M + Na]+",3,0.130682942439371,26.5656756679751,5.01570013386294,21.5499755341122,"1","SUBDBMMJDZJVOS","CC1=CN=C(C(=C1OC)C)CS(=O)C2=NC3=C(N2)C=C(C=C3)OC","6-methoxy-2-[(4-methoxy-3,5-dimethylpyridin-2-yl)methanesulfinyl]-1H-1,3-benzodiazole",2.6206226,1,-24.7040703333757,0.9140625,0,"845221101311146591"
"845221206097443533","C17H19N3O3S","[M + Na]+",3,0.130682942439371,26.5656756679751,5.01570013386294,21.5499755341122,"1","ZWNARYKSNTWUOM","C1CN(CN1CC2=CC=CC=C2)C(=O)C3=CC=C(C=C3)S(=O)(=O)N","4-[3-(Phenylmethyl)imidazolidin-1-yl]carbonylbenzenesulfonamide",1.3,13,-469.128532828352,0.134259259259259,NA,"845221101311146591"
"845221206097443533","C17H19N3O3S","[M + Na]+",3,0.130682942439371,26.5656756679751,5.01570013386294,21.5499755341122,"1","FDDLMBKEDYPNER","C1CN(CCN1CCC(=O)C2=CC=CS2)C3=CC=C(C=C3)[N+](=O)[O-]","3-[4-(4-Nitrophenyl)piperazino]-1-(2-thienyl)-1-propanone",3,16,-496.650585095952,0.138755980861244,NA,"845221101311146591"
"845221206097443533","C17H19N3O3S","[M + Na]+",3,0.130682942439371,26.5656756679751,5.01570013386294,21.5499755341122,"1","SJXKOSOSNRUTAX","C1CN(CCN1CC2=CC=CO2)C(=S)NC3=CC4=C(C=C3)OCO4","N-(1,3-benzodioxol-5-yl)-4-(furan-2-ylmethyl)piperazin-4-ium-1-carbothioamide",1.9,19,-527.74504563996,0.231155778894472,NA,"845221101311146591"
"845221206097443533","C17H19N3O3S","[M + Na]+",3,0.130682942439371,26.5656756679751,5.01570013386294,21.5499755341122,"1","HVGVNYJRZJHYBS","CC1=CC(=C(C=C1)S(=O)(=O)NC2=CC3=C(C=C2)N(C(=O)N3C)C)C","N-(1,3-dimethyl-2-oxo-2,3-dihydro-1H-benzimidazol-5-yl)-2,4-dimethylbenzenesulfonamide",2.2,21,-536.941195623685,0.297142857142857,NA,"845221101311146591"
"845221206097443533","C17H19N3O3S","[M + Na]+",3,0.130682942439371,26.5656756679751,5.01570013386294,21.5499755341122,"1","LJAVIEUWQYYONW","COC1=CC=C(C=C1)C2=NC(=NC=C2)SCC(=O)N3CCOCC3","2-[[4-(4-Methoxyphenyl)-2-pyrimidinyl]thio]-1-(4-morpholinyl)ethanone",1.8,22,-548.25436657646,0.309859154929577,NA,"845221101311146591"
"845221206097443533","C17H19N3O3S","[M + Na]+",3,0.130682942439371,26.5656756679751,5.01570013386294,21.5499755341122,"1","KMCSXFINGGBOFP","C1CN(CC2=CC=CC=C21)CC(=O)NC3=CC=C(C=C3)S(=O)(=O)N","N-(4-sulfamoylphenyl)-2-(1,2,3,4-tetrahydroisoquinolin-2-yl)acetamide",1.3,23,-559.196134879097,0.128630705394191,NA,"845221101311146591"
"845221206097443533","C17H19N3O3S","[M + Na]+",3,0.130682942439371,26.5656756679751,5.01570013386294,21.5499755341122,"1","IBAYUWQIQGOLBX","CCOC1=C(C=CC(=C1)C=NNC(=S)NC2=CC=C(C=C2)OC)O","1-[(3-Ethoxy-4-hydroxyphenyl)methylideneamino]-3-(4-methoxyphenyl)thiourea",3.1,24,-563.369474604994,0.23469387755102,NA,"845221101311146591"
"845221206097443533","C17H19N3O3S","[M + Na]+",3,0.130682942439371,26.5656756679751,5.01570013386294,21.5499755341122,"1","AIBMIQGSVBRQNH","COC1=CC(=CC(=C1OC)OC)C=NNC(=S)NC2=CC=CC=C2","(Phenylcarbamothioylamino)-[(3,4,5-trimethoxyphenyl)methylidene]azanium",3.1,25,-566.591364950443,0.169811320754717,NA,"845221101311146591"
"845221206097443533","C17H19N3O3S","[M + Na]+",3,0.130682942439371,26.5656756679751,5.01570013386294,21.5499755341122,"1","ABBDYGNALLZFNP","COC1=C(C=C(C=C1)C(=O)NNC(=S)NCC2=CC=CC=C2)OC","N-Benzyl-2-(3,4-dimethoxybenzoyl)hydrazinecarbothioamide",2.6,26,-571.274789145787,0.152671755725191,NA,"845221101311146591"
"845221206097443533","C17H19N3O3S","[M + Na]+",3,0.130682942439371,26.5656756679751,5.01570013386294,21.5499755341122,"1","RHRSBTVNCCOGDJ","CC1=CC(=NC(=N1)SC(C2=CC=CC=C2)C(=O)O)N3CCOCC3","(2S)-2-(4-methyl-6-morpholin-4-ylpyrimidin-2-yl)sulfanyl-2-phenylacetate",2.8,27,-582.557341153091,0.210526315789474,NA,"845221101311146591"
"845221206097443533","C17H19N3O3S","[M + Na]+",3,0.130682942439371,26.5656756679751,5.01570013386294,21.5499755341122,"1","HHTWCWCZKQRKRJ","CN1C2=CC=CC=C2N(C3=CC=CC=C3S1(=O)=O)C(=O)CN(C)C","6-Methyl-6,11-dihydro-11-((N,N-dimethylamino)acetyl)dibenzo(c,f)-(1,2,5)-thiadiazepine 5,5-dioxide",1.7,28,-598.479927040603,0.190721649484536,NA,"845221101311146591"
"845221206097443533","C17H19N3O3S","[M + Na]+",3,0.130682942439371,26.5656756679751,5.01570013386294,21.5499755341122,"1","RSMGOJOYNVIKHB","COC1=C(C(=C(C=C1)C=NNC(=S)NC2=CC=CC=C2)OC)OC","1-Phenyl-3-[(2,3,4-trimethoxyphenyl)methylideneamino]thiourea",3.1,29,-602.824483073489,0.188405797101449,NA,"845221101311146591"
"845221206097443533","C17H19N3O3S","[M + Na]+",3,0.130682942439371,26.5656756679751,5.01570013386294,21.5499755341122,"1","FUYKCLPJJPJJTN","COC1=CC(=C(C=C1C=NNC(=S)NC2=CC=CC=C2)OC)OC","(Phenylcarbamothioylamino)-[(2,4,5-trimethoxyphenyl)methylidene]azanium",3.1,30,-629.31166482553,0.190243902439024,NA,"845221101311146591"
"845221206097443533","C17H19N3O3S","[M + Na]+",3,0.130682942439371,26.5656756679751,5.01570013386294,21.5499755341122,"1","YSNOZZZDWRAZSF","CCOC1=CC=CC=C1C2=NN=C(S2)NC3=C(CCCC3)C(=O)O","1-Cyclohexene-1-carboxylic acid, 2-((5-(2-ethoxyphenyl)-1,3,4-thiadiazol-2-yl)amino)-",4.1,31,-630.000900545894,0.212264150943396,NA,"845221101311146591"
"845221206097443534","C17H16FN3O4","[M + Na]+",4,0.117493357131276,26.4592833620578,1.49638651100533,24.9628968510524,"1","FVCPNISTSVVUPX","COC1=CC(=C(C=C1)O)C=NNC(=O)CNC(=O)C2=CC=C(C=C2)F","4-fluoro-N-[2-[(2Z)-2-[(2-hydroxy-5-methoxyphenyl)methylidene]hydrazinyl]-2-oxoethyl]benzamide",1.9,2,-329.313956066342,0.245508982035928,Inf,"845221101311146591"
"845221206097443534","C17H16FN3O4","[M + Na]+",4,0.117493357131276,26.4592833620578,1.49638651100533,24.9628968510524,"1","ZBLZEVQPDZRXNP","COC1=CC=CC(=C1O)C=NNC(=O)CNC(=O)C2=CC=C(C=C2)F","4-fluoro-N-[2-[2-[(2-hydroxy-3-methoxyphenyl)methylidene]hydrazinyl]-2-oxoethyl]benzamide",1.9,5,-367.891680927042,0.241176470588235,NA,"845221101311146591"
"845221206097443534","C17H16FN3O4","[M + Na]+",4,0.117493357131276,26.4592833620578,1.49638651100533,24.9628968510524,"1","LHZAPCAVMNVKID","CCOC1=C(C=CC(=C1)C=NNC(=O)C(=O)NC2=CC=C(C=C2)F)O","N'-[(3-ethoxy-4-hydroxyphenyl)methylideneamino]-N-(4-fluorophenyl)oxamide",2.5,6,-370.988563234941,0.292993630573248,NA,"845221101311146591"
"845221206097443534","C17H16FN3O4","[M + Na]+",4,0.117493357131276,26.4592833620578,1.49638651100533,24.9628968510524,"1","HAZCGTFRKOCWQZ","CC(=O)NC(CC1=CC=C(C=C1)F)C(=O)NC2=CC=C(C=C2)[N+](=O)[O-]","2-Acetamido-3-(4-fluorophenyl)-N-(4-nitrophenyl)propanamide (3c)",2.7804983,8,-404.003429715017,0.214689265536723,NA,"845221101311146591"
"845221206097443534","C17H16FN3O4","[M + Na]+",4,0.117493357131276,26.4592833620578,1.49638651100533,24.9628968510524,"1","RYUXKVAKPFRBTB","CC(=O)NC(CC1=CC=CC=C1F)C(=O)NC2=CC=C(C=C2)[N+](=O)[O-]","2-Acetamido-3-(2-fluorophenyl)-N-(4-nitrophenyl)propanamide (1c)",2.4,9,-425.00936410922,0.217647058823529,NA,"845221101311146591"
"845221206097443534","C17H16FN3O4","[M + Na]+",4,0.117493357131276,26.4592833620578,1.49638651100533,24.9628968510524,"1","VDCWENWOWUDREX","CC1=CC(=NO1)C(=O)N2CCC3COC(=O)N3C4=C(C2)C=CC(=C4)F","14-fluoro-9-(5-methyl-1,2-oxazole-3-carbonyl)-4-oxa-2,9-diazatricyclo[9.4.0.0²,⁶]pentadeca-1(15),11,13-trien-3-one",1.9,10,-433.565248749245,0.29940119760479,NA,"845221101311146591"
"845221206097443534","C17H16FN3O4","[M + Na]+",4,0.117493357131276,26.4592833620578,1.49638651100533,24.9628968510524,"1","JKZPDGNJAAVKEG","CC(=O)NC(CC1=CC(=CC=C1)F)C(=O)NC2=CC=C(C=C2)[N+](=O)[O-]","2-Acetamido-3-(3-fluorophenyl)-N-(4-nitrophenyl)propanamide (2c)",2.4,12,-462.869805750795,0.222222222222222,NA,"845221101311146591"
"845221206097443534","C17H16FN3O4","[M + Na]+",4,0.117493357131276,26.4592833620578,1.49638651100533,24.9628968510524,"1","VCWNLVLFIZZTLZ","C1C2C(CN1C(=O)C3=CC=NO3)OCC(=O)N2CC4=CC=C(C=C4)F","4-[(4-fluorophenyl)methyl]-6-(1,2-oxazole-5-carbonyl)-octahydropyrrolo[3,4-b][1,4]oxazin-3-one",0.8,14,-491.124256521563,0.244444444444444,NA,"845221101311146591"
"845221206097443534","C17H16FN3O4","[M + Na]+",4,0.117493357131276,26.4592833620578,1.49638651100533,24.9628968510524,"1","NWVXUXFCAZFSQH","C1CN(CCN1)C2=C(C=C3C(=C2)N(C=C(C3=O)C(=O)O)C4CC4=O)F","Oxo-ciprofloxacin",0.33245212,18,-518.328201744613,0.290502793296089,NA,"845221101311146591"
"845221206097443534","C17H16FN3O4","[M + Na]+",4,0.117493357131276,26.4592833620578,1.49638651100533,24.9628968510524,"1","MYYZZOHRULFPOQ","C1CC1N2C=C(C(=O)C3=CC(=C(C=C32)N4CCNC(=O)C4)F)C(=O)O","Oxociprofloxacin",0.96316284,20,-534.559009923376,0.272251308900524,NA,"845221101311146591"
"845221206097443535","C14H21N2O6S","[M + Na]+",5,0.00069579987543518,21.3302083698365,4.68417628782148,16.646032082015,"1",NA,NA,NA,NA,NA,NA,NA,NA,"845221101311146591"
"845221206097443536","C14H23N3O3S2","[M + Na]+",6,5.48767589973866e-05,18.7902362116462,2.42218033877324,16.368055872873,"1",NA,NA,NA,NA,NA,NA,NA,NA,"845221101311146591"
"845221206097443537","C14H16F3N4O3","[M + Na]+",7,1.38633615810954e-05,17.4143957888152,2.34746888195254,15.0669269068627,"1",NA,NA,NA,NA,NA,NA,NA,NA,"845221101311146591"
"845221206097443538","C14H17F2N3O5","[M + Na]+",8,1.19554053321856e-06,14.9637446983093,2.83992206960098,12.1238226287083,"1",NA,NA,NA,NA,NA,NA,NA,NA,"845221101311146591"
"845221206097443539","C11H18F3N3O6","[M + Na]+",9,6.01879429940543e-07,14.2774481499192,2.28668164717764,11.9907665027416,"1",NA,NA,NA,NA,NA,NA,NA,NA,"845221101311146591"
"845221206097443540","C15H24NO4PS","[M + Na]+",10,2.5583548361133e-07,13.4219256029138,5.7611950052391,7.66073059767465,"1",NA,NA,NA,NA,NA,NA,NA,NA,"845221101311146591"
"845221255846083325","C17H19N3O3S","[M + Na]+",1,0.882269145626803,37.289619011655,5.6351386166757,31.6544803949793,"2","SUBDBMMJDZJVOS","CC1=CN=C(C(=C1OC)C)CS(=O)C2=NC3=C(N2)C=C(C=C3)OC","6-methoxy-2-[(4-methoxy-3,5-dimethylpyridin-2-yl)methanesulfinyl]-1H-1,3-benzodiazole",2.6206226,1,-50.143401367189,0.871212121212121,0,"845221101390838368"
"845221255846083325","C17H19N3O3S","[M + Na]+",1,0.882269145626803,37.289619011655,5.6351386166757,31.6544803949793,"2","ZWNARYKSNTWUOM","C1CN(CN1CC2=CC=CC=C2)C(=O)C3=CC=C(C=C3)S(=O)(=O)N","4-[3-(Phenylmethyl)imidazolidin-1-yl]carbonylbenzenesulfonamide",1.3,12,-459.130781968923,0.13302752293578,NA,"845221101390838368"
"845221255846083325","C17H19N3O3S","[M + Na]+",1,0.882269145626803,37.289619011655,5.6351386166757,31.6544803949793,"2","FDDLMBKEDYPNER","C1CN(CCN1CCC(=O)C2=CC=CS2)C3=CC=C(C=C3)[N+](=O)[O-]","3-[4-(4-Nitrophenyl)piperazino]-1-(2-thienyl)-1-propanone",3,13,-464.733355689121,0.132075471698113,NA,"845221101390838368"
"845221255846083325","C17H19N3O3S","[M + Na]+",1,0.882269145626803,37.289619011655,5.6351386166757,31.6544803949793,"2","HVGVNYJRZJHYBS","CC1=CC(=C(C=C1)S(=O)(=O)NC2=CC3=C(C=C2)N(C(=O)N3C)C)C","N-(1,3-dimethyl-2-oxo-2,3-dihydro-1H-benzimidazol-5-yl)-2,4-dimethylbenzenesulfonamide",2.2,14,-484.447868929773,0.293785310734463,NA,"845221101390838368"
"845221255846083325","C17H19N3O3S","[M + Na]+",1,0.882269145626803,37.289619011655,5.6351386166757,31.6544803949793,"2","LJAVIEUWQYYONW","COC1=CC=C(C=C1)C2=NC(=NC=C2)SCC(=O)N3CCOCC3","2-[[4-(4-Methoxyphenyl)-2-pyrimidinyl]thio]-1-(4-morpholinyl)ethanone",1.8,15,-508.585837388091,0.306976744186047,NA,"845221101390838368"
"845221255846083325","C17H19N3O3S","[M + Na]+",1,0.882269145626803,37.289619011655,5.6351386166757,31.6544803949793,"2","SJXKOSOSNRUTAX","C1CN(CCN1CC2=CC=CO2)C(=S)NC3=CC4=C(C=C3)OCO4","N-(1,3-benzodioxol-5-yl)-4-(furan-2-ylmethyl)piperazin-4-ium-1-carbothioamide",1.9,16,-537.77862225585,0.222772277227723,NA,"845221101390838368"
"845221255846083325","C17H19N3O3S","[M + Na]+",1,0.882269145626803,37.289619011655,5.6351386166757,31.6544803949793,"2","RHRSBTVNCCOGDJ","CC1=CC(=NC(=N1)SC(C2=CC=CC=C2)C(=O)O)N3CCOCC3","(2S)-2-(4-methyl-6-morpholin-4-ylpyrimidin-2-yl)sulfanyl-2-phenylacetate",2.8,17,-542.636230460812,0.214285714285714,NA,"845221101390838368"
"845221255846083325","C17H19N3O3S","[M + Na]+",1,0.882269145626803,37.289619011655,5.6351386166757,31.6544803949793,"2","ABBDYGNALLZFNP","COC1=C(C=C(C=C1)C(=O)NNC(=S)NCC2=CC=CC=C2)OC","N-Benzyl-2-(3,4-dimethoxybenzoyl)hydrazinecarbothioamide",2.6,18,-552.32002505831,0.151515151515152,NA,"845221101390838368"
"845221255846083325","C17H19N3O3S","[M + Na]+",1,0.882269145626803,37.289619011655,5.6351386166757,31.6544803949793,"2","AIBMIQGSVBRQNH","COC1=CC(=CC(=C1OC)OC)C=NNC(=S)NC2=CC=CC=C2","(Phenylcarbamothioylamino)-[(3,4,5-trimethoxyphenyl)methylidene]azanium",3.1,19,-557.369486160363,0.173708920187793,NA,"845221101390838368"
"845221255846083325","C17H19N3O3S","[M + Na]+",1,0.882269145626803,37.289619011655,5.6351386166757,31.6544803949793,"2","IBAYUWQIQGOLBX","CCOC1=C(C=CC(=C1)C=NNC(=S)NC2=CC=C(C=C2)OC)O","1-[(3-Ethoxy-4-hydroxyphenyl)methylideneamino]-3-(4-methoxyphenyl)thiourea",3.1,20,-568.458048859592,0.226130653266332,NA,"845221101390838368"
"845221255846083325","C17H19N3O3S","[M + Na]+",1,0.882269145626803,37.289619011655,5.6351386166757,31.6544803949793,"2","KMCSXFINGGBOFP","C1CN(CC2=CC=CC=C21)CC(=O)NC3=CC=C(C=C3)S(=O)(=O)N","N-(4-sulfamoylphenyl)-2-(1,2,3,4-tetrahydroisoquinolin-2-yl)acetamide",1.3,21,-568.864807649447,0.122950819672131,NA,"845221101390838368"
"845221255846083325","C17H19N3O3S","[M + Na]+",1,0.882269145626803,37.289619011655,5.6351386166757,31.6544803949793,"2","YPHDMWLZRDJBET","CC(=O)N1CCC2=CC=CC=C2C1C3=C(N(C(=S)N(C3=O)C)C)O","5-(2-acetyl-1,2,3,4-tetrahydroisoquinolin-1-yl)-6-hydroxy-1,3-dimethyl-2-sulfanylidene-1,2,3,4-tetrahydropyrimidin-4-one",0.9,22,-585.633725524782,0.18942731277533,NA,"845221101390838368"
"845221255846083325","C17H19N3O3S","[M + Na]+",1,0.882269145626803,37.289619011655,5.6351386166757,31.6544803949793,"2","RSMGOJOYNVIKHB","COC1=C(C(=C(C=C1)C=NNC(=S)NC2=CC=CC=C2)OC)OC","1-Phenyl-3-[(2,3,4-trimethoxyphenyl)methylideneamino]thiourea",3.1,23,-594.122998556117,0.192307692307692,NA,"845221101390838368"
"845221255846083325","C17H19N3O3S","[M + Na]+",1,0.882269145626803,37.289619011655,5.6351386166757,31.6544803949793,"2","HHTWCWCZKQRKRJ","CN1C2=CC=CC=C2N(C3=CC=CC=C3S1(=O)=O)C(=O)CN(C)C","6-Methyl-6,11-dihydro-11-((N,N-dimethylamino)acetyl)dibenzo(c,f)-(1,2,5)-thiadiazepine 5,5-dioxide",1.7,24,-596.496500746746,0.182741116751269,NA,"845221101390838368"
"845221255846083325","C17H19N3O3S","[M + Na]+",1,0.882269145626803,37.289619011655,5.6351386166757,31.6544803949793,"2","FUYKCLPJJPJJTN","COC1=CC(=C(C=C1C=NNC(=S)NC2=CC=CC=C2)OC)OC","(Phenylcarbamothioylamino)-[(2,4,5-trimethoxyphenyl)methylidene]azanium",3.1,25,-622.624790290364,0.194174757281553,NA,"845221101390838368"
"845221255846083326","C14H20FN3O4S","[M + Na]+",2,0.0735912349284734,34.8056477764235,5.83716073455019,28.9684870418733,"2",NA,NA,NA,NA,NA,NA,NA,NA,"845221101390838368"
"845221255846083327","C17H16FN3O4","[M + Na]+",3,0.0356533050194317,34.0809636984069,2.28981445415878,31.7911492442481,"2","NWVXUXFCAZFSQH","C1CN(CCN1)C2=C(C=C3C(=C2)N(C=C(C3=O)C(=O)O)C4CC4=O)F","Oxo-ciprofloxacin",0.33245212,2,-298.415628164885,0.431952662721893,Inf,"845221101390838368"
"845221255846083327","C17H16FN3O4","[M + Na]+",3,0.0356533050194317,34.0809636984069,2.28981445415878,31.7911492442481,"2","MYYZZOHRULFPOQ","C1CC1N2C=C(C(=O)C3=CC(=C(C=C32)N4CCNC(=O)C4)F)C(=O)O","Oxociprofloxacin",0.96316284,3,-305.824996294562,0.435028248587571,NA,"845221101390838368"
"845221255846083327","C17H16FN3O4","[M + Na]+",3,0.0356533050194317,34.0809636984069,2.28981445415878,31.7911492442481,"2","JKZPDGNJAAVKEG","CC(=O)NC(CC1=CC(=CC=C1)F)C(=O)NC2=CC=C(C=C2)[N+](=O)[O-]","2-Acetamido-3-(3-fluorophenyl)-N-(4-nitrophenyl)propanamide (2c)",2.4,4,-361.699468888233,0.301775147928994,NA,"845221101390838368"
"845221255846083327","C17H16FN3O4","[M + Na]+",3,0.0356533050194317,34.0809636984069,2.28981445415878,31.7911492442481,"2","HAZCGTFRKOCWQZ","CC(=O)NC(CC1=CC=C(C=C1)F)C(=O)NC2=CC=C(C=C2)[N+](=O)[O-]","2-Acetamido-3-(4-fluorophenyl)-N-(4-nitrophenyl)propanamide (3c)",2.7804983,5,-371.238901935109,0.284090909090909,NA,"845221101390838368"
"845221255846083327","C17H16FN3O4","[M + Na]+",3,0.0356533050194317,34.0809636984069,2.28981445415878,31.7911492442481,"2","RYUXKVAKPFRBTB","CC(=O)NC(CC1=CC=CC=C1F)C(=O)NC2=CC=C(C=C2)[N+](=O)[O-]","2-Acetamido-3-(2-fluorophenyl)-N-(4-nitrophenyl)propanamide (1c)",2.4,6,-395.295377283576,0.297619047619048,NA,"845221101390838368"
"845221255846083327","C17H16FN3O4","[M + Na]+",3,0.0356533050194317,34.0809636984069,2.28981445415878,31.7911492442481,"2","VCWNLVLFIZZTLZ","C1C2C(CN1C(=O)C3=CC=NO3)OCC(=O)N2CC4=CC=C(C=C4)F","4-[(4-fluorophenyl)methyl]-6-(1,2-oxazole-5-carbonyl)-octahydropyrrolo[3,4-b][1,4]oxazin-3-one",0.8,7,-402.513571594387,0.284153005464481,NA,"845221101390838368"
"845221255846083327","C17H16FN3O4","[M + Na]+",3,0.0356533050194317,34.0809636984069,2.28981445415878,31.7911492442481,"2","FVCPNISTSVVUPX","COC1=CC(=C(C=C1)O)C=NNC(=O)CNC(=O)C2=CC=C(C=C2)F","4-fluoro-N-[2-[(2Z)-2-[(2-hydroxy-5-methoxyphenyl)methylidene]hydrazinyl]-2-oxoethyl]benzamide",1.9,8,-449.332155989622,0.311377245508982,NA,"845221101390838368"
"845221255846083327","C17H16FN3O4","[M + Na]+",3,0.0356533050194317,34.0809636984069,2.28981445415878,31.7911492442481,"2","ZBLZEVQPDZRXNP","COC1=CC=CC(=C1O)C=NNC(=O)CNC(=O)C2=CC=C(C=C2)F","4-fluoro-N-[2-[2-[(2-hydroxy-3-methoxyphenyl)methylidene]hydrazinyl]-2-oxoethyl]benzamide",1.9,9,-455.083105367202,0.298245614035088,NA,"845221101390838368"
"845221255846083327","C17H16FN3O4","[M + Na]+",3,0.0356533050194317,34.0809636984069,2.28981445415878,31.7911492442481,"2","VDCWENWOWUDREX","CC1=CC(=NO1)C(=O)N2CCC3COC(=O)N3C4=C(C2)C=CC(=C4)F","14-fluoro-9-(5-methyl-1,2-oxazole-3-carbonyl)-4-oxa-2,9-diazatricyclo[9.4.0.0²,⁶]pentadeca-1(15),11,13-trien-3-one",1.9,10,-456.602919544978,0.349112426035503,NA,"845221101390838368"
"845221255846083327","C17H16FN3O4","[M + Na]+",3,0.0356533050194317,34.0809636984069,2.28981445415878,31.7911492442481,"2","LHZAPCAVMNVKID","CCOC1=C(C=CC(=C1)C=NNC(=O)C(=O)NC2=CC=C(C=C2)F)O","N'-[(3-ethoxy-4-hydroxyphenyl)methylideneamino]-N-(4-fluorophenyl)oxamide",2.5,11,-457.811090952185,0.329192546583851,NA,"845221101390838368"
"845221255846083328","C14H21N2O6S","[M + Na]+",4,0.00512790002100142,32.1418180711699,4.71198154715761,27.4298365240123,"2",NA,NA,NA,NA,NA,NA,NA,NA,"845221101390838368"
"845221255846083329","C15H13F2N7O","[M + Na]+",5,0.00202139116810622,31.2109078198786,3.14172544853865,28.06918237134,"2",NA,NA,NA,NA,NA,NA,NA,NA,"845221101390838368"
"845221255846083330","C13H20FN3O5Si","[M + Na]+",6,0.000525935974671073,29.8645460536155,4.62495013634302,25.2395959172725,"2",NA,NA,NA,NA,NA,NA,NA,NA,"845221101390838368"
"845221255846083331","C14H17F2N3O5","[M + Na]+",7,0.000464296829211036,29.7398906352652,2.92425868231307,26.8156319529521,"2",NA,NA,NA,NA,NA,NA,NA,NA,"845221101390838368"
"845221255846083332","C16H19N3O4Si","[M + Na]+",8,0.000258417550893921,29.1539432604621,2.57350145984557,26.5804418006165,"2",NA,NA,NA,NA,NA,NA,NA,NA,"845221101390838368"
"845221255846083333","C11H18F3N3O6","[M + Na]+",9,6.84343454432097e-05,27.825241394412,1.65867909591263,26.1665622984994,"2",NA,NA,NA,NA,NA,NA,NA,NA,"845221101390838368"
"845221255846083334","C14H16F3N4O3","[M + Na]+",10,1.18377411093322e-05,26.0706593960135,2.14290027866199,23.9277591173515,"2",NA,NA,NA,NA,NA,NA,NA,NA,"845221101390838368"
"845221302599990123","C17H19N3O3S","[M + H]+",1,0.984258961339564,75.9309159789301,5.45843413094082,70.4724818479892,"3","SUBDBMMJDZJVOS","CC1=CN=C(C(=C1OC)C)CS(=O)C2=NC3=C(N2)C=C(C=C3)OC","6-methoxy-2-[(4-methoxy-3,5-dimethylpyridin-2-yl)methanesulfinyl]-1H-1,3-benzodiazole",2.6206226,1,-8.5226204528986,0.959677419354839,0,"845221101403421281"
"845221302599990123","C17H19N3O3S","[M + H]+",1,0.984258961339564,75.9309159789301,5.45843413094082,70.4724818479892,"3","ZWNARYKSNTWUOM","C1CN(CN1CC2=CC=CC=C2)C(=O)C3=CC=C(C=C3)S(=O)(=O)N","4-[3-(Phenylmethyl)imidazolidin-1-yl]carbonylbenzenesulfonamide",1.3,2,-472.589185788282,0.135514018691589,Inf,"845221101403421281"
"845221302599990123","C17H19N3O3S","[M + H]+",1,0.984258961339564,75.9309159789301,5.45843413094082,70.4724818479892,"3","FDDLMBKEDYPNER","C1CN(CCN1CCC(=O)C2=CC=CS2)C3=CC=C(C=C3)[N+](=O)[O-]","3-[4-(4-Nitrophenyl)piperazino]-1-(2-thienyl)-1-propanone",3,3,-497.323898340602,0.140096618357488,NA,"845221101403421281"
"845221302599990123","C17H19N3O3S","[M + H]+",1,0.984258961339564,75.9309159789301,5.45843413094082,70.4724818479892,"3","SJXKOSOSNRUTAX","C1CN(CCN1CC2=CC=CO2)C(=S)NC3=CC4=C(C=C3)OCO4","N-(1,3-benzodioxol-5-yl)-4-(furan-2-ylmethyl)piperazin-4-ium-1-carbothioamide",1.9,4,-529.628884326404,0.233502538071066,NA,"845221101403421281"
"845221302599990123","C17H19N3O3S","[M + H]+",1,0.984258961339564,75.9309159789301,5.45843413094082,70.4724818479892,"3","HVGVNYJRZJHYBS","CC1=CC(=C(C=C1)S(=O)(=O)NC2=CC3=C(C=C2)N(C(=O)N3C)C)C","N-(1,3-dimethyl-2-oxo-2,3-dihydro-1H-benzimidazol-5-yl)-2,4-dimethylbenzenesulfonamide",2.2,5,-552.27512881603,0.308139534883721,NA,"845221101403421281"
"845221302599990123","C17H19N3O3S","[M + H]+",1,0.984258961339564,75.9309159789301,5.45843413094082,70.4724818479892,"3","LJAVIEUWQYYONW","COC1=CC=C(C=C1)C2=NC(=NC=C2)SCC(=O)N3CCOCC3","2-[[4-(4-Methoxyphenyl)-2-pyrimidinyl]thio]-1-(4-morpholinyl)ethanone",1.8,6,-574.059724426155,0.306603773584906,NA,"845221101403421281"
"845221302599990123","C17H19N3O3S","[M + H]+",1,0.984258961339564,75.9309159789301,5.45843413094082,70.4724818479892,"3","IBAYUWQIQGOLBX","CCOC1=C(C=CC(=C1)C=NNC(=S)NC2=CC=C(C=C2)OC)O","1-[(3-Ethoxy-4-hydroxyphenyl)methylideneamino]-3-(4-methoxyphenyl)thiourea",3.1,7,-579.036560744708,0.237113402061856,NA,"845221101403421281"
"845221302599990123","C17H19N3O3S","[M + H]+",1,0.984258961339564,75.9309159789301,5.45843413094082,70.4724818479892,"3","KMCSXFINGGBOFP","C1CN(CC2=CC=CC=C21)CC(=O)NC3=CC=C(C=C3)S(=O)(=O)N","N-(4-sulfamoylphenyl)-2-(1,2,3,4-tetrahydroisoquinolin-2-yl)acetamide",1.3,8,-588.473345956455,0.129707112970711,NA,"845221101403421281"
"845221302599990123","C17H19N3O3S","[M + H]+",1,0.984258961339564,75.9309159789301,5.45843413094082,70.4724818479892,"3","AIBMIQGSVBRQNH","COC1=CC(=CC(=C1OC)OC)C=NNC(=S)NC2=CC=CC=C2","(Phenylcarbamothioylamino)-[(3,4,5-trimethoxyphenyl)methylidene]azanium",3.1,9,-588.754299217284,0.177033492822967,NA,"845221101403421281"
"845221302599990123","C17H19N3O3S","[M + H]+",1,0.984258961339564,75.9309159789301,5.45843413094082,70.4724818479892,"3","ABBDYGNALLZFNP","COC1=C(C=C(C=C1)C(=O)NNC(=S)NCC2=CC=CC=C2)OC","N-Benzyl-2-(3,4-dimethoxybenzoyl)hydrazinecarbothioamide",2.6,10,-596.519573593504,0.153846153846154,NA,"845221101403421281"
"845221302599990123","C17H19N3O3S","[M + H]+",1,0.984258961339564,75.9309159789301,5.45843413094082,70.4724818479892,"3","RHRSBTVNCCOGDJ","CC1=CC(=NC(=N1)SC(C2=CC=CC=C2)C(=O)O)N3CCOCC3","(2S)-2-(4-methyl-6-morpholin-4-ylpyrimidin-2-yl)sulfanyl-2-phenylacetate",2.8,11,-623.060207619889,0.206730769230769,NA,"845221101403421281"
"845221302599990123","C17H19N3O3S","[M + H]+",1,0.984258961339564,75.9309159789301,5.45843413094082,70.4724818479892,"3","HHTWCWCZKQRKRJ","CN1C2=CC=CC=C2N(C3=CC=CC=C3S1(=O)=O)C(=O)CN(C)C","6-Methyl-6,11-dihydro-11-((N,N-dimethylamino)acetyl)dibenzo(c,f)-(1,2,5)-thiadiazepine 5,5-dioxide",1.7,12,-625.87406681588,0.192708333333333,NA,"845221101403421281"
"845221302599990123","C17H19N3O3S","[M + H]+",1,0.984258961339564,75.9309159789301,5.45843413094082,70.4724818479892,"3","RSMGOJOYNVIKHB","COC1=C(C(=C(C=C1)C=NNC(=S)NC2=CC=CC=C2)OC)OC","1-Phenyl-3-[(2,3,4-trimethoxyphenyl)methylideneamino]thiourea",3.1,13,-627.254051092945,0.196078431372549,NA,"845221101403421281"
"845221302599990123","C17H19N3O3S","[M + H]+",1,0.984258961339564,75.9309159789301,5.45843413094082,70.4724818479892,"3","FUYKCLPJJPJJTN","COC1=CC(=C(C=C1C=NNC(=S)NC2=CC=CC=C2)OC)OC","(Phenylcarbamothioylamino)-[(2,4,5-trimethoxyphenyl)methylidene]azanium",3.1,14,-644.993905494683,0.198019801980198,NA,"845221101403421281"
"845221302599990123","C17H19N3O3S","[M + H]+",1,0.984258961339564,75.9309159789301,5.45843413094082,70.4724818479892,"3","YPHDMWLZRDJBET","CC(=O)N1CCC2=CC=CC=C2C1C3=C(N(C(=S)N(C3=O)C)C)O","5-(2-acetyl-1,2,3,4-tetrahydroisoquinolin-1-yl)-6-hydroxy-1,3-dimethyl-2-sulfanylidene-1,2,3,4-tetrahydropyrimidin-4-one",0.9,15,-660.561390059814,0.171806167400881,NA,"845221101403421281"
"845221302599990124","C14H20FN3O4S","[M + H]+",2,0.0157345693611003,71.794887106333,5.79898652761415,65.9959005787188,"3",NA,NA,NA,NA,NA,NA,NA,NA,"845221101403421281"
"845221302599990125","C14H23N3O3S2","[M + H]+",3,6.46236125487439e-06,63.9972664357653,0.625267634815308,63.37199880095,"3",NA,NA,NA,NA,NA,NA,NA,NA,"845221101403421281"
"845221302599990126","C17H16FN3O4","[M + H]+",4,3.68577079144865e-09,56.5279960602121,2.13452162860573,54.3934744316064,"3",NA,NA,NA,NA,NA,NA,NA,NA,"845221101403421281"
"845221302599990127","C14H21N2O6S","[M + H]+",5,2.02454922626683e-09,55.92886345791,4.43487390608084,51.4939895518292,"3",NA,NA,NA,NA,NA,NA,NA,NA,"845221101403421281"
"845221302599990128","C14H16F3N4O3","[M + H]+",6,1.21341950375436e-09,55.4169587964807,2.1747873142258,53.2421714822549,"3",NA,NA,NA,NA,NA,NA,NA,NA,"845221101403421281"
"845221302599990129","C13H20FN3O5Si","[M + H]+",7,3.66156503436214e-12,49.6136517684953,4.5839132698269,45.0297384986684,"3",NA,NA,NA,NA,NA,NA,NA,NA,"845221101403421281"
"845221302599990130","C13H19N3O8","[M + H]+",8,2.79962571675787e-12,49.3452468431217,2.0419195829632,47.3033272601585,"3",NA,NA,NA,NA,NA,NA,NA,NA,"845221101403421281"
"845221302599990131","C14H17F2N3O5","[M + H]+",9,2.7535930800195e-12,49.3286677408673,2.97265588821446,46.3560118526528,"3",NA,NA,NA,NA,NA,NA,NA,NA,"845221101403421281"
"845221302599990132","C14H17F6NO2","[M + H]+",10,1.39391034648122e-12,48.6478741038736,2.6536993511791,45.9941747526945,"3",NA,NA,NA,NA,NA,NA,NA,NA,"845221101403421281"
"845221175302863523","C17H19N3O3S","[M + H]+",1,0.959714935186508,52.4406389373606,4.71617585073778,47.7244630866228,"4","SUBDBMMJDZJVOS","CC1=CN=C(C(=C1OC)C)CS(=O)C2=NC3=C(N2)C=C(C=C3)OC","6-methoxy-2-[(4-methoxy-3,5-dimethylpyridin-2-yl)methanesulfinyl]-1H-1,3-benzodiazole",2.6206226,1,-6.82388735555619,0.983870967741935,0,"845221101436975714"
"845221175302863523","C17H19N3O3S","[M + H]+",1,0.959714935186508,52.4406389373606,4.71617585073778,47.7244630866228,"4","ZWNARYKSNTWUOM","C1CN(CN1CC2=CC=CC=C2)C(=O)C3=CC=C(C=C3)S(=O)(=O)N","4-[3-(Phenylmethyl)imidazolidin-1-yl]carbonylbenzenesulfonamide",1.3,2,-474.327671707148,0.138888888888889,Inf,"845221101436975714"
"845221175302863523","C17H19N3O3S","[M + H]+",1,0.959714935186508,52.4406389373606,4.71617585073778,47.7244630866228,"4","FDDLMBKEDYPNER","C1CN(CCN1CCC(=O)C2=CC=CS2)C3=CC=C(C=C3)[N+](=O)[O-]","3-[4-(4-Nitrophenyl)piperazino]-1-(2-thienyl)-1-propanone",3,3,-517.461232454423,0.143540669856459,NA,"845221101436975714"
"845221175302863523","C17H19N3O3S","[M + H]+",1,0.959714935186508,52.4406389373606,4.71617585073778,47.7244630866228,"4","SJXKOSOSNRUTAX","C1CN(CCN1CC2=CC=CO2)C(=S)NC3=CC4=C(C=C3)OCO4","N-(1,3-benzodioxol-5-yl)-4-(furan-2-ylmethyl)piperazin-4-ium-1-carbothioamide",1.9,4,-528.329621642413,0.23,NA,"845221101436975714"
"845221175302863523","C17H19N3O3S","[M + H]+",1,0.959714935186508,52.4406389373606,4.71617585073778,47.7244630866228,"4","HVGVNYJRZJHYBS","CC1=CC(=C(C=C1)S(=O)(=O)NC2=CC3=C(C=C2)N(C(=O)N3C)C)C","N-(1,3-dimethyl-2-oxo-2,3-dihydro-1H-benzimidazol-5-yl)-2,4-dimethylbenzenesulfonamide",2.2,5,-570.933751829624,0.310344827586207,NA,"845221101436975714"
"845221175302863523","C17H19N3O3S","[M + H]+",1,0.959714935186508,52.4406389373606,4.71617585073778,47.7244630866228,"4","LJAVIEUWQYYONW","COC1=CC=C(C=C1)C2=NC(=NC=C2)SCC(=O)N3CCOCC3","2-[[4-(4-Methoxyphenyl)-2-pyrimidinyl]thio]-1-(4-morpholinyl)ethanone",1.8,6,-572.119287827009,0.314553990610329,NA,"845221101436975714"
"845221175302863523","C17H19N3O3S","[M + H]+",1,0.959714935186508,52.4406389373606,4.71617585073778,47.7244630866228,"4","IBAYUWQIQGOLBX","CCOC1=C(C=CC(=C1)C=NNC(=S)NC2=CC=C(C=C2)OC)O","1-[(3-Ethoxy-4-hydroxyphenyl)methylideneamino]-3-(4-methoxyphenyl)thiourea",3.1,7,-579.93520641224,0.252577319587629,NA,"845221101436975714"
"845221175302863523","C17H19N3O3S","[M + H]+",1,0.959714935186508,52.4406389373606,4.71617585073778,47.7244630866228,"4","ABBDYGNALLZFNP","COC1=C(C=C(C=C1)C(=O)NNC(=S)NCC2=CC=CC=C2)OC","N-Benzyl-2-(3,4-dimethoxybenzoyl)hydrazinecarbothioamide",2.6,8,-587.594677449139,0.165384615384615,NA,"845221101436975714"
"845221175302863523","C17H19N3O3S","[M + H]+",1,0.959714935186508,52.4406389373606,4.71617585073778,47.7244630866228,"4","KMCSXFINGGBOFP","C1CN(CC2=CC=CC=C21)CC(=O)NC3=CC=C(C=C3)S(=O)(=O)N","N-(4-sulfamoylphenyl)-2-(1,2,3,4-tetrahydroisoquinolin-2-yl)acetamide",1.3,9,-588.073620270747,0.132780082987552,NA,"845221101436975714"
"845221175302863523","C17H19N3O3S","[M + H]+",1,0.959714935186508,52.4406389373606,4.71617585073778,47.7244630866228,"4","AIBMIQGSVBRQNH","COC1=CC(=CC(=C1OC)OC)C=NNC(=S)NC2=CC=CC=C2","(Phenylcarbamothioylamino)-[(3,4,5-trimethoxyphenyl)methylidene]azanium",3.1,10,-600.021283137146,0.180094786729858,NA,"845221101436975714"
"845221175302863523","C17H19N3O3S","[M + H]+",1,0.959714935186508,52.4406389373606,4.71617585073778,47.7244630866228,"4","RHRSBTVNCCOGDJ","CC1=CC(=NC(=N1)SC(C2=CC=CC=C2)C(=O)O)N3CCOCC3","(2S)-2-(4-methyl-6-morpholin-4-ylpyrimidin-2-yl)sulfanyl-2-phenylacetate",2.8,11,-631.058091561176,0.203791469194313,NA,"845221101436975714"
"845221175302863523","C17H19N3O3S","[M + H]+",1,0.959714935186508,52.4406389373606,4.71617585073778,47.7244630866228,"4","HHTWCWCZKQRKRJ","CN1C2=CC=CC=C2N(C3=CC=CC=C3S1(=O)=O)C(=O)CN(C)C","6-Methyl-6,11-dihydro-11-((N,N-dimethylamino)acetyl)dibenzo(c,f)-(1,2,5)-thiadiazepine 5,5-dioxide",1.7,12,-632.52900017139,0.195876288659794,NA,"845221101436975714"
"845221175302863523","C17H19N3O3S","[M + H]+",1,0.959714935186508,52.4406389373606,4.71617585073778,47.7244630866228,"4","RSMGOJOYNVIKHB","COC1=C(C(=C(C=C1)C=NNC(=S)NC2=CC=CC=C2)OC)OC","1-Phenyl-3-[(2,3,4-trimethoxyphenyl)methylideneamino]thiourea",3.1,13,-638.2096097118,0.204878048780488,NA,"845221101436975714"
"845221175302863523","C17H19N3O3S","[M + H]+",1,0.959714935186508,52.4406389373606,4.71617585073778,47.7244630866228,"4","FUYKCLPJJPJJTN","COC1=CC(=C(C=C1C=NNC(=S)NC2=CC=CC=C2)OC)OC","(Phenylcarbamothioylamino)-[(2,4,5-trimethoxyphenyl)methylidene]azanium",3.1,14,-653.04356927448,0.206896551724138,NA,"845221101436975714"
"845221175302863523","C17H19N3O3S","[M + H]+",1,0.959714935186508,52.4406389373606,4.71617585073778,47.7244630866228,"4","YPHDMWLZRDJBET","CC(=O)N1CCC2=CC=CC=C2C1C3=C(N(C(=S)N(C3=O)C)C)O","5-(2-acetyl-1,2,3,4-tetrahydroisoquinolin-1-yl)-6-hydroxy-1,3-dimethyl-2-sulfanylidene-1,2,3,4-tetrahydropyrimidin-4-one",0.9,15,-671.495022166859,0.169565217391304,NA,"845221101436975714"
"845221175302863524","C14H20FN3O4S","[M + H]+",2,0.040282167041294,49.2699115053484,3.56269269820848,45.70721880714,"4",NA,NA,NA,NA,NA,NA,NA,NA,"845221101436975714"
"845221175302863525","C14H21N2O6S","[M + H]+",3,1.25346341128614e-06,38.8921578094758,2.39763489582539,36.4945229136504,"4",NA,NA,NA,NA,NA,NA,NA,NA,"845221101436975714"
"845221175302863526","C17H16FN3O4","[M + H]+",4,6.33878371669783e-07,38.2103491747855,2.09325048517151,36.117098689614,"4",NA,NA,NA,NA,NA,NA,NA,NA,"845221101436975714"
"845221175302863527","C14H16F3N4O3","[M + H]+",5,4.00936829543408e-07,37.752295964131,0.695111847506548,37.0571841166244,"4",NA,NA,NA,NA,NA,NA,NA,NA,"845221101436975714"
"845221175302863528","C15H13F2N7O","[M + H]+",6,3.69784313975236e-07,37.6714119820081,2.66352470574494,35.0078872762631,"4",NA,NA,NA,NA,NA,NA,NA,NA,"845221101436975714"
"845221175302863529","C16H19N3O4Si","[M + H]+",7,1.37029166808995e-07,36.6786858811296,2.94131080733612,33.7373750737934,"4",NA,NA,NA,NA,NA,NA,NA,NA,"845221101436975714"
"845221175302863530","C13H20FN3O5Si","[M + H]+",8,4.41251511762524e-08,35.5455220228829,3.46427192096564,32.0812501019173,"4",NA,NA,NA,NA,NA,NA,NA,NA,"845221101436975714"
"845221175302863531","C9H15N9O6","[M + H]+",9,1.900429186514e-08,34.7031569228413,0,34.7031569228413,"4",NA,NA,NA,NA,NA,NA,NA,NA,"845221101436975714"
"845221175302863532","C20H14FN4O","[M + H]+",10,1.14728015137364e-08,34.1984712299188,3.05841592368255,31.1400553062363,"4",NA,NA,NA,NA,NA,NA,NA,NA,"845221101436975714"
"845221241619004127","C17H19N3O3S","[M + H]+",1,0.953093508852005,72.053108019495,0,72.053108019495,"5","SUBDBMMJDZJVOS","CC1=CN=C(C(=C1OC)C)CS(=O)C2=NC3=C(N2)C=C(C=C3)OC","6-methoxy-2-[(4-methoxy-3,5-dimethylpyridin-2-yl)methanesulfinyl]-1H-1,3-benzodiazole",2.6206226,1,-7.1529059751283,0.983739837398374,0,"845221101445364323"
"845221241619004127","C17H19N3O3S","[M + H]+",1,0.953093508852005,72.053108019495,0,72.053108019495,"5","ZWNARYKSNTWUOM","C1CN(CN1CC2=CC=CC=C2)C(=O)C3=CC=C(C=C3)S(=O)(=O)N","4-[3-(Phenylmethyl)imidazolidin-1-yl]carbonylbenzenesulfonamide",1.3,3,-472.375915764443,0.14018691588785,NA,"845221101445364323"
"845221241619004127","C17H19N3O3S","[M + H]+",1,0.953093508852005,72.053108019495,0,72.053108019495,"5","FDDLMBKEDYPNER","C1CN(CCN1CCC(=O)C2=CC=CS2)C3=CC=C(C=C3)[N+](=O)[O-]","3-[4-(4-Nitrophenyl)piperazino]-1-(2-thienyl)-1-propanone",3,4,-505.959323059574,0.144927536231884,NA,"845221101445364323"
"845221241619004127","C17H19N3O3S","[M + H]+",1,0.953093508852005,72.053108019495,0,72.053108019495,"5","SJXKOSOSNRUTAX","C1CN(CCN1CC2=CC=CO2)C(=S)NC3=CC4=C(C=C3)OCO4","N-(1,3-benzodioxol-5-yl)-4-(furan-2-ylmethyl)piperazin-4-ium-1-carbothioamide",1.9,5,-526.500662601601,0.232323232323232,NA,"845221101445364323"
"845221241619004127","C17H19N3O3S","[M + H]+",1,0.953093508852005,72.053108019495,0,72.053108019495,"5","HVGVNYJRZJHYBS","CC1=CC(=C(C=C1)S(=O)(=O)NC2=CC3=C(C=C2)N(C(=O)N3C)C)C","N-(1,3-dimethyl-2-oxo-2,3-dihydro-1H-benzimidazol-5-yl)-2,4-dimethylbenzenesulfonamide",2.2,6,-560.358380716562,0.313953488372093,NA,"845221101445364323"
"845221241619004127","C17H19N3O3S","[M + H]+",1,0.953093508852005,72.053108019495,0,72.053108019495,"5","LJAVIEUWQYYONW","COC1=CC=C(C=C1)C2=NC(=NC=C2)SCC(=O)N3CCOCC3","2-[[4-(4-Methoxyphenyl)-2-pyrimidinyl]thio]-1-(4-morpholinyl)ethanone",1.8,7,-575.610244153577,0.311320754716981,NA,"845221101445364323"
"845221241619004127","C17H19N3O3S","[M + H]+",1,0.953093508852005,72.053108019495,0,72.053108019495,"5","IBAYUWQIQGOLBX","CCOC1=C(C=CC(=C1)C=NNC(=S)NC2=CC=C(C=C2)OC)O","1-[(3-Ethoxy-4-hydroxyphenyl)methylideneamino]-3-(4-methoxyphenyl)thiourea",3.1,8,-577.855540238294,0.248704663212435,NA,"845221101445364323"
"845221241619004127","C17H19N3O3S","[M + H]+",1,0.953093508852005,72.053108019495,0,72.053108019495,"5","ABBDYGNALLZFNP","COC1=C(C=C(C=C1)C(=O)NNC(=S)NCC2=CC=CC=C2)OC","N-Benzyl-2-(3,4-dimethoxybenzoyl)hydrazinecarbothioamide",2.6,9,-587.607985282236,0.162162162162162,NA,"845221101445364323"
"845221241619004127","C17H19N3O3S","[M + H]+",1,0.953093508852005,72.053108019495,0,72.053108019495,"5","KMCSXFINGGBOFP","C1CN(CC2=CC=CC=C21)CC(=O)NC3=CC=C(C=C3)S(=O)(=O)N","N-(4-sulfamoylphenyl)-2-(1,2,3,4-tetrahydroisoquinolin-2-yl)acetamide",1.3,10,-589.006772154658,0.133891213389121,NA,"845221101445364323"
"845221241619004127","C17H19N3O3S","[M + H]+",1,0.953093508852005,72.053108019495,0,72.053108019495,"5","AIBMIQGSVBRQNH","COC1=CC(=CC(=C1OC)OC)C=NNC(=S)NC2=CC=CC=C2","(Phenylcarbamothioylamino)-[(3,4,5-trimethoxyphenyl)methylidene]azanium",3.1,11,-597.94658673994,0.181818181818182,NA,"845221101445364323"
"845221241619004127","C17H19N3O3S","[M + H]+",1,0.953093508852005,72.053108019495,0,72.053108019495,"5","RHRSBTVNCCOGDJ","CC1=CC(=NC(=N1)SC(C2=CC=CC=C2)C(=O)O)N3CCOCC3","(2S)-2-(4-methyl-6-morpholin-4-ylpyrimidin-2-yl)sulfanyl-2-phenylacetate",2.8,12,-625.841607777288,0.205741626794258,NA,"845221101445364323"
"845221241619004127","C17H19N3O3S","[M + H]+",1,0.953093508852005,72.053108019495,0,72.053108019495,"5","HHTWCWCZKQRKRJ","CN1C2=CC=CC=C2N(C3=CC=CC=C3S1(=O)=O)C(=O)CN(C)C","6-Methyl-6,11-dihydro-11-((N,N-dimethylamino)acetyl)dibenzo(c,f)-(1,2,5)-thiadiazepine 5,5-dioxide",1.7,13,-629.16284938084,0.197916666666667,NA,"845221101445364323"
"845221241619004127","C17H19N3O3S","[M + H]+",1,0.953093508852005,72.053108019495,0,72.053108019495,"5","RSMGOJOYNVIKHB","COC1=C(C(=C(C=C1)C=NNC(=S)NC2=CC=CC=C2)OC)OC","1-Phenyl-3-[(2,3,4-trimethoxyphenyl)methylideneamino]thiourea",3.1,14,-634.740378258823,0.206896551724138,NA,"845221101445364323"
"845221241619004127","C17H19N3O3S","[M + H]+",1,0.953093508852005,72.053108019495,0,72.053108019495,"5","FUYKCLPJJPJJTN","COC1=CC(=C(C=C1C=NNC(=S)NC2=CC=CC=C2)OC)OC","(Phenylcarbamothioylamino)-[(2,4,5-trimethoxyphenyl)methylidene]azanium",3.1,15,-658.513178284143,0.202970297029703,NA,"845221101445364323"
"845221241619004127","C17H19N3O3S","[M + H]+",1,0.953093508852005,72.053108019495,0,72.053108019495,"5","YPHDMWLZRDJBET","CC(=O)N1CCC2=CC=CC=C2C1C3=C(N(C(=S)N(C3=O)C)C)O","5-(2-acetyl-1,2,3,4-tetrahydroisoquinolin-1-yl)-6-hydroxy-1,3-dimethyl-2-sulfanylidene-1,2,3,4-tetrahydropyrimidin-4-one",0.9,16,-659.590562524385,0.171052631578947,NA,"845221101445364323"
"845221241619004128","C14H20FN3O4S","[M + H]+",2,0.0444847393429833,68.9885411943815,0,68.9885411943815,"5",NA,NA,NA,NA,NA,NA,NA,NA,"845221101445364323"
"845221241619004129","C14H22ClN4O2S","[M + H]+",3,0.00167638782555312,65.7100363749239,0,65.7100363749239,"5",NA,NA,NA,NA,NA,NA,NA,NA,"845221101445364323"
"845221241619004130","C16H24ClNO3S","[M + H]+",4,0.000469228779652458,64.4367301737619,0,64.4367301737619,"5",NA,NA,NA,NA,NA,NA,NA,NA,"845221101445364323"
"845221241619004131","C13H20BClN2O6","[M + H]+",5,0.000245759144074572,63.7899916883397,0,63.7899916883397,"5","RJXOEUFRQATKAB","[B-](C(CC1=CC=C(C=C1)Cl)NC(=O)C)(O)(O)OCC(C(=O)O)N","[(1R)-1-acetamido-2-(4-chlorophenyl)ethyl]-[(2S)-2-amino-3-hydroxy-3-oxo-propoxy]-dihydroxy-boron",0.87474024,2,-341.887086503488,0.286585365853659,Inf,"845221101445364323"
"845221241619004132","C9H15N9O6","[M + H]+",6,1.68903863156928e-05,61.1123843241648,2.27786713861,58.8345171855548,"5",NA,NA,NA,NA,NA,NA,NA,NA,"845221101445364323"
"845221241619004133","C11H18F3N3O6","[M + H]+",7,7.74108882866509e-06,60.3321820744018,3.00380986162271,57.3283722127791,"5",NA,NA,NA,NA,NA,NA,NA,NA,"845221101445364323"
"845221241619004134","C15H13F2N7O","[M + H]+",8,3.05349415864396e-06,59.4019262818317,2.19656379673706,57.2053624850946,"5",NA,NA,NA,NA,NA,NA,NA,NA,"845221101445364323"
"845221241619004135","C14H17F2N3O5","[M + H]+",9,1.32443762212354e-06,58.5666276543624,2.93517154638498,55.6314561079774,"5",NA,NA,NA,NA,NA,NA,NA,NA,"845221101445364323"
"845221241619004136","C12H14F3N7O2","[M + H]+",10,5.80389439530907e-07,57.7415837678613,2.90439142479435,54.837192343067,"5",NA,NA,NA,NA,NA,NA,NA,NA,"845221101445364323"
"845221195209030327","C17H16FN3O4","[M + H]+",1,0.510162329891304,48.843955774279,0.430395887531787,48.4135598867472,"6","FVCPNISTSVVUPX","COC1=CC(=C(C=C1)O)C=NNC(=O)CNC(=O)C2=CC=C(C=C2)F","4-fluoro-N-[2-[(2Z)-2-[(2-hydroxy-5-methoxyphenyl)methylidene]hydrazinyl]-2-oxoethyl]benzamide",1.9,1,-316.099451733637,0.271676300578035,0,"845221101462141540"
"845221195209030327","C17H16FN3O4","[M + H]+",1,0.510162329891304,48.843955774279,0.430395887531787,48.4135598867472,"6","LHZAPCAVMNVKID","CCOC1=C(C=CC(=C1)C=NNC(=O)C(=O)NC2=CC=C(C=C2)F)O","N'-[(3-ethoxy-4-hydroxyphenyl)methylideneamino]-N-(4-fluorophenyl)oxamide",2.5,2,-357.744920461123,0.287425149700599,Inf,"845221101462141540"
"845221195209030327","C17H16FN3O4","[M + H]+",1,0.510162329891304,48.843955774279,0.430395887531787,48.4135598867472,"6","ZBLZEVQPDZRXNP","COC1=CC=CC(=C1O)C=NNC(=O)CNC(=O)C2=CC=C(C=C2)F","4-fluoro-N-[2-[2-[(2-hydroxy-3-methoxyphenyl)methylidene]hydrazinyl]-2-oxoethyl]benzamide",1.9,3,-372.958819639059,0.245810055865922,NA,"845221101462141540"
"845221195209030327","C17H16FN3O4","[M + H]+",1,0.510162329891304,48.843955774279,0.430395887531787,48.4135598867472,"6","HAZCGTFRKOCWQZ","CC(=O)NC(CC1=CC=C(C=C1)F)C(=O)NC2=CC=C(C=C2)[N+](=O)[O-]","2-Acetamido-3-(4-fluorophenyl)-N-(4-nitrophenyl)propanamide (3c)",2.7804983,4,-395.929031722914,0.176165803108808,NA,"845221101462141540"
"845221195209030327","C17H16FN3O4","[M + H]+",1,0.510162329891304,48.843955774279,0.430395887531787,48.4135598867472,"6","VDCWENWOWUDREX","CC1=CC(=NO1)C(=O)N2CCC3COC(=O)N3C4=C(C2)C=CC(=C4)F","14-fluoro-9-(5-methyl-1,2-oxazole-3-carbonyl)-4-oxa-2,9-diazatricyclo[9.4.0.0²,⁶]pentadeca-1(15),11,13-trien-3-one",1.9,5,-410.808988505581,0.265193370165746,NA,"845221101462141540"
"845221195209030327","C17H16FN3O4","[M + H]+",1,0.510162329891304,48.843955774279,0.430395887531787,48.4135598867472,"6","RYUXKVAKPFRBTB","CC(=O)NC(CC1=CC=CC=C1F)C(=O)NC2=CC=C(C=C2)[N+](=O)[O-]","2-Acetamido-3-(2-fluorophenyl)-N-(4-nitrophenyl)propanamide (1c)",2.4,6,-413.490704946821,0.17741935483871,NA,"845221101462141540"
"845221195209030327","C17H16FN3O4","[M + H]+",1,0.510162329891304,48.843955774279,0.430395887531787,48.4135598867472,"6","JKZPDGNJAAVKEG","CC(=O)NC(CC1=CC(=CC=C1)F)C(=O)NC2=CC=C(C=C2)[N+](=O)[O-]","2-Acetamido-3-(3-fluorophenyl)-N-(4-nitrophenyl)propanamide (2c)",2.4,7,-430.675459166468,0.181818181818182,NA,"845221101462141540"
"845221195209030327","C17H16FN3O4","[M + H]+",1,0.510162329891304,48.843955774279,0.430395887531787,48.4135598867472,"6","VCWNLVLFIZZTLZ","C1C2C(CN1C(=O)C3=CC=NO3)OCC(=O)N2CC4=CC=C(C=C4)F","4-[(4-fluorophenyl)methyl]-6-(1,2-oxazole-5-carbonyl)-octahydropyrrolo[3,4-b][1,4]oxazin-3-one",0.8,8,-445.819526997816,0.235602094240838,NA,"845221101462141540"
"845221195209030327","C17H16FN3O4","[M + H]+",1,0.510162329891304,48.843955774279,0.430395887531787,48.4135598867472,"6","NWVXUXFCAZFSQH","C1CN(CCN1)C2=C(C=C3C(=C2)N(C=C(C3=O)C(=O)O)C4CC4=O)F","Oxo-ciprofloxacin",0.33245212,9,-462.315786362657,0.292553191489362,NA,"845221101462141540"
"845221195209030327","C17H16FN3O4","[M + H]+",1,0.510162329891304,48.843955774279,0.430395887531787,48.4135598867472,"6","MYYZZOHRULFPOQ","C1CC1N2C=C(C(=O)C3=CC(=C(C=C32)N4CCNC(=O)C4)F)C(=O)O","Oxociprofloxacin",0.96316284,10,-481.791377562963,0.275,NA,"845221101462141540"
"845221195209030328","C15H13F2N7O","[M + H]+",2,0.321949592867974,48.3836217947027,1.839226066701,46.5443957280017,"6",NA,NA,NA,NA,NA,NA,NA,NA,"845221101462141540"
"845221195209030329","C14H16F3N4O3","[M + H]+",3,0.0960681568761523,47.174284712321,2.03121468164714,45.1430700306738,"6",NA,NA,NA,NA,NA,NA,NA,NA,"845221101462141540"
"845221195209030330","C9H15N9O6","[M + H]+",4,0.0355449824171872,46.1800258100188,2.27107664763526,43.9089491623835,"6",NA,NA,NA,NA,NA,NA,NA,NA,"845221101462141540"
"845221195209030331","C11H18F3N3O6","[M + H]+",5,0.0225915620711304,45.7268032821786,3.01919530821981,42.7076079739587,"6",NA,NA,NA,NA,NA,NA,NA,NA,"845221101462141540"
"845221195217418940","C12H14F3N7O2","[M + H]+",6,0.00611484851136205,44.4199468008481,2.83920255479085,41.5807442460573,"6",NA,NA,NA,NA,NA,NA,NA,NA,"845221101462141540"
"845221195217418941","C14H17F2N3O5","[M + H]+",7,0.00550472729665949,44.314834036857,2.73089150300734,41.5839425338496,"6",NA,NA,NA,NA,NA,NA,NA,NA,"845221101462141540"
"845221195217418942","C14H17F6NO2","[M + H]+",8,0.000968870500770192,42.5776024871426,2.93811792978913,39.6394845573535,"6",NA,NA,NA,NA,NA,NA,NA,NA,"845221101462141540"
"845221195217418943","C12H22F2NO6P","[M + H]+",9,0.000757869901443423,42.3319832632507,3.26518209394801,39.0668011693027,"6",NA,NA,NA,NA,NA,NA,NA,NA,"845221101462141540"
"845221195217418944","C20H14FN4O","[M + H]+",10,0.000142856537643482,40.663312419741,0,40.663312419741,"6",NA,NA,NA,NA,NA,NA,NA,NA,"845221101462141540"
"845221232500587221","C14H20FN3O4S","[M + H]+",1,0.614337298405059,47.1516782199012,6.02472236032953,41.1269558595717,"7",NA,NA,NA,NA,NA,NA,NA,NA,"845221101470530149"
"845221232500587222","C17H19N3O3S","[M + H]+",2,0.385216666128935,46.6849400418114,5.02824881335897,41.6566912284524,"7","SUBDBMMJDZJVOS","CC1=CN=C(C(=C1OC)C)CS(=O)C2=NC3=C(N2)C=C(C=C3)OC","6-methoxy-2-[(4-methoxy-3,5-dimethylpyridin-2-yl)methanesulfinyl]-1H-1,3-benzodiazole",2.6206226,1,-8.096492044595,0.991803278688525,0,"845221101470530149"
"845221232500587222","C17H19N3O3S","[M + H]+",2,0.385216666128935,46.6849400418114,5.02824881335897,41.6566912284524,"7","ZWNARYKSNTWUOM","C1CN(CN1CC2=CC=CC=C2)C(=O)C3=CC=C(C=C3)S(=O)(=O)N","4-[3-(Phenylmethyl)imidazolidin-1-yl]carbonylbenzenesulfonamide",1.3,2,-450.79942259997,0.140845070422535,Inf,"845221101470530149"
"845221232500587222","C17H19N3O3S","[M + H]+",2,0.385216666128935,46.6849400418114,5.02824881335897,41.6566912284524,"7","FDDLMBKEDYPNER","C1CN(CCN1CCC(=O)C2=CC=CS2)C3=CC=C(C=C3)[N+](=O)[O-]","3-[4-(4-Nitrophenyl)piperazino]-1-(2-thienyl)-1-propanone",3,3,-490.417581384965,0.145631067961165,NA,"845221101470530149"
"845221232500587222","C17H19N3O3S","[M + H]+",2,0.385216666128935,46.6849400418114,5.02824881335897,41.6566912284524,"7","SJXKOSOSNRUTAX","C1CN(CCN1CC2=CC=CO2)C(=S)NC3=CC4=C(C=C3)OCO4","N-(1,3-benzodioxol-5-yl)-4-(furan-2-ylmethyl)piperazin-4-ium-1-carbothioamide",1.9,4,-518.708901621962,0.233502538071066,NA,"845221101470530149"
"845221232500587222","C17H19N3O3S","[M + H]+",2,0.385216666128935,46.6849400418114,5.02824881335897,41.6566912284524,"7","HVGVNYJRZJHYBS","CC1=CC(=C(C=C1)S(=O)(=O)NC2=CC3=C(C=C2)N(C(=O)N3C)C)C","N-(1,3-dimethyl-2-oxo-2,3-dihydro-1H-benzimidazol-5-yl)-2,4-dimethylbenzenesulfonamide",2.2,5,-522.489112249808,0.315789473684211,NA,"845221101470530149"
"845221232500587222","C17H19N3O3S","[M + H]+",2,0.385216666128935,46.6849400418114,5.02824881335897,41.6566912284524,"7","LJAVIEUWQYYONW","COC1=CC=C(C=C1)C2=NC(=NC=C2)SCC(=O)N3CCOCC3","2-[[4-(4-Methoxyphenyl)-2-pyrimidinyl]thio]-1-(4-morpholinyl)ethanone",1.8,6,-539.409063547233,0.312796208530806,NA,"845221101470530149"
"845221232500587222","C17H19N3O3S","[M + H]+",2,0.385216666128935,46.6849400418114,5.02824881335897,41.6566912284524,"7","IBAYUWQIQGOLBX","CCOC1=C(C=CC(=C1)C=NNC(=S)NC2=CC=C(C=C2)OC)O","1-[(3-Ethoxy-4-hydroxyphenyl)methylideneamino]-3-(4-methoxyphenyl)thiourea",3.1,7,-551.288462710807,0.25,NA,"845221101470530149"
"845221232500587222","C17H19N3O3S","[M + H]+",2,0.385216666128935,46.6849400418114,5.02824881335897,41.6566912284524,"7","KMCSXFINGGBOFP","C1CN(CC2=CC=CC=C21)CC(=O)NC3=CC=C(C=C3)S(=O)(=O)N","N-(4-sulfamoylphenyl)-2-(1,2,3,4-tetrahydroisoquinolin-2-yl)acetamide",1.3,8,-555.107441987656,0.134453781512605,NA,"845221101470530149"
"845221232500587222","C17H19N3O3S","[M + H]+",2,0.385216666128935,46.6849400418114,5.02824881335897,41.6566912284524,"7","ABBDYGNALLZFNP","COC1=C(C=C(C=C1)C(=O)NNC(=S)NCC2=CC=CC=C2)OC","N-Benzyl-2-(3,4-dimethoxybenzoyl)hydrazinecarbothioamide",2.6,9,-573.654190849453,0.162790697674419,NA,"845221101470530149"
"845221232500587222","C17H19N3O3S","[M + H]+",2,0.385216666128935,46.6849400418114,5.02824881335897,41.6566912284524,"7","AIBMIQGSVBRQNH","COC1=CC(=CC(=C1OC)OC)C=NNC(=S)NC2=CC=CC=C2","(Phenylcarbamothioylamino)-[(3,4,5-trimethoxyphenyl)methylidene]azanium",3.1,10,-579.347285606284,0.182692307692308,NA,"845221101470530149"
"845221232500587222","C17H19N3O3S","[M + H]+",2,0.385216666128935,46.6849400418114,5.02824881335897,41.6566912284524,"7","HHTWCWCZKQRKRJ","CN1C2=CC=CC=C2N(C3=CC=CC=C3S1(=O)=O)C(=O)CN(C)C","6-Methyl-6,11-dihydro-11-((N,N-dimethylamino)acetyl)dibenzo(c,f)-(1,2,5)-thiadiazepine 5,5-dioxide",1.7,11,-599.75539359042,0.198952879581152,NA,"845221101470530149"
"845221232500587222","C17H19N3O3S","[M + H]+",2,0.385216666128935,46.6849400418114,5.02824881335897,41.6566912284524,"7","RSMGOJOYNVIKHB","COC1=C(C(=C(C=C1)C=NNC(=S)NC2=CC=CC=C2)OC)OC","1-Phenyl-3-[(2,3,4-trimethoxyphenyl)methylideneamino]thiourea",3.1,12,-618.567170814408,0.207920792079208,NA,"845221101470530149"
"845221232500587222","C17H19N3O3S","[M + H]+",2,0.385216666128935,46.6849400418114,5.02824881335897,41.6566912284524,"7","RHRSBTVNCCOGDJ","CC1=CC(=NC(=N1)SC(C2=CC=CC=C2)C(=O)O)N3CCOCC3","(2S)-2-(4-methyl-6-morpholin-4-ylpyrimidin-2-yl)sulfanyl-2-phenylacetate",2.8,13,-622.482494058037,0.206730769230769,NA,"845221101470530149"
"845221232500587222","C17H19N3O3S","[M + H]+",2,0.385216666128935,46.6849400418114,5.02824881335897,41.6566912284524,"7","FUYKCLPJJPJJTN","COC1=CC(=C(C=C1C=NNC(=S)NC2=CC=CC=C2)OC)OC","(Phenylcarbamothioylamino)-[(2,4,5-trimethoxyphenyl)methylidene]azanium",3.1,14,-648.626380959537,0.203980099502488,NA,"845221101470530149"
"845221232500587222","C17H19N3O3S","[M + H]+",2,0.385216666128935,46.6849400418114,5.02824881335897,41.6566912284524,"7","YPHDMWLZRDJBET","CC(=O)N1CCC2=CC=CC=C2C1C3=C(N(C(=S)N(C3=O)C)C)O","5-(2-acetyl-1,2,3,4-tetrahydroisoquinolin-1-yl)-6-hydroxy-1,3-dimethyl-2-sulfanylidene-1,2,3,4-tetrahydropyrimidin-4-one",0.9,15,-655.136124193581,0.166666666666667,NA,"845221101470530149"
"845221232500587223","C14H23N3O3S2","[M + H]+",3,0.00029004651043352,39.4934201085967,1.5045142897489,37.9889058188478,"7",NA,NA,NA,NA,NA,NA,NA,NA,"845221101470530149"
"845221232500587224","C14H16F3N4O3","[M + H]+",4,0.000127735483363312,38.6733404071337,2.33128148240886,36.3420589247249,"7",NA,NA,NA,NA,NA,NA,NA,NA,"845221101470530149"
"845221232500587225","C14H21N2O6S","[M + H]+",5,2.33646480600052e-05,36.9746029310091,4.4799151241553,32.4946878068538,"7",NA,NA,NA,NA,NA,NA,NA,NA,"845221101470530149"
"845221232500587226","C17H16FN3O4","[M + H]+",6,3.82106875629973e-06,35.1639089802942,1.58325973402836,33.5806492462659,"7",NA,NA,NA,NA,NA,NA,NA,NA,"845221101470530149"
"845221232500587227","C11H21F2N3O5S","[M + H]+",7,4.81745791618949e-07,33.0930401103328,4.61293457890208,28.4801055314307,"7",NA,NA,NA,NA,NA,NA,NA,NA,"845221101470530149"
"845221232500587228","C11H18F3N3O6","[M + H]+",8,2.36107703447474e-07,32.3799116101488,2.3122047582936,30.0677068518552,"7",NA,NA,NA,NA,NA,NA,NA,NA,"845221101470530149"
"845221232500587229","C14H17F2N3O5","[M + H]+",9,1.79244714250826e-07,32.1043755295929,2.88804014581683,29.2163353837761,"7",NA,NA,NA,NA,NA,NA,NA,NA,"845221101470530149"
"845221232500587230","C9H15N9O6","[M + H]+",10,4.84622860893937e-08,30.7964094277349,1.42211398527611,29.3742954424588,"7",NA,NA,NA,NA,NA,NA,NA,NA,"845221101470530149"
"845221333478456181","C17H19N3O3S","[M + H]+",1,0.750612107056676,54.0823208763818,0.13481670073129,53.9475041756506,"8","SUBDBMMJDZJVOS","CC1=CN=C(C(=C1OC)C)CS(=O)C2=NC3=C(N2)C=C(C=C3)OC","6-methoxy-2-[(4-methoxy-3,5-dimethylpyridin-2-yl)methanesulfinyl]-1H-1,3-benzodiazole",2.6206226,1,-8.21356208174791,0.983606557377049,0,"845221101487307366"
"845221333478456181","C17H19N3O3S","[M + H]+",1,0.750612107056676,54.0823208763818,0.13481670073129,53.9475041756506,"8","ZWNARYKSNTWUOM","C1CN(CN1CC2=CC=CC=C2)C(=O)C3=CC=C(C=C3)S(=O)(=O)N","4-[3-(Phenylmethyl)imidazolidin-1-yl]carbonylbenzenesulfonamide",1.3,4,-440.575484468694,0.141509433962264,NA,"845221101487307366"
"845221333478456181","C17H19N3O3S","[M + H]+",1,0.750612107056676,54.0823208763818,0.13481670073129,53.9475041756506,"8","HVGVNYJRZJHYBS","CC1=CC(=C(C=C1)S(=O)(=O)NC2=CC3=C(C=C2)N(C(=O)N3C)C)C","N-(1,3-dimethyl-2-oxo-2,3-dihydro-1H-benzimidazol-5-yl)-2,4-dimethylbenzenesulfonamide",2.2,5,-491.467383692251,0.317647058823529,NA,"845221101487307366"
"845221333478456181","C17H19N3O3S","[M + H]+",1,0.750612107056676,54.0823208763818,0.13481670073129,53.9475041756506,"8","FDDLMBKEDYPNER","C1CN(CCN1CCC(=O)C2=CC=CS2)C3=CC=C(C=C3)[N+](=O)[O-]","3-[4-(4-Nitrophenyl)piperazino]-1-(2-thienyl)-1-propanone",3,6,-498.428588047879,0.146341463414634,NA,"845221101487307366"
"845221333478456181","C17H19N3O3S","[M + H]+",1,0.750612107056676,54.0823208763818,0.13481670073129,53.9475041756506,"8","SJXKOSOSNRUTAX","C1CN(CCN1CC2=CC=CO2)C(=S)NC3=CC4=C(C=C3)OCO4","N-(1,3-benzodioxol-5-yl)-4-(furan-2-ylmethyl)piperazin-4-ium-1-carbothioamide",1.9,7,-504.697856616607,0.23469387755102,NA,"845221101487307366"
"845221333478456181","C17H19N3O3S","[M + H]+",1,0.750612107056676,54.0823208763818,0.13481670073129,53.9475041756506,"8","IBAYUWQIQGOLBX","CCOC1=C(C=CC(=C1)C=NNC(=S)NC2=CC=C(C=C2)OC)O","1-[(3-Ethoxy-4-hydroxyphenyl)methylideneamino]-3-(4-methoxyphenyl)thiourea",3.1,8,-530.738253973422,0.244791666666667,NA,"845221101487307366"
"845221333478456181","C17H19N3O3S","[M + H]+",1,0.750612107056676,54.0823208763818,0.13481670073129,53.9475041756506,"8","LJAVIEUWQYYONW","COC1=CC=C(C=C1)C2=NC(=NC=C2)SCC(=O)N3CCOCC3","2-[[4-(4-Methoxyphenyl)-2-pyrimidinyl]thio]-1-(4-morpholinyl)ethanone",1.8,9,-535.706349466703,0.308056872037915,NA,"845221101487307366"
"845221333478456181","C17H19N3O3S","[M + H]+",1,0.750612107056676,54.0823208763818,0.13481670073129,53.9475041756506,"8","KMCSXFINGGBOFP","C1CN(CC2=CC=CC=C21)CC(=O)NC3=CC=C(C=C3)S(=O)(=O)N","N-(4-sulfamoylphenyl)-2-(1,2,3,4-tetrahydroisoquinolin-2-yl)acetamide",1.3,10,-564.655257712229,0.135021097046413,NA,"845221101487307366"
"845221333478456181","C17H19N3O3S","[M + H]+",1,0.750612107056676,54.0823208763818,0.13481670073129,53.9475041756506,"8","ABBDYGNALLZFNP","COC1=C(C=C(C=C1)C(=O)NNC(=S)NCC2=CC=CC=C2)OC","N-Benzyl-2-(3,4-dimethoxybenzoyl)hydrazinecarbothioamide",2.6,11,-568.847479070257,0.158914728682171,NA,"845221101487307366"
"845221333478456181","C17H19N3O3S","[M + H]+",1,0.750612107056676,54.0823208763818,0.13481670073129,53.9475041756506,"8","AIBMIQGSVBRQNH","COC1=CC(=CC(=C1OC)OC)C=NNC(=S)NC2=CC=CC=C2","(Phenylcarbamothioylamino)-[(3,4,5-trimethoxyphenyl)methylidene]azanium",3.1,12,-569.089483234972,0.183574879227053,NA,"845221101487307366"
"845221333478456181","C17H19N3O3S","[M + H]+",1,0.750612107056676,54.0823208763818,0.13481670073129,53.9475041756506,"8","HHTWCWCZKQRKRJ","CN1C2=CC=CC=C2N(C3=CC=CC=C3S1(=O)=O)C(=O)CN(C)C","6-Methyl-6,11-dihydro-11-((N,N-dimethylamino)acetyl)dibenzo(c,f)-(1,2,5)-thiadiazepine 5,5-dioxide",1.7,13,-604.494356025779,0.2,NA,"845221101487307366"
"845221333478456181","C17H19N3O3S","[M + H]+",1,0.750612107056676,54.0823208763818,0.13481670073129,53.9475041756506,"8","RSMGOJOYNVIKHB","COC1=C(C(=C(C=C1)C=NNC(=S)NC2=CC=CC=C2)OC)OC","1-Phenyl-3-[(2,3,4-trimethoxyphenyl)methylideneamino]thiourea",3.1,14,-604.633875463693,0.202970297029703,NA,"845221101487307366"
"845221333478456181","C17H19N3O3S","[M + H]+",1,0.750612107056676,54.0823208763818,0.13481670073129,53.9475041756506,"8","RHRSBTVNCCOGDJ","CC1=CC(=NC(=N1)SC(C2=CC=CC=C2)C(=O)O)N3CCOCC3","(2S)-2-(4-methyl-6-morpholin-4-ylpyrimidin-2-yl)sulfanyl-2-phenylacetate",2.8,15,-613.571017500611,0.207729468599034,NA,"845221101487307366"
"845221333478456181","C17H19N3O3S","[M + H]+",1,0.750612107056676,54.0823208763818,0.13481670073129,53.9475041756506,"8","YPHDMWLZRDJBET","CC(=O)N1CCC2=CC=CC=C2C1C3=C(N(C(=S)N(C3=O)C)C)O","5-(2-acetyl-1,2,3,4-tetrahydroisoquinolin-1-yl)-6-hydroxy-1,3-dimethyl-2-sulfanylidene-1,2,3,4-tetrahydropyrimidin-4-one",0.9,16,-628.755605493426,0.167400881057269,NA,"845221101487307366"
"845221333478456181","C17H19N3O3S","[M + H]+",1,0.750612107056676,54.0823208763818,0.13481670073129,53.9475041756506,"8","FUYKCLPJJPJJTN","COC1=CC(=C(C=C1C=NNC(=S)NC2=CC=CC=C2)OC)OC","(Phenylcarbamothioylamino)-[(2,4,5-trimethoxyphenyl)methylidene]azanium",3.1,17,-629.216989002258,0.205,NA,"845221101487307366"
"845221333478456182","C14H20FN3O4S","[M + H]+",2,0.216549605377754,52.8392515053169,0,52.8392515053169,"8",NA,NA,NA,NA,NA,NA,NA,NA,"845221101487307366"
"845221333478456183","C15H13F2N7O","[M + H]+",3,0.0131028374524045,50.0342606661457,3.17838390540658,46.8558767607391,"8",NA,NA,NA,NA,NA,NA,NA,NA,"845221101487307366"
"845221333478456184","C16H24ClNO3S","[M + H]+",4,0.00952001267103989,49.7148280397666,0,49.7148280397666,"8",NA,NA,NA,NA,NA,NA,NA,NA,"845221101487307366"
"845221333478456185","C14H23N3O3S2","[M + H]+",5,0.00368735690461701,48.766341775358,0,48.766341775358,"8","WBLFCWDWOFARFH","CC(C)CN1C2CN(CC2OCCS1(=O)=O)CC3=NC=CS3","(5aS,8aR)-1-(2-methylpropyl)-7-(1,3-thiazol-2-ylmethyl)-3,4,5a,6,8,8a-hexahydropyrrolo[3,4-f][1,4,5]oxathiazepine 2,2-dioxide",1,3,-402.024222875799,0.238888888888889,NA,"845221101487307366"
"845221333478456185","C14H23N3O3S2","[M + H]+",5,0.00368735690461701,48.766341775358,0,48.766341775358,"8","VDWQLXDLGJSQDR","C1=C(NC=N1)CC(C(=O)O)NC(=O)CCCCC(CCS)S","(2S)-2-[6,8-bis(sulfanyl)octanoylamino]-3-(1H-imidazol-5-yl)propanoic acid",1.3,19,-650.50056480825,0.15668202764977,NA,"845221101487307366"
"845221333478456186","C14H22ClN4O2S","[M + H]+",6,0.0031069167557445,48.5950626975382,0,48.5950626975382,"8",NA,NA,NA,NA,NA,NA,NA,NA,"845221101487307366"
"845221333478456187","C13H20BClN2O6","[M + H]+",7,0.00279417607163957,48.4889691365884,0,48.4889691365884,"8","RJXOEUFRQATKAB","[B-](C(CC1=CC=C(C=C1)Cl)NC(=O)C)(O)(O)OCC(C(=O)O)N","[(1R)-1-acetamido-2-(4-chlorophenyl)ethyl]-[(2S)-2-amino-3-hydroxy-3-oxo-propoxy]-dihydroxy-boron",0.87474024,2,-373.778414241642,0.239263803680982,Inf,"845221101487307366"
"845221333478456188","C14H16F3N4O3","[M + H]+",8,0.00040023399787832,46.5457259517516,1.07434688788562,45.471379063866,"8",NA,NA,NA,NA,NA,NA,NA,NA,"845221101487307366"
"845221333478456189","C9H15N9O6","[M + H]+",9,0.000102219783568568,45.1808018170184,0,45.1808018170184,"8",NA,NA,NA,NA,NA,NA,NA,NA,"845221101487307366"
"845221333478456190","C12H14F3N7O2","[M + H]+",10,3.65595382404765e-05,44.1526186973128,1.03517008534412,43.1174486119687,"8",NA,NA,NA,NA,NA,NA,NA,NA,"845221101487307366"
"845221290432314189","C17H19N3O3S","[M + H]+",1,0.770020627112921,45.9008722209748,0,45.9008722209748,"9","SUBDBMMJDZJVOS","CC1=CN=C(C(=C1OC)C)CS(=O)C2=NC3=C(N2)C=C(C=C3)OC","6-methoxy-2-[(4-methoxy-3,5-dimethylpyridin-2-yl)methanesulfinyl]-1H-1,3-benzodiazole",2.6206226,1,-10.045540394067,0.983606557377049,0,"845221101499890279"
"845221290432314189","C17H19N3O3S","[M + H]+",1,0.770020627112921,45.9008722209748,0,45.9008722209748,"9","ZWNARYKSNTWUOM","C1CN(CN1CC2=CC=CC=C2)C(=O)C3=CC=C(C=C3)S(=O)(=O)N","4-[3-(Phenylmethyl)imidazolidin-1-yl]carbonylbenzenesulfonamide",1.3,3,-439.046685293906,0.141509433962264,NA,"845221101499890279"
"845221290432314189","C17H19N3O3S","[M + H]+",1,0.770020627112921,45.9008722209748,0,45.9008722209748,"9","FDDLMBKEDYPNER","C1CN(CCN1CCC(=O)C2=CC=CS2)C3=CC=C(C=C3)[N+](=O)[O-]","3-[4-(4-Nitrophenyl)piperazino]-1-(2-thienyl)-1-propanone",3,4,-484.971349146348,0.146341463414634,NA,"845221101499890279"
"845221290432314189","C17H19N3O3S","[M + H]+",1,0.770020627112921,45.9008722209748,0,45.9008722209748,"9","HVGVNYJRZJHYBS","CC1=CC(=C(C=C1)S(=O)(=O)NC2=CC3=C(C=C2)N(C(=O)N3C)C)C","N-(1,3-dimethyl-2-oxo-2,3-dihydro-1H-benzimidazol-5-yl)-2,4-dimethylbenzenesulfonamide",2.2,5,-495.913734742786,0.317647058823529,NA,"845221101499890279"
"845221290432314189","C17H19N3O3S","[M + H]+",1,0.770020627112921,45.9008722209748,0,45.9008722209748,"9","SJXKOSOSNRUTAX","C1CN(CCN1CC2=CC=CO2)C(=S)NC3=CC4=C(C=C3)OCO4","N-(1,3-benzodioxol-5-yl)-4-(furan-2-ylmethyl)piperazin-4-ium-1-carbothioamide",1.9,6,-509.533992766998,0.23469387755102,NA,"845221101499890279"
"845221290432314189","C17H19N3O3S","[M + H]+",1,0.770020627112921,45.9008722209748,0,45.9008722209748,"9","IBAYUWQIQGOLBX","CCOC1=C(C=CC(=C1)C=NNC(=S)NC2=CC=C(C=C2)OC)O","1-[(3-Ethoxy-4-hydroxyphenyl)methylideneamino]-3-(4-methoxyphenyl)thiourea",3.1,7,-535.261191413374,0.244791666666667,NA,"845221101499890279"
"845221290432314189","C17H19N3O3S","[M + H]+",1,0.770020627112921,45.9008722209748,0,45.9008722209748,"9","LJAVIEUWQYYONW","COC1=CC=C(C=C1)C2=NC(=NC=C2)SCC(=O)N3CCOCC3","2-[[4-(4-Methoxyphenyl)-2-pyrimidinyl]thio]-1-(4-morpholinyl)ethanone",1.8,8,-536.791861758831,0.308056872037915,NA,"845221101499890279"
"845221290432314189","C17H19N3O3S","[M + H]+",1,0.770020627112921,45.9008722209748,0,45.9008722209748,"9","KMCSXFINGGBOFP","C1CN(CC2=CC=CC=C21)CC(=O)NC3=CC=C(C=C3)S(=O)(=O)N","N-(4-sulfamoylphenyl)-2-(1,2,3,4-tetrahydroisoquinolin-2-yl)acetamide",1.3,9,-562.775483608437,0.135021097046413,NA,"845221101499890279"
"845221290432314189","C17H19N3O3S","[M + H]+",1,0.770020627112921,45.9008722209748,0,45.9008722209748,"9","AIBMIQGSVBRQNH","COC1=CC(=CC(=C1OC)OC)C=NNC(=S)NC2=CC=CC=C2","(Phenylcarbamothioylamino)-[(3,4,5-trimethoxyphenyl)methylidene]azanium",3.1,10,-565.80013345034,0.183574879227053,NA,"845221101499890279"
"845221290432314189","C17H19N3O3S","[M + H]+",1,0.770020627112921,45.9008722209748,0,45.9008722209748,"9","ABBDYGNALLZFNP","COC1=C(C=C(C=C1)C(=O)NNC(=S)NCC2=CC=CC=C2)OC","N-Benzyl-2-(3,4-dimethoxybenzoyl)hydrazinecarbothioamide",2.6,11,-567.151444188321,0.158914728682171,NA,"845221101499890279"
"845221290432314189","C17H19N3O3S","[M + H]+",1,0.770020627112921,45.9008722209748,0,45.9008722209748,"9","HHTWCWCZKQRKRJ","CN1C2=CC=CC=C2N(C3=CC=CC=C3S1(=O)=O)C(=O)CN(C)C","6-Methyl-6,11-dihydro-11-((N,N-dimethylamino)acetyl)dibenzo(c,f)-(1,2,5)-thiadiazepine 5,5-dioxide",1.7,12,-598.010138568329,0.2,NA,"845221101499890279"
"845221290432314189","C17H19N3O3S","[M + H]+",1,0.770020627112921,45.9008722209748,0,45.9008722209748,"9","RSMGOJOYNVIKHB","COC1=C(C(=C(C=C1)C=NNC(=S)NC2=CC=CC=C2)OC)OC","1-Phenyl-3-[(2,3,4-trimethoxyphenyl)methylideneamino]thiourea",3.1,13,-599.602038896202,0.202970297029703,NA,"845221101499890279"
"845221290432314189","C17H19N3O3S","[M + H]+",1,0.770020627112921,45.9008722209748,0,45.9008722209748,"9","RHRSBTVNCCOGDJ","CC1=CC(=NC(=N1)SC(C2=CC=CC=C2)C(=O)O)N3CCOCC3","(2S)-2-(4-methyl-6-morpholin-4-ylpyrimidin-2-yl)sulfanyl-2-phenylacetate",2.8,14,-604.583984690963,0.207729468599034,NA,"845221101499890279"
"845221290432314189","C17H19N3O3S","[M + H]+",1,0.770020627112921,45.9008722209748,0,45.9008722209748,"9","YPHDMWLZRDJBET","CC(=O)N1CCC2=CC=CC=C2C1C3=C(N(C(=S)N(C3=O)C)C)O","5-(2-acetyl-1,2,3,4-tetrahydroisoquinolin-1-yl)-6-hydroxy-1,3-dimethyl-2-sulfanylidene-1,2,3,4-tetrahydropyrimidin-4-one",0.9,15,-619.143693568589,0.167400881057269,NA,"845221101499890279"
"845221290432314189","C17H19N3O3S","[M + H]+",1,0.770020627112921,45.9008722209748,0,45.9008722209748,"9","FUYKCLPJJPJJTN","COC1=CC(=C(C=C1C=NNC(=S)NC2=CC=CC=C2)OC)OC","(Phenylcarbamothioylamino)-[(2,4,5-trimethoxyphenyl)methylidene]azanium",3.1,16,-628.341058246421,0.205,NA,"845221101499890279"
"845221290436508494","C14H20FN3O4S","[M + H]+",2,0.222953966346583,44.6614202392392,0,44.6614202392392,"9",NA,NA,NA,NA,NA,NA,NA,NA,"845221101499890279"
"845221290436508495","C9H15N9O6","[M + H]+",3,0.00251302167806545,40.1759408029209,0,40.1759408029209,"9",NA,NA,NA,NA,NA,NA,NA,NA,"845221101499890279"
"845221290436508496","C14H23N3O3S2","[M + H]+",4,0.00196136619879849,39.9280961886536,0,39.9280961886536,"9","WBLFCWDWOFARFH","CC(C)CN1C2CN(CC2OCCS1(=O)=O)CC3=NC=CS3","(5aS,8aR)-1-(2-methylpropyl)-7-(1,3-thiazol-2-ylmethyl)-3,4,5a,6,8,8a-hexahydropyrrolo[3,4-f][1,4,5]oxathiazepine 2,2-dioxide",1,2,-396.21823192431,0.244444444444444,Inf,"845221101499890279"
"845221290436508496","C14H23N3O3S2","[M + H]+",4,0.00196136619879849,39.9280961886536,0,39.9280961886536,"9","VDWQLXDLGJSQDR","C1=C(NC=N1)CC(C(=O)O)NC(=O)CCCCC(CCS)S","(2S)-2-[6,8-bis(sulfanyl)octanoylamino]-3-(1H-imidazol-5-yl)propanoic acid",1.3,18,-635.776979323862,0.150684931506849,NA,"845221101499890279"
"845221290436508497","C11H18F3N3O6","[M + H]+",5,0.00164795569502587,39.7539904650672,0,39.7539904650672,"9",NA,NA,NA,NA,NA,NA,NA,NA,"845221101499890279"
"845221290436508498","C15H13F2N7O","[M + H]+",6,0.00041591146353754,38.3771720486208,0,38.3771720486208,"9",NA,NA,NA,NA,NA,NA,NA,NA,"845221101499890279"
"845221290436508499","C14H17F2N3O5","[M + H]+",7,0.000332928248151036,38.1546266347907,0,38.1546266347907,"9",NA,NA,NA,NA,NA,NA,NA,NA,"845221101499890279"
"845221290436508500","C12H22F2NO6P","[M + H]+",8,5.6460556655515e-05,36.3802419211122,0,36.3802419211122,"9",NA,NA,NA,NA,NA,NA,NA,NA,"845221101499890279"
"845221290436508501","C12H14F3N7O2","[M + H]+",9,4.30276921464774e-05,36.1085435508642,0,36.1085435508642,"9",NA,NA,NA,NA,NA,NA,NA,NA,"845221101499890279"
"845221290436508502","C11H20N7O2PS","[M + H]+",10,1.64756380682435e-05,35.1485824481677,0,35.1485824481677,"9",NA,NA,NA,NA,NA,NA,NA,NA,"845221101499890279"
"845221264607984421","C17H19N3O3S","[M + H]+",1,0.696556318381592,31.6221383357956,0,31.6221383357956,"10","SUBDBMMJDZJVOS","CC1=CN=C(C(=C1OC)C)CS(=O)C2=NC3=C(N2)C=C(C=C3)OC","6-methoxy-2-[(4-methoxy-3,5-dimethylpyridin-2-yl)methanesulfinyl]-1H-1,3-benzodiazole",2.6206226,1,-11.7462043761946,0.975609756097561,0,"845221101508278888"
"845221264607984421","C17H19N3O3S","[M + H]+",1,0.696556318381592,31.6221383357956,0,31.6221383357956,"10","ZWNARYKSNTWUOM","C1CN(CN1CC2=CC=CC=C2)C(=O)C3=CC=C(C=C3)S(=O)(=O)N","4-[3-(Phenylmethyl)imidazolidin-1-yl]carbonylbenzenesulfonamide",1.3,4,-419.846590370306,0.14622641509434,NA,"845221101508278888"
"845221264607984421","C17H19N3O3S","[M + H]+",1,0.696556318381592,31.6221383357956,0,31.6221383357956,"10","HVGVNYJRZJHYBS","CC1=CC(=C(C=C1)S(=O)(=O)NC2=CC3=C(C=C2)N(C(=O)N3C)C)C","N-(1,3-dimethyl-2-oxo-2,3-dihydro-1H-benzimidazol-5-yl)-2,4-dimethylbenzenesulfonamide",2.2,5,-441.321651519056,0.323529411764706,NA,"845221101508278888"
"845221264607984421","C17H19N3O3S","[M + H]+",1,0.696556318381592,31.6221383357956,0,31.6221383357956,"10","FDDLMBKEDYPNER","C1CN(CCN1CCC(=O)C2=CC=CS2)C3=CC=C(C=C3)[N+](=O)[O-]","3-[4-(4-Nitrophenyl)piperazino]-1-(2-thienyl)-1-propanone",3,6,-470.600757674254,0.145631067961165,NA,"845221101508278888"
"845221264607984421","C17H19N3O3S","[M + H]+",1,0.696556318381592,31.6221383357956,0,31.6221383357956,"10","SJXKOSOSNRUTAX","C1CN(CCN1CC2=CC=CO2)C(=S)NC3=CC4=C(C=C3)OCO4","N-(1,3-benzodioxol-5-yl)-4-(furan-2-ylmethyl)piperazin-4-ium-1-carbothioamide",1.9,7,-488.114430409435,0.233502538071066,NA,"845221101508278888"
"845221264607984421","C17H19N3O3S","[M + H]+",1,0.696556318381592,31.6221383357956,0,31.6221383357956,"10","IBAYUWQIQGOLBX","CCOC1=C(C=CC(=C1)C=NNC(=S)NC2=CC=C(C=C2)OC)O","1-[(3-Ethoxy-4-hydroxyphenyl)methylideneamino]-3-(4-methoxyphenyl)thiourea",3.1,8,-509.491816754686,0.243523316062176,NA,"845221101508278888"
"845221264607984421","C17H19N3O3S","[M + H]+",1,0.696556318381592,31.6221383357956,0,31.6221383357956,"10","KMCSXFINGGBOFP","C1CN(CC2=CC=CC=C21)CC(=O)NC3=CC=C(C=C3)S(=O)(=O)N","N-(4-sulfamoylphenyl)-2-(1,2,3,4-tetrahydroisoquinolin-2-yl)acetamide",1.3,9,-535.422307518673,0.139240506329114,NA,"845221101508278888"
"845221264607984421","C17H19N3O3S","[M + H]+",1,0.696556318381592,31.6221383357956,0,31.6221383357956,"10","LJAVIEUWQYYONW","COC1=CC=C(C=C1)C2=NC(=NC=C2)SCC(=O)N3CCOCC3","2-[[4-(4-Methoxyphenyl)-2-pyrimidinyl]thio]-1-(4-morpholinyl)ethanone",1.8,10,-540.893124512414,0.306603773584906,NA,"845221101508278888"
"845221264607984421","C17H19N3O3S","[M + H]+",1,0.696556318381592,31.6221383357956,0,31.6221383357956,"10","ABBDYGNALLZFNP","COC1=C(C=C(C=C1)C(=O)NNC(=S)NCC2=CC=CC=C2)OC","N-Benzyl-2-(3,4-dimethoxybenzoyl)hydrazinecarbothioamide",2.6,11,-548.444278650931,0.158301158301158,NA,"845221101508278888"
"845221264607984421","C17H19N3O3S","[M + H]+",1,0.696556318381592,31.6221383357956,0,31.6221383357956,"10","AIBMIQGSVBRQNH","COC1=CC(=CC(=C1OC)OC)C=NNC(=S)NC2=CC=CC=C2","(Phenylcarbamothioylamino)-[(3,4,5-trimethoxyphenyl)methylidene]azanium",3.1,12,-566.5011282357,0.182692307692308,NA,"845221101508278888"
"845221264607984421","C17H19N3O3S","[M + H]+",1,0.696556318381592,31.6221383357956,0,31.6221383357956,"10","HHTWCWCZKQRKRJ","CN1C2=CC=CC=C2N(C3=CC=CC=C3S1(=O)=O)C(=O)CN(C)C","6-Methyl-6,11-dihydro-11-((N,N-dimethylamino)acetyl)dibenzo(c,f)-(1,2,5)-thiadiazepine 5,5-dioxide",1.7,13,-576.18054392748,0.205263157894737,NA,"845221101508278888"
"845221264607984421","C17H19N3O3S","[M + H]+",1,0.696556318381592,31.6221383357956,0,31.6221383357956,"10","WPIILTPYKOWHQU","COC1=CC2=C(C=C1)NC=C2CCNS(=O)(=O)C3=CC=C(C=C3)N","4-amino-N-[2-(5-methoxy-1H-indol-3-yl)ethyl]benzene-1-sulfonamide",2.4006016,14,-577.403410211484,0.344497607655502,NA,"845221101508278888"
"845221264607984421","C17H19N3O3S","[M + H]+",1,0.696556318381592,31.6221383357956,0,31.6221383357956,"10","YPHDMWLZRDJBET","CC(=O)N1CCC2=CC=CC=C2C1C3=C(N(C(=S)N(C3=O)C)C)O","5-(2-acetyl-1,2,3,4-tetrahydroisoquinolin-1-yl)-6-hydroxy-1,3-dimethyl-2-sulfanylidene-1,2,3,4-tetrahydropyrimidin-4-one",0.9,15,-591.158790886224,0.166666666666667,NA,"845221101508278888"
"845221264607984421","C17H19N3O3S","[M + H]+",1,0.696556318381592,31.6221383357956,0,31.6221383357956,"10","RSMGOJOYNVIKHB","COC1=C(C(=C(C=C1)C=NNC(=S)NC2=CC=CC=C2)OC)OC","1-Phenyl-3-[(2,3,4-trimethoxyphenyl)methylideneamino]thiourea",3.1,16,-596.436809886309,0.201970443349754,NA,"845221101508278888"
"845221264607984421","C17H19N3O3S","[M + H]+",1,0.696556318381592,31.6221383357956,0,31.6221383357956,"10","RHRSBTVNCCOGDJ","CC1=CC(=NC(=N1)SC(C2=CC=CC=C2)C(=O)O)N3CCOCC3","(2S)-2-(4-methyl-6-morpholin-4-ylpyrimidin-2-yl)sulfanyl-2-phenylacetate",2.8,17,-603.558865182326,0.206730769230769,NA,"845221101508278888"
"845221264607984422","C14H20FN3O4S","[M + H]+",2,0.210307797418783,30.4245618463371,0,30.4245618463371,"10",NA,NA,NA,NA,NA,NA,NA,NA,"845221101508278888"
"845221264607984423","C11H18F3N3O6","[M + H]+",3,0.0341184481896723,28.6058279273482,3.4550220058489,25.1508059214993,"10",NA,NA,NA,NA,NA,NA,NA,NA,"845221101508278888"
"845221264607984424","C9H15N9O6","[M + H]+",4,0.0253217598363702,28.307653785385,2.88394050343513,25.4237132819499,"10",NA,NA,NA,NA,NA,NA,NA,NA,"845221101508278888"
"845221264607984425","C16H24ClNO3S","[M + H]+",5,0.0119332385420916,27.5553173480251,0,27.5553173480251,"10",NA,NA,NA,NA,NA,NA,NA,NA,"845221101508278888"
"845221264607984426","C13H20BClN2O6","[M + H]+",6,0.0116003322832972,27.5270234295321,0,27.5270234295321,"10","RJXOEUFRQATKAB","[B-](C(CC1=CC=C(C=C1)Cl)NC(=O)C)(O)(O)OCC(C(=O)O)N","[(1R)-1-acetamido-2-(4-chlorophenyl)ethyl]-[(2S)-2-amino-3-hydroxy-3-oxo-propoxy]-dihydroxy-boron",0.87474024,2,-326.55186565729,0.254777070063694,Inf,"845221101508278888"
"845221264607984427","C14H23N3O3S2","[M + H]+",7,0.00538048529590992,26.7587682605245,0,26.7587682605245,"10","WBLFCWDWOFARFH","CC(C)CN1C2CN(CC2OCCS1(=O)=O)CC3=NC=CS3","(5aS,8aR)-1-(2-methylpropyl)-7-(1,3-thiazol-2-ylmethyl)-3,4,5a,6,8,8a-hexahydropyrrolo[3,4-f][1,4,5]oxathiazepine 2,2-dioxide",1,3,-361.62652612067,0.285714285714286,NA,"845221101508278888"
"845221264607984427","C14H23N3O3S2","[M + H]+",7,0.00538048529590992,26.7587682605245,0,26.7587682605245,"10","VDWQLXDLGJSQDR","C1=C(NC=N1)CC(C(=O)O)NC(=O)CCCCC(CCS)S","(2S)-2-[6,8-bis(sulfanyl)octanoylamino]-3-(1H-imidazol-5-yl)propanoic acid",1.3,18,-620.799784615101,0.176744186046512,NA,"845221101508278888"
"845221264607984428","C12H14F3N7O2","[M + H]+",8,0.00110413836869394,25.1750549606814,1.97289041282663,23.2021645478547,"10",NA,NA,NA,NA,NA,NA,NA,NA,"845221101508278888"
"845221264607984429","C14H17F2N3O5","[M + H]+",9,0.00101507834738929,25.0909554857791,1.55401083963647,23.5369446461426,"10",NA,NA,NA,NA,NA,NA,NA,NA,"845221101508278888"
"845221264607984430","C15H13F2N7O","[M + H]+",10,0.000669991044454069,24.6754987535453,0,24.6754987535453,"10",NA,NA,NA,NA,NA,NA,NA,NA,"845221101508278888"
"845221176443714221","C17H19N3O3S","[M + H]+",1,0.785816555559764,56.7107469775578,0,56.7107469775578,"11","SUBDBMMJDZJVOS","CC1=CN=C(C(=C1OC)C)CS(=O)C2=NC3=C(N2)C=C(C=C3)OC","6-methoxy-2-[(4-methoxy-3,5-dimethylpyridin-2-yl)methanesulfinyl]-1H-1,3-benzodiazole",2.6206226,1,-6.23827101487379,0.991803278688525,0,"845221101516667497"
"845221176443714221","C17H19N3O3S","[M + H]+",1,0.785816555559764,56.7107469775578,0,56.7107469775578,"11","ZWNARYKSNTWUOM","C1CN(CN1CC2=CC=CC=C2)C(=O)C3=CC=C(C=C3)S(=O)(=O)N","4-[3-(Phenylmethyl)imidazolidin-1-yl]carbonylbenzenesulfonamide",1.3,4,-464.88354614626,0.140845070422535,NA,"845221101516667497"
"845221176443714221","C17H19N3O3S","[M + H]+",1,0.785816555559764,56.7107469775578,0,56.7107469775578,"11","FDDLMBKEDYPNER","C1CN(CCN1CCC(=O)C2=CC=CS2)C3=CC=C(C=C3)[N+](=O)[O-]","3-[4-(4-Nitrophenyl)piperazino]-1-(2-thienyl)-1-propanone",3,5,-517.11061287074,0.145631067961165,NA,"845221101516667497"
"845221176443714221","C17H19N3O3S","[M + H]+",1,0.785816555559764,56.7107469775578,0,56.7107469775578,"11","SJXKOSOSNRUTAX","C1CN(CCN1CC2=CC=CO2)C(=S)NC3=CC4=C(C=C3)OCO4","N-(1,3-benzodioxol-5-yl)-4-(furan-2-ylmethyl)piperazin-4-ium-1-carbothioamide",1.9,6,-526.271294250963,0.233502538071066,NA,"845221101516667497"
"845221176443714221","C17H19N3O3S","[M + H]+",1,0.785816555559764,56.7107469775578,0,56.7107469775578,"11","HVGVNYJRZJHYBS","CC1=CC(=C(C=C1)S(=O)(=O)NC2=CC3=C(C=C2)N(C(=O)N3C)C)C","N-(1,3-dimethyl-2-oxo-2,3-dihydro-1H-benzimidazol-5-yl)-2,4-dimethylbenzenesulfonamide",2.2,7,-557.316878473123,0.315789473684211,NA,"845221101516667497"
"845221176443714221","C17H19N3O3S","[M + H]+",1,0.785816555559764,56.7107469775578,0,56.7107469775578,"11","LJAVIEUWQYYONW","COC1=CC=C(C=C1)C2=NC(=NC=C2)SCC(=O)N3CCOCC3","2-[[4-(4-Methoxyphenyl)-2-pyrimidinyl]thio]-1-(4-morpholinyl)ethanone",1.8,8,-565.271901538675,0.312796208530806,NA,"845221101516667497"
"845221176443714221","C17H19N3O3S","[M + H]+",1,0.785816555559764,56.7107469775578,0,56.7107469775578,"11","IBAYUWQIQGOLBX","CCOC1=C(C=CC(=C1)C=NNC(=S)NC2=CC=C(C=C2)OC)O","1-[(3-Ethoxy-4-hydroxyphenyl)methylideneamino]-3-(4-methoxyphenyl)thiourea",3.1,9,-566.871837469888,0.25,NA,"845221101516667497"
"845221176443714221","C17H19N3O3S","[M + H]+",1,0.785816555559764,56.7107469775578,0,56.7107469775578,"11","ABBDYGNALLZFNP","COC1=C(C=C(C=C1)C(=O)NNC(=S)NCC2=CC=CC=C2)OC","N-Benzyl-2-(3,4-dimethoxybenzoyl)hydrazinecarbothioamide",2.6,10,-582.829245336234,0.162790697674419,NA,"845221101516667497"
"845221176443714221","C17H19N3O3S","[M + H]+",1,0.785816555559764,56.7107469775578,0,56.7107469775578,"11","AIBMIQGSVBRQNH","COC1=CC(=CC(=C1OC)OC)C=NNC(=S)NC2=CC=CC=C2","(Phenylcarbamothioylamino)-[(3,4,5-trimethoxyphenyl)methylidene]azanium",3.1,11,-589.002332520516,0.182692307692308,NA,"845221101516667497"
"845221176443714221","C17H19N3O3S","[M + H]+",1,0.785816555559764,56.7107469775578,0,56.7107469775578,"11","KMCSXFINGGBOFP","C1CN(CC2=CC=CC=C21)CC(=O)NC3=CC=C(C=C3)S(=O)(=O)N","N-(4-sulfamoylphenyl)-2-(1,2,3,4-tetrahydroisoquinolin-2-yl)acetamide",1.3,12,-589.070455272612,0.134453781512605,NA,"845221101516667497"
"845221176443714221","C17H19N3O3S","[M + H]+",1,0.785816555559764,56.7107469775578,0,56.7107469775578,"11","RSMGOJOYNVIKHB","COC1=C(C(=C(C=C1)C=NNC(=S)NC2=CC=CC=C2)OC)OC","1-Phenyl-3-[(2,3,4-trimethoxyphenyl)methylideneamino]thiourea",3.1,13,-626.511229221306,0.207920792079208,NA,"845221101516667497"
"845221176443714221","C17H19N3O3S","[M + H]+",1,0.785816555559764,56.7107469775578,0,56.7107469775578,"11","HHTWCWCZKQRKRJ","CN1C2=CC=CC=C2N(C3=CC=CC=C3S1(=O)=O)C(=O)CN(C)C","6-Methyl-6,11-dihydro-11-((N,N-dimethylamino)acetyl)dibenzo(c,f)-(1,2,5)-thiadiazepine 5,5-dioxide",1.7,14,-632.432733969087,0.198952879581152,NA,"845221101516667497"
"845221176443714221","C17H19N3O3S","[M + H]+",1,0.785816555559764,56.7107469775578,0,56.7107469775578,"11","RHRSBTVNCCOGDJ","CC1=CC(=NC(=N1)SC(C2=CC=CC=C2)C(=O)O)N3CCOCC3","(2S)-2-(4-methyl-6-morpholin-4-ylpyrimidin-2-yl)sulfanyl-2-phenylacetate",2.8,15,-633.290619378771,0.206730769230769,NA,"845221101516667497"
"845221176443714221","C17H19N3O3S","[M + H]+",1,0.785816555559764,56.7107469775578,0,56.7107469775578,"11","FUYKCLPJJPJJTN","COC1=CC(=C(C=C1C=NNC(=S)NC2=CC=CC=C2)OC)OC","(Phenylcarbamothioylamino)-[(2,4,5-trimethoxyphenyl)methylidene]azanium",3.1,16,-646.435198435081,0.203980099502488,NA,"845221101516667497"
"845221176443714221","C17H19N3O3S","[M + H]+",1,0.785816555559764,56.7107469775578,0,56.7107469775578,"11","YPHDMWLZRDJBET","CC(=O)N1CCC2=CC=CC=C2C1C3=C(N(C(=S)N(C3=O)C)C)O","5-(2-acetyl-1,2,3,4-tetrahydroisoquinolin-1-yl)-6-hydroxy-1,3-dimethyl-2-sulfanylidene-1,2,3,4-tetrahydropyrimidin-4-one",0.9,18,-657.478888311073,0.166666666666667,NA,"845221101516667497"
"845221176443714222","C14H20FN3O4S","[M + H]+",2,0.19890009051703,55.3368262431893,0,55.3368262431893,"11",NA,NA,NA,NA,NA,NA,NA,NA,"845221101516667497"
"845221176443714223","C13H20BClN2O6","[M + H]+",3,0.0081138994559002,52.1376021755143,0,52.1376021755143,"11","RJXOEUFRQATKAB","[B-](C(CC1=CC=C(C=C1)Cl)NC(=O)C)(O)(O)OCC(C(=O)O)N","[(1R)-1-acetamido-2-(4-chlorophenyl)ethyl]-[(2S)-2-amino-3-hydroxy-3-oxo-propoxy]-dihydroxy-boron",0.87474024,2,-385.684221361101,0.215568862275449,Inf,"845221101516667497"
"845221176443714224","C14H23N3O3S2","[M + H]+",4,0.00349081346200088,51.2941583949638,0,51.2941583949638,"11","WBLFCWDWOFARFH","CC(C)CN1C2CN(CC2OCCS1(=O)=O)CC3=NC=CS3","(5aS,8aR)-1-(2-methylpropyl)-7-(1,3-thiazol-2-ylmethyl)-3,4,5a,6,8,8a-hexahydropyrrolo[3,4-f][1,4,5]oxathiazepine 2,2-dioxide",1,3,-464.02699701061,0.195,NA,"845221101516667497"
"845221176443714224","C14H23N3O3S2","[M + H]+",4,0.00349081346200088,51.2941583949638,0,51.2941583949638,"11","VDWQLXDLGJSQDR","C1=C(NC=N1)CC(C(=O)O)NC(=O)CCCCC(CCS)S","(2S)-2-[6,8-bis(sulfanyl)octanoylamino]-3-(1H-imidazol-5-yl)propanoic acid",1.3,17,-653.636788294983,0.145922746781116,NA,"845221101516667497"
"845221176443714225","C16H24ClNO3S","[M + H]+",5,0.00329358865278203,51.2360013484764,0,51.2360013484764,"11",NA,NA,NA,NA,NA,NA,NA,NA,"845221101516667497"
"845221176443714226","C14H22ClN4O2S","[M + H]+",6,9.84690232976221e-05,47.7260103376886,0,47.7260103376886,"11",NA,NA,NA,NA,NA,NA,NA,NA,"845221101516667497"
"845221176443714227","C9H15N9O6","[M + H]+",7,7.86933382769875e-05,47.5018268280475,0,47.5018268280475,"11",NA,NA,NA,NA,NA,NA,NA,NA,"845221101516667497"
"845221176443714228","C14H17F2N3O5","[M + H]+",8,7.68243677707112e-05,47.4777902017685,2.25443848849962,45.2233517132689,"11",NA,NA,NA,NA,NA,NA,NA,NA,"845221101516667497"
"845221176443714229","C11H18F3N3O6","[M + H]+",9,6.91163733276681e-05,47.3720599771607,0.45449338548704,46.9175665916736,"11",NA,NA,NA,NA,NA,NA,NA,NA,"845221101516667497"
"845221176443714230","C12H14F3N7O2","[M + H]+",10,2.86260950905321e-05,46.4905870408396,1.71077504753272,44.7798119933069,"11",NA,NA,NA,NA,NA,NA,NA,NA,"845221101516667497"
"845221265904024377","C17H19N3O3S","[M + H]+",1,0.846678094279196,23.6877113826646,0,23.6877113826646,"12","SUBDBMMJDZJVOS","CC1=CN=C(C(=C1OC)C)CS(=O)C2=NC3=C(N2)C=C(C=C3)OC","6-methoxy-2-[(4-methoxy-3,5-dimethylpyridin-2-yl)methanesulfinyl]-1H-1,3-benzodiazole",2.6206226,1,-15.3982252014505,0.975609756097561,0,"845221101529250410"
"845221265904024377","C17H19N3O3S","[M + H]+",1,0.846678094279196,23.6877113826646,0,23.6877113826646,"12","ZWNARYKSNTWUOM","C1CN(CN1CC2=CC=CC=C2)C(=O)C3=CC=C(C=C3)S(=O)(=O)N","4-[3-(Phenylmethyl)imidazolidin-1-yl]carbonylbenzenesulfonamide",1.3,27,-462.850660948838,0.140845070422535,NA,"845221101529250410"
"845221265904024377","C17H19N3O3S","[M + H]+",1,0.846678094279196,23.6877113826646,0,23.6877113826646,"12","FDDLMBKEDYPNER","C1CN(CCN1CCC(=O)C2=CC=CS2)C3=CC=C(C=C3)[N+](=O)[O-]","3-[4-(4-Nitrophenyl)piperazino]-1-(2-thienyl)-1-propanone",3,29,-493.9443778203,0.145631067961165,NA,"845221101529250410"
"845221265904024377","C17H19N3O3S","[M + H]+",1,0.846678094279196,23.6877113826646,0,23.6877113826646,"12","SJXKOSOSNRUTAX","C1CN(CCN1CC2=CC=CO2)C(=S)NC3=CC4=C(C=C3)OCO4","N-(1,3-benzodioxol-5-yl)-4-(furan-2-ylmethyl)piperazin-4-ium-1-carbothioamide",1.9,30,-513.922917993653,0.233502538071066,NA,"845221101529250410"
"845221265904024377","C17H19N3O3S","[M + H]+",1,0.846678094279196,23.6877113826646,0,23.6877113826646,"12","HVGVNYJRZJHYBS","CC1=CC(=C(C=C1)S(=O)(=O)NC2=CC3=C(C=C2)N(C(=O)N3C)C)C","N-(1,3-dimethyl-2-oxo-2,3-dihydro-1H-benzimidazol-5-yl)-2,4-dimethylbenzenesulfonamide",2.2,31,-515.672675701666,0.315789473684211,NA,"845221101529250410"
"845221265904024377","C17H19N3O3S","[M + H]+",1,0.846678094279196,23.6877113826646,0,23.6877113826646,"12","IBAYUWQIQGOLBX","CCOC1=C(C=CC(=C1)C=NNC(=S)NC2=CC=C(C=C2)OC)O","1-[(3-Ethoxy-4-hydroxyphenyl)methylideneamino]-3-(4-methoxyphenyl)thiourea",3.1,32,-538.268762418423,0.243523316062176,NA,"845221101529250410"
"845221265904024377","C17H19N3O3S","[M + H]+",1,0.846678094279196,23.6877113826646,0,23.6877113826646,"12","ABBDYGNALLZFNP","COC1=C(C=C(C=C1)C(=O)NNC(=S)NCC2=CC=CC=C2)OC","N-Benzyl-2-(3,4-dimethoxybenzoyl)hydrazinecarbothioamide",2.6,33,-554.916270218563,0.158301158301158,NA,"845221101529250410"
"845221265904024377","C17H19N3O3S","[M + H]+",1,0.846678094279196,23.6877113826646,0,23.6877113826646,"12","KMCSXFINGGBOFP","C1CN(CC2=CC=CC=C21)CC(=O)NC3=CC=C(C=C3)S(=O)(=O)N","N-(4-sulfamoylphenyl)-2-(1,2,3,4-tetrahydroisoquinolin-2-yl)acetamide",1.3,34,-564.601369543535,0.134453781512605,NA,"845221101529250410"
"845221265904024377","C17H19N3O3S","[M + H]+",1,0.846678094279196,23.6877113826646,0,23.6877113826646,"12","LJAVIEUWQYYONW","COC1=CC=C(C=C1)C2=NC(=NC=C2)SCC(=O)N3CCOCC3","2-[[4-(4-Methoxyphenyl)-2-pyrimidinyl]thio]-1-(4-morpholinyl)ethanone",1.8,35,-571.641914735582,0.306603773584906,NA,"845221101529250410"
"845221265904024377","C17H19N3O3S","[M + H]+",1,0.846678094279196,23.6877113826646,0,23.6877113826646,"12","AIBMIQGSVBRQNH","COC1=CC(=CC(=C1OC)OC)C=NNC(=S)NC2=CC=CC=C2","(Phenylcarbamothioylamino)-[(3,4,5-trimethoxyphenyl)methylidene]azanium",3.1,36,-572.331646626572,0.182692307692308,NA,"845221101529250410"
"845221265904024377","C17H19N3O3S","[M + H]+",1,0.846678094279196,23.6877113826646,0,23.6877113826646,"12","HHTWCWCZKQRKRJ","CN1C2=CC=CC=C2N(C3=CC=CC=C3S1(=O)=O)C(=O)CN(C)C","6-Methyl-6,11-dihydro-11-((N,N-dimethylamino)acetyl)dibenzo(c,f)-(1,2,5)-thiadiazepine 5,5-dioxide",1.7,37,-602.708305242095,0.198952879581152,NA,"845221101529250410"
"845221265904024377","C17H19N3O3S","[M + H]+",1,0.846678094279196,23.6877113826646,0,23.6877113826646,"12","RSMGOJOYNVIKHB","COC1=C(C(=C(C=C1)C=NNC(=S)NC2=CC=CC=C2)OC)OC","1-Phenyl-3-[(2,3,4-trimethoxyphenyl)methylideneamino]thiourea",3.1,38,-607.585987628139,0.201970443349754,NA,"845221101529250410"
"845221265904024377","C17H19N3O3S","[M + H]+",1,0.846678094279196,23.6877113826646,0,23.6877113826646,"12","RHRSBTVNCCOGDJ","CC1=CC(=NC(=N1)SC(C2=CC=CC=C2)C(=O)O)N3CCOCC3","(2S)-2-(4-methyl-6-morpholin-4-ylpyrimidin-2-yl)sulfanyl-2-phenylacetate",2.8,39,-614.305896636839,0.206730769230769,NA,"845221101529250410"
"845221265904024377","C17H19N3O3S","[M + H]+",1,0.846678094279196,23.6877113826646,0,23.6877113826646,"12","FUYKCLPJJPJJTN","COC1=CC(=C(C=C1C=NNC(=S)NC2=CC=CC=C2)OC)OC","(Phenylcarbamothioylamino)-[(2,4,5-trimethoxyphenyl)methylidene]azanium",3.1,40,-623.537358842068,0.203980099502488,NA,"845221101529250410"
"845221265904024377","C17H19N3O3S","[M + H]+",1,0.846678094279196,23.6877113826646,0,23.6877113826646,"12","YPHDMWLZRDJBET","CC(=O)N1CCC2=CC=CC=C2C1C3=C(N(C(=S)N(C3=O)C)C)O","5-(2-acetyl-1,2,3,4-tetrahydroisoquinolin-1-yl)-6-hydroxy-1,3-dimethyl-2-sulfanylidene-1,2,3,4-tetrahydropyrimidin-4-one",0.9,41,-639.828060315957,0.166666666666667,NA,"845221101529250410"
"845221265904024378","C14H20FN3O4S","[M + H]+",2,0.136261914953469,21.8609696931507,0,21.8609696931507,"12",NA,NA,NA,NA,NA,NA,NA,NA,"845221101529250410"
"845221265904024379","C20H15N3O3","[M + H]+",3,0.0058578173838655,18.7141678883483,0,18.7141678883483,"12","JXKKWYPQTJBSEX","CC1=C2C(=CC(=N1)C(=O)NC3=CC=CC=C3C(=O)O)C4=CC=CC=C4N2","2-{1-methyl-9H-pyrido[3,4-b]indole-3-amido}benzoic acid",4,2,-223.05604087371,0.385093167701863,Inf,"845221101529250410"
"845221265904024379","C20H15N3O3","[M + H]+",3,0.0058578173838655,18.7141678883483,0,18.7141678883483,"12","QQIBMIWXDUCPDX","C1CN=C(C2=C1C3=C(N2)C=CC(=C3)O)C(=O)C4=CNC5=C4C=C(C=C5)O",NA,2.7,3,-250.047723120905,0.421768707482993,NA,"845221101529250410"
"845221265904024379","C20H15N3O3","[M + H]+",3,0.0058578173838655,18.7141678883483,0,18.7141678883483,"12","VRLHOPLBQZRORF","C1=CC=C(C=C1)OC2=CC=C(C=C2)CC3=NC4=C(N3)C=C(C=C4)[N+](=O)[O-]","6-nitro-2-[(4-phenoxyphenyl)methyl]-1H-benzimidazole",5.05114,4,-281.024426632447,0.36241610738255,NA,"845221101529250410"
"845221265904024379","C20H15N3O3","[M + H]+",3,0.0058578173838655,18.7141678883483,0,18.7141678883483,"12","LMVKUABUTVWKMO","CC1=CC(=O)C(=C(O1)C2=C(N=C(N2)C3=CN=CC=C3)C4=CC=CC=C4)O","3-hydroxy-6-methyl-2-[4-phenyl-2-(pyridin-3-yl)-1H-imidazol-5-yl]-4H-pyran-4-one",2.4,5,-284.438609561828,0.401315789473684,NA,"845221101529250410"
"845221265904024379","C20H15N3O3","[M + H]+",3,0.0058578173838655,18.7141678883483,0,18.7141678883483,"12","NVVIQGMTHCUMFT","C1=CC=C2C(=C1)N=C(O2)C3=C(C=CC(=C3)NC(=O)C4=CC=C(C=C4)N)O","4-amino-N-[3-(3H-1,3-benzoxazol-2-ylidene)-4-oxo-1-cyclohexa-1,5-dienyl]benzamide",3.2,6,-298.025114325323,0.308571428571429,NA,"845221101529250410"
"845221265904024379","C20H15N3O3","[M + H]+",3,0.0058578173838655,18.7141678883483,0,18.7141678883483,"12","XESXXGNCJARCOG","C1=CC=C(C=C1)C(=O)OC2=CC=C(C=C2)C=NNC(=O)C3=CC=NC=C3","[4-[(Pyridine-4-carbonylhydrazinylidene)methyl]phenyl] benzoate",3.6089172,7,-300.306824232839,0.291139240506329,NA,"845221101529250410"
"845221265904024379","C20H15N3O3","[M + H]+",3,0.0058578173838655,18.7141678883483,0,18.7141678883483,"12","UJSFKBQYVJAODI","CC1=NC2=CC=CC=C2C(=C1)NC(=O)CN3C(=O)C4=CC=CC=C4C3=O","2-(1,3-dioxo-2,3-dihydro-1H-isoindol-2-yl)-N-(2-methylquinolin-4-yl)acetamide",2.5,8,-315.996812238036,0.286516853932584,NA,"845221101529250410"
"845221265904024379","C20H15N3O3","[M + H]+",3,0.0058578173838655,18.7141678883483,0,18.7141678883483,"12","FPGWJDJJATWIGG","C1=CC=C(C=C1)CN2C=C(C3=CC=CC=C32)C=C4C(=O)NC(=O)NC4=O","5-(1-Benzyl-1H-indol-3-ylmethylene)-pyrimidine-2,4,6-trione",2.6,9,-318.262163829363,0.271084337349398,NA,"845221101529250410"
"845221265904024379","C20H15N3O3","[M + H]+",3,0.0058578173838655,18.7141678883483,0,18.7141678883483,"12","IVMNCXYYMGVUKG","CN1C=C(C2=CC=CC=C21)C=C3C(=O)NC(=O)N(C3=O)C4=CC=CC=C4","5-(1-Methyl-1H-indol-3-ylmethylene)-1-phenyl-pyrimidine-2,4,6-trione",2.8,10,-328.778208793777,0.266272189349112,NA,"845221101529250410"
"845221265904024379","C20H15N3O3","[M + H]+",3,0.0058578173838655,18.7141678883483,0,18.7141678883483,"12","DDSMABIPZUNONT","CN1C2=CC=CC=C2C(=O)C(=C3C(=CC4=CC=CC=C4)C(=O)NN3)C1=O","(3Z)-3-[(4Z)-4-benzylidene-5-oxopyrazolidin-3-ylidene]-1-methylquinoline-2,4-dione",2.5,11,-333.103158985377,0.254658385093168,NA,"845221101529250410"
"845221265904024379","C20H15N3O3","[M + H]+",3,0.0058578173838655,18.7141678883483,0,18.7141678883483,"12","HJWKNTSKQQKAID","CC1=NC(=CN2C=CC3=CC=CC=C32)C(=O)N1C4=CC=C(C=C4)C(=O)O","4-[4-(Indol-1-ylmethylidene)-2-methyl-5-oxoimidazol-1-yl]benzoic acid",2.5,12,-343.973899742674,0.327272727272727,NA,"845221101529250410"
"845221265904024379","C20H15N3O3","[M + H]+",3,0.0058578173838655,18.7141678883483,0,18.7141678883483,"12","REOKRAKOSOITAV","CN(C1=CC=C(C=C1)C(=O)O)C2=CC=CC3=C2N=C4C=CC=C(C4=N3)O","Izumiphenazine C",3.5,13,-344.519821107085,0.378378378378378,NA,"845221101529250410"
"845221265904024379","C20H15N3O3","[M + H]+",3,0.0058578173838655,18.7141678883483,0,18.7141678883483,"12","JSLHLVGXXJERCS","CC1=CC=CC=C1N2C(=C(C(=O)NC2=O)C=C3C=NC4=CC=CC=C43)O","6-hydroxy-5-[(Z)-indol-3-ylidenemethyl]-1-(2-methylphenyl)pyrimidine-2,4-dione",2.2,14,-360.379557569063,0.297872340425532,NA,"845221101529250410"
"845221265904024379","C20H15N3O3","[M + H]+",3,0.0058578173838655,18.7141678883483,0,18.7141678883483,"12","WQZYSJSRZGJXED","CC1=CC(=CC=C1)N2C(=C(C(=O)NC2=O)C=C3C=NC4=CC=CC=C43)O","6-hydroxy-5-[(E)-indol-3-ylidenemethyl]-1-(3-methylphenyl)pyrimidine-2,4-dione",2.2,15,-364.657856166246,0.293706293706294,NA,"845221101529250410"
"845221265904024379","C20H15N3O3","[M + H]+",3,0.0058578173838655,18.7141678883483,0,18.7141678883483,"12","DRJWGGPMWOUYHD","CN1C2=NC3=C4C=CC(=O)C=C4OC3=C(C2=CN1)C5=CC=C(C=C5)OC","4-(4-methoxyphenyl)-1-methyl-1H-benzofuro[3,2-b]pyrazolo[4,3-e]pyridin-7-ol",1.2,16,-376.714970435725,0.353591160220994,NA,"845221101529250410"
"845221265904024380","C13H19N3O8","[M + H]+",4,0.00390416044609137,18.3084335798091,0,18.3084335798091,"12",NA,NA,NA,NA,NA,NA,NA,NA,"845221101529250410"
"845221265904024381","C17H16FN3O4","[M + H]+",5,0.00299304963418272,18.0426836263863,0,18.0426836263863,"12",NA,NA,NA,NA,NA,NA,NA,NA,"845221101529250410"
"845221265904024382","C22H16FNO2","[M + H]+",6,0.00178996839200344,17.5285887758291,0,17.5285887758291,"12",NA,NA,NA,NA,NA,NA,NA,NA,"845221101529250410"
"845221265904024383","C14H17F6NO2","[M + H]+",7,0.0017892970697294,17.5282136584823,0,17.5282136584823,"12",NA,NA,NA,NA,NA,NA,NA,NA,"845221101529250410"
"845221265904024384","C19H17F2NO3","[M + H]+",8,0.000486125848852421,16.2251030738841,0,16.2251030738841,"12",NA,NA,NA,NA,NA,NA,NA,NA,"845221101529250410"
"845221265904024385","C14H21N2O6S","[M + H]+",9,0.000147591677975161,15.0330850635436,0,15.0330850635436,"12",NA,NA,NA,NA,NA,NA,NA,NA,"845221101529250410"
"845221265904024386","C14H16F3N4O3","[M + H]+",10,8.26671317034963e-05,14.4534576181755,0,14.4534576181755,"12",NA,NA,NA,NA,NA,NA,NA,NA,"845221101529250410"
"845221243342863091","C17H19N3O3S","[M + H]+",1,0.805124114229519,50.6135568152788,0,50.6135568152788,"13","SUBDBMMJDZJVOS","CC1=CN=C(C(=C1OC)C)CS(=O)C2=NC3=C(N2)C=C(C=C3)OC","6-methoxy-2-[(4-methoxy-3,5-dimethylpyridin-2-yl)methanesulfinyl]-1H-1,3-benzodiazole",2.6206226,1,-21.0692340212277,0.959677419354839,0,"845221101546027627"
"845221243342863091","C17H19N3O3S","[M + H]+",1,0.805124114229519,50.6135568152788,0,50.6135568152788,"13","HVGVNYJRZJHYBS","CC1=CC(=C(C=C1)S(=O)(=O)NC2=CC3=C(C=C2)N(C(=O)N3C)C)C","N-(1,3-dimethyl-2-oxo-2,3-dihydro-1H-benzimidazol-5-yl)-2,4-dimethylbenzenesulfonamide",2.2,5,-414.370857743351,0.315789473684211,NA,"845221101546027627"
"845221243342863091","C17H19N3O3S","[M + H]+",1,0.805124114229519,50.6135568152788,0,50.6135568152788,"13","FDDLMBKEDYPNER","C1CN(CCN1CCC(=O)C2=CC=CS2)C3=CC=C(C=C3)[N+](=O)[O-]","3-[4-(4-Nitrophenyl)piperazino]-1-(2-thienyl)-1-propanone",3,6,-441.24289427196,0.145631067961165,NA,"845221101546027627"
"845221243342863091","C17H19N3O3S","[M + H]+",1,0.805124114229519,50.6135568152788,0,50.6135568152788,"13","ZWNARYKSNTWUOM","C1CN(CN1CC2=CC=CC=C2)C(=O)C3=CC=C(C=C3)S(=O)(=O)N","4-[3-(Phenylmethyl)imidazolidin-1-yl]carbonylbenzenesulfonamide",1.3,8,-444.336137648717,0.140845070422535,NA,"845221101546027627"
"845221243342863091","C17H19N3O3S","[M + H]+",1,0.805124114229519,50.6135568152788,0,50.6135568152788,"13","SJXKOSOSNRUTAX","C1CN(CCN1CC2=CC=CO2)C(=S)NC3=CC4=C(C=C3)OCO4","N-(1,3-benzodioxol-5-yl)-4-(furan-2-ylmethyl)piperazin-4-ium-1-carbothioamide",1.9,11,-520.197173610274,0.233502538071066,NA,"845221101546027627"
"845221243342863091","C17H19N3O3S","[M + H]+",1,0.805124114229519,50.6135568152788,0,50.6135568152788,"13","IBAYUWQIQGOLBX","CCOC1=C(C=CC(=C1)C=NNC(=S)NC2=CC=C(C=C2)OC)O","1-[(3-Ethoxy-4-hydroxyphenyl)methylideneamino]-3-(4-methoxyphenyl)thiourea",3.1,12,-528.171108523503,0.243523316062176,NA,"845221101546027627"
"845221243342863091","C17H19N3O3S","[M + H]+",1,0.805124114229519,50.6135568152788,0,50.6135568152788,"13","KMCSXFINGGBOFP","C1CN(CC2=CC=CC=C21)CC(=O)NC3=CC=C(C=C3)S(=O)(=O)N","N-(4-sulfamoylphenyl)-2-(1,2,3,4-tetrahydroisoquinolin-2-yl)acetamide",1.3,13,-531.117938102263,0.134453781512605,NA,"845221101546027627"
"845221243342863091","C17H19N3O3S","[M + H]+",1,0.805124114229519,50.6135568152788,0,50.6135568152788,"13","AIBMIQGSVBRQNH","COC1=CC(=CC(=C1OC)OC)C=NNC(=S)NC2=CC=CC=C2","(Phenylcarbamothioylamino)-[(3,4,5-trimethoxyphenyl)methylidene]azanium",3.1,14,-536.219673410492,0.182692307692308,NA,"845221101546027627"
"845221243342863091","C17H19N3O3S","[M + H]+",1,0.805124114229519,50.6135568152788,0,50.6135568152788,"13","HHTWCWCZKQRKRJ","CN1C2=CC=CC=C2N(C3=CC=CC=C3S1(=O)=O)C(=O)CN(C)C","6-Methyl-6,11-dihydro-11-((N,N-dimethylamino)acetyl)dibenzo(c,f)-(1,2,5)-thiadiazepine 5,5-dioxide",1.7,16,-547.659319804001,0.198952879581152,NA,"845221101546027627"
"845221243342863091","C17H19N3O3S","[M + H]+",1,0.805124114229519,50.6135568152788,0,50.6135568152788,"13","LJAVIEUWQYYONW","COC1=CC=C(C=C1)C2=NC(=NC=C2)SCC(=O)N3CCOCC3","2-[[4-(4-Methoxyphenyl)-2-pyrimidinyl]thio]-1-(4-morpholinyl)ethanone",1.8,17,-549.902246678521,0.306603773584906,NA,"845221101546027627"
"845221243342863091","C17H19N3O3S","[M + H]+",1,0.805124114229519,50.6135568152788,0,50.6135568152788,"13","RSMGOJOYNVIKHB","COC1=C(C(=C(C=C1)C=NNC(=S)NC2=CC=CC=C2)OC)OC","1-Phenyl-3-[(2,3,4-trimethoxyphenyl)methylideneamino]thiourea",3.1,18,-562.766631015081,0.201970443349754,NA,"845221101546027627"
"845221243342863091","C17H19N3O3S","[M + H]+",1,0.805124114229519,50.6135568152788,0,50.6135568152788,"13","ABBDYGNALLZFNP","COC1=C(C=C(C=C1)C(=O)NNC(=S)NCC2=CC=CC=C2)OC","N-Benzyl-2-(3,4-dimethoxybenzoyl)hydrazinecarbothioamide",2.6,19,-563.99838357952,0.158301158301158,NA,"845221101546027627"
"845221243342863091","C17H19N3O3S","[M + H]+",1,0.805124114229519,50.6135568152788,0,50.6135568152788,"13","WPIILTPYKOWHQU","COC1=CC2=C(C=C1)NC=C2CCNS(=O)(=O)C3=CC=C(C=C3)N","4-amino-N-[2-(5-methoxy-1H-indol-3-yl)ethyl]benzene-1-sulfonamide",2.4006016,20,-564.303709558556,0.33175355450237,NA,"845221101546027627"
"845221243342863091","C17H19N3O3S","[M + H]+",1,0.805124114229519,50.6135568152788,0,50.6135568152788,"13","RHRSBTVNCCOGDJ","CC1=CC(=NC(=N1)SC(C2=CC=CC=C2)C(=O)O)N3CCOCC3","(2S)-2-(4-methyl-6-morpholin-4-ylpyrimidin-2-yl)sulfanyl-2-phenylacetate",2.8,21,-574.860588622722,0.206730769230769,NA,"845221101546027627"
"845221243342863091","C17H19N3O3S","[M + H]+",1,0.805124114229519,50.6135568152788,0,50.6135568152788,"13","FUYKCLPJJPJJTN","COC1=CC(=C(C=C1C=NNC(=S)NC2=CC=CC=C2)OC)OC","(Phenylcarbamothioylamino)-[(2,4,5-trimethoxyphenyl)methylidene]azanium",3.1,22,-586.140903137912,0.203980099502488,NA,"845221101546027627"
"845221243342863092","C14H20FN3O4S","[M + H]+",2,0.153718239776696,48.9576816853675,0,48.9576816853675,"13",NA,NA,NA,NA,NA,NA,NA,NA,"845221101546027627"
"845221243342863093","C16H24ClNO3S","[M + H]+",3,0.0241168230234436,47.1054700183153,0,47.1054700183153,"13",NA,NA,NA,NA,NA,NA,NA,NA,"845221101546027627"
"845221243342863094","C14H23N3O3S2","[M + H]+",4,0.0101501205704574,46.2400459548576,0,46.2400459548576,"13","WBLFCWDWOFARFH","CC(C)CN1C2CN(CC2OCCS1(=O)=O)CC3=NC=CS3","(5aS,8aR)-1-(2-methylpropyl)-7-(1,3-thiazol-2-ylmethyl)-3,4,5a,6,8,8a-hexahydropyrrolo[3,4-f][1,4,5]oxathiazepine 2,2-dioxide",1,4,-405.983578017965,0.237569060773481,NA,"845221101546027627"
"845221243342863094","C14H23N3O3S2","[M + H]+",4,0.0101501205704574,46.2400459548576,0,46.2400459548576,"13","VDWQLXDLGJSQDR","C1=C(NC=N1)CC(C(=O)O)NC(=O)CCCCC(CCS)S","(2S)-2-[6,8-bis(sulfanyl)octanoylamino]-3-(1H-imidazol-5-yl)propanoic acid",1.3,25,-619.768953452177,0.161290322580645,NA,"845221101546027627"
"845221243342863095","C13H19N3O8","[M + H]+",5,0.00452575928247518,45.4323457308851,2.52811552767298,42.9042302032122,"13","RSFNVYSVNQERMH","CN1C(=C(C(=O)N(C1=O)C)C=NC2C(C(C(OC2O)CO)O)O)O","2-deoxy-2-{[(1,3-dimethyl-2,4,6-trioxotetrahydropyrimidin-5(2H)-ylidene)methyl]amino}hexopyranose",-3.1,2,-345.287885633291,0.228395061728395,Inf,"845221101546027627"
"845221243342863095","C13H19N3O8","[M + H]+",5,0.00452575928247518,45.4323457308851,2.52811552767298,42.9042302032122,"13","YXNIEZJFCGTDKV","C1=CN(C(=O)N(C1=O)CCC(C(=O)O)N)C2C(C(C(O2)CO)O)O","2-amino-4-{3-[3,4-dihydroxy-5-(hydroxymethyl)oxolan-2-yl]-2,6-dioxo-1,2,3,6-tetrahydropyrimidin-1-yl}butanoic acid",-3.2040055,3,-370.366933123565,0.195121951219512,NA,"845221101546027627"
"845221243342863095","C13H19N3O8","[M + H]+",5,0.00452575928247518,45.4323457308851,2.52811552767298,42.9042302032122,"13","QBIKARYQTKNDPS","CC(=NOCC(=O)NCC(=O)O)C1CNC(C1CC(=O)O)C(=O)O","Kaoag",-4.1,7,-442.581966528537,0.204545454545455,NA,"845221101546027627"
"845221243342863095","C13H19N3O8","[M + H]+",5,0.00452575928247518,45.4323457308851,2.52811552767298,42.9042302032122,"13","ILMLVTGTUJPQFP","C1CC(NC1)C(=O)NC(CC(=O)O)C(=O)NC(CC(=O)O)C(=O)O","2-[[3-Carboxy-2-(pyrrolidine-2-carbonylamino)propanoyl]amino]butanedioic acid",-2.258851,9,-460.399106376812,0.146788990825688,NA,"845221101546027627"
"845221243342863095","C13H19N3O8","[M + H]+",5,0.00452575928247518,45.4323457308851,2.52811552767298,42.9042302032122,"13","LKIYSIYBKYLKPU","C1CC(N(C1)C(=O)C(CC(=O)O)NC(=O)C(CC(=O)O)N)C(=O)O","1-[2-[(2-Amino-3-carboxypropanoyl)amino]-3-carboxypropanoyl]pyrrolidine-2-carboxylic acid",-2.709041,10,-512.18295881008,0.133333333333333,NA,"845221101546027627"
"845221243342863095","C13H19N3O8","[M + H]+",5,0.00452575928247518,45.4323457308851,2.52811552767298,42.9042302032122,"13","KESWRFKUZRUTAH","C1CC(N(C1)C(=O)C(CC(=O)O)N)C(=O)NC(CC(=O)O)C(=O)O","2-[[1-(2-Amino-3-carboxypropanoyl)pyrrolidine-2-carbonyl]amino]butanedioic acid",-2.709041,15,-538.564088128486,0.129411764705882,NA,"845221101546027627"
"845221243342863096","C14H17F6NO2","[M + H]+",6,0.000856909304443298,43.7681371754719,2.96647499202173,40.8016621834502,"13",NA,NA,NA,NA,NA,NA,NA,NA,"845221101546027627"
"845221243342863097","C14H22ClN4O2S","[M + H]+",7,0.000779315801113412,43.6732214482735,0,43.6732214482735,"13",NA,NA,NA,NA,NA,NA,NA,NA,"845221101546027627"
"845221243342863098","C14H16F3N4O3","[M + H]+",8,0.000186795456210819,42.2448192927411,2.13274086092434,40.1120784318168,"13",NA,NA,NA,NA,NA,NA,NA,NA,"845221101546027627"
"845221243342863099","C13H20BClN2O6","[M + H]+",9,0.000174751378507043,42.1781693611305,0,42.1781693611305,"13",NA,NA,NA,NA,NA,NA,NA,NA,"845221101546027627"
"845221243342863100","C19H20ClNO3","[M + H]+",10,0.000101979019501089,41.6395721925566,0,41.6395721925566,"13",NA,NA,NA,NA,NA,NA,NA,NA,"845221101546027627"
"845221264058530587","C14H20FN3O4S","[M + Na]+",1,0.988591482074769,43.7576595408813,5.47383220205304,38.2838273388283,"14",NA,NA,NA,NA,NA,NA,NA,NA,"845221101587970668"
"845221264058530588","C17H19N3O3S","[M + Na]+",2,0.00500748558184602,38.4723122654368,5.27088264880828,33.2014296166285,"14","SUBDBMMJDZJVOS","CC1=CN=C(C(=C1OC)C)CS(=O)C2=NC3=C(N2)C=C(C=C3)OC","6-methoxy-2-[(4-methoxy-3,5-dimethylpyridin-2-yl)methanesulfinyl]-1H-1,3-benzodiazole",2.6206226,1,-34.2301090319782,0.892307692307692,0,"845221101587970668"
"845221264058530588","C17H19N3O3S","[M + Na]+",2,0.00500748558184602,38.4723122654368,5.27088264880828,33.2014296166285,"14","ZWNARYKSNTWUOM","C1CN(CN1CC2=CC=CC=C2)C(=O)C3=CC=C(C=C3)S(=O)(=O)N","4-[3-(Phenylmethyl)imidazolidin-1-yl]carbonylbenzenesulfonamide",1.3,2,-423.374779452698,0.138888888888889,Inf,"845221101587970668"
"845221264058530588","C17H19N3O3S","[M + Na]+",2,0.00500748558184602,38.4723122654368,5.27088264880828,33.2014296166285,"14","FDDLMBKEDYPNER","C1CN(CCN1CCC(=O)C2=CC=CS2)C3=CC=C(C=C3)[N+](=O)[O-]","3-[4-(4-Nitrophenyl)piperazino]-1-(2-thienyl)-1-propanone",3,3,-453.692186479489,0.138095238095238,NA,"845221101587970668"
"845221264058530588","C17H19N3O3S","[M + Na]+",2,0.00500748558184602,38.4723122654368,5.27088264880828,33.2014296166285,"14","HVGVNYJRZJHYBS","CC1=CC(=C(C=C1)S(=O)(=O)NC2=CC3=C(C=C2)N(C(=O)N3C)C)C","N-(1,3-dimethyl-2-oxo-2,3-dihydro-1H-benzimidazol-5-yl)-2,4-dimethylbenzenesulfonamide",2.2,4,-458.416206358179,0.295454545454545,NA,"845221101587970668"
"845221264058530588","C17H19N3O3S","[M + Na]+",2,0.00500748558184602,38.4723122654368,5.27088264880828,33.2014296166285,"14","SJXKOSOSNRUTAX","C1CN(CCN1CC2=CC=CO2)C(=S)NC3=CC4=C(C=C3)OCO4","N-(1,3-benzodioxol-5-yl)-4-(furan-2-ylmethyl)piperazin-4-ium-1-carbothioamide",1.9,5,-512.726833210287,0.23,NA,"845221101587970668"
"845221264058530588","C17H19N3O3S","[M + Na]+",2,0.00500748558184602,38.4723122654368,5.27088264880828,33.2014296166285,"14","KMCSXFINGGBOFP","C1CN(CC2=CC=CC=C21)CC(=O)NC3=CC=C(C=C3)S(=O)(=O)N","N-(4-sulfamoylphenyl)-2-(1,2,3,4-tetrahydroisoquinolin-2-yl)acetamide",1.3,6,-530.811633159991,0.132780082987552,NA,"845221101587970668"
"845221264058530588","C17H19N3O3S","[M + Na]+",2,0.00500748558184602,38.4723122654368,5.27088264880828,33.2014296166285,"14","HHTWCWCZKQRKRJ","CN1C2=CC=CC=C2N(C3=CC=CC=C3S1(=O)=O)C(=O)CN(C)C","6-Methyl-6,11-dihydro-11-((N,N-dimethylamino)acetyl)dibenzo(c,f)-(1,2,5)-thiadiazepine 5,5-dioxide",1.7,7,-544.700185792261,0.202072538860104,NA,"845221101587970668"
"845221264058530588","C17H19N3O3S","[M + Na]+",2,0.00500748558184602,38.4723122654368,5.27088264880828,33.2014296166285,"14","LJAVIEUWQYYONW","COC1=CC=C(C=C1)C2=NC(=NC=C2)SCC(=O)N3CCOCC3","2-[[4-(4-Methoxyphenyl)-2-pyrimidinyl]thio]-1-(4-morpholinyl)ethanone",1.8,8,-545.754541905471,0.308411214953271,NA,"845221101587970668"
"845221264058530588","C17H19N3O3S","[M + Na]+",2,0.00500748558184602,38.4723122654368,5.27088264880828,33.2014296166285,"14","ABBDYGNALLZFNP","COC1=C(C=C(C=C1)C(=O)NNC(=S)NCC2=CC=CC=C2)OC","N-Benzyl-2-(3,4-dimethoxybenzoyl)hydrazinecarbothioamide",2.6,9,-555.015165725781,0.156488549618321,NA,"845221101587970668"
"845221264058530588","C17H19N3O3S","[M + Na]+",2,0.00500748558184602,38.4723122654368,5.27088264880828,33.2014296166285,"14","RHRSBTVNCCOGDJ","CC1=CC(=NC(=N1)SC(C2=CC=CC=C2)C(=O)O)N3CCOCC3","(2S)-2-(4-methyl-6-morpholin-4-ylpyrimidin-2-yl)sulfanyl-2-phenylacetate",2.8,10,-557.322490425433,0.215311004784689,NA,"845221101587970668"
"845221264058530588","C17H19N3O3S","[M + Na]+",2,0.00500748558184602,38.4723122654368,5.27088264880828,33.2014296166285,"14","AIBMIQGSVBRQNH","COC1=CC(=CC(=C1OC)OC)C=NNC(=S)NC2=CC=CC=C2","(Phenylcarbamothioylamino)-[(3,4,5-trimethoxyphenyl)methylidene]azanium",3.1,11,-576.553891644824,0.180094786729858,NA,"845221101587970668"
"845221264058530588","C17H19N3O3S","[M + Na]+",2,0.00500748558184602,38.4723122654368,5.27088264880828,33.2014296166285,"14","IBAYUWQIQGOLBX","CCOC1=C(C=CC(=C1)C=NNC(=S)NC2=CC=C(C=C2)OC)O","1-[(3-Ethoxy-4-hydroxyphenyl)methylideneamino]-3-(4-methoxyphenyl)thiourea",3.1,12,-580.530716114406,0.233502538071066,NA,"845221101587970668"
"845221264058530588","C17H19N3O3S","[M + Na]+",2,0.00500748558184602,38.4723122654368,5.27088264880828,33.2014296166285,"14","YPHDMWLZRDJBET","CC(=O)N1CCC2=CC=CC=C2C1C3=C(N(C(=S)N(C3=O)C)C)O","5-(2-acetyl-1,2,3,4-tetrahydroisoquinolin-1-yl)-6-hydroxy-1,3-dimethyl-2-sulfanylidene-1,2,3,4-tetrahydropyrimidin-4-one",0.9,13,-590.038710891536,0.169565217391304,NA,"845221101587970668"
"845221264058530588","C17H19N3O3S","[M + Na]+",2,0.00500748558184602,38.4723122654368,5.27088264880828,33.2014296166285,"14","RSMGOJOYNVIKHB","COC1=C(C(=C(C=C1)C=NNC(=S)NC2=CC=CC=C2)OC)OC","1-Phenyl-3-[(2,3,4-trimethoxyphenyl)methylideneamino]thiourea",3.1,14,-598.993752638451,0.199029126213592,NA,"845221101587970668"
"845221264058530588","C17H19N3O3S","[M + Na]+",2,0.00500748558184602,38.4723122654368,5.27088264880828,33.2014296166285,"14","MJRGSRRZKSJHOE","CC1=C(ON=C1C)NS(=O)(=O)C2=CC=CC3=C2C=CC=C3N(C)C","5-(dimethylamino)-N-(3,4-dimethyl-5-isoxazolyl)-1-naphthalenesulfonamide",3.4,15,-615.624489629308,0.221052631578947,NA,"845221101587970668"
"845221264058530589","C14H21N2O6S","[M + Na]+",3,0.00283031152805946,37.901765142378,3.75780270322776,34.1439624391503,"14",NA,NA,NA,NA,NA,NA,NA,NA,"845221101587970668"
"845221264058530590","C15H13F2N7O","[M + Na]+",4,0.00255187922545363,37.7982083951084,3.15472905534262,34.6434793397658,"14",NA,NA,NA,NA,NA,NA,NA,NA,"845221101587970668"
"845221264058530591","C14H16F3N4O3","[M + Na]+",5,0.000513773587373057,36.195405754131,2.1794911851198,34.0159145690112,"14",NA,NA,NA,NA,NA,NA,NA,NA,"845221101587970668"
"845221264058530592","C13H19N3O8","[M + Na]+",6,0.000388068404650321,35.9148047019421,1.89789352676412,34.016911175178,"14",NA,NA,NA,NA,NA,NA,NA,NA,"845221101587970668"
"845221264058530593","C17H16FN3O4","[M + Na]+",7,8.99119663596517e-05,34.4524541172812,2.18094812603355,32.2715059912477,"14",NA,NA,NA,NA,NA,NA,NA,NA,"845221101587970668"
"845221264058530594","C14H17F6NO2","[M + Na]+",8,9.83330976473502e-06,32.239398655081,2.48651665548038,29.7528819996006,"14",NA,NA,NA,NA,NA,NA,NA,NA,"845221101587970668"
"845221264058530595","C13H20FN3O5Si","[M + Na]+",9,6.98689591244632e-06,31.8976594593552,4.64826194809382,27.2493975112614,"14",NA,NA,NA,NA,NA,NA,NA,NA,"845221101587970668"
"845221264058530596","C12H14F3N7O2","[M + Na]+",10,5.32410189872894e-06,31.6258671170683,2.35096650297667,29.2749006140917,"14",NA,NA,NA,NA,NA,NA,NA,NA,"845221101587970668"
"845221285298486083","C17H19N3O3S","[M + H]+",1,0.92458284100118,51.84756911728,0,51.84756911728,"15","SUBDBMMJDZJVOS","CC1=CN=C(C(=C1OC)C)CS(=O)C2=NC3=C(N2)C=C(C=C3)OC","6-methoxy-2-[(4-methoxy-3,5-dimethylpyridin-2-yl)methanesulfinyl]-1H-1,3-benzodiazole",2.6206226,1,-7.83493332755724,0.983606557377049,0,"845221101604747885"
"845221285298486083","C17H19N3O3S","[M + H]+",1,0.92458284100118,51.84756911728,0,51.84756911728,"15","ZWNARYKSNTWUOM","C1CN(CN1CC2=CC=CC=C2)C(=O)C3=CC=C(C=C3)S(=O)(=O)N","4-[3-(Phenylmethyl)imidazolidin-1-yl]carbonylbenzenesulfonamide",1.3,13,-457.005209298237,0.141509433962264,NA,"845221101604747885"
"845221285298486083","C17H19N3O3S","[M + H]+",1,0.92458284100118,51.84756911728,0,51.84756911728,"15","FDDLMBKEDYPNER","C1CN(CCN1CCC(=O)C2=CC=CS2)C3=CC=C(C=C3)[N+](=O)[O-]","3-[4-(4-Nitrophenyl)piperazino]-1-(2-thienyl)-1-propanone",3,14,-498.851682368053,0.146341463414634,NA,"845221101604747885"
"845221285298486083","C17H19N3O3S","[M + H]+",1,0.92458284100118,51.84756911728,0,51.84756911728,"15","SJXKOSOSNRUTAX","C1CN(CCN1CC2=CC=CO2)C(=S)NC3=CC4=C(C=C3)OCO4","N-(1,3-benzodioxol-5-yl)-4-(furan-2-ylmethyl)piperazin-4-ium-1-carbothioamide",1.9,15,-521.083352844798,0.23469387755102,NA,"845221101604747885"
"845221285298486083","C17H19N3O3S","[M + H]+",1,0.92458284100118,51.84756911728,0,51.84756911728,"15","HVGVNYJRZJHYBS","CC1=CC(=C(C=C1)S(=O)(=O)NC2=CC3=C(C=C2)N(C(=O)N3C)C)C","N-(1,3-dimethyl-2-oxo-2,3-dihydro-1H-benzimidazol-5-yl)-2,4-dimethylbenzenesulfonamide",2.2,16,-531.150926471125,0.317647058823529,NA,"845221101604747885"
"845221285298486083","C17H19N3O3S","[M + H]+",1,0.92458284100118,51.84756911728,0,51.84756911728,"15","LJAVIEUWQYYONW","COC1=CC=C(C=C1)C2=NC(=NC=C2)SCC(=O)N3CCOCC3","2-[[4-(4-Methoxyphenyl)-2-pyrimidinyl]thio]-1-(4-morpholinyl)ethanone",1.8,17,-556.144809006612,0.308056872037915,NA,"845221101604747885"
"845221285298486083","C17H19N3O3S","[M + H]+",1,0.92458284100118,51.84756911728,0,51.84756911728,"15","IBAYUWQIQGOLBX","CCOC1=C(C=CC(=C1)C=NNC(=S)NC2=CC=C(C=C2)OC)O","1-[(3-Ethoxy-4-hydroxyphenyl)methylideneamino]-3-(4-methoxyphenyl)thiourea",3.1,18,-562.798692679385,0.244791666666667,NA,"845221101604747885"
"845221285298486083","C17H19N3O3S","[M + H]+",1,0.92458284100118,51.84756911728,0,51.84756911728,"15","ABBDYGNALLZFNP","COC1=C(C=C(C=C1)C(=O)NNC(=S)NCC2=CC=CC=C2)OC","N-Benzyl-2-(3,4-dimethoxybenzoyl)hydrazinecarbothioamide",2.6,19,-575.076081474363,0.158914728682171,NA,"845221101604747885"
"845221285298486083","C17H19N3O3S","[M + H]+",1,0.92458284100118,51.84756911728,0,51.84756911728,"15","KMCSXFINGGBOFP","C1CN(CC2=CC=CC=C21)CC(=O)NC3=CC=C(C=C3)S(=O)(=O)N","N-(4-sulfamoylphenyl)-2-(1,2,3,4-tetrahydroisoquinolin-2-yl)acetamide",1.3,20,-576.381861108874,0.135021097046413,NA,"845221101604747885"
"845221285298486083","C17H19N3O3S","[M + H]+",1,0.92458284100118,51.84756911728,0,51.84756911728,"15","AIBMIQGSVBRQNH","COC1=CC(=CC(=C1OC)OC)C=NNC(=S)NC2=CC=CC=C2","(Phenylcarbamothioylamino)-[(3,4,5-trimethoxyphenyl)methylidene]azanium",3.1,21,-583.753219961412,0.183574879227053,NA,"845221101604747885"
"845221285298486083","C17H19N3O3S","[M + H]+",1,0.92458284100118,51.84756911728,0,51.84756911728,"15","RSMGOJOYNVIKHB","COC1=C(C(=C(C=C1)C=NNC(=S)NC2=CC=CC=C2)OC)OC","1-Phenyl-3-[(2,3,4-trimethoxyphenyl)methylideneamino]thiourea",3.1,22,-616.902253162047,0.202970297029703,NA,"845221101604747885"
"845221285298486083","C17H19N3O3S","[M + H]+",1,0.92458284100118,51.84756911728,0,51.84756911728,"15","HHTWCWCZKQRKRJ","CN1C2=CC=CC=C2N(C3=CC=CC=C3S1(=O)=O)C(=O)CN(C)C","6-Methyl-6,11-dihydro-11-((N,N-dimethylamino)acetyl)dibenzo(c,f)-(1,2,5)-thiadiazepine 5,5-dioxide",1.7,23,-617.116172043488,0.2,NA,"845221101604747885"
"845221285298486083","C17H19N3O3S","[M + H]+",1,0.92458284100118,51.84756911728,0,51.84756911728,"15","RHRSBTVNCCOGDJ","CC1=CC(=NC(=N1)SC(C2=CC=CC=C2)C(=O)O)N3CCOCC3","(2S)-2-(4-methyl-6-morpholin-4-ylpyrimidin-2-yl)sulfanyl-2-phenylacetate",2.8,24,-623.760004730074,0.207729468599034,NA,"845221101604747885"
"845221285298486083","C17H19N3O3S","[M + H]+",1,0.92458284100118,51.84756911728,0,51.84756911728,"15","FUYKCLPJJPJJTN","COC1=CC(=C(C=C1C=NNC(=S)NC2=CC=CC=C2)OC)OC","(Phenylcarbamothioylamino)-[(2,4,5-trimethoxyphenyl)methylidene]azanium",3.1,25,-637.636277748359,0.205,NA,"845221101604747885"
"845221285298486083","C17H19N3O3S","[M + H]+",1,0.92458284100118,51.84756911728,0,51.84756911728,"15","YPHDMWLZRDJBET","CC(=O)N1CCC2=CC=CC=C2C1C3=C(N(C(=S)N(C3=O)C)C)O","5-(2-acetyl-1,2,3,4-tetrahydroisoquinolin-1-yl)-6-hydroxy-1,3-dimethyl-2-sulfanylidene-1,2,3,4-tetrahydropyrimidin-4-one",0.9,26,-647.777503949877,0.167400881057269,NA,"845221101604747885"
"845221285298486084","C14H20FN3O4S","[M + H]+",2,0.0658969597310457,49.2063187700545,0,49.2063187700545,"15",NA,NA,NA,NA,NA,NA,NA,NA,"845221101604747885"
"845221285302680389","C14H22ClN4O2S","[M + H]+",3,0.00665766561935498,46.9139953796981,0,46.9139953796981,"15",NA,NA,NA,NA,NA,NA,NA,NA,"845221101604747885"
"845221285302680390","C13H20BClN2O6","[M + H]+",4,0.00196529984741176,45.6938712919749,0,45.6938712919749,"15","RJXOEUFRQATKAB","[B-](C(CC1=CC=C(C=C1)Cl)NC(=O)C)(O)(O)OCC(C(=O)O)N","[(1R)-1-acetamido-2-(4-chlorophenyl)ethyl]-[(2S)-2-amino-3-hydroxy-3-oxo-propoxy]-dihydroxy-boron",0.87474024,3,-353.921571658539,0.245398773006135,NA,"845221101604747885"
"845221285302680391","C17H16FN3O4","[M + H]+",5,0.000434950569262212,44.185703575962,2.14718375319805,42.038519822764,"15","FVCPNISTSVVUPX","COC1=CC(=C(C=C1)O)C=NNC(=O)CNC(=O)C2=CC=C(C=C2)F","4-fluoro-N-[2-[(2Z)-2-[(2-hydroxy-5-methoxyphenyl)methylidene]hydrazinyl]-2-oxoethyl]benzamide",1.9,2,-294.108274223241,0.252873563218391,Inf,"845221101604747885"
"845221285302680391","C17H16FN3O4","[M + H]+",5,0.000434950569262212,44.185703575962,2.14718375319805,42.038519822764,"15","HAZCGTFRKOCWQZ","CC(=O)NC(CC1=CC=C(C=C1)F)C(=O)NC2=CC=C(C=C2)[N+](=O)[O-]","2-Acetamido-3-(4-fluorophenyl)-N-(4-nitrophenyl)propanamide (3c)",2.7804983,4,-357.20732394515,0.184210526315789,NA,"845221101604747885"
"845221285302680391","C17H16FN3O4","[M + H]+",5,0.000434950569262212,44.185703575962,2.14718375319805,42.038519822764,"15","ZBLZEVQPDZRXNP","COC1=CC=CC(=C1O)C=NNC(=O)CNC(=O)C2=CC=C(C=C2)F","4-fluoro-N-[2-[2-[(2-hydroxy-3-methoxyphenyl)methylidene]hydrazinyl]-2-oxoethyl]benzamide",1.9,5,-357.804268050059,0.23463687150838,NA,"845221101604747885"
"845221285302680391","C17H16FN3O4","[M + H]+",5,0.000434950569262212,44.185703575962,2.14718375319805,42.038519822764,"15","VDCWENWOWUDREX","CC1=CC(=NO1)C(=O)N2CCC3COC(=O)N3C4=C(C2)C=CC(=C4)F","14-fluoro-9-(5-methyl-1,2-oxazole-3-carbonyl)-4-oxa-2,9-diazatricyclo[9.4.0.0²,⁶]pentadeca-1(15),11,13-trien-3-one",1.9,6,-360.531523735145,0.304597701149425,NA,"845221101604747885"
"845221285302680391","C17H16FN3O4","[M + H]+",5,0.000434950569262212,44.185703575962,2.14718375319805,42.038519822764,"15","LHZAPCAVMNVKID","CCOC1=C(C=CC(=C1)C=NNC(=O)C(=O)NC2=CC=C(C=C2)F)O","N'-[(3-ethoxy-4-hydroxyphenyl)methylideneamino]-N-(4-fluorophenyl)oxamide",2.5,7,-361.002327692125,0.298780487804878,NA,"845221101604747885"
"845221285302680391","C17H16FN3O4","[M + H]+",5,0.000434950569262212,44.185703575962,2.14718375319805,42.038519822764,"15","JKZPDGNJAAVKEG","CC(=O)NC(CC1=CC(=CC=C1)F)C(=O)NC2=CC=C(C=C2)[N+](=O)[O-]","2-Acetamido-3-(3-fluorophenyl)-N-(4-nitrophenyl)propanamide (2c)",2.4,8,-379.271965344608,0.190217391304348,NA,"845221101604747885"
"845221285302680391","C17H16FN3O4","[M + H]+",5,0.000434950569262212,44.185703575962,2.14718375319805,42.038519822764,"15","RYUXKVAKPFRBTB","CC(=O)NC(CC1=CC=CC=C1F)C(=O)NC2=CC=C(C=C2)[N+](=O)[O-]","2-Acetamido-3-(2-fluorophenyl)-N-(4-nitrophenyl)propanamide (1c)",2.4,9,-382.624278382619,0.185792349726776,NA,"845221101604747885"
"845221285302680391","C17H16FN3O4","[M + H]+",5,0.000434950569262212,44.185703575962,2.14718375319805,42.038519822764,"15","NWVXUXFCAZFSQH","C1CN(CCN1)C2=C(C=C3C(=C2)N(C=C(C3=O)C(=O)O)C4CC4=O)F","Oxo-ciprofloxacin",0.33245212,10,-394.562728248557,0.338888888888889,NA,"845221101604747885"
"845221285302680391","C17H16FN3O4","[M + H]+",5,0.000434950569262212,44.185703575962,2.14718375319805,42.038519822764,"15","MYYZZOHRULFPOQ","C1CC1N2C=C(C(=O)C3=CC(=C(C=C32)N4CCNC(=O)C4)F)C(=O)O","Oxociprofloxacin",0.96316284,11,-421.569501128322,0.317708333333333,NA,"845221101604747885"
"845221285302680391","C17H16FN3O4","[M + H]+",5,0.000434950569262212,44.185703575962,2.14718375319805,42.038519822764,"15","VCWNLVLFIZZTLZ","C1C2C(CN1C(=O)C3=CC=NO3)OCC(=O)N2CC4=CC=C(C=C4)F","4-[(4-fluorophenyl)methyl]-6-(1,2-oxazole-5-carbonyl)-octahydropyrrolo[3,4-b][1,4]oxazin-3-one",0.8,12,-428.480151311408,0.24468085106383,NA,"845221101604747885"
"845221285302680392","C14H21N2O6S","[M + H]+",6,0.000321240623741416,43.8826616341965,0,43.8826616341965,"15",NA,NA,NA,NA,NA,NA,NA,NA,"845221101604747885"
"845221285302680393","C14H23N3O3S2","[M + H]+",7,7.73709564238307e-05,42.4590826553835,0,42.4590826553835,"15",NA,NA,NA,NA,NA,NA,NA,NA,"845221101604747885"
"845221285302680394","C16H24ClNO3S","[M + H]+",8,4.46770117754288e-05,41.9099302765888,0,41.9099302765888,"15",NA,NA,NA,NA,NA,NA,NA,NA,"845221101604747885"
"845221285302680395","C14H16F3N4O3","[M + H]+",9,1.36123977093153e-05,40.7214521589738,1.53349564373573,39.1879565152381,"15",NA,NA,NA,NA,NA,NA,NA,NA,"845221101604747885"
"845221285302680396","C14H17F2N3O5","[M + H]+",10,2.85469416147537e-06,39.1594358987535,2.08864246122805,37.0707934375254,"15",NA,NA,NA,NA,NA,NA,NA,NA,"845221101604747885"
"845221202389678785","C15H13F2N7O","[M + Na]+",1,0.583449576987354,28.991084898696,3.03620029790821,25.9548846007878,"16",NA,NA,NA,NA,NA,NA,NA,NA,"845221101625719406"
"845221202389678786","C14H16F3N4O3","[M + Na]+",2,0.229804741409204,28.0593568634297,1.53402867138112,26.5253281920486,"16",NA,NA,NA,NA,NA,NA,NA,NA,"845221101625719406"
"845221202389678787","C13H19N3O8","[M + Na]+",3,0.155423841281935,27.6682827104325,1.02957390032375,26.6387088101087,"16","YXNIEZJFCGTDKV","C1=CN(C(=O)N(C1=O)CCC(C(=O)O)N)C2C(C(C(O2)CO)O)O","2-amino-4-{3-[3,4-dihydroxy-5-(hydroxymethyl)oxolan-2-yl]-2,6-dioxo-1,2,3,6-tetrahydropyrimidin-1-yl}butanoic acid",-3.2040055,4,-352.562746630137,0.264248704663212,NA,"845221101625719406"
"845221202389678787","C13H19N3O8","[M + Na]+",3,0.155423841281935,27.6682827104325,1.02957390032375,26.6387088101087,"16","RSFNVYSVNQERMH","CN1C(=C(C(=O)N(C1=O)C)C=NC2C(C(C(OC2O)CO)O)O)O","2-deoxy-2-{[(1,3-dimethyl-2,4,6-trioxotetrahydropyrimidin-5(2H)-ylidene)methyl]amino}hexopyranose",-3.1,7,-365.355049176283,0.311258278145695,NA,"845221101625719406"
"845221202389678787","C13H19N3O8","[M + Na]+",3,0.155423841281935,27.6682827104325,1.02957390032375,26.6387088101087,"16","QBIKARYQTKNDPS","CC(=NOCC(=O)NCC(=O)O)C1CNC(C1CC(=O)O)C(=O)O","Kaoag",-4.1,14,-421.265828730257,0.263473053892216,NA,"845221101625719406"
"845221202389678787","C13H19N3O8","[M + Na]+",3,0.155423841281935,27.6682827104325,1.02957390032375,26.6387088101087,"16","ILMLVTGTUJPQFP","C1CC(NC1)C(=O)NC(CC(=O)O)C(=O)NC(CC(=O)O)C(=O)O","2-[[3-Carboxy-2-(pyrrolidine-2-carbonylamino)propanoyl]amino]butanedioic acid",-2.258851,15,-507.009899618574,0.169014084507042,NA,"845221101625719406"
"845221202389678787","C13H19N3O8","[M + Na]+",3,0.155423841281935,27.6682827104325,1.02957390032375,26.6387088101087,"16","LKIYSIYBKYLKPU","C1CC(N(C1)C(=O)C(CC(=O)O)NC(=O)C(CC(=O)O)N)C(=O)O","1-[2-[(2-Amino-3-carboxypropanoyl)amino]-3-carboxypropanoyl]pyrrolidine-2-carboxylic acid",-2.709041,16,-535.973821674162,0.165991902834008,NA,"845221101625719406"
"845221202389678787","C13H19N3O8","[M + Na]+",3,0.155423841281935,27.6682827104325,1.02957390032375,26.6387088101087,"16","KESWRFKUZRUTAH","C1CC(N(C1)C(=O)C(CC(=O)O)N)C(=O)NC(CC(=O)O)C(=O)O","2-[[1-(2-Amino-3-carboxypropanoyl)pyrrolidine-2-carbonyl]amino]butanedioic acid",-2.709041,17,-567.98441167425,0.148,NA,"845221101625719406"
"845221202389678788","C19H17F2NO3","[M + Na]+",4,0.0142679574333188,25.2801431495888,2.10457831342321,23.1755648361656,"16",NA,NA,NA,NA,NA,NA,NA,NA,"845221101625719406"
"845221202389678789","C22H16FNO2","[M + Na]+",5,0.00638216805347888,24.4756347253891,1.49083755504974,22.9847971703393,"16","KDNJAZAKKIDHLZ","CC1=C(C(=O)C2=C(O1)C=C(C=C2)NC3=CC=CC=C3F)C4=CC=CC=C4","7-[(2-fluorophenyl)amino]-2-methyl-3-phenyl-4H-chromen-4-one",5.2,11,-389.983216145784,0.359712230215827,NA,"845221101625719406"
"845221202389678790","C17H16FN3O4","[M + Na]+",6,0.00439022007236147,24.1015062216728,2.25920649909582,21.8422997225769,"16","NWVXUXFCAZFSQH","C1CN(CCN1)C2=C(C=C3C(=C2)N(C=C(C3=O)C(=O)O)C4CC4=O)F","Oxo-ciprofloxacin",0.33245212,1,-299.093534454605,0.44,0,"845221101625719406"
"845221202389678790","C17H16FN3O4","[M + Na]+",6,0.00439022007236147,24.1015062216728,2.25920649909582,21.8422997225769,"16","MYYZZOHRULFPOQ","C1CC1N2C=C(C(=O)C3=CC(=C(C=C32)N4CCNC(=O)C4)F)C(=O)O","Oxociprofloxacin",0.96316284,2,-311.930532587329,0.427027027027027,Inf,"845221101625719406"
"845221202389678790","C17H16FN3O4","[M + Na]+",6,0.00439022007236147,24.1015062216728,2.25920649909582,21.8422997225769,"16","FVCPNISTSVVUPX","COC1=CC(=C(C=C1)O)C=NNC(=O)CNC(=O)C2=CC=C(C=C2)F","4-fluoro-N-[2-[(2Z)-2-[(2-hydroxy-5-methoxyphenyl)methylidene]hydrazinyl]-2-oxoethyl]benzamide",1.9,3,-351.875995958293,0.308571428571429,NA,"845221101625719406"
"845221202389678790","C17H16FN3O4","[M + Na]+",6,0.00439022007236147,24.1015062216728,2.25920649909582,21.8422997225769,"16","VDCWENWOWUDREX","CC1=CC(=NO1)C(=O)N2CCC3COC(=O)N3C4=C(C2)C=CC(=C4)F","14-fluoro-9-(5-methyl-1,2-oxazole-3-carbonyl)-4-oxa-2,9-diazatricyclo[9.4.0.0²,⁶]pentadeca-1(15),11,13-trien-3-one",1.9,5,-352.655282384065,0.36,NA,"845221101625719406"
"845221202389678790","C17H16FN3O4","[M + Na]+",6,0.00439022007236147,24.1015062216728,2.25920649909582,21.8422997225769,"16","VCWNLVLFIZZTLZ","C1C2C(CN1C(=O)C3=CC=NO3)OCC(=O)N2CC4=CC=C(C=C4)F","4-[(4-fluorophenyl)methyl]-6-(1,2-oxazole-5-carbonyl)-octahydropyrrolo[3,4-b][1,4]oxazin-3-one",0.8,6,-356.012345840475,0.289473684210526,NA,"845221101625719406"
"845221202389678790","C17H16FN3O4","[M + Na]+",6,0.00439022007236147,24.1015062216728,2.25920649909582,21.8422997225769,"16","JKZPDGNJAAVKEG","CC(=O)NC(CC1=CC(=CC=C1)F)C(=O)NC2=CC=C(C=C2)[N+](=O)[O-]","2-Acetamido-3-(3-fluorophenyl)-N-(4-nitrophenyl)propanamide (2c)",2.4,8,-371.933891797718,0.284916201117318,NA,"845221101625719406"
"845221202389678790","C17H16FN3O4","[M + Na]+",6,0.00439022007236147,24.1015062216728,2.25920649909582,21.8422997225769,"16","HAZCGTFRKOCWQZ","CC(=O)NC(CC1=CC=C(C=C1)F)C(=O)NC2=CC=C(C=C2)[N+](=O)[O-]","2-Acetamido-3-(4-fluorophenyl)-N-(4-nitrophenyl)propanamide (3c)",2.7804983,9,-376.48240091463,0.262032085561497,NA,"845221101625719406"
"845221202389678790","C17H16FN3O4","[M + Na]+",6,0.00439022007236147,24.1015062216728,2.25920649909582,21.8422997225769,"16","ZBLZEVQPDZRXNP","COC1=CC=CC(=C1O)C=NNC(=O)CNC(=O)C2=CC=C(C=C2)F","4-fluoro-N-[2-[2-[(2-hydroxy-3-methoxyphenyl)methylidene]hydrazinyl]-2-oxoethyl]benzamide",1.9,10,-383.805190101422,0.29608938547486,NA,"845221101625719406"
"845221202389678790","C17H16FN3O4","[M + Na]+",6,0.00439022007236147,24.1015062216728,2.25920649909582,21.8422997225769,"16","LHZAPCAVMNVKID","CCOC1=C(C=CC(=C1)C=NNC(=O)C(=O)NC2=CC=C(C=C2)F)O","N'-[(3-ethoxy-4-hydroxyphenyl)methylideneamino]-N-(4-fluorophenyl)oxamide",2.5,12,-392.75295312369,0.325443786982249,NA,"845221101625719406"
"845221202389678790","C17H16FN3O4","[M + Na]+",6,0.00439022007236147,24.1015062216728,2.25920649909582,21.8422997225769,"16","RYUXKVAKPFRBTB","CC(=O)NC(CC1=CC=CC=C1F)C(=O)NC2=CC=C(C=C2)[N+](=O)[O-]","2-Acetamido-3-(2-fluorophenyl)-N-(4-nitrophenyl)propanamide (1c)",2.4,13,-406.54387420958,0.273743016759777,NA,"845221101625719406"
"845221202389678791","C14H17F6NO2","[M + Na]+",7,0.00401749880952932,24.0127863877719,1.68903589426909,22.3237504935028,"16",NA,NA,NA,NA,NA,NA,NA,NA,"845221101625719406"
"845221202389678792","C12H14F3N7O2","[M + Na]+",8,0.00103465646870845,22.6561963227939,1.52569596433681,21.1305003584571,"16",NA,NA,NA,NA,NA,NA,NA,NA,"845221101625719406"
"845221202389678793","C9H15N9O6","[M + Na]+",9,0.000744306538668007,22.3268245507988,0,22.3268245507988,"16",NA,NA,NA,NA,NA,NA,NA,NA,"845221101625719406"
"845221202389678794","C13H18F2N5O2P","[M + Na]+",10,0.000136493248986694,20.6306467419106,1.61895284752727,19.0116938943833,"16",NA,NA,NA,NA,NA,NA,NA,NA,"845221101625719406"
"845221296543415127","C17H19N3O3S","[M + Na]+",1,0.497777402000561,22.9090865695923,0,22.9090865695923,"17","SUBDBMMJDZJVOS","CC1=CN=C(C(=C1OC)C)CS(=O)C2=NC3=C(N2)C=C(C=C3)OC","6-methoxy-2-[(4-methoxy-3,5-dimethylpyridin-2-yl)methanesulfinyl]-1H-1,3-benzodiazole",2.6206226,1,-47.3135380319012,0.838235294117647,0,"845221101638302319"
"845221296543415127","C17H19N3O3S","[M + Na]+",1,0.497777402000561,22.9090865695923,0,22.9090865695923,"17","HVGVNYJRZJHYBS","CC1=CC(=C(C=C1)S(=O)(=O)NC2=CC3=C(C=C2)N(C(=O)N3C)C)C","N-(1,3-dimethyl-2-oxo-2,3-dihydro-1H-benzimidazol-5-yl)-2,4-dimethylbenzenesulfonamide",2.2,4,-401.817876311654,0.288888888888889,NA,"845221101638302319"
"845221296543415127","C17H19N3O3S","[M + Na]+",1,0.497777402000561,22.9090865695923,0,22.9090865695923,"17","ZWNARYKSNTWUOM","C1CN(CN1CC2=CC=CC=C2)C(=O)C3=CC=C(C=C3)S(=O)(=O)N","4-[3-(Phenylmethyl)imidazolidin-1-yl]carbonylbenzenesulfonamide",1.3,5,-418.810698368754,0.136363636363636,NA,"845221101638302319"
"845221296543415127","C17H19N3O3S","[M + Na]+",1,0.497777402000561,22.9090865695923,0,22.9090865695923,"17","FDDLMBKEDYPNER","C1CN(CCN1CCC(=O)C2=CC=CS2)C3=CC=C(C=C3)[N+](=O)[O-]","3-[4-(4-Nitrophenyl)piperazino]-1-(2-thienyl)-1-propanone",3,6,-435.270393388349,0.135514018691589,NA,"845221101638302319"
"845221296543415127","C17H19N3O3S","[M + Na]+",1,0.497777402000561,22.9090865695923,0,22.9090865695923,"17","LJAVIEUWQYYONW","COC1=CC=C(C=C1)C2=NC(=NC=C2)SCC(=O)N3CCOCC3","2-[[4-(4-Methoxyphenyl)-2-pyrimidinyl]thio]-1-(4-morpholinyl)ethanone",1.8,8,-491.946074027506,0.302752293577982,NA,"845221101638302319"
"845221296543415127","C17H19N3O3S","[M + Na]+",1,0.497777402000561,22.9090865695923,0,22.9090865695923,"17","SJXKOSOSNRUTAX","C1CN(CCN1CC2=CC=CO2)C(=S)NC3=CC4=C(C=C3)OCO4","N-(1,3-benzodioxol-5-yl)-4-(furan-2-ylmethyl)piperazin-4-ium-1-carbothioamide",1.9,9,-524.309894928934,0.225490196078431,NA,"845221101638302319"
"845221296543415127","C17H19N3O3S","[M + Na]+",1,0.497777402000561,22.9090865695923,0,22.9090865695923,"17","RHRSBTVNCCOGDJ","CC1=CC(=NC(=N1)SC(C2=CC=CC=C2)C(=O)O)N3CCOCC3","(2S)-2-(4-methyl-6-morpholin-4-ylpyrimidin-2-yl)sulfanyl-2-phenylacetate",2.8,10,-526.888132583655,0.216981132075472,NA,"845221101638302319"
"845221296543415127","C17H19N3O3S","[M + Na]+",1,0.497777402000561,22.9090865695923,0,22.9090865695923,"17","KMCSXFINGGBOFP","C1CN(CC2=CC=CC=C21)CC(=O)NC3=CC=C(C=C3)S(=O)(=O)N","N-(4-sulfamoylphenyl)-2-(1,2,3,4-tetrahydroisoquinolin-2-yl)acetamide",1.3,11,-538.137258582828,0.121457489878543,NA,"845221101638302319"
"845221296543415127","C17H19N3O3S","[M + Na]+",1,0.497777402000561,22.9090865695923,0,22.9090865695923,"17","ABBDYGNALLZFNP","COC1=C(C=C(C=C1)C(=O)NNC(=S)NCC2=CC=CC=C2)OC","N-Benzyl-2-(3,4-dimethoxybenzoyl)hydrazinecarbothioamide",2.6,12,-540.407444575437,0.154135338345865,NA,"845221101638302319"
"845221296543415127","C17H19N3O3S","[M + Na]+",1,0.497777402000561,22.9090865695923,0,22.9090865695923,"17","YPHDMWLZRDJBET","CC(=O)N1CCC2=CC=CC=C2C1C3=C(N(C(=S)N(C3=O)C)C)O","5-(2-acetyl-1,2,3,4-tetrahydroisoquinolin-1-yl)-6-hydroxy-1,3-dimethyl-2-sulfanylidene-1,2,3,4-tetrahydropyrimidin-4-one",0.9,13,-541.287157949648,0.192139737991266,NA,"845221101638302319"
"845221296543415127","C17H19N3O3S","[M + Na]+",1,0.497777402000561,22.9090865695923,0,22.9090865695923,"17","HHTWCWCZKQRKRJ","CN1C2=CC=CC=C2N(C3=CC=CC=C3S1(=O)=O)C(=O)CN(C)C","6-Methyl-6,11-dihydro-11-((N,N-dimethylamino)acetyl)dibenzo(c,f)-(1,2,5)-thiadiazepine 5,5-dioxide",1.7,14,-549.750860396917,0.18,NA,"845221101638302319"
"845221296543415127","C17H19N3O3S","[M + Na]+",1,0.497777402000561,22.9090865695923,0,22.9090865695923,"17","IBAYUWQIQGOLBX","CCOC1=C(C=CC(=C1)C=NNC(=S)NC2=CC=C(C=C2)OC)O","1-[(3-Ethoxy-4-hydroxyphenyl)methylideneamino]-3-(4-methoxyphenyl)thiourea",3.1,15,-552.359082261184,0.222772277227723,NA,"845221101638302319"
"845221296543415127","C17H19N3O3S","[M + Na]+",1,0.497777402000561,22.9090865695923,0,22.9090865695923,"17","AIBMIQGSVBRQNH","COC1=CC(=CC(=C1OC)OC)C=NNC(=S)NC2=CC=CC=C2","(Phenylcarbamothioylamino)-[(3,4,5-trimethoxyphenyl)methylidene]azanium",3.1,16,-556.452945979677,0.171296296296296,NA,"845221101638302319"
"845221296543415127","C17H19N3O3S","[M + Na]+",1,0.497777402000561,22.9090865695923,0,22.9090865695923,"17","RSMGOJOYNVIKHB","COC1=C(C(=C(C=C1)C=NNC(=S)NC2=CC=CC=C2)OC)OC","1-Phenyl-3-[(2,3,4-trimethoxyphenyl)methylideneamino]thiourea",3.1,17,-561.446975934917,0.18957345971564,NA,"845221101638302319"
"845221296543415127","C17H19N3O3S","[M + Na]+",1,0.497777402000561,22.9090865695923,0,22.9090865695923,"17","MJRGSRRZKSJHOE","CC1=C(ON=C1C)NS(=O)(=O)C2=CC=CC3=C2C=CC=C3N(C)C","5-(dimethylamino)-N-(3,4-dimethyl-5-isoxazolyl)-1-naphthalenesulfonamide",3.4,18,-570.439668729928,0.22279792746114,NA,"845221101638302319"
"845221296543415128","C14H20FN3O4S","[M + Na]+",2,0.256945908775315,22.2477991674809,0,22.2477991674809,"17",NA,NA,NA,NA,NA,NA,NA,NA,"845221101638302319"
"845221296543415129","C15H13F2N7O","[M + Na]+",3,0.0945007382325425,21.2475412228831,3.09170901331086,18.1558322095722,"17",NA,NA,NA,NA,NA,NA,NA,NA,"845221101638302319"
"845221296543415130","C12H14F3N7O2","[M + Na]+",4,0.0304277501851617,20.1142886034992,1.6502288370398,18.4640597664594,"17",NA,NA,NA,NA,NA,NA,NA,NA,"845221101638302319"
"845221296543415131","C22H16FNO2","[M + Na]+",5,0.024650364946455,19.9037252819385,1.56916994232516,18.3345553396133,"17","KDNJAZAKKIDHLZ","CC1=C(C(=O)C2=C(O1)C=C(C=C2)NC3=CC=CC=C3F)C4=CC=CC=C4","7-[(2-fluorophenyl)amino]-2-methyl-3-phenyl-4H-chromen-4-one",5.2,7,-489.899208153651,0.306666666666667,NA,"845221101638302319"
"845221296543415132","C16H24ClNO3S","[M + Na]+",6,0.0194849659143269,19.6685767658896,0,19.6685767658896,"17",NA,NA,NA,NA,NA,NA,NA,NA,"845221101638302319"
"845221296543415133","C19H17F2NO3","[M + Na]+",7,0.016283967236453,19.4891145950595,2.21665679257127,17.2724578024882,"17",NA,NA,NA,NA,NA,NA,NA,NA,"845221101638302319"
"845221296543415134","C14H23N3O3S2","[M + Na]+",8,0.0111670401043314,19.111900168212,0,19.111900168212,"17","WBLFCWDWOFARFH","CC(C)CN1C2CN(CC2OCCS1(=O)=O)CC3=NC=CS3","(5aS,8aR)-1-(2-methylpropyl)-7-(1,3-thiazol-2-ylmethyl)-3,4,5a,6,8,8a-hexahydropyrrolo[3,4-f][1,4,5]oxathiazepine 2,2-dioxide",1,3,-368.588333080047,0.308988764044944,NA,"845221101638302319"
"845221296543415134","C14H23N3O3S2","[M + Na]+",8,0.0111670401043314,19.111900168212,0,19.111900168212,"17","VDWQLXDLGJSQDR","C1=C(NC=N1)CC(C(=O)O)NC(=O)CCCCC(CCS)S","(2S)-2-[6,8-bis(sulfanyl)octanoylamino]-3-(1H-imidazol-5-yl)propanoic acid",1.3,19,-578.060794208255,0.225352112676056,NA,"845221101638302319"
"845221296543415135","C13H20BClN2O6","[M + Na]+",9,0.0107771399923394,19.076360799877,0,19.076360799877,"17","RJXOEUFRQATKAB","[B-](C(CC1=CC=C(C=C1)Cl)NC(=O)C)(O)(O)OCC(C(=O)O)N","[(1R)-1-acetamido-2-(4-chlorophenyl)ethyl]-[(2S)-2-amino-3-hydroxy-3-oxo-propoxy]-dihydroxy-boron",0.87474024,2,-322.980614596889,0.266272189349112,Inf,"845221101638302319"
"845221296543415136","C14H17F6NO2","[M + Na]+",10,0.00930889704212878,18.9299041904669,1.80873633744954,17.1211678530174,"17",NA,NA,NA,NA,NA,NA,NA,NA,"845221101638302319"
"845221264981277487","C17H16FN3O4","[M + Na]+",1,0.557825849078196,35.6838904830253,1.81283453009941,33.8710559529259,"18","NWVXUXFCAZFSQH","C1CN(CCN1)C2=C(C=C3C(=C2)N(C=C(C3=O)C(=O)O)C4CC4=O)F","Oxo-ciprofloxacin",0.33245212,2,-325.028212043699,0.425287356321839,Inf,"845221101646690928"
"845221264981277487","C17H16FN3O4","[M + Na]+",1,0.557825849078196,35.6838904830253,1.81283453009941,33.8710559529259,"18","MYYZZOHRULFPOQ","C1CC1N2C=C(C(=O)C3=CC(=C(C=C32)N4CCNC(=O)C4)F)C(=O)O","Oxociprofloxacin",0.96316284,3,-341.077004143683,0.428571428571429,NA,"845221101646690928"
"845221264981277487","C17H16FN3O4","[M + Na]+",1,0.557825849078196,35.6838904830253,1.81283453009941,33.8710559529259,"18","JKZPDGNJAAVKEG","CC(=O)NC(CC1=CC(=CC=C1)F)C(=O)NC2=CC=C(C=C2)[N+](=O)[O-]","2-Acetamido-3-(3-fluorophenyl)-N-(4-nitrophenyl)propanamide (2c)",2.4,4,-363.373088404234,0.30635838150289,NA,"845221101646690928"
"845221264981277487","C17H16FN3O4","[M + Na]+",1,0.557825849078196,35.6838904830253,1.81283453009941,33.8710559529259,"18","HAZCGTFRKOCWQZ","CC(=O)NC(CC1=CC=C(C=C1)F)C(=O)NC2=CC=C(C=C2)[N+](=O)[O-]","2-Acetamido-3-(4-fluorophenyl)-N-(4-nitrophenyl)propanamide (3c)",2.7804983,5,-380.455794929331,0.288888888888889,NA,"845221101646690928"
"845221264981277487","C17H16FN3O4","[M + Na]+",1,0.557825849078196,35.6838904830253,1.81283453009941,33.8710559529259,"18","VCWNLVLFIZZTLZ","C1C2C(CN1C(=O)C3=CC=NO3)OCC(=O)N2CC4=CC=C(C=C4)F","4-[(4-fluorophenyl)methyl]-6-(1,2-oxazole-5-carbonyl)-octahydropyrrolo[3,4-b][1,4]oxazin-3-one",0.8,6,-393.230013585249,0.309782608695652,NA,"845221101646690928"
"845221264981277487","C17H16FN3O4","[M + Na]+",1,0.557825849078196,35.6838904830253,1.81283453009941,33.8710559529259,"18","VDCWENWOWUDREX","CC1=CC(=NO1)C(=O)N2CCC3COC(=O)N3C4=C(C2)C=CC(=C4)F","14-fluoro-9-(5-methyl-1,2-oxazole-3-carbonyl)-4-oxa-2,9-diazatricyclo[9.4.0.0²,⁶]pentadeca-1(15),11,13-trien-3-one",1.9,7,-401.207274127731,0.36046511627907,NA,"845221101646690928"
"845221264981277487","C17H16FN3O4","[M + Na]+",1,0.557825849078196,35.6838904830253,1.81283453009941,33.8710559529259,"18","RYUXKVAKPFRBTB","CC(=O)NC(CC1=CC=CC=C1F)C(=O)NC2=CC=C(C=C2)[N+](=O)[O-]","2-Acetamido-3-(2-fluorophenyl)-N-(4-nitrophenyl)propanamide (1c)",2.4,8,-405.79996261545,0.302325581395349,NA,"845221101646690928"
"845221264981277487","C17H16FN3O4","[M + Na]+",1,0.557825849078196,35.6838904830253,1.81283453009941,33.8710559529259,"18","LHZAPCAVMNVKID","CCOC1=C(C=CC(=C1)C=NNC(=O)C(=O)NC2=CC=C(C=C2)F)O","N'-[(3-ethoxy-4-hydroxyphenyl)methylideneamino]-N-(4-fluorophenyl)oxamide",2.5,9,-415.29579305239,0.317365269461078,NA,"845221101646690928"
"845221264981277487","C17H16FN3O4","[M + Na]+",1,0.557825849078196,35.6838904830253,1.81283453009941,33.8710559529259,"18","FVCPNISTSVVUPX","COC1=CC(=C(C=C1)O)C=NNC(=O)CNC(=O)C2=CC=C(C=C2)F","4-fluoro-N-[2-[(2Z)-2-[(2-hydroxy-5-methoxyphenyl)methylidene]hydrazinyl]-2-oxoethyl]benzamide",1.9,10,-421.684266141665,0.308139534883721,NA,"845221101646690928"
"845221264981277487","C17H16FN3O4","[M + Na]+",1,0.557825849078196,35.6838904830253,1.81283453009941,33.8710559529259,"18","ZBLZEVQPDZRXNP","COC1=CC=CC(=C1O)C=NNC(=O)CNC(=O)C2=CC=C(C=C2)F","4-fluoro-N-[2-[2-[(2-hydroxy-3-methoxyphenyl)methylidene]hydrazinyl]-2-oxoethyl]benzamide",1.9,11,-424.303558546034,0.295454545454545,NA,"845221101646690928"
"845221264981277488","C17H19N3O3S","[M + Na]+",2,0.291200471028463,35.033855601647,3.11024633438489,31.9236092672621,"18","SUBDBMMJDZJVOS","CC1=CN=C(C(=C1OC)C)CS(=O)C2=NC3=C(N2)C=C(C=C3)OC","6-methoxy-2-[(4-methoxy-3,5-dimethylpyridin-2-yl)methanesulfinyl]-1H-1,3-benzodiazole",2.6206226,1,-26.3508541596545,0.9296875,0,"845221101646690928"
"845221264981277488","C17H19N3O3S","[M + Na]+",2,0.291200471028463,35.033855601647,3.11024633438489,31.9236092672621,"18","ZWNARYKSNTWUOM","C1CN(CN1CC2=CC=CC=C2)C(=O)C3=CC=C(C=C3)S(=O)(=O)N","4-[3-(Phenylmethyl)imidazolidin-1-yl]carbonylbenzenesulfonamide",1.3,12,-432.650776106986,0.138248847926267,NA,"845221101646690928"
"845221264981277488","C17H19N3O3S","[M + Na]+",2,0.291200471028463,35.033855601647,3.11024633438489,31.9236092672621,"18","FDDLMBKEDYPNER","C1CN(CCN1CCC(=O)C2=CC=CS2)C3=CC=C(C=C3)[N+](=O)[O-]","3-[4-(4-Nitrophenyl)piperazino]-1-(2-thienyl)-1-propanone",3,13,-465.796010315626,0.142857142857143,NA,"845221101646690928"
"845221264981277488","C17H19N3O3S","[M + Na]+",2,0.291200471028463,35.033855601647,3.11024633438489,31.9236092672621,"18","HVGVNYJRZJHYBS","CC1=CC(=C(C=C1)S(=O)(=O)NC2=CC3=C(C=C2)N(C(=O)N3C)C)C","N-(1,3-dimethyl-2-oxo-2,3-dihydro-1H-benzimidazol-5-yl)-2,4-dimethylbenzenesulfonamide",2.2,14,-468.821258574579,0.308571428571429,NA,"845221101646690928"
"845221264981277488","C17H19N3O3S","[M + Na]+",2,0.291200471028463,35.033855601647,3.11024633438489,31.9236092672621,"18","SJXKOSOSNRUTAX","C1CN(CCN1CC2=CC=CO2)C(=S)NC3=CC4=C(C=C3)OCO4","N-(1,3-benzodioxol-5-yl)-4-(furan-2-ylmethyl)piperazin-4-ium-1-carbothioamide",1.9,15,-517.189128942439,0.228855721393035,NA,"845221101646690928"
"845221264981277488","C17H19N3O3S","[M + Na]+",2,0.291200471028463,35.033855601647,3.11024633438489,31.9236092672621,"18","KMCSXFINGGBOFP","C1CN(CC2=CC=CC=C21)CC(=O)NC3=CC=C(C=C3)S(=O)(=O)N","N-(4-sulfamoylphenyl)-2-(1,2,3,4-tetrahydroisoquinolin-2-yl)acetamide",1.3,16,-531.271574664693,0.132231404958678,NA,"845221101646690928"
"845221264981277488","C17H19N3O3S","[M + Na]+",2,0.291200471028463,35.033855601647,3.11024633438489,31.9236092672621,"18","LJAVIEUWQYYONW","COC1=CC=C(C=C1)C2=NC(=NC=C2)SCC(=O)N3CCOCC3","2-[[4-(4-Methoxyphenyl)-2-pyrimidinyl]thio]-1-(4-morpholinyl)ethanone",1.8,17,-540.104536762461,0.306976744186047,NA,"845221101646690928"
"845221264981277488","C17H19N3O3S","[M + Na]+",2,0.291200471028463,35.033855601647,3.11024633438489,31.9236092672621,"18","HHTWCWCZKQRKRJ","CN1C2=CC=CC=C2N(C3=CC=CC=C3S1(=O)=O)C(=O)CN(C)C","6-Methyl-6,11-dihydro-11-((N,N-dimethylamino)acetyl)dibenzo(c,f)-(1,2,5)-thiadiazepine 5,5-dioxide",1.7,18,-551.425306995495,0.201030927835052,NA,"845221101646690928"
"845221264981277488","C17H19N3O3S","[M + Na]+",2,0.291200471028463,35.033855601647,3.11024633438489,31.9236092672621,"18","RHRSBTVNCCOGDJ","CC1=CC(=NC(=N1)SC(C2=CC=CC=C2)C(=O)O)N3CCOCC3","(2S)-2-(4-methyl-6-morpholin-4-ylpyrimidin-2-yl)sulfanyl-2-phenylacetate",2.8,19,-562.207958391634,0.208530805687204,NA,"845221101646690928"
"845221264981277488","C17H19N3O3S","[M + Na]+",2,0.291200471028463,35.033855601647,3.11024633438489,31.9236092672621,"18","IBAYUWQIQGOLBX","CCOC1=C(C=CC(=C1)C=NNC(=S)NC2=CC=C(C=C2)OC)O","1-[(3-Ethoxy-4-hydroxyphenyl)methylideneamino]-3-(4-methoxyphenyl)thiourea",3.1,20,-565.626506143731,0.238578680203046,NA,"845221101646690928"
"845221264981277488","C17H19N3O3S","[M + Na]+",2,0.291200471028463,35.033855601647,3.11024633438489,31.9236092672621,"18","ABBDYGNALLZFNP","COC1=C(C=C(C=C1)C(=O)NNC(=S)NCC2=CC=CC=C2)OC","N-Benzyl-2-(3,4-dimethoxybenzoyl)hydrazinecarbothioamide",2.6,21,-567.704754369479,0.155893536121673,NA,"845221101646690928"
"845221264981277488","C17H19N3O3S","[M + Na]+",2,0.291200471028463,35.033855601647,3.11024633438489,31.9236092672621,"18","AIBMIQGSVBRQNH","COC1=CC(=CC(=C1OC)OC)C=NNC(=S)NC2=CC=CC=C2","(Phenylcarbamothioylamino)-[(3,4,5-trimethoxyphenyl)methylidene]azanium",3.1,22,-568.670712078772,0.179245283018868,NA,"845221101646690928"
"845221264981277488","C17H19N3O3S","[M + Na]+",2,0.291200471028463,35.033855601647,3.11024633438489,31.9236092672621,"18","RSMGOJOYNVIKHB","COC1=C(C(=C(C=C1)C=NNC(=S)NC2=CC=CC=C2)OC)OC","1-Phenyl-3-[(2,3,4-trimethoxyphenyl)methylideneamino]thiourea",3.1,23,-605.628851251104,0.198067632850242,NA,"845221101646690928"
"845221264981277488","C17H19N3O3S","[M + Na]+",2,0.291200471028463,35.033855601647,3.11024633438489,31.9236092672621,"18","YPHDMWLZRDJBET","CC(=O)N1CCC2=CC=CC=C2C1C3=C(N(C(=S)N(C3=O)C)C)O","5-(2-acetyl-1,2,3,4-tetrahydroisoquinolin-1-yl)-6-hydroxy-1,3-dimethyl-2-sulfanylidene-1,2,3,4-tetrahydropyrimidin-4-one",0.9,24,-607.15113691341,0.168831168831169,NA,"845221101646690928"
"845221264981277488","C17H19N3O3S","[M + Na]+",2,0.291200471028463,35.033855601647,3.11024633438489,31.9236092672621,"18","FUYKCLPJJPJJTN","COC1=CC(=C(C=C1C=NNC(=S)NC2=CC=CC=C2)OC)OC","(Phenylcarbamothioylamino)-[(2,4,5-trimethoxyphenyl)methylidene]azanium",3.1,25,-624.837930003976,0.2,NA,"845221101646690928"
"845221264981277489","C14H21N2O6S","[M + Na]+",3,0.0703830044202435,33.6137954873167,2.95148197125065,30.662313516066,"18",NA,NA,NA,NA,NA,NA,NA,NA,"845221101646690928"
"845221264981277490","C14H20FN3O4S","[M + Na]+",4,0.0484992269259297,33.2413915259278,4.25717537005558,28.9842161558723,"18",NA,NA,NA,NA,NA,NA,NA,NA,"845221101646690928"
"845221264981277491","C15H13F2N7O","[M + Na]+",5,0.0212848998449185,32.4178415616219,3.03372924585996,29.3841123157619,"18",NA,NA,NA,NA,NA,NA,NA,NA,"845221101646690928"
"845221264981277492","C14H17F2N3O5","[M + Na]+",6,0.00698333011103681,31.3033695640562,2.90933752694211,28.3940320371141,"18",NA,NA,NA,NA,NA,NA,NA,NA,"845221101646690928"
"845221264981277493","C11H18F3N3O6","[M + Na]+",7,0.00179423651542468,29.9444232596444,2.15760876575149,27.7868144938929,"18",NA,NA,NA,NA,NA,NA,NA,NA,"845221101646690928"
"845221264981277494","C14H17F6NO2","[M + Na]+",8,0.000672307073403369,28.9628035794214,3.01825502399311,25.9445485554283,"18",NA,NA,NA,NA,NA,NA,NA,NA,"845221101646690928"
"845221264981277495","C9H15N9O6","[M + Na]+",9,0.000601897417756807,28.8521754171922,1.32408942780049,27.5280859893917,"18",NA,NA,NA,NA,NA,NA,NA,NA,"845221101646690928"
"845221264981277496","C11H20N7O2PS","[M + Na]+",10,0.000303980562936169,28.169052150453,3.93042980474246,24.2386223457106,"18",NA,NA,NA,NA,NA,NA,NA,NA,"845221101646690928"
"845221169921571481","C17H16FN3O4","[M + Na]+",1,0.6363269969949,44.7457802994734,2.01297755390643,42.7328027455669,"19","FVCPNISTSVVUPX","COC1=CC(=C(C=C1)O)C=NNC(=O)CNC(=O)C2=CC=C(C=C2)F","4-fluoro-N-[2-[(2Z)-2-[(2-hydroxy-5-methoxyphenyl)methylidene]hydrazinyl]-2-oxoethyl]benzamide",1.9,1,-317.29460164472,0.337423312883436,0,"845221101650885233"
"845221169921571481","C17H16FN3O4","[M + Na]+",1,0.6363269969949,44.7457802994734,2.01297755390643,42.7328027455669,"19","MYYZZOHRULFPOQ","C1CC1N2C=C(C(=O)C3=CC(=C(C=C32)N4CCNC(=O)C4)F)C(=O)O","Oxociprofloxacin",0.96316284,2,-340.259825259424,0.39010989010989,Inf,"845221101650885233"
"845221169921571481","C17H16FN3O4","[M + Na]+",1,0.6363269969949,44.7457802994734,2.01297755390643,42.7328027455669,"19","NWVXUXFCAZFSQH","C1CN(CCN1)C2=C(C=C3C(=C2)N(C=C(C3=O)C(=O)O)C4CC4=O)F","Oxo-ciprofloxacin",0.33245212,3,-341.724039264596,0.385057471264368,NA,"845221101650885233"
"845221169921571481","C17H16FN3O4","[M + Na]+",1,0.6363269969949,44.7457802994734,2.01297755390643,42.7328027455669,"19","ZBLZEVQPDZRXNP","COC1=CC=CC(=C1O)C=NNC(=O)CNC(=O)C2=CC=C(C=C2)F","4-fluoro-N-[2-[2-[(2-hydroxy-3-methoxyphenyl)methylidene]hydrazinyl]-2-oxoethyl]benzamide",1.9,4,-354.204312095214,0.323353293413174,NA,"845221101650885233"
"845221169921571481","C17H16FN3O4","[M + Na]+",1,0.6363269969949,44.7457802994734,2.01297755390643,42.7328027455669,"19","VDCWENWOWUDREX","CC1=CC(=NO1)C(=O)N2CCC3COC(=O)N3C4=C(C2)C=CC(=C4)F","14-fluoro-9-(5-methyl-1,2-oxazole-3-carbonyl)-4-oxa-2,9-diazatricyclo[9.4.0.0²,⁶]pentadeca-1(15),11,13-trien-3-one",1.9,5,-367.252549333763,0.312138728323699,NA,"845221101650885233"
"845221169921571481","C17H16FN3O4","[M + Na]+",1,0.6363269969949,44.7457802994734,2.01297755390643,42.7328027455669,"19","LHZAPCAVMNVKID","CCOC1=C(C=CC(=C1)C=NNC(=O)C(=O)NC2=CC=C(C=C2)F)O","N'-[(3-ethoxy-4-hydroxyphenyl)methylideneamino]-N-(4-fluorophenyl)oxamide",2.5,6,-374.635980151861,0.356687898089172,NA,"845221101650885233"
"845221169921571481","C17H16FN3O4","[M + Na]+",1,0.6363269969949,44.7457802994734,2.01297755390643,42.7328027455669,"19","HAZCGTFRKOCWQZ","CC(=O)NC(CC1=CC=C(C=C1)F)C(=O)NC2=CC=C(C=C2)[N+](=O)[O-]","2-Acetamido-3-(4-fluorophenyl)-N-(4-nitrophenyl)propanamide (3c)",2.7804983,7,-384.246465947829,0.256983240223464,NA,"845221101650885233"
"845221169921571481","C17H16FN3O4","[M + Na]+",1,0.6363269969949,44.7457802994734,2.01297755390643,42.7328027455669,"19","JKZPDGNJAAVKEG","CC(=O)NC(CC1=CC(=CC=C1)F)C(=O)NC2=CC=C(C=C2)[N+](=O)[O-]","2-Acetamido-3-(3-fluorophenyl)-N-(4-nitrophenyl)propanamide (2c)",2.4,8,-385.278397602542,0.265895953757225,NA,"845221101650885233"
"845221169921571481","C17H16FN3O4","[M + Na]+",1,0.6363269969949,44.7457802994734,2.01297755390643,42.7328027455669,"19","RYUXKVAKPFRBTB","CC(=O)NC(CC1=CC=CC=C1F)C(=O)NC2=CC=C(C=C2)[N+](=O)[O-]","2-Acetamido-3-(2-fluorophenyl)-N-(4-nitrophenyl)propanamide (1c)",2.4,9,-423.477867114017,0.261627906976744,NA,"845221101650885233"
"845221169921571481","C17H16FN3O4","[M + Na]+",1,0.6363269969949,44.7457802994734,2.01297755390643,42.7328027455669,"19","VCWNLVLFIZZTLZ","C1C2C(CN1C(=O)C3=CC=NO3)OCC(=O)N2CC4=CC=C(C=C4)F","4-[(4-fluorophenyl)methyl]-6-(1,2-oxazole-5-carbonyl)-octahydropyrrolo[3,4-b][1,4]oxazin-3-one",0.8,10,-424.370592331054,0.251336898395722,NA,"845221101650885233"
"845221169921571482","C15H13F2N7O","[M + Na]+",2,0.363595298703458,44.186109154404,2.9915711691075,41.1945379852965,"19",NA,NA,NA,NA,NA,NA,NA,NA,"845221101650885233"
"845221169921571483","C14H17F2N3O5","[M + Na]+",3,4.0865171412936e-05,35.0925905886348,3.01865336281579,32.073937225819,"19",NA,NA,NA,NA,NA,NA,NA,NA,"845221101650885233"
"845221169921571484","C11H18F3N3O6","[M + Na]+",4,1.26478429215225e-05,33.9197991236562,2.11082148638842,31.8089776372678,"19",NA,NA,NA,NA,NA,NA,NA,NA,"845221101650885233"
"845221169921571485","C13H19N3O8","[M + Na]+",5,1.24974677023613e-05,33.9078384830349,2.2335360267999,31.674302456235,"19",NA,NA,NA,NA,NA,NA,NA,NA,"845221101650885233"
"845221169921571486","C14H16F3N4O3","[M + Na]+",6,7.06985738345082e-06,33.3381527506936,2.30061106310991,31.0375416875837,"19",NA,NA,NA,NA,NA,NA,NA,NA,"845221101650885233"
"845221169921571487","C9H15N9O6","[M + Na]+",7,2.27170049795578e-06,32.2028411121472,1.3449439386019,30.8578971735453,"19",NA,NA,NA,NA,NA,NA,NA,NA,"845221101650885233"
"845221169921571488","C12H14F3N7O2","[M + Na]+",8,1.86246608835258e-06,32.0042139065705,2.68945542847054,29.3147584781,"19",NA,NA,NA,NA,NA,NA,NA,NA,"845221101650885233"
"845221169921571489","C11H17N6O7","[M + Na]+",9,2.09773486611953e-07,29.8205854774692,2.36671310935368,27.4538723681155,"19",NA,NA,NA,NA,NA,NA,NA,NA,"845221101650885233"
"845221169921571490","C14H17F6NO2","[M + Na]+",10,8.67426726255337e-08,28.9375031139263,2.79014505766282,26.1473580562635,"19",NA,NA,NA,NA,NA,NA,NA,NA,"845221101650885233"
"845221168596171407","C14H20FN3O4S","[M + Na]+",1,0.912479152457733,34.1160199158254,5.66229872422523,28.4537211916002,"20",NA,NA,NA,NA,NA,NA,NA,NA,"845221101659273842"
"845221168596171408","C17H19N3O3S","[M + Na]+",2,0.083266163891445,31.7218969481234,4.3276833631571,27.3942135849663,"20","SUBDBMMJDZJVOS","CC1=CN=C(C(=C1OC)C)CS(=O)C2=NC3=C(N2)C=C(C=C3)OC","6-methoxy-2-[(4-methoxy-3,5-dimethylpyridin-2-yl)methanesulfinyl]-1H-1,3-benzodiazole",2.6206226,1,-33.7430145849997,0.884615384615385,0,"845221101659273842"
"845221168596171408","C17H19N3O3S","[M + Na]+",2,0.083266163891445,31.7218969481234,4.3276833631571,27.3942135849663,"20","ZWNARYKSNTWUOM","C1CN(CN1CC2=CC=CC=C2)C(=O)C3=CC=C(C=C3)S(=O)(=O)N","4-[3-(Phenylmethyl)imidazolidin-1-yl]carbonylbenzenesulfonamide",1.3,2,-440.628807360672,0.134259259259259,Inf,"845221101659273842"
"845221168596171408","C17H19N3O3S","[M + Na]+",2,0.083266163891445,31.7218969481234,4.3276833631571,27.3942135849663,"20","FDDLMBKEDYPNER","C1CN(CCN1CCC(=O)C2=CC=CS2)C3=CC=C(C=C3)[N+](=O)[O-]","3-[4-(4-Nitrophenyl)piperazino]-1-(2-thienyl)-1-propanone",3,3,-464.103920138577,0.138755980861244,NA,"845221101659273842"
"845221168596171408","C17H19N3O3S","[M + Na]+",2,0.083266163891445,31.7218969481234,4.3276833631571,27.3942135849663,"20","HVGVNYJRZJHYBS","CC1=CC(=C(C=C1)S(=O)(=O)NC2=CC3=C(C=C2)N(C(=O)N3C)C)C","N-(1,3-dimethyl-2-oxo-2,3-dihydro-1H-benzimidazol-5-yl)-2,4-dimethylbenzenesulfonamide",2.2,4,-494.515507883065,0.289772727272727,NA,"845221101659273842"
"845221168596171408","C17H19N3O3S","[M + Na]+",2,0.083266163891445,31.7218969481234,4.3276833631571,27.3942135849663,"20","SJXKOSOSNRUTAX","C1CN(CCN1CC2=CC=CO2)C(=S)NC3=CC4=C(C=C3)OCO4","N-(1,3-benzodioxol-5-yl)-4-(furan-2-ylmethyl)piperazin-4-ium-1-carbothioamide",1.9,5,-518.038435851492,0.225,NA,"845221101659273842"
"845221168596171408","C17H19N3O3S","[M + Na]+",2,0.083266163891445,31.7218969481234,4.3276833631571,27.3942135849663,"20","LJAVIEUWQYYONW","COC1=CC=C(C=C1)C2=NC(=NC=C2)SCC(=O)N3CCOCC3","2-[[4-(4-Methoxyphenyl)-2-pyrimidinyl]thio]-1-(4-morpholinyl)ethanone",1.8,6,-543.148279188656,0.309859154929577,NA,"845221101659273842"
"845221168596171408","C17H19N3O3S","[M + Na]+",2,0.083266163891445,31.7218969481234,4.3276833631571,27.3942135849663,"20","AIBMIQGSVBRQNH","COC1=CC(=CC(=C1OC)OC)C=NNC(=S)NC2=CC=CC=C2","(Phenylcarbamothioylamino)-[(3,4,5-trimethoxyphenyl)methylidene]azanium",3.1,7,-554.34055346981,0.175355450236967,NA,"845221101659273842"
"845221168596171408","C17H19N3O3S","[M + Na]+",2,0.083266163891445,31.7218969481234,4.3276833631571,27.3942135849663,"20","KMCSXFINGGBOFP","C1CN(CC2=CC=CC=C21)CC(=O)NC3=CC=C(C=C3)S(=O)(=O)N","N-(4-sulfamoylphenyl)-2-(1,2,3,4-tetrahydroisoquinolin-2-yl)acetamide",1.3,8,-558.153994931025,0.128630705394191,NA,"845221101659273842"
"845221168596171408","C17H19N3O3S","[M + Na]+",2,0.083266163891445,31.7218969481234,4.3276833631571,27.3942135849663,"20","ABBDYGNALLZFNP","COC1=C(C=C(C=C1)C(=O)NNC(=S)NCC2=CC=CC=C2)OC","N-Benzyl-2-(3,4-dimethoxybenzoyl)hydrazinecarbothioamide",2.6,9,-559.980764682543,0.152671755725191,NA,"845221101659273842"
"845221168596171408","C17H19N3O3S","[M + Na]+",2,0.083266163891445,31.7218969481234,4.3276833631571,27.3942135849663,"20","RHRSBTVNCCOGDJ","CC1=CC(=NC(=N1)SC(C2=CC=CC=C2)C(=O)O)N3CCOCC3","(2S)-2-(4-methyl-6-morpholin-4-ylpyrimidin-2-yl)sulfanyl-2-phenylacetate",2.8,10,-564.484699083549,0.216346153846154,NA,"845221101659273842"
"845221168596171408","C17H19N3O3S","[M + Na]+",2,0.083266163891445,31.7218969481234,4.3276833631571,27.3942135849663,"20","IBAYUWQIQGOLBX","CCOC1=C(C=CC(=C1)C=NNC(=S)NC2=CC=C(C=C2)OC)O","1-[(3-Ethoxy-4-hydroxyphenyl)methylideneamino]-3-(4-methoxyphenyl)thiourea",3.1,11,-565.76658812207,0.228426395939086,NA,"845221101659273842"
"845221168596171408","C17H19N3O3S","[M + Na]+",2,0.083266163891445,31.7218969481234,4.3276833631571,27.3942135849663,"20","HHTWCWCZKQRKRJ","CN1C2=CC=CC=C2N(C3=CC=CC=C3S1(=O)=O)C(=O)CN(C)C","6-Methyl-6,11-dihydro-11-((N,N-dimethylamino)acetyl)dibenzo(c,f)-(1,2,5)-thiadiazepine 5,5-dioxide",1.7,12,-580.17376157115,0.196891191709845,NA,"845221101659273842"
"845221168596171408","C17H19N3O3S","[M + Na]+",2,0.083266163891445,31.7218969481234,4.3276833631571,27.3942135849663,"20","RSMGOJOYNVIKHB","COC1=C(C(=C(C=C1)C=NNC(=S)NC2=CC=CC=C2)OC)OC","1-Phenyl-3-[(2,3,4-trimethoxyphenyl)methylideneamino]thiourea",3.1,13,-585.499474364158,0.194174757281553,NA,"845221101659273842"
"845221168596171408","C17H19N3O3S","[M + Na]+",2,0.083266163891445,31.7218969481234,4.3276833631571,27.3942135849663,"20","YPHDMWLZRDJBET","CC(=O)N1CCC2=CC=CC=C2C1C3=C(N(C(=S)N(C3=O)C)C)O","5-(2-acetyl-1,2,3,4-tetrahydroisoquinolin-1-yl)-6-hydroxy-1,3-dimethyl-2-sulfanylidene-1,2,3,4-tetrahydropyrimidin-4-one",0.9,14,-618.111054601079,0.165217391304348,NA,"845221101659273842"
"845221168596171408","C17H19N3O3S","[M + Na]+",2,0.083266163891445,31.7218969481234,4.3276833631571,27.3942135849663,"20","FUYKCLPJJPJJTN","COC1=CC(=C(C=C1C=NNC(=S)NC2=CC=CC=C2)OC)OC","(Phenylcarbamothioylamino)-[(2,4,5-trimethoxyphenyl)methylidene]azanium",3.1,15,-623.559147736242,0.196078431372549,NA,"845221101659273842"
"845221168596171409","C17H16FN3O4","[M + Na]+",3,0.00245485668997431,28.1979230620382,1.45993161269567,26.7379914493425,"20",NA,NA,NA,NA,NA,NA,NA,NA,"845221101659273842"
"845221168596171410","C14H16F3N4O3","[M + Na]+",4,0.00050485855028399,26.6163776898622,2.39040728298862,24.2259704068736,"20",NA,NA,NA,NA,NA,NA,NA,NA,"845221101659273842"
"845221168596171411","C11H18F3N3O6","[M + Na]+",5,0.000356401299638939,26.2681567404332,2.62308000544536,23.6450767349878,"20",NA,NA,NA,NA,NA,NA,NA,NA,"845221101659273842"
"845221168596171412","C14H21N2O6S","[M + Na]+",6,0.000304284414618025,26.1100622367,4.37105076631559,21.7390114703844,"20",NA,NA,NA,NA,NA,NA,NA,NA,"845221101659273842"
"845221168596171413","C15H13F2N7O","[M + Na]+",7,0.000186023373956479,25.6179717305198,2.64302953564966,22.9749421948702,"20",NA,NA,NA,NA,NA,NA,NA,NA,"845221101659273842"
"845221168596171414","C14H17F6NO2","[M + Na]+",8,0.000144938021370156,25.3684056104853,3.02359951145052,22.3448060990348,"20",NA,NA,NA,NA,NA,NA,NA,NA,"845221101659273842"
"845221168596171415","C14H17F2N3O5","[M + Na]+",9,0.000106185054977793,25.0572827719182,2.99968759535032,22.0575951765679,"20",NA,NA,NA,NA,NA,NA,NA,NA,"845221101659273842"
"845221168596171416","C12H14F3N7O2","[M + Na]+",10,6.3747959358269e-05,24.5470365717291,2.9277644460369,21.6192721256922,"20",NA,NA,NA,NA,NA,NA,NA,NA,"845221101659273842"
"845221256198404871","C17H19N3O3S","[M + H]+",1,0.877494502751373,55.742438084906,5.20301605352545,50.5394220313805,"21","SUBDBMMJDZJVOS","CC1=CN=C(C(=C1OC)C)CS(=O)C2=NC3=C(N2)C=C(C=C3)OC","6-methoxy-2-[(4-methoxy-3,5-dimethylpyridin-2-yl)methanesulfinyl]-1H-1,3-benzodiazole",2.6206226,1,-7.61586933003039,0.975806451612903,0,"845221101663468147"
"845221256198404871","C17H19N3O3S","[M + H]+",1,0.877494502751373,55.742438084906,5.20301605352545,50.5394220313805,"21","ZWNARYKSNTWUOM","C1CN(CN1CC2=CC=CC=C2)C(=O)C3=CC=C(C=C3)S(=O)(=O)N","4-[3-(Phenylmethyl)imidazolidin-1-yl]carbonylbenzenesulfonamide",1.3,2,-475.195217032543,0.13953488372093,Inf,"845221101663468147"
"845221256198404871","C17H19N3O3S","[M + H]+",1,0.877494502751373,55.742438084906,5.20301605352545,50.5394220313805,"21","FDDLMBKEDYPNER","C1CN(CCN1CCC(=O)C2=CC=CS2)C3=CC=C(C=C3)[N+](=O)[O-]","3-[4-(4-Nitrophenyl)piperazino]-1-(2-thienyl)-1-propanone",3,3,-508.969291123714,0.144230769230769,NA,"845221101663468147"
"845221256198404871","C17H19N3O3S","[M + H]+",1,0.877494502751373,55.742438084906,5.20301605352545,50.5394220313805,"21","SJXKOSOSNRUTAX","C1CN(CCN1CC2=CC=CO2)C(=S)NC3=CC4=C(C=C3)OCO4","N-(1,3-benzodioxol-5-yl)-4-(furan-2-ylmethyl)piperazin-4-ium-1-carbothioamide",1.9,4,-532.513581349185,0.231155778894472,NA,"845221101663468147"
"845221256198404871","C17H19N3O3S","[M + H]+",1,0.877494502751373,55.742438084906,5.20301605352545,50.5394220313805,"21","HVGVNYJRZJHYBS","CC1=CC(=C(C=C1)S(=O)(=O)NC2=CC3=C(C=C2)N(C(=O)N3C)C)C","N-(1,3-dimethyl-2-oxo-2,3-dihydro-1H-benzimidazol-5-yl)-2,4-dimethylbenzenesulfonamide",2.2,5,-564.859942033733,0.312138728323699,NA,"845221101663468147"
"845221256198404871","C17H19N3O3S","[M + H]+",1,0.877494502751373,55.742438084906,5.20301605352545,50.5394220313805,"21","LJAVIEUWQYYONW","COC1=CC=C(C=C1)C2=NC(=NC=C2)SCC(=O)N3CCOCC3","2-[[4-(4-Methoxyphenyl)-2-pyrimidinyl]thio]-1-(4-morpholinyl)ethanone",1.8,6,-571.874645117608,0.309859154929577,NA,"845221101663468147"
"845221256198404871","C17H19N3O3S","[M + H]+",1,0.877494502751373,55.742438084906,5.20301605352545,50.5394220313805,"21","IBAYUWQIQGOLBX","CCOC1=C(C=CC(=C1)C=NNC(=S)NC2=CC=C(C=C2)OC)O","1-[(3-Ethoxy-4-hydroxyphenyl)methylideneamino]-3-(4-methoxyphenyl)thiourea",3.1,7,-578.275629296185,0.247422680412371,NA,"845221101663468147"
"845221256198404871","C17H19N3O3S","[M + H]+",1,0.877494502751373,55.742438084906,5.20301605352545,50.5394220313805,"21","KMCSXFINGGBOFP","C1CN(CC2=CC=CC=C21)CC(=O)NC3=CC=C(C=C3)S(=O)(=O)N","N-(4-sulfamoylphenyl)-2-(1,2,3,4-tetrahydroisoquinolin-2-yl)acetamide",1.3,8,-589.468736347202,0.133333333333333,NA,"845221101663468147"
"845221256198404871","C17H19N3O3S","[M + H]+",1,0.877494502751373,55.742438084906,5.20301605352545,50.5394220313805,"21","ABBDYGNALLZFNP","COC1=C(C=C(C=C1)C(=O)NNC(=S)NCC2=CC=CC=C2)OC","N-Benzyl-2-(3,4-dimethoxybenzoyl)hydrazinecarbothioamide",2.6,9,-593.365399383886,0.161538461538462,NA,"845221101663468147"
"845221256198404871","C17H19N3O3S","[M + H]+",1,0.877494502751373,55.742438084906,5.20301605352545,50.5394220313805,"21","AIBMIQGSVBRQNH","COC1=CC(=CC(=C1OC)OC)C=NNC(=S)NC2=CC=CC=C2","(Phenylcarbamothioylamino)-[(3,4,5-trimethoxyphenyl)methylidene]azanium",3.1,10,-598.729128749402,0.180952380952381,NA,"845221101663468147"
"845221256198404871","C17H19N3O3S","[M + H]+",1,0.877494502751373,55.742438084906,5.20301605352545,50.5394220313805,"21","RHRSBTVNCCOGDJ","CC1=CC(=NC(=N1)SC(C2=CC=CC=C2)C(=O)O)N3CCOCC3","(2S)-2-(4-methyl-6-morpholin-4-ylpyrimidin-2-yl)sulfanyl-2-phenylacetate",2.8,11,-618.11034012607,0.204761904761905,NA,"845221101663468147"
"845221256198404871","C17H19N3O3S","[M + H]+",1,0.877494502751373,55.742438084906,5.20301605352545,50.5394220313805,"21","HHTWCWCZKQRKRJ","CN1C2=CC=CC=C2N(C3=CC=CC=C3S1(=O)=O)C(=O)CN(C)C","6-Methyl-6,11-dihydro-11-((N,N-dimethylamino)acetyl)dibenzo(c,f)-(1,2,5)-thiadiazepine 5,5-dioxide",1.7,12,-630.0826386176,0.196891191709845,NA,"845221101663468147"
"845221256198404871","C17H19N3O3S","[M + H]+",1,0.877494502751373,55.742438084906,5.20301605352545,50.5394220313805,"21","RSMGOJOYNVIKHB","COC1=C(C(=C(C=C1)C=NNC(=S)NC2=CC=CC=C2)OC)OC","1-Phenyl-3-[(2,3,4-trimethoxyphenyl)methylideneamino]thiourea",3.1,13,-635.096906552119,0.205882352941176,NA,"845221101663468147"
"845221256198404871","C17H19N3O3S","[M + H]+",1,0.877494502751373,55.742438084906,5.20301605352545,50.5394220313805,"21","FUYKCLPJJPJJTN","COC1=CC(=C(C=C1C=NNC(=S)NC2=CC=CC=C2)OC)OC","(Phenylcarbamothioylamino)-[(2,4,5-trimethoxyphenyl)methylidene]azanium",3.1,14,-651.761026480364,0.201970443349754,NA,"845221101663468147"
"845221256198404871","C17H19N3O3S","[M + H]+",1,0.877494502751373,55.742438084906,5.20301605352545,50.5394220313805,"21","YPHDMWLZRDJBET","CC(=O)N1CCC2=CC=CC=C2C1C3=C(N(C(=S)N(C3=O)C)C)O","5-(2-acetyl-1,2,3,4-tetrahydroisoquinolin-1-yl)-6-hydroxy-1,3-dimethyl-2-sulfanylidene-1,2,3,4-tetrahydropyrimidin-4-one",0.9,15,-664.026491455432,0.170305676855895,NA,"845221101663468147"
"845221256198404872","C14H20FN3O4S","[M + H]+",2,0.122503669905048,53.773508382201,5.56084731007504,48.2126610721259,"21",NA,NA,NA,NA,NA,NA,NA,NA,"845221101663468147"
"845221256198404873","C14H16F3N4O3","[M + H]+",3,7.82867587897793e-07,41.812820409295,2.11456799170427,39.6982524175908,"21",NA,NA,NA,NA,NA,NA,NA,NA,"845221101663468147"
"845221256198404874","C17H16FN3O4","[M + H]+",4,6.55108821356545e-07,41.6346581976034,2.14618157535857,39.4884766222448,"21",NA,NA,NA,NA,NA,NA,NA,NA,"845221101663468147"
"845221256198404875","C14H21N2O6S","[M + H]+",5,3.49995403674863e-07,41.0077768583318,4.24131250542668,36.7664643529051,"21",NA,NA,NA,NA,NA,NA,NA,NA,"845221101663468147"
"845221256198404876","C14H17F2N3O5","[M + H]+",6,1.10281798182112e-08,37.5503106349256,2.91595222963105,34.6343584052946,"21",NA,NA,NA,NA,NA,NA,NA,NA,"845221101663468147"
"845221256198404877","C11H18F3N3O6","[M + H]+",7,8.95295514522441e-09,37.3418404979041,1.78807303067577,35.5537674672284,"21",NA,NA,NA,NA,NA,NA,NA,NA,"845221101663468147"
"845221256198404878","C9H15N9O6","[M + H]+",8,8.32792116207655e-09,37.2694707009505,0.922208329990445,36.3472623709601,"21",NA,NA,NA,NA,NA,NA,NA,NA,"845221101663468147"
"845221256198404879","C12H14F3N7O2","[M + H]+",9,2.06927205340459e-09,35.8770537166988,2.4754305267328,33.401623189966,"21",NA,NA,NA,NA,NA,NA,NA,NA,"845221101663468147"
"845221256198404880","C11H20N7O2PS","[M + H]+",10,2.01428422983779e-09,35.8501207476607,4.54534205813062,31.30477868953,"21",NA,NA,NA,NA,NA,NA,NA,NA,"845221101663468147"
"845221243250588393","C17H19N3O3S","[M + Na]+",1,0.808788108590143,27.3658129354038,5.14782102200003,22.2179919134038,"22","SUBDBMMJDZJVOS","CC1=CN=C(C(=C1OC)C)CS(=O)C2=NC3=C(N2)C=C(C=C3)OC","6-methoxy-2-[(4-methoxy-3,5-dimethylpyridin-2-yl)methanesulfinyl]-1H-1,3-benzodiazole",2.6206226,1,-49.8147729166223,0.922480620155039,0,"845221101667662452"
"845221243250588393","C17H19N3O3S","[M + Na]+",1,0.808788108590143,27.3658129354038,5.14782102200003,22.2179919134038,"22","HVGVNYJRZJHYBS","CC1=CC(=C(C=C1)S(=O)(=O)NC2=CC3=C(C=C2)N(C(=O)N3C)C)C","N-(1,3-dimethyl-2-oxo-2,3-dihydro-1H-benzimidazol-5-yl)-2,4-dimethylbenzenesulfonamide",2.2,10,-403.273871698513,0.314285714285714,NA,"845221101667662452"
"845221243250588393","C17H19N3O3S","[M + Na]+",1,0.808788108590143,27.3658129354038,5.14782102200003,22.2179919134038,"22","ZWNARYKSNTWUOM","C1CN(CN1CC2=CC=CC=C2)C(=O)C3=CC=C(C=C3)S(=O)(=O)N","4-[3-(Phenylmethyl)imidazolidin-1-yl]carbonylbenzenesulfonamide",1.3,11,-418.451667767792,0.148148148148148,NA,"845221101667662452"
"845221243250588393","C17H19N3O3S","[M + Na]+",1,0.808788108590143,27.3658129354038,5.14782102200003,22.2179919134038,"22","FDDLMBKEDYPNER","C1CN(CCN1CCC(=O)C2=CC=CS2)C3=CC=C(C=C3)[N+](=O)[O-]","3-[4-(4-Nitrophenyl)piperazino]-1-(2-thienyl)-1-propanone",3,13,-432.435545401151,0.147619047619048,NA,"845221101667662452"
"845221243250588393","C17H19N3O3S","[M + Na]+",1,0.808788108590143,27.3658129354038,5.14782102200003,22.2179919134038,"22","SJXKOSOSNRUTAX","C1CN(CCN1CC2=CC=CO2)C(=S)NC3=CC4=C(C=C3)OCO4","N-(1,3-benzodioxol-5-yl)-4-(furan-2-ylmethyl)piperazin-4-ium-1-carbothioamide",1.9,19,-508.719915803646,0.227722772277228,NA,"845221101667662452"
"845221243250588393","C17H19N3O3S","[M + Na]+",1,0.808788108590143,27.3658129354038,5.14782102200003,22.2179919134038,"22","KMCSXFINGGBOFP","C1CN(CC2=CC=CC=C21)CC(=O)NC3=CC=C(C=C3)S(=O)(=O)N","N-(4-sulfamoylphenyl)-2-(1,2,3,4-tetrahydroisoquinolin-2-yl)acetamide",1.3,20,-511.816173825377,0.141078838174274,NA,"845221101667662452"
"845221243250588393","C17H19N3O3S","[M + Na]+",1,0.808788108590143,27.3658129354038,5.14782102200003,22.2179919134038,"22","LJAVIEUWQYYONW","COC1=CC=C(C=C1)C2=NC(=NC=C2)SCC(=O)N3CCOCC3","2-[[4-(4-Methoxyphenyl)-2-pyrimidinyl]thio]-1-(4-morpholinyl)ethanone",1.8,21,-526.758649310649,0.299539170506912,NA,"845221101667662452"
"845221243250588393","C17H19N3O3S","[M + Na]+",1,0.808788108590143,27.3658129354038,5.14782102200003,22.2179919134038,"22","HHTWCWCZKQRKRJ","CN1C2=CC=CC=C2N(C3=CC=CC=C3S1(=O)=O)C(=O)CN(C)C","6-Methyl-6,11-dihydro-11-((N,N-dimethylamino)acetyl)dibenzo(c,f)-(1,2,5)-thiadiazepine 5,5-dioxide",1.7,22,-529.134350798828,0.212435233160622,NA,"845221101667662452"
"845221243250588393","C17H19N3O3S","[M + Na]+",1,0.808788108590143,27.3658129354038,5.14782102200003,22.2179919134038,"22","AIBMIQGSVBRQNH","COC1=CC(=CC(=C1OC)OC)C=NNC(=S)NC2=CC=CC=C2","(Phenylcarbamothioylamino)-[(3,4,5-trimethoxyphenyl)methylidene]azanium",3.1,23,-534.933904318516,0.18957345971564,NA,"845221101667662452"
"845221243250588393","C17H19N3O3S","[M + Na]+",1,0.808788108590143,27.3658129354038,5.14782102200003,22.2179919134038,"22","ABBDYGNALLZFNP","COC1=C(C=C(C=C1)C(=O)NNC(=S)NCC2=CC=CC=C2)OC","N-Benzyl-2-(3,4-dimethoxybenzoyl)hydrazinecarbothioamide",2.6,24,-543.669776974866,0.159695817490494,NA,"845221101667662452"
"845221243250588393","C17H19N3O3S","[M + Na]+",1,0.808788108590143,27.3658129354038,5.14782102200003,22.2179919134038,"22","IBAYUWQIQGOLBX","CCOC1=C(C=CC(=C1)C=NNC(=S)NC2=CC=C(C=C2)OC)O","1-[(3-Ethoxy-4-hydroxyphenyl)methylideneamino]-3-(4-methoxyphenyl)thiourea",3.1,25,-545.558846269589,0.237373737373737,NA,"845221101667662452"
"845221243250588393","C17H19N3O3S","[M + Na]+",1,0.808788108590143,27.3658129354038,5.14782102200003,22.2179919134038,"22","MJRGSRRZKSJHOE","CC1=C(ON=C1C)NS(=O)(=O)C2=CC=CC3=C2C=CC=C3N(C)C","5-(dimethylamino)-N-(3,4-dimethyl-5-isoxazolyl)-1-naphthalenesulfonamide",3.4,27,-550.700569709328,0.238095238095238,NA,"845221101667662452"
"845221243250588393","C17H19N3O3S","[M + Na]+",1,0.808788108590143,27.3658129354038,5.14782102200003,22.2179919134038,"22","RHRSBTVNCCOGDJ","CC1=CC(=NC(=N1)SC(C2=CC=CC=C2)C(=O)O)N3CCOCC3","(2S)-2-(4-methyl-6-morpholin-4-ylpyrimidin-2-yl)sulfanyl-2-phenylacetate",2.8,28,-551.233919396902,0.207547169811321,NA,"845221101667662452"
"845221243250588393","C17H19N3O3S","[M + Na]+",1,0.808788108590143,27.3658129354038,5.14782102200003,22.2179919134038,"22","YPHDMWLZRDJBET","CC(=O)N1CCC2=CC=CC=C2C1C3=C(N(C(=S)N(C3=O)C)C)O","5-(2-acetyl-1,2,3,4-tetrahydroisoquinolin-1-yl)-6-hydroxy-1,3-dimethyl-2-sulfanylidene-1,2,3,4-tetrahydropyrimidin-4-one",0.9,29,-554.329967044596,0.178260869565217,NA,"845221101667662452"
"845221243250588393","C17H19N3O3S","[M + Na]+",1,0.808788108590143,27.3658129354038,5.14782102200003,22.2179919134038,"22","WPIILTPYKOWHQU","COC1=CC2=C(C=C1)NC=C2CCNS(=O)(=O)C3=CC=C(C=C3)N","4-amino-N-[2-(5-methoxy-1H-indol-3-yl)ethyl]benzene-1-sulfonamide",2.4006016,30,-569.532302916219,0.336448598130841,NA,"845221101667662452"
"845221243250588394","C14H20FN3O4S","[M + Na]+",2,0.145264897858083,25.6488349278217,5.37526477843791,20.2735701493838,"22",NA,NA,NA,NA,NA,NA,NA,NA,"845221101667662452"
"845221243250588395","C15H13F2N7O","[M + Na]+",3,0.0182890308745384,23.5765774447091,3.12240185761249,20.4541755870966,"22",NA,NA,NA,NA,NA,NA,NA,NA,"845221101667662452"
"845221243250588396","C17H16FN3O4","[M + Na]+",4,0.0146372566168287,23.3538460717528,2.57826191721431,20.7755841545385,"22","NWVXUXFCAZFSQH","C1CN(CCN1)C2=C(C=C3C(=C2)N(C=C(C3=O)C(=O)O)C4CC4=O)F","Oxo-ciprofloxacin",0.33245212,2,-300.22276313839,0.442528735632184,Inf,"845221101667662452"
"845221243250588396","C17H16FN3O4","[M + Na]+",4,0.0146372566168287,23.3538460717528,2.57826191721431,20.7755841545385,"22","MYYZZOHRULFPOQ","C1CC1N2C=C(C(=O)C3=CC(=C(C=C32)N4CCNC(=O)C4)F)C(=O)O","Oxociprofloxacin",0.96316284,3,-342.85056050383,0.453038674033149,NA,"845221101667662452"
"845221243250588396","C17H16FN3O4","[M + Na]+",4,0.0146372566168287,23.3538460717528,2.57826191721431,20.7755841545385,"22","HAZCGTFRKOCWQZ","CC(=O)NC(CC1=CC=C(C=C1)F)C(=O)NC2=CC=C(C=C2)[N+](=O)[O-]","2-Acetamido-3-(4-fluorophenyl)-N-(4-nitrophenyl)propanamide (3c)",2.7804983,5,-373.060590273674,0.27027027027027,NA,"845221101667662452"
"845221243250588396","C17H16FN3O4","[M + Na]+",4,0.0146372566168287,23.3538460717528,2.57826191721431,20.7755841545385,"22","JKZPDGNJAAVKEG","CC(=O)NC(CC1=CC(=CC=C1)F)C(=O)NC2=CC=C(C=C2)[N+](=O)[O-]","2-Acetamido-3-(3-fluorophenyl)-N-(4-nitrophenyl)propanamide (2c)",2.4,6,-392.523716412172,0.279329608938547,NA,"845221101667662452"
"845221243250588396","C17H16FN3O4","[M + Na]+",4,0.0146372566168287,23.3538460717528,2.57826191721431,20.7755841545385,"22","RYUXKVAKPFRBTB","CC(=O)NC(CC1=CC=CC=C1F)C(=O)NC2=CC=C(C=C2)[N+](=O)[O-]","2-Acetamido-3-(2-fluorophenyl)-N-(4-nitrophenyl)propanamide (1c)",2.4,8,-397.132614985635,0.282485875706215,NA,"845221101667662452"
"845221243250588396","C17H16FN3O4","[M + Na]+",4,0.0146372566168287,23.3538460717528,2.57826191721431,20.7755841545385,"22","VCWNLVLFIZZTLZ","C1C2C(CN1C(=O)C3=CC=NO3)OCC(=O)N2CC4=CC=C(C=C4)F","4-[(4-fluorophenyl)methyl]-6-(1,2-oxazole-5-carbonyl)-octahydropyrrolo[3,4-b][1,4]oxazin-3-one",0.8,9,-402.377624692647,0.304812834224599,NA,"845221101667662452"
"845221243250588396","C17H16FN3O4","[M + Na]+",4,0.0146372566168287,23.3538460717528,2.57826191721431,20.7755841545385,"22","FVCPNISTSVVUPX","COC1=CC(=C(C=C1)O)C=NNC(=O)CNC(=O)C2=CC=C(C=C2)F","4-fluoro-N-[2-[(2Z)-2-[(2-hydroxy-5-methoxyphenyl)methylidene]hydrazinyl]-2-oxoethyl]benzamide",1.9,12,-429.097459183534,0.302857142857143,NA,"845221101667662452"
"845221243250588396","C17H16FN3O4","[M + Na]+",4,0.0146372566168287,23.3538460717528,2.57826191721431,20.7755841545385,"22","ZBLZEVQPDZRXNP","COC1=CC=CC(=C1O)C=NNC(=O)CNC(=O)C2=CC=C(C=C2)F","4-fluoro-N-[2-[2-[(2-hydroxy-3-methoxyphenyl)methylidene]hydrazinyl]-2-oxoethyl]benzamide",1.9,14,-442.024321898198,0.290502793296089,NA,"845221101667662452"
"845221243250588396","C17H16FN3O4","[M + Na]+",4,0.0146372566168287,23.3538460717528,2.57826191721431,20.7755841545385,"22","LHZAPCAVMNVKID","CCOC1=C(C=CC(=C1)C=NNC(=O)C(=O)NC2=CC=C(C=C2)F)O","N'-[(3-ethoxy-4-hydroxyphenyl)methylideneamino]-N-(4-fluorophenyl)oxamide",2.5,15,-445.805224364341,0.296511627906977,NA,"845221101667662452"
"845221243250588396","C17H16FN3O4","[M + Na]+",4,0.0146372566168287,23.3538460717528,2.57826191721431,20.7755841545385,"22","VDCWENWOWUDREX","CC1=CC(=NO1)C(=O)N2CCC3COC(=O)N3C4=C(C2)C=CC(=C4)F","14-fluoro-9-(5-methyl-1,2-oxazole-3-carbonyl)-4-oxa-2,9-diazatricyclo[9.4.0.0²,⁶]pentadeca-1(15),11,13-trien-3-one",1.9,16,-461.174328788528,0.362068965517241,NA,"845221101667662452"
"845221243250588397","C13H19N3O8","[M + Na]+",5,0.00990144382266852,22.9629565575205,2.0213428083528,20.9416137491677,"22","RSFNVYSVNQERMH","CN1C(=C(C(=O)N(C1=O)C)C=NC2C(C(C(OC2O)CO)O)O)O","2-deoxy-2-{[(1,3-dimethyl-2,4,6-trioxotetrahydropyrimidin-5(2H)-ylidene)methyl]amino}hexopyranose",-3.1,4,-362.83851259817,0.359756097560976,NA,"845221101667662452"
"845221243250588397","C13H19N3O8","[M + Na]+",5,0.00990144382266852,22.9629565575205,2.0213428083528,20.9416137491677,"22","YXNIEZJFCGTDKV","C1=CN(C(=O)N(C1=O)CCC(C(=O)O)N)C2C(C(C(O2)CO)O)O","2-amino-4-{3-[3,4-dihydroxy-5-(hydroxymethyl)oxolan-2-yl]-2,6-dioxo-1,2,3,6-tetrahydropyrimidin-1-yl}butanoic acid",-3.2040055,7,-396.842890026727,0.287081339712919,NA,"845221101667662452"
"845221243250588397","C13H19N3O8","[M + Na]+",5,0.00990144382266852,22.9629565575205,2.0213428083528,20.9416137491677,"22","QBIKARYQTKNDPS","CC(=NOCC(=O)NCC(=O)O)C1CNC(C1CC(=O)O)C(=O)O","Kaoag",-4.1,17,-469.243536508852,0.22279792746114,NA,"845221101667662452"
"845221243250588397","C13H19N3O8","[M + Na]+",5,0.00990144382266852,22.9629565575205,2.0213428083528,20.9416137491677,"22","ILMLVTGTUJPQFP","C1CC(NC1)C(=O)NC(CC(=O)O)C(=O)NC(CC(=O)O)C(=O)O","2-[[3-Carboxy-2-(pyrrolidine-2-carbonylamino)propanoyl]amino]butanedioic acid",-2.258851,18,-495.582097619516,0.146443514644351,NA,"845221101667662452"
"845221243250588397","C13H19N3O8","[M + Na]+",5,0.00990144382266852,22.9629565575205,2.0213428083528,20.9416137491677,"22","LKIYSIYBKYLKPU","C1CC(N(C1)C(=O)C(CC(=O)O)NC(=O)C(CC(=O)O)N)C(=O)O","1-[2-[(2-Amino-3-carboxypropanoyl)amino]-3-carboxypropanoyl]pyrrolidine-2-carboxylic acid",-2.709041,26,-546.376914326914,0.142335766423358,NA,"845221101667662452"
"845221243250588397","C13H19N3O8","[M + Na]+",5,0.00990144382266852,22.9629565575205,2.0213428083528,20.9416137491677,"22","KESWRFKUZRUTAH","C1CC(N(C1)C(=O)C(CC(=O)O)N)C(=O)NC(CC(=O)O)C(=O)O","2-[[1-(2-Amino-3-carboxypropanoyl)pyrrolidine-2-carbonyl]amino]butanedioic acid",-2.709041,31,-569.583429937921,0.126353790613718,NA,"845221101667662452"
"845221243250588398","C9H15N9O6","[M + Na]+",6,0.000869703200413921,20.5306726958525,0.924345809604546,19.606326886248,"22",NA,NA,NA,NA,NA,NA,NA,NA,"845221101667662452"
"845221243250588399","C14H17F2N3O5","[M + Na]+",7,0.000840709806109564,20.496767233651,2.88475419720297,17.612013036448,"22",NA,NA,NA,NA,NA,NA,NA,NA,"845221101667662452"
"845221243250588400","C12H14F3N7O2","[M + Na]+",8,0.000643744200065274,20.229822133688,2.37343734081676,17.8563847928712,"22",NA,NA,NA,NA,NA,NA,NA,NA,"845221101667662452"
"845221243250588401","C14H17F6NO2","[M + Na]+",9,0.000140121534067259,18.7050308378664,2.50302359747047,16.2020072403959,"22",NA,NA,NA,NA,NA,NA,NA,NA,"845221101667662452"
"845221243250588402","C11H18F3N3O6","[M + Na]+",10,0.000135791340292389,18.673640136352,1.43439537778495,17.2392447585671,"22",NA,NA,NA,NA,NA,NA,NA,NA,"845221101667662452"
"845221301014543201","C17H16FN3O4","[M + Na]+",1,0.743458834142048,30.9950816287819,1.7794196156997,29.2156620130822,"23","FVCPNISTSVVUPX","COC1=CC(=C(C=C1)O)C=NNC(=O)CNC(=O)C2=CC=C(C=C2)F","4-fluoro-N-[2-[(2Z)-2-[(2-hydroxy-5-methoxyphenyl)methylidene]hydrazinyl]-2-oxoethyl]benzamide",1.9,3,-295.549720856697,0.33125,NA,"845221101671856757"
"845221301014543201","C17H16FN3O4","[M + Na]+",1,0.743458834142048,30.9950816287819,1.7794196156997,29.2156620130822,"23","ZBLZEVQPDZRXNP","COC1=CC=CC(=C1O)C=NNC(=O)CNC(=O)C2=CC=C(C=C2)F","4-fluoro-N-[2-[2-[(2-hydroxy-3-methoxyphenyl)methylidene]hydrazinyl]-2-oxoethyl]benzamide",1.9,4,-325.660902250159,0.309090909090909,NA,"845221101671856757"
"845221301014543201","C17H16FN3O4","[M + Na]+",1,0.743458834142048,30.9950816287819,1.7794196156997,29.2156620130822,"23","LHZAPCAVMNVKID","CCOC1=C(C=CC(=C1)C=NNC(=O)C(=O)NC2=CC=C(C=C2)F)O","N'-[(3-ethoxy-4-hydroxyphenyl)methylideneamino]-N-(4-fluorophenyl)oxamide",2.5,5,-330.283381757328,0.368421052631579,NA,"845221101671856757"
"845221301014543201","C17H16FN3O4","[M + Na]+",1,0.743458834142048,30.9950816287819,1.7794196156997,29.2156620130822,"23","HAZCGTFRKOCWQZ","CC(=O)NC(CC1=CC=C(C=C1)F)C(=O)NC2=CC=C(C=C2)[N+](=O)[O-]","2-Acetamido-3-(4-fluorophenyl)-N-(4-nitrophenyl)propanamide (3c)",2.7804983,6,-370.426089691021,0.215469613259669,NA,"845221101671856757"
"845221301014543201","C17H16FN3O4","[M + Na]+",1,0.743458834142048,30.9950816287819,1.7794196156997,29.2156620130822,"23","JKZPDGNJAAVKEG","CC(=O)NC(CC1=CC(=CC=C1)F)C(=O)NC2=CC=C(C=C2)[N+](=O)[O-]","2-Acetamido-3-(3-fluorophenyl)-N-(4-nitrophenyl)propanamide (2c)",2.4,7,-391.937650591231,0.222857142857143,NA,"845221101671856757"
"845221301014543201","C17H16FN3O4","[M + Na]+",1,0.743458834142048,30.9950816287819,1.7794196156997,29.2156620130822,"23","NWVXUXFCAZFSQH","C1CN(CCN1)C2=C(C=C3C(=C2)N(C=C(C3=O)C(=O)O)C4CC4=O)F","Oxo-ciprofloxacin",0.33245212,9,-408.663146586026,0.303867403314917,NA,"845221101671856757"
"845221301014543201","C17H16FN3O4","[M + Na]+",1,0.743458834142048,30.9950816287819,1.7794196156997,29.2156620130822,"23","RYUXKVAKPFRBTB","CC(=O)NC(CC1=CC=CC=C1F)C(=O)NC2=CC=C(C=C2)[N+](=O)[O-]","2-Acetamido-3-(2-fluorophenyl)-N-(4-nitrophenyl)propanamide (1c)",2.4,10,-409.924308428158,0.218390804597701,NA,"845221101671856757"
"845221301014543201","C17H16FN3O4","[M + Na]+",1,0.743458834142048,30.9950816287819,1.7794196156997,29.2156620130822,"23","MYYZZOHRULFPOQ","C1CC1N2C=C(C(=O)C3=CC(=C(C=C32)N4CCNC(=O)C4)F)C(=O)O","Oxociprofloxacin",0.96316284,12,-422.340156400483,0.298429319371728,NA,"845221101671856757"
"845221301014543201","C17H16FN3O4","[M + Na]+",1,0.743458834142048,30.9950816287819,1.7794196156997,29.2156620130822,"23","VDCWENWOWUDREX","CC1=CC(=NO1)C(=O)N2CCC3COC(=O)N3C4=C(C2)C=CC(=C4)F","14-fluoro-9-(5-methyl-1,2-oxazole-3-carbonyl)-4-oxa-2,9-diazatricyclo[9.4.0.0²,⁶]pentadeca-1(15),11,13-trien-3-one",1.9,13,-422.948890588203,0.305882352941176,NA,"845221101671856757"
"845221301014543201","C17H16FN3O4","[M + Na]+",1,0.743458834142048,30.9950816287819,1.7794196156997,29.2156620130822,"23","VCWNLVLFIZZTLZ","C1C2C(CN1C(=O)C3=CC=NO3)OCC(=O)N2CC4=CC=C(C=C4)F","4-[(4-fluorophenyl)methyl]-6-(1,2-oxazole-5-carbonyl)-octahydropyrrolo[3,4-b][1,4]oxazin-3-one",0.8,16,-499.562760691718,0.237837837837838,NA,"845221101671856757"
"845221301014543202","C17H19N3O3S","[M + Na]+",2,0.128556081806012,29.2401334754918,0,29.2401334754918,"23","SUBDBMMJDZJVOS","CC1=CN=C(C(=C1OC)C)CS(=O)C2=NC3=C(N2)C=C(C=C3)OC","6-methoxy-2-[(4-methoxy-3,5-dimethylpyridin-2-yl)methanesulfinyl]-1H-1,3-benzodiazole",2.6206226,1,-40.8328983971939,0.870229007633588,0,"845221101671856757"
"845221301014543202","C17H19N3O3S","[M + Na]+",2,0.128556081806012,29.2401334754918,0,29.2401334754918,"23","HVGVNYJRZJHYBS","CC1=CC(=C(C=C1)S(=O)(=O)NC2=CC3=C(C=C2)N(C(=O)N3C)C)C","N-(1,3-dimethyl-2-oxo-2,3-dihydro-1H-benzimidazol-5-yl)-2,4-dimethylbenzenesulfonamide",2.2,8,-391.974972858912,0.297142857142857,NA,"845221101671856757"
"845221301014543202","C17H19N3O3S","[M + Na]+",2,0.128556081806012,29.2401334754918,0,29.2401334754918,"23","ZWNARYKSNTWUOM","C1CN(CN1CC2=CC=CC=C2)C(=O)C3=CC=C(C=C3)S(=O)(=O)N","4-[3-(Phenylmethyl)imidazolidin-1-yl]carbonylbenzenesulfonamide",1.3,11,-411.959435147963,0.134259259259259,NA,"845221101671856757"
"845221301014543202","C17H19N3O3S","[M + Na]+",2,0.128556081806012,29.2401334754918,0,29.2401334754918,"23","FDDLMBKEDYPNER","C1CN(CCN1CCC(=O)C2=CC=CS2)C3=CC=C(C=C3)[N+](=O)[O-]","3-[4-(4-Nitrophenyl)piperazino]-1-(2-thienyl)-1-propanone",3,14,-434.381770235614,0.133333333333333,NA,"845221101671856757"
"845221301014543202","C17H19N3O3S","[M + Na]+",2,0.128556081806012,29.2401334754918,0,29.2401334754918,"23","LJAVIEUWQYYONW","COC1=CC=C(C=C1)C2=NC(=NC=C2)SCC(=O)N3CCOCC3","2-[[4-(4-Methoxyphenyl)-2-pyrimidinyl]thio]-1-(4-morpholinyl)ethanone",1.8,17,-508.193718307942,0.303738317757009,NA,"845221101671856757"
"845221301014543202","C17H19N3O3S","[M + Na]+",2,0.128556081806012,29.2401334754918,0,29.2401334754918,"23","SJXKOSOSNRUTAX","C1CN(CCN1CC2=CC=CO2)C(=S)NC3=CC4=C(C=C3)OCO4","N-(1,3-benzodioxol-5-yl)-4-(furan-2-ylmethyl)piperazin-4-ium-1-carbothioamide",1.9,18,-514.908421773533,0.225,NA,"845221101671856757"
"845221301014543202","C17H19N3O3S","[M + Na]+",2,0.128556081806012,29.2401334754918,0,29.2401334754918,"23","KMCSXFINGGBOFP","C1CN(CC2=CC=CC=C21)CC(=O)NC3=CC=C(C=C3)S(=O)(=O)N","N-(4-sulfamoylphenyl)-2-(1,2,3,4-tetrahydroisoquinolin-2-yl)acetamide",1.3,19,-517.255362457042,0.12396694214876,NA,"845221101671856757"
"845221301014543202","C17H19N3O3S","[M + Na]+",2,0.128556081806012,29.2401334754918,0,29.2401334754918,"23","HHTWCWCZKQRKRJ","CN1C2=CC=CC=C2N(C3=CC=CC=C3S1(=O)=O)C(=O)CN(C)C","6-Methyl-6,11-dihydro-11-((N,N-dimethylamino)acetyl)dibenzo(c,f)-(1,2,5)-thiadiazepine 5,5-dioxide",1.7,22,-528.353093304379,0.190721649484536,NA,"845221101671856757"
"845221301014543202","C17H19N3O3S","[M + Na]+",2,0.128556081806012,29.2401334754918,0,29.2401334754918,"23","ABBDYGNALLZFNP","COC1=C(C=C(C=C1)C(=O)NNC(=S)NCC2=CC=CC=C2)OC","N-Benzyl-2-(3,4-dimethoxybenzoyl)hydrazinecarbothioamide",2.6,25,-530.728462281819,0.152671755725191,NA,"845221101671856757"
"845221301014543202","C17H19N3O3S","[M + Na]+",2,0.128556081806012,29.2401334754918,0,29.2401334754918,"23","IBAYUWQIQGOLBX","CCOC1=C(C=CC(=C1)C=NNC(=S)NC2=CC=C(C=C2)OC)O","1-[(3-Ethoxy-4-hydroxyphenyl)methylideneamino]-3-(4-methoxyphenyl)thiourea",3.1,27,-539.546821872276,0.228426395939086,NA,"845221101671856757"
"845221301014543202","C17H19N3O3S","[M + Na]+",2,0.128556081806012,29.2401334754918,0,29.2401334754918,"23","AIBMIQGSVBRQNH","COC1=CC(=CC(=C1OC)OC)C=NNC(=S)NC2=CC=CC=C2","(Phenylcarbamothioylamino)-[(3,4,5-trimethoxyphenyl)methylidene]azanium",3.1,28,-540.107949959259,0.180952380952381,NA,"845221101671856757"
"845221301014543202","C17H19N3O3S","[M + Na]+",2,0.128556081806012,29.2401334754918,0,29.2401334754918,"23","RHRSBTVNCCOGDJ","CC1=CC(=NC(=N1)SC(C2=CC=CC=C2)C(=O)O)N3CCOCC3","(2S)-2-(4-methyl-6-morpholin-4-ylpyrimidin-2-yl)sulfanyl-2-phenylacetate",2.8,30,-542.336311419383,0.216346153846154,NA,"845221101671856757"
"845221301014543202","C17H19N3O3S","[M + Na]+",2,0.128556081806012,29.2401334754918,0,29.2401334754918,"23","YPHDMWLZRDJBET","CC(=O)N1CCC2=CC=CC=C2C1C3=C(N(C(=S)N(C3=O)C)C)O","5-(2-acetyl-1,2,3,4-tetrahydroisoquinolin-1-yl)-6-hydroxy-1,3-dimethyl-2-sulfanylidene-1,2,3,4-tetrahydropyrimidin-4-one",0.9,33,-566.817762830072,0.180616740088106,NA,"845221101671856757"
"845221301014543202","C17H19N3O3S","[M + Na]+",2,0.128556081806012,29.2401334754918,0,29.2401334754918,"23","RSMGOJOYNVIKHB","COC1=C(C(=C(C=C1)C=NNC(=S)NC2=CC=CC=C2)OC)OC","1-Phenyl-3-[(2,3,4-trimethoxyphenyl)methylideneamino]thiourea",3.1,34,-571.799507454458,0.2,NA,"845221101671856757"
"845221301014543202","C17H19N3O3S","[M + Na]+",2,0.128556081806012,29.2401334754918,0,29.2401334754918,"23","MJRGSRRZKSJHOE","CC1=C(ON=C1C)NS(=O)(=O)C2=CC=CC3=C2C=CC=C3N(C)C","5-(dimethylamino)-N-(3,4-dimethyl-5-isoxazolyl)-1-naphthalenesulfonamide",3.4,35,-575.139328033136,0.215789473684211,NA,"845221101671856757"
"845221301014543203","C13H20BClN2O6","[M + Na]+",3,0.0447889437856075,28.1857295505415,0,28.1857295505415,"23","RJXOEUFRQATKAB","[B-](C(CC1=CC=C(C=C1)Cl)NC(=O)C)(O)(O)OCC(C(=O)O)N","[(1R)-1-acetamido-2-(4-chlorophenyl)ethyl]-[(2S)-2-amino-3-hydroxy-3-oxo-propoxy]-dihydroxy-boron",0.87474024,2,-281.551141454332,0.298701298701299,Inf,"845221101671856757"
"845221301014543204","C19H20ClNO3","[M + Na]+",4,0.0378445442161467,28.0172550593303,0,28.0172550593303,"23","QTSWHDYFLYGYLQ","CC1=C(C(=CC=C1)C)N(CCCC(=O)O)C(=O)C2=CC=CC=C2Cl","BUTYRIC ACID, 4-(o-CHLORO-N-2,6-XYLYLBENZAMIDO)-",4.2,15,-486.021581385274,0.276073619631902,NA,"845221101671856757"
"845221301014543204","C19H20ClNO3","[M + Na]+",4,0.0378445442161467,28.0172550593303,0,28.0172550593303,"23","SOHXCFMYNTWRCV","C1CC2=C(C1)C=C(C=C2)OC(=O)C3=NC=C(C=C3)OCCCCCl","Picolinic acid, 5-(4-chlorobutoxy)-, 5-indanyl ester",4.7,20,-522.612216261699,0.260606060606061,NA,"845221101671856757"
"845221301014543204","C19H20ClNO3","[M + Na]+",4,0.0378445442161467,28.0172550593303,0,28.0172550593303,"23","QMDZLRHECGUUPL","COCC1CN(C(=O)O1)C2=CC=C(C=C2)CCC3=CC(=CC=C3)Cl","3-(4-(2-(3-Chlorophenyl)ethyl)phenyl)-5-(methoxymethyl)-2-oxazolidinone",4.2,21,-526.588080469967,0.312101910828025,NA,"845221101671856757"
"845221301014543204","C19H20ClNO3","[M + Na]+",4,0.0378445442161467,28.0172550593303,0,28.0172550593303,"23","SHODAIZAJAKWNR","CC1C2=CC(=C(C=C2CCN1C(=O)C3=CC=CC=C3Cl)OC)OC","2-(2-chlorobenzoyl)-6,7-dimethoxy-1-methyl-1,2,3,4-tetrahydroisoquinoline",3.9,23,-529.229558276097,0.211981566820276,NA,"845221101671856757"
"845221301014543204","C19H20ClNO3","[M + Na]+",4,0.0378445442161467,28.0172550593303,0,28.0172550593303,"23","VDHWYWSLUYRNGE","C=CCN1CCC2=C(C(=C(C=C2C(C1)C3=CC=C(C=C3)O)O)O)Cl","1H-3-Benzazepine-7,8-diol, 6-chloro-2,3,4,5-tetrahydro-1-(4-hydroxyphenyl)-3-(2-propenyl)-",3.7613673,24,-529.568989966394,0.238095238095238,NA,"845221101671856757"
"845221301014543204","C19H20ClNO3","[M + Na]+",4,0.0378445442161467,28.0172550593303,0,28.0172550593303,"23","QRPNRXDOWMDNDM","CC1=C(C(=CC=C1)C)N(CCCC(=O)O)C(=O)C2=CC=C(C=C2)Cl","BUTYRIC ACID, 4-(p-CHLORO-N-2,6-XYLYLBENZAMIDO)-",4.708626,26,-534.219131098617,0.284848484848485,NA,"845221101671856757"
"845221301014543204","C19H20ClNO3","[M + Na]+",4,0.0378445442161467,28.0172550593303,0,28.0172550593303,"23","BWWOPVHQIVCIES","CC1C(C2=C(O1)C=C(OC2=O)C(=CC=CC3=C(C=CN3)Cl)C)(C)C","Malbranpyrrole F",4.8,29,-542.106098236989,0.268456375838926,NA,"845221101671856757"
"845221301014543204","C19H20ClNO3","[M + Na]+",4,0.0378445442161467,28.0172550593303,0,28.0172550593303,"23","KHIAPCKDMQGBOL","CC(=O)N1CCC2=CC(=C(C=C2C1C3=CC=C(C=C3)Cl)OC)OC","1-[1-(4-chlorophenyl)-6,7-dimethoxy-1,2,3,4-tetrahydroisoquinolin-2-yl]ethan-1-one",3.5,31,-549.273336018372,0.233333333333333,NA,"845221101671856757"
"845221301014543204","C19H20ClNO3","[M + Na]+",4,0.0378445442161467,28.0172550593303,0,28.0172550593303,"23","ASWJCLIMSXGCQS","CC(=O)N1CCC2=CC(=C(C=C2C1C3=CC=CC=C3Cl)OC)OC","1-[1-(2-chlorophenyl)-6,7-dimethoxy-1,2,3,4-tetrahydroisoquinolin-2-yl]ethan-1-one",3.5,32,-565.692108476212,0.228571428571429,NA,"845221101671856757"
"845221301014543204","C19H20ClNO3","[M + Na]+",4,0.0378445442161467,28.0172550593303,0,28.0172550593303,"23","JCKYHCGTBXZTSB","CN1C2CCC1CC(C2)OC(=O)C3=CC=C(O3)C4=CC=C(C=C4)Cl","1-alpha-H,5-alpha-H-Tropan-3-alpha-ol, 5-(p-chlorophenyl)-2-furoate",4.7,40,-640.035609988535,0.289772727272727,NA,"845221101671856757"
"845221301014543205","C14H20FN3O4S","[M + Na]+",5,0.0181596192010518,27.2829686359264,0,27.2829686359264,"23",NA,NA,NA,NA,NA,NA,NA,NA,"845221101671856757"
"845221301014543206","C12H14F3N7O2","[M + Na]+",6,0.0077624869914502,26.4330710035168,3.02365237583729,23.4094186276795,"23",NA,NA,NA,NA,NA,NA,NA,NA,"845221101671856757"
"845221301014543207","C11H18F3N3O6","[M + Na]+",7,0.00604812579072981,26.1835166694709,2.65073461527739,23.5327820541935,"23",NA,NA,NA,NA,NA,NA,NA,NA,"845221101671856757"
"845221301014543208","C14H17F2N3O5","[M + Na]+",8,0.00497411704442609,25.9880161084303,3.15371897085511,22.8342971375752,"23",NA,NA,NA,NA,NA,NA,NA,NA,"845221101671856757"
"845221301014543209","C9H15N9O6","[M + Na]+",9,0.00463302354328999,25.916977920151,1.89981271903958,24.0171652011114,"23",NA,NA,NA,NA,NA,NA,NA,NA,"845221101671856757"
"845221301014543210","C16H24ClNO3S","[M + Na]+",10,0.00262363088448997,25.3483274242446,0,25.3483274242446,"23",NA,NA,NA,NA,NA,NA,NA,NA,"845221101671856757"
"845221259201526545","C14H23N3O3S2","[M + Na]+",1,0.658688401664619,21.006815815343,0,21.006815815343,"24","WBLFCWDWOFARFH","CC(C)CN1C2CN(CC2OCCS1(=O)=O)CC3=NC=CS3","(5aS,8aR)-1-(2-methylpropyl)-7-(1,3-thiazol-2-ylmethyl)-3,4,5a,6,8,8a-hexahydropyrrolo[3,4-f][1,4,5]oxathiazepine 2,2-dioxide",1,5,-381.501827205839,0.242937853107345,NA,"845221101680245366"
"845221259201526545","C14H23N3O3S2","[M + Na]+",1,0.658688401664619,21.006815815343,0,21.006815815343,"24","VDWQLXDLGJSQDR","C1=C(NC=N1)CC(C(=O)O)NC(=O)CCCCC(CCS)S","(2S)-2-[6,8-bis(sulfanyl)octanoylamino]-3-(1H-imidazol-5-yl)propanoic acid",1.3,14,-537.796820003431,0.252525252525253,NA,"845221101680245366"
"845221259201526546","C14H20FN3O4S","[M + Na]+",2,0.160864130822153,19.5971253285258,0,19.5971253285258,"24",NA,NA,NA,NA,NA,NA,NA,NA,"845221101680245366"
"845221259201526547","C16H24ClNO3S","[M + Na]+",3,0.0614256012122123,18.634391933873,0,18.634391933873,"24",NA,NA,NA,NA,NA,NA,NA,NA,"845221101680245366"
"845221259201526548","C12H14F3N7O2","[M + Na]+",4,0.0194697218073846,17.4854257587812,1.8111618956461,15.6742638631351,"24",NA,NA,NA,NA,NA,NA,NA,NA,"845221101680245366"
"845221259201526549","C11H18F3N3O6","[M + Na]+",5,0.019281575051421,17.4757152071531,3.18163993227128,14.2940752748819,"24",NA,NA,NA,NA,NA,NA,NA,NA,"845221101680245366"
"845221259201526550","C14H16F3N4O3","[M + Na]+",6,0.0153351998128505,17.2467160551069,0.443490241588857,16.8032258135181,"24",NA,NA,NA,NA,NA,NA,NA,NA,"845221101680245366"
"845221259201526551","C14H17F6NO2","[M + Na]+",7,0.0153269817490639,17.2461800160148,1.87626641085265,15.3699136051622,"24",NA,NA,NA,NA,NA,NA,NA,NA,"845221101680245366"
"845221259201526552","C17H19N3O3S","[M + Na]+",8,0.0105551441804329,16.8731785688939,0,16.8731785688939,"24","SUBDBMMJDZJVOS","CC1=CN=C(C(=C1OC)C)CS(=O)C2=NC3=C(N2)C=C(C=C3)OC","6-methoxy-2-[(4-methoxy-3,5-dimethylpyridin-2-yl)methanesulfinyl]-1H-1,3-benzodiazole",2.6206226,1,-52.7341433023141,0.862595419847328,0,"845221101680245366"
"845221259201526552","C17H19N3O3S","[M + Na]+",8,0.0105551441804329,16.8731785688939,0,16.8731785688939,"24","ZWNARYKSNTWUOM","C1CN(CN1CC2=CC=CC=C2)C(=O)C3=CC=C(C=C3)S(=O)(=O)N","4-[3-(Phenylmethyl)imidazolidin-1-yl]carbonylbenzenesulfonamide",1.3,7,-428.580082416735,0.12962962962963,NA,"845221101680245366"
"845221259201526552","C17H19N3O3S","[M + Na]+",8,0.0105551441804329,16.8731785688939,0,16.8731785688939,"24","FDDLMBKEDYPNER","C1CN(CCN1CCC(=O)C2=CC=CS2)C3=CC=C(C=C3)[N+](=O)[O-]","3-[4-(4-Nitrophenyl)piperazino]-1-(2-thienyl)-1-propanone",3,9,-469.367545913813,0.133971291866029,NA,"845221101680245366"
"845221259201526552","C17H19N3O3S","[M + Na]+",8,0.0105551441804329,16.8731785688939,0,16.8731785688939,"24","HVGVNYJRZJHYBS","CC1=CC(=C(C=C1)S(=O)(=O)NC2=CC3=C(C=C2)N(C(=O)N3C)C)C","N-(1,3-dimethyl-2-oxo-2,3-dihydro-1H-benzimidazol-5-yl)-2,4-dimethylbenzenesulfonamide",2.2,11,-478.977649874525,0.291428571428571,NA,"845221101680245366"
"845221259201526552","C17H19N3O3S","[M + Na]+",8,0.0105551441804329,16.8731785688939,0,16.8731785688939,"24","LJAVIEUWQYYONW","COC1=CC=C(C=C1)C2=NC(=NC=C2)SCC(=O)N3CCOCC3","2-[[4-(4-Methoxyphenyl)-2-pyrimidinyl]thio]-1-(4-morpholinyl)ethanone",1.8,12,-524.021576794231,0.305164319248826,NA,"845221101680245366"
"845221259201526552","C17H19N3O3S","[M + Na]+",8,0.0105551441804329,16.8731785688939,0,16.8731785688939,"24","SJXKOSOSNRUTAX","C1CN(CCN1CC2=CC=CO2)C(=S)NC3=CC4=C(C=C3)OCO4","N-(1,3-benzodioxol-5-yl)-4-(furan-2-ylmethyl)piperazin-4-ium-1-carbothioamide",1.9,13,-530.571940962369,0.226130653266332,NA,"845221101680245366"
"845221259201526552","C17H19N3O3S","[M + Na]+",8,0.0105551441804329,16.8731785688939,0,16.8731785688939,"24","RHRSBTVNCCOGDJ","CC1=CC(=NC(=N1)SC(C2=CC=CC=C2)C(=O)O)N3CCOCC3","(2S)-2-(4-methyl-6-morpholin-4-ylpyrimidin-2-yl)sulfanyl-2-phenylacetate",2.8,15,-552.455044266185,0.217391304347826,NA,"845221101680245366"
"845221259201526552","C17H19N3O3S","[M + Na]+",8,0.0105551441804329,16.8731785688939,0,16.8731785688939,"24","ABBDYGNALLZFNP","COC1=C(C=C(C=C1)C(=O)NNC(=S)NCC2=CC=CC=C2)OC","N-Benzyl-2-(3,4-dimethoxybenzoyl)hydrazinecarbothioamide",2.6,16,-553.223199211517,0.153256704980843,NA,"845221101680245366"
"845221259201526552","C17H19N3O3S","[M + Na]+",8,0.0105551441804329,16.8731785688939,0,16.8731785688939,"24","KMCSXFINGGBOFP","C1CN(CC2=CC=CC=C21)CC(=O)NC3=CC=C(C=C3)S(=O)(=O)N","N-(4-sulfamoylphenyl)-2-(1,2,3,4-tetrahydroisoquinolin-2-yl)acetamide",1.3,17,-553.752205175951,0.12448132780083,NA,"845221101680245366"
"845221259201526552","C17H19N3O3S","[M + Na]+",8,0.0105551441804329,16.8731785688939,0,16.8731785688939,"24","AIBMIQGSVBRQNH","COC1=CC(=CC(=C1OC)OC)C=NNC(=S)NC2=CC=CC=C2","(Phenylcarbamothioylamino)-[(3,4,5-trimethoxyphenyl)methylidene]azanium",3.1,18,-573.555326387805,0.176190476190476,NA,"845221101680245366"
"845221259201526552","C17H19N3O3S","[M + Na]+",8,0.0105551441804329,16.8731785688939,0,16.8731785688939,"24","HHTWCWCZKQRKRJ","CN1C2=CC=CC=C2N(C3=CC=CC=C3S1(=O)=O)C(=O)CN(C)C","6-Methyl-6,11-dihydro-11-((N,N-dimethylamino)acetyl)dibenzo(c,f)-(1,2,5)-thiadiazepine 5,5-dioxide",1.7,19,-585.503413562749,0.191709844559585,NA,"845221101680245366"
"845221259201526552","C17H19N3O3S","[M + Na]+",8,0.0105551441804329,16.8731785688939,0,16.8731785688939,"24","RSMGOJOYNVIKHB","COC1=C(C(=C(C=C1)C=NNC(=S)NC2=CC=CC=C2)OC)OC","1-Phenyl-3-[(2,3,4-trimethoxyphenyl)methylideneamino]thiourea",3.1,20,-593.031099309604,0.195121951219512,NA,"845221101680245366"
"845221259201526552","C17H19N3O3S","[M + Na]+",8,0.0105551441804329,16.8731785688939,0,16.8731785688939,"24","IBAYUWQIQGOLBX","CCOC1=C(C=CC(=C1)C=NNC(=S)NC2=CC=C(C=C2)OC)O","1-[(3-Ethoxy-4-hydroxyphenyl)methylideneamino]-3-(4-methoxyphenyl)thiourea",3.1,21,-593.168464544809,0.229591836734694,NA,"845221101680245366"
"845221259201526552","C17H19N3O3S","[M + Na]+",8,0.0105551441804329,16.8731785688939,0,16.8731785688939,"24","YPHDMWLZRDJBET","CC(=O)N1CCC2=CC=CC=C2C1C3=C(N(C(=S)N(C3=O)C)C)O","5-(2-acetyl-1,2,3,4-tetrahydroisoquinolin-1-yl)-6-hydroxy-1,3-dimethyl-2-sulfanylidene-1,2,3,4-tetrahydropyrimidin-4-one",0.9,22,-607.412050283893,0.171052631578947,NA,"845221101680245366"
"845221259201526552","C17H19N3O3S","[M + Na]+",8,0.0105551441804329,16.8731785688939,0,16.8731785688939,"24","YSNOZZZDWRAZSF","CCOC1=CC=CC=C1C2=NN=C(S2)NC3=C(CCCC3)C(=O)O","1-Cyclohexene-1-carboxylic acid, 2-((5-(2-ethoxyphenyl)-1,3,4-thiadiazol-2-yl)amino)-",4.1,23,-636.525380473442,0.219047619047619,NA,"845221101680245366"
"845221259201526553","C15H13F2N7O","[M + Na]+",9,0.00868651200449471,16.6783367060913,0,16.6783367060913,"24",NA,NA,NA,NA,NA,NA,NA,NA,"845221101680245366"
"845221259201526554","C13H19N3O8","[M + Na]+",10,0.00721289275216739,16.492435312494,1.48088878939448,15.0115465230995,"24","YXNIEZJFCGTDKV","C1=CN(C(=O)N(C1=O)CCC(C(=O)O)N)C2C(C(C(O2)CO)O)O","2-amino-4-{3-[3,4-dihydroxy-5-(hydroxymethyl)oxolan-2-yl]-2,6-dioxo-1,2,3,6-tetrahydropyrimidin-1-yl}butanoic acid",-3.2040055,2,-272.562525003956,0.364102564102564,Inf,"845221101680245366"
"845221259201526554","C13H19N3O8","[M + Na]+",10,0.00721289275216739,16.492435312494,1.48088878939448,15.0115465230995,"24","RSFNVYSVNQERMH","CN1C(=C(C(=O)N(C1=O)C)C=NC2C(C(C(OC2O)CO)O)O)O","2-deoxy-2-{[(1,3-dimethyl-2,4,6-trioxotetrahydropyrimidin-5(2H)-ylidene)methyl]amino}hexopyranose",-3.1,3,-303.113828631817,0.41025641025641,NA,"845221101680245366"
"845221259201526554","C13H19N3O8","[M + Na]+",10,0.00721289275216739,16.492435312494,1.48088878939448,15.0115465230995,"24","QBIKARYQTKNDPS","CC(=NOCC(=O)NCC(=O)O)C1CNC(C1CC(=O)O)C(=O)O","Kaoag",-4.1,4,-355.428177495263,0.331428571428571,NA,"845221101680245366"
"845221259201526554","C13H19N3O8","[M + Na]+",10,0.00721289275216739,16.492435312494,1.48088878939448,15.0115465230995,"24","ILMLVTGTUJPQFP","C1CC(NC1)C(=O)NC(CC(=O)O)C(=O)NC(CC(=O)O)C(=O)O","2-[[3-Carboxy-2-(pyrrolidine-2-carbonylamino)propanoyl]amino]butanedioic acid",-2.258851,6,-428.564281628221,0.226244343891403,NA,"845221101680245366"
"845221259201526554","C13H19N3O8","[M + Na]+",10,0.00721289275216739,16.492435312494,1.48088878939448,15.0115465230995,"24","LKIYSIYBKYLKPU","C1CC(N(C1)C(=O)C(CC(=O)O)NC(=O)C(CC(=O)O)N)C(=O)O","1-[2-[(2-Amino-3-carboxypropanoyl)amino]-3-carboxypropanoyl]pyrrolidine-2-carboxylic acid",-2.709041,8,-468.536006980195,0.215686274509804,NA,"845221101680245366"
"845221259201526554","C13H19N3O8","[M + Na]+",10,0.00721289275216739,16.492435312494,1.48088878939448,15.0115465230995,"24","KESWRFKUZRUTAH","C1CC(N(C1)C(=O)C(CC(=O)O)N)C(=O)NC(CC(=O)O)C(=O)O","2-[[1-(2-Amino-3-carboxypropanoyl)pyrrolidine-2-carbonyl]amino]butanedioic acid",-2.709041,10,-474.231110708854,0.197674418604651,NA,"845221101680245366"
