"formulaId","molecularFormula","adduct","rank.x","siriusScoreNormalized","siriusScore","isotopeScore","treeScore","xcms_fts","inchiKey","smiles","structureName","xlogP","rank.y","csiScore","tanimotoSimilarity","mcesDistToTopHit","sirius_fts"
"844253569409328914","C17H19N3O4S","[M + H]+",1,0.954013934263766,130.334510044293,4.94575464158166,125.388755402712,"1","QZVDQETYNOBUPJ","CC1=C[N+](=C(C(=C1OC)C)CS(=O)C2=NC3=C(N2)C=C(C=C3)OC)[O-]","Omeprazole-N-oxide",2.1600971,1,-21.8648721847175,0.930232558139535,0,"844253449309627924"
"844253569409328914","C17H19N3O4S","[M + H]+",1,0.954013934263766,130.334510044293,4.94575464158166,125.388755402712,"1","IXEQEYRTSRFZEO","CC1=CN=C(C(=C1OC)C)CS(=O)(=O)C2=NC3=C(N2)C=C(C=C3)OC","Omeprazole-d3 Sulfone",2.7485034,2,-22.2333214505447,0.937984496124031,Inf,"844253449309627924"
"844253569409328914","C17H19N3O4S","[M + H]+",1,0.954013934263766,130.334510044293,4.94575464158166,125.388755402712,"1","CMZHQFXXAAIBKE","CC1=C(C(=CN=C1CS(=O)C2=NC3=C(N2)C=C(C=C3)OC)CO)OC",NA,1.6791414,3,-25.4758893388891,0.931818181818182,NA,"844253449309627924"
"844253569409328914","C17H19N3O4S","[M + H]+",1,0.954013934263766,130.334510044293,4.94575464158166,125.388755402712,"1","IGVYIWUGJPECAJ","CC1=CN=C(C(=C1OC)CO)CS(=O)C2=NC3=C(N2)C=C(C=C3)OC","3-Hydroxyomeprazole",1.6791414,4,-31.5525519334752,0.917910447761194,NA,"844253449309627924"
"844253569409328914","C17H19N3O4S","[M + H]+",1,0.954013934263766,130.334510044293,4.94575464158166,125.388755402712,"1","VPFSKKMDDDYYOJ","CC1=CN=C(C(=C1OC)C)CS(=O)C2=NC3=C(N2)C=CC(=C3O)OC","5-methoxy-2-[(R)-(4-methoxy-3,5-dimethylpyridin-2-yl)methylsulfinyl]-1H-benzimidazol-4-ol",2.1978552,5,-248.056956630887,0.714285714285714,NA,"844253449309627924"
"844253569409328914","C17H19N3O4S","[M + H]+",1,0.954013934263766,130.334510044293,4.94575464158166,125.388755402712,"1","NRTYCXOOEJJVDJ","COC1=C(C=C(C=C1)NC(=O)CSC2=NC3=C(CCC3)C(=O)N2)OC","N-(3,4-dimethoxyphenyl)-2-[(4-oxo-4,5,6,7-tetrahydro-3H-cyclopenta[d]pyrimidin-2-yl)thio]acetamide",1.7,6,-420.96376543816,0.350515463917526,NA,"844253449309627924"
"844253569409328914","C17H19N3O4S","[M + H]+",1,0.954013934263766,130.334510044293,4.94575464158166,125.388755402712,"1","NJXRFXGANNWYRK","CC1=CC=C(C=C1)N(CC2=NCCN2)C3=CC(=CC=C3)OS(=O)(=O)O","[3-[N-(4,5-dihydro-1H-imidazol-2-ylmethyl)-4-methylanilino]phenyl] hydrogen sulfate",2,7,-546.336166121554,0.244186046511628,NA,"844253449309627924"
"844253569409328914","C17H19N3O4S","[M + H]+",1,0.954013934263766,130.334510044293,4.94575464158166,125.388755402712,"1","MQQOMKBMLHBDFG","CC1=NC=CC(=C1)NS(=O)(=O)C2=C(N=CC(=C2)C3=CCOCC3)OC","5-[3,6-dihydro-2H-pyran-4-yl]-2-methoxy-N-[2-methylpyridin-4-yl]pyridine-3-sulfonamide",1,8,-559.63706032283,0.317919075144509,NA,"844253449309627924"
"844253569409328914","C17H19N3O4S","[M + H]+",1,0.954013934263766,130.334510044293,4.94575464158166,125.388755402712,"1","HBLRAJANJGAMFQ","CC(C)CNC(=O)CC1=CSC(=N1)NC(=O)C2=CC3=C(C=C2)OCO3","N-(4-(2-(isobutylamino)-2-oxoethyl)thiazol-2-yl)benzo[d][1,3]dioxole-5-carboxamide",2.5,9,-576.55474974565,0.178137651821862,NA,"844253449309627924"
"844253569409328914","C17H19N3O4S","[M + H]+",1,0.954013934263766,130.334510044293,4.94575464158166,125.388755402712,"1","JHQLDSNFXOLZMD","C1CC1C(=O)N2CC3(C2)C4CN(CCN4C(=O)O3)C(=O)C5=CC=CS5","1'-(Cyclopropanecarbonyl)-7-(thiophene-2-carbonyl)spiro[5,6,8,8a-tetrahydro-[1,3]oxazolo[3,4-a]pyrazine-1,3'-azetidine]-3-one",0.5,10,-604.252228395019,0.126637554585153,NA,"844253449309627924"
"844253569409328914","C17H19N3O4S","[M + H]+",1,0.954013934263766,130.334510044293,4.94575464158166,125.388755402712,"1","ILAMKVUHWSQJHY","COC(=O)C1=CC=C(C=C1)OCC2N(CCS2)C(=O)CN3C=CN=C3","Methyl 4-((3-(1H-imidazol-1-ylacetyl)-2-thiazolidinyl)methoxy)benzoate",1.7,11,-621.948937889803,0.191489361702128,NA,"844253449309627924"
"844253569409328914","C17H19N3O4S","[M + H]+",1,0.954013934263766,130.334510044293,4.94575464158166,125.388755402712,"1","FZECHKJQHUVANE","CC1(C(N2C(S1)C(C2=O)NC(=O)C(C3=CC=CC=C3)N=C)C(=O)O)C","6-{[1-hydroxy-2-(methylideneamino)-2-phenylethylidene]amino}-3,3-dimethyl-7-oxo-4-thia-1-azabicyclo[3.2.0]heptane-2-carboxylic acid",1.2664139,12,-640.434621501977,0.111111111111111,NA,"844253449309627924"
"844253569409328914","C17H19N3O4S","[M + H]+",1,0.954013934263766,130.334510044293,4.94575464158166,125.388755402712,"1","NVAYQDCPVGCOHV","C1CC(N(S(=O)(=O)C1)CC2=CC=C(C=C2)C3=CC=NC=C3)C(=O)NO","(3S)-N-hydroxy-1,1-dioxo-2-[(4-pyridin-4-ylphenyl)methyl]thiazinane-3-carboxamide",0.9,13,-643.047180394058,0.200892857142857,NA,"844253449309627924"
"844253569409328914","C17H19N3O4S","[M + H]+",1,0.954013934263766,130.334510044293,4.94575464158166,125.388755402712,"1","FPMHRRFSGYKNIU","COC1=CC=C(C=C1)CN2CC3C(C2)OC4=C(C=CC=N4)S(=O)(=O)N3","5-[(4-methoxyphenyl)methyl]-2-oxa-9λ⁶-thia-5,8,14-triazatricyclo[8.4.0.0³,⁷]tetradeca-1(10),11,13-triene-9,9-dione",1.3,14,-686.788474648086,0.274678111587983,NA,"844253449309627924"
"844253569409328914","C17H19N3O4S","[M + H]+",1,0.954013934263766,130.334510044293,4.94575464158166,125.388755402712,"1","IVXQTEPGJVXVMS","CCOC1=CC=C(C=C1)NC(=S)NN=C(C)C2=C(C(=C(C=C2)O)O)O","1-(4-ethoxyphenyl)-3-[(E)-1-(2,3,4-trihydroxyphenyl)ethylideneamino]thiourea",2.7,15,-730.135865411313,0.211538461538462,NA,"844253449309627924"
"844253569409328915","C14H20FN3O5S","[M + H]+",2,0.0459860656960244,127.302170197753,5.38070969011982,121.921460507633,"1","GGHVBHNNEHVTBO","C1=CC(=CC=C1CNNC(=S)NC2C(C(C(C(O2)CO)O)O)O)F","1-[(4-fluorophenyl)methylamino]-3-[(2R,3R,4S,5S,6R)-3,4,5-trihydroxy-6-(hydroxymethyl)oxan-2-yl]thiourea",-0.8,16,-775.248826137056,0.152892561983471,NA,"844253449309627924"
"844253569409328916","C15H13F2N7O2","[M + H]+",3,4.02087878102087e-11,106.444651503838,3.05247644438012,103.392175059458,"1",NA,NA,NA,NA,NA,NA,NA,NA,"844253449309627924"
"844253569409328917","C16H19N3O5Si","[M + H]+",4,5.19352606198663e-16,95.1876384197489,1.73399341314094,93.4536450066079,"1",NA,NA,NA,NA,NA,NA,NA,NA,"844253449309627924"
"844253569409328918","C14H17F2N3O6","[M + H]+",5,4.79845361737045e-16,95.1085192608429,3.17927568435747,91.9292435764854,"1",NA,NA,NA,NA,NA,NA,NA,NA,"844253449309627924"
"844253569409328919","C13H20FN3O6Si","[M + H]+",6,2.38629941445406e-16,94.4099693617213,4.1568358765662,90.2531334851551,"1",NA,NA,NA,NA,NA,NA,NA,NA,"844253449309627924"
"844253569409328920","C19H17F2NO4","[M + H]+",7,6.73670961349248e-17,93.145212082701,0.926933435971327,92.2182786467297,"1",NA,NA,NA,NA,NA,NA,NA,NA,"844253449309627924"
"844253569409328921","C11H18F3N3O7","[M + H]+",8,1.93740449800945e-17,91.898989654569,2.01198797667972,89.8870016778893,"1",NA,NA,NA,NA,NA,NA,NA,NA,"844253449309627924"
"844253569409328922","C10H16FN9O3S","[M + H]+",9,1.51214432010602e-17,91.6511691878963,4.15829802048732,87.492871167409,"1",NA,NA,NA,NA,NA,NA,NA,NA,"844253449309627924"
"844253569409328923","C12H19F4N3O3S","[M + H]+",10,1.22919576820054e-17,91.4440005734302,5.13009872927168,86.3139018441585,"1",NA,NA,NA,NA,NA,NA,NA,NA,"844253449309627924"
"844253495899956830","C17H19N3O4S","[M + H]+",1,0.783252633713551,70.449197596468,0,70.449197596468,"2","IXEQEYRTSRFZEO","CC1=CN=C(C(=C1OC)C)CS(=O)(=O)C2=NC3=C(N2)C=C(C=C3)OC","Omeprazole-d3 Sulfone",2.7485034,1,-19.4737844296759,0.930232558139535,0,"844253449372542485"
"844253495899956830","C17H19N3O4S","[M + H]+",1,0.783252633713551,70.449197596468,0,70.449197596468,"2","QZVDQETYNOBUPJ","CC1=C[N+](=C(C(=C1OC)C)CS(=O)C2=NC3=C(N2)C=C(C=C3)OC)[O-]","Omeprazole-N-oxide",2.1600971,2,-22.7401143608224,0.922480620155039,Inf,"844253449372542485"
"844253495899956830","C17H19N3O4S","[M + H]+",1,0.783252633713551,70.449197596468,0,70.449197596468,"2","CMZHQFXXAAIBKE","CC1=C(C(=CN=C1CS(=O)C2=NC3=C(N2)C=C(C=C3)OC)CO)OC",NA,1.6791414,3,-30.6126083476745,0.924242424242424,NA,"844253449372542485"
"844253495899956830","C17H19N3O4S","[M + H]+",1,0.783252633713551,70.449197596468,0,70.449197596468,"2","IGVYIWUGJPECAJ","CC1=CN=C(C(=C1OC)CO)CS(=O)C2=NC3=C(N2)C=C(C=C3)OC","3-Hydroxyomeprazole",1.6791414,4,-35.0932514523873,0.91044776119403,NA,"844253449372542485"
"844253495899956830","C17H19N3O4S","[M + H]+",1,0.783252633713551,70.449197596468,0,70.449197596468,"2","VPFSKKMDDDYYOJ","CC1=CN=C(C(=C1OC)C)CS(=O)C2=NC3=C(N2)C=CC(=C3O)OC","5-methoxy-2-[(R)-(4-methoxy-3,5-dimethylpyridin-2-yl)methylsulfinyl]-1H-benzimidazol-4-ol",2.1978552,5,-246.015882451358,0.707482993197279,NA,"844253449372542485"
"844253495899956830","C17H19N3O4S","[M + H]+",1,0.783252633713551,70.449197596468,0,70.449197596468,"2","NRTYCXOOEJJVDJ","COC1=C(C=C(C=C1)NC(=O)CSC2=NC3=C(CCC3)C(=O)N2)OC","N-(3,4-dimethoxyphenyl)-2-[(4-oxo-4,5,6,7-tetrahydro-3H-cyclopenta[d]pyrimidin-2-yl)thio]acetamide",1.7,6,-364.753008936401,0.345360824742268,NA,"844253449372542485"
"844253495899956830","C17H19N3O4S","[M + H]+",1,0.783252633713551,70.449197596468,0,70.449197596468,"2","NJXRFXGANNWYRK","CC1=CC=C(C=C1)N(CC2=NCCN2)C3=CC(=CC=C3)OS(=O)(=O)O","[3-[N-(4,5-dihydro-1H-imidazol-2-ylmethyl)-4-methylanilino]phenyl] hydrogen sulfate",2,7,-462.300483759524,0.245614035087719,NA,"844253449372542485"
"844253495899956830","C17H19N3O4S","[M + H]+",1,0.783252633713551,70.449197596468,0,70.449197596468,"2","MQQOMKBMLHBDFG","CC1=NC=CC(=C1)NS(=O)(=O)C2=C(N=CC(=C2)C3=CCOCC3)OC","5-[3,6-dihydro-2H-pyran-4-yl]-2-methoxy-N-[2-methylpyridin-4-yl]pyridine-3-sulfonamide",1,8,-490.448616008734,0.319767441860465,NA,"844253449372542485"
"844253495899956830","C17H19N3O4S","[M + H]+",1,0.783252633713551,70.449197596468,0,70.449197596468,"2","HBLRAJANJGAMFQ","CC(C)CNC(=O)CC1=CSC(=N1)NC(=O)C2=CC3=C(C=C2)OCO3","N-(4-(2-(isobutylamino)-2-oxoethyl)thiazol-2-yl)benzo[d][1,3]dioxole-5-carboxamide",2.5,9,-569.446108746759,0.178861788617886,NA,"844253449372542485"
"844253495899956830","C17H19N3O4S","[M + H]+",1,0.783252633713551,70.449197596468,0,70.449197596468,"2","JHQLDSNFXOLZMD","C1CC1C(=O)N2CC3(C2)C4CN(CCN4C(=O)O3)C(=O)C5=CC=CS5","1'-(Cyclopropanecarbonyl)-7-(thiophene-2-carbonyl)spiro[5,6,8,8a-tetrahydro-[1,3]oxazolo[3,4-a]pyrazine-1,3'-azetidine]-3-one",0.5,10,-589.09323328489,0.12719298245614,NA,"844253449372542485"
"844253495899956830","C17H19N3O4S","[M + H]+",1,0.783252633713551,70.449197596468,0,70.449197596468,"2","ILAMKVUHWSQJHY","COC(=O)C1=CC=C(C=C1)OCC2N(CCS2)C(=O)CN3C=CN=C3","Methyl 4-((3-(1H-imidazol-1-ylacetyl)-2-thiazolidinyl)methoxy)benzoate",1.7,11,-589.995399753359,0.192307692307692,NA,"844253449372542485"
"844253495899956830","C17H19N3O4S","[M + H]+",1,0.783252633713551,70.449197596468,0,70.449197596468,"2","NVAYQDCPVGCOHV","C1CC(N(S(=O)(=O)C1)CC2=CC=C(C=C2)C3=CC=NC=C3)C(=O)NO","(3S)-N-hydroxy-1,1-dioxo-2-[(4-pyridin-4-ylphenyl)methyl]thiazinane-3-carboxamide",0.9,13,-608.075716010813,0.201793721973094,NA,"844253449372542485"
"844253495899956830","C17H19N3O4S","[M + H]+",1,0.783252633713551,70.449197596468,0,70.449197596468,"2","FPMHRRFSGYKNIU","COC1=CC=C(C=C1)CN2CC3C(C2)OC4=C(C=CC=N4)S(=O)(=O)N3","5-[(4-methoxyphenyl)methyl]-2-oxa-9λ⁶-thia-5,8,14-triazatricyclo[8.4.0.0³,⁷]tetradeca-1(10),11,13-triene-9,9-dione",1.3,14,-628.35033201609,0.270386266094421,NA,"844253449372542485"
"844253495899956830","C17H19N3O4S","[M + H]+",1,0.783252633713551,70.449197596468,0,70.449197596468,"2","FZECHKJQHUVANE","CC1(C(N2C(S1)C(C2=O)NC(=O)C(C3=CC=CC=C3)N=C)C(=O)O)C","6-{[1-hydroxy-2-(methylideneamino)-2-phenylethylidene]amino}-3,3-dimethyl-7-oxo-4-thia-1-azabicyclo[3.2.0]heptane-2-carboxylic acid",1.2664139,15,-646.36217423632,0.111524163568773,NA,"844253449372542485"
"844253495899956830","C17H19N3O4S","[M + H]+",1,0.783252633713551,70.449197596468,0,70.449197596468,"2","IVXQTEPGJVXVMS","CCOC1=CC=C(C=C1)NC(=S)NN=C(C)C2=C(C(=C(C=C2)O)O)O","1-(4-ethoxyphenyl)-3-[(E)-1-(2,3,4-trihydroxyphenyl)ethylideneamino]thiourea",2.7,16,-695.139697863132,0.21256038647343,NA,"844253449372542485"
"844253495899956831","C14H20FN3O5S","[M + H]+",2,0.203322087520601,69.1005336637901,0,69.1005336637901,"2","GGHVBHNNEHVTBO","C1=CC(=CC=C1CNNC(=S)NC2C(C(C(C(O2)CO)O)O)O)F","1-[(4-fluorophenyl)methylamino]-3-[(2R,3R,4S,5S,6R)-3,4,5-trihydroxy-6-(hydroxymethyl)oxan-2-yl]thiourea",-0.8,12,-602.42182110597,0.17351598173516,NA,"844253449372542485"
"844253495899956832","C16H24ClNO4S","[M + H]+",3,0.0132090740232691,66.3666463235247,0,66.3666463235247,"2",NA,NA,NA,NA,NA,NA,NA,NA,"844253449372542485"
"844253495899956833","C14H22ClN4O3S","[M + H]+",4,0.000136923571471436,61.7974099228021,0,61.7974099228021,"2",NA,NA,NA,NA,NA,NA,NA,NA,"844253449372542485"
"844253495899956834","C12H14F3N7O3","[M + H]+",5,2.11834110498292e-05,59.9312054028313,0.775204560121504,59.1560008427098,"2",NA,NA,NA,NA,NA,NA,NA,NA,"844253449372542485"
"844253495899956835","C9H15N9O7","[M + H]+",6,1.83614908481693e-05,59.7882426078904,0,59.7882426078904,"2",NA,NA,NA,NA,NA,NA,NA,NA,"844253449372542485"
"844253495899956836","C14H17F2N3O6","[M + H]+",7,1.28402233062007e-05,59.4305697146732,2.32958787684239,57.1009818378308,"2",NA,NA,NA,NA,NA,NA,NA,NA,"844253449372542485"
"844253495899956837","C16H19N3O5Si","[M + H]+",8,8.30396687664966e-06,58.9947203626868,0,58.9947203626868,"2",NA,NA,NA,NA,NA,NA,NA,NA,"844253449372542485"
"844253495899956838","C17H16FN3O5","[M + H]+",9,6.91336859120437e-06,58.8114440392156,2.99431950426648,55.8171245349491,"2",NA,NA,NA,NA,NA,NA,NA,NA,"844253449372542485"
"844253495899956839","C20H15N3O4","[M + H]+",10,4.61423640199302e-06,58.4071334193556,2.00953474611117,56.3975986732444,"2",NA,NA,NA,NA,NA,NA,NA,NA,"844253449372542485"
"844253517274130074","C17H19N3O4S","[M + H]+",1,0.726827586897852,71.5330964114525,0,71.5330964114525,"3","IXEQEYRTSRFZEO","CC1=CN=C(C(=C1OC)C)CS(=O)(=O)C2=NC3=C(N2)C=C(C=C3)OC","Omeprazole-d3 Sulfone",2.7485034,1,-21.0346341071323,0.930232558139535,0,"844253449389319702"
"844253517274130074","C17H19N3O4S","[M + H]+",1,0.726827586897852,71.5330964114525,0,71.5330964114525,"3","QZVDQETYNOBUPJ","CC1=C[N+](=C(C(=C1OC)C)CS(=O)C2=NC3=C(N2)C=C(C=C3)OC)[O-]","Omeprazole-N-oxide",2.1600971,2,-23.74671712055,0.922480620155039,Inf,"844253449389319702"
"844253517274130074","C17H19N3O4S","[M + H]+",1,0.726827586897852,71.5330964114525,0,71.5330964114525,"3","CMZHQFXXAAIBKE","CC1=C(C(=CN=C1CS(=O)C2=NC3=C(N2)C=C(C=C3)OC)CO)OC",NA,1.6791414,3,-31.5114351394871,0.924242424242424,NA,"844253449389319702"
"844253517274130074","C17H19N3O4S","[M + H]+",1,0.726827586897852,71.5330964114525,0,71.5330964114525,"3","IGVYIWUGJPECAJ","CC1=CN=C(C(=C1OC)CO)CS(=O)C2=NC3=C(N2)C=C(C=C3)OC","3-Hydroxyomeprazole",1.6791414,4,-35.9441046694625,0.91044776119403,NA,"844253449389319702"
"844253517274130074","C17H19N3O4S","[M + H]+",1,0.726827586897852,71.5330964114525,0,71.5330964114525,"3","VPFSKKMDDDYYOJ","CC1=CN=C(C(=C1OC)C)CS(=O)C2=NC3=C(N2)C=CC(=C3O)OC","5-methoxy-2-[(R)-(4-methoxy-3,5-dimethylpyridin-2-yl)methylsulfinyl]-1H-benzimidazol-4-ol",2.1978552,5,-241.637266755568,0.707482993197279,NA,"844253449389319702"
"844253517274130074","C17H19N3O4S","[M + H]+",1,0.726827586897852,71.5330964114525,0,71.5330964114525,"3","NRTYCXOOEJJVDJ","COC1=C(C=C(C=C1)NC(=O)CSC2=NC3=C(CCC3)C(=O)N2)OC","N-(3,4-dimethoxyphenyl)-2-[(4-oxo-4,5,6,7-tetrahydro-3H-cyclopenta[d]pyrimidin-2-yl)thio]acetamide",1.7,6,-358.608889873434,0.345360824742268,NA,"844253449389319702"
"844253517274130074","C17H19N3O4S","[M + H]+",1,0.726827586897852,71.5330964114525,0,71.5330964114525,"3","NJXRFXGANNWYRK","CC1=CC=C(C=C1)N(CC2=NCCN2)C3=CC(=CC=C3)OS(=O)(=O)O","[3-[N-(4,5-dihydro-1H-imidazol-2-ylmethyl)-4-methylanilino]phenyl] hydrogen sulfate",2,7,-462.334454964144,0.245614035087719,NA,"844253449389319702"
"844253517274130074","C17H19N3O4S","[M + H]+",1,0.726827586897852,71.5330964114525,0,71.5330964114525,"3","MQQOMKBMLHBDFG","CC1=NC=CC(=C1)NS(=O)(=O)C2=C(N=CC(=C2)C3=CCOCC3)OC","5-[3,6-dihydro-2H-pyran-4-yl]-2-methoxy-N-[2-methylpyridin-4-yl]pyridine-3-sulfonamide",1,8,-483.070259063163,0.319767441860465,NA,"844253449389319702"
"844253517274130074","C17H19N3O4S","[M + H]+",1,0.726827586897852,71.5330964114525,0,71.5330964114525,"3","HBLRAJANJGAMFQ","CC(C)CNC(=O)CC1=CSC(=N1)NC(=O)C2=CC3=C(C=C2)OCO3","N-(4-(2-(isobutylamino)-2-oxoethyl)thiazol-2-yl)benzo[d][1,3]dioxole-5-carboxamide",2.5,9,-573.844674901671,0.178861788617886,NA,"844253449389319702"
"844253517274130074","C17H19N3O4S","[M + H]+",1,0.726827586897852,71.5330964114525,0,71.5330964114525,"3","ILAMKVUHWSQJHY","COC(=O)C1=CC=C(C=C1)OCC2N(CCS2)C(=O)CN3C=CN=C3","Methyl 4-((3-(1H-imidazol-1-ylacetyl)-2-thiazolidinyl)methoxy)benzoate",1.7,10,-588.861941711082,0.192307692307692,NA,"844253449389319702"
"844253517274130074","C17H19N3O4S","[M + H]+",1,0.726827586897852,71.5330964114525,0,71.5330964114525,"3","JHQLDSNFXOLZMD","C1CC1C(=O)N2CC3(C2)C4CN(CCN4C(=O)O3)C(=O)C5=CC=CS5","1'-(Cyclopropanecarbonyl)-7-(thiophene-2-carbonyl)spiro[5,6,8,8a-tetrahydro-[1,3]oxazolo[3,4-a]pyrazine-1,3'-azetidine]-3-one",0.5,11,-590.029604870568,0.12719298245614,NA,"844253449389319702"
"844253517274130074","C17H19N3O4S","[M + H]+",1,0.726827586897852,71.5330964114525,0,71.5330964114525,"3","NVAYQDCPVGCOHV","C1CC(N(S(=O)(=O)C1)CC2=CC=C(C=C2)C3=CC=NC=C3)C(=O)NO","(3S)-N-hydroxy-1,1-dioxo-2-[(4-pyridin-4-ylphenyl)methyl]thiazinane-3-carboxamide",0.9,13,-611.952893342939,0.201793721973094,NA,"844253449389319702"
"844253517274130074","C17H19N3O4S","[M + H]+",1,0.726827586897852,71.5330964114525,0,71.5330964114525,"3","FPMHRRFSGYKNIU","COC1=CC=C(C=C1)CN2CC3C(C2)OC4=C(C=CC=N4)S(=O)(=O)N3","5-[(4-methoxyphenyl)methyl]-2-oxa-9λ⁶-thia-5,8,14-triazatricyclo[8.4.0.0³,⁷]tetradeca-1(10),11,13-triene-9,9-dione",1.3,14,-626.024278941219,0.270386266094421,NA,"844253449389319702"
"844253517274130074","C17H19N3O4S","[M + H]+",1,0.726827586897852,71.5330964114525,0,71.5330964114525,"3","FZECHKJQHUVANE","CC1(C(N2C(S1)C(C2=O)NC(=O)C(C3=CC=CC=C3)N=C)C(=O)O)C","6-{[1-hydroxy-2-(methylideneamino)-2-phenylethylidene]amino}-3,3-dimethyl-7-oxo-4-thia-1-azabicyclo[3.2.0]heptane-2-carboxylic acid",1.2664139,15,-651.299104160847,0.111524163568773,NA,"844253449389319702"
"844253517274130074","C17H19N3O4S","[M + H]+",1,0.726827586897852,71.5330964114525,0,71.5330964114525,"3","IVXQTEPGJVXVMS","CCOC1=CC=C(C=C1)NC(=S)NN=C(C)C2=C(C(=C(C=C2)O)O)O","1-(4-ethoxyphenyl)-3-[(E)-1-(2,3,4-trihydroxyphenyl)ethylideneamino]thiourea",2.7,16,-700.07288397007,0.21256038647343,NA,"844253449389319702"
"844253517274130075","C14H20FN3O5S","[M + H]+",2,0.25527949741086,70.4867661321865,0,70.4867661321865,"3","GGHVBHNNEHVTBO","C1=CC(=CC=C1CNNC(=S)NC2C(C(C(C(O2)CO)O)O)O)F","1-[(4-fluorophenyl)methylamino]-3-[(2R,3R,4S,5S,6R)-3,4,5-trihydroxy-6-(hydroxymethyl)oxan-2-yl]thiourea",-0.8,12,-596.856236012369,0.169642857142857,NA,"844253449389319702"
"844253517274130076","C16H24ClNO4S","[M + H]+",3,0.0173806498699162,67.7997646299576,0,67.7997646299576,"3",NA,NA,NA,NA,NA,NA,NA,NA,"844253449389319702"
"844253517274130077","C15H13F2N7O2","[M + H]+",4,0.000321329402307945,63.8091186123985,1.13248717014934,62.6766314422491,"3",NA,NA,NA,NA,NA,NA,NA,NA,"844253449389319702"
"844253517274130078","C14H22ClN4O3S","[M + H]+",5,0.000129910341720825,62.9034963734593,0,62.9034963734593,"3",NA,NA,NA,NA,NA,NA,NA,NA,"844253449389319702"
"844253517274130079","C9H15N9O7","[M + H]+",6,1.6925286263647e-05,60.8654605723248,0,60.8654605723248,"3",NA,NA,NA,NA,NA,NA,NA,NA,"844253449389319702"
"844253517274130080","C12H14F3N7O3","[M + H]+",7,1.16312388015879e-05,60.4903463186337,0,60.4903463186337,"3",NA,NA,NA,NA,NA,NA,NA,NA,"844253449389319702"
"844253517274130081","C11H18F3N3O7","[M + H]+",8,9.84110919726907e-06,60.3232202680234,0,60.3232202680234,"3",NA,NA,NA,NA,NA,NA,NA,NA,"844253449389319702"
"844253517274130082","C16H19N3O5Si","[M + H]+",9,7.6748869055473e-06,60.0746053979435,0,60.0746053979435,"3",NA,NA,NA,NA,NA,NA,NA,NA,"844253449389319702"
"844253517274130083","C13H20BClN2O7","[M + H]+",10,4.14986691313372e-06,59.4597281046163,0,59.4597281046163,"3",NA,NA,NA,NA,NA,NA,NA,NA,"844253449389319702"
"844253510936536710","C17H19N3O4S","[M + H]+",1,0.860262382735688,56.2108292755389,0,56.2108292755389,"4","IXEQEYRTSRFZEO","CC1=CN=C(C(=C1OC)C)CS(=O)(=O)C2=NC3=C(N2)C=C(C=C3)OC","Omeprazole-d3 Sulfone",2.7485034,1,-14.3911145708502,0.9453125,0,"844253449410291223"
"844253510936536710","C17H19N3O4S","[M + H]+",1,0.860262382735688,56.2108292755389,0,56.2108292755389,"4","QZVDQETYNOBUPJ","CC1=C[N+](=C(C(=C1OC)C)CS(=O)C2=NC3=C(N2)C=C(C=C3)OC)[O-]","Omeprazole-N-oxide",2.1600971,2,-18.7203957569641,0.9375,Inf,"844253449410291223"
"844253510936536710","C17H19N3O4S","[M + H]+",1,0.860262382735688,56.2108292755389,0,56.2108292755389,"4","CMZHQFXXAAIBKE","CC1=C(C(=CN=C1CS(=O)C2=NC3=C(N2)C=C(C=C3)OC)CO)OC",NA,1.6791414,3,-29.6959782117982,0.924242424242424,NA,"844253449410291223"
"844253510936536710","C17H19N3O4S","[M + H]+",1,0.860262382735688,56.2108292755389,0,56.2108292755389,"4","IGVYIWUGJPECAJ","CC1=CN=C(C(=C1OC)CO)CS(=O)C2=NC3=C(N2)C=C(C=C3)OC","3-Hydroxyomeprazole",1.6791414,4,-34.7952721572151,0.91044776119403,NA,"844253449410291223"
"844253510936536710","C17H19N3O4S","[M + H]+",1,0.860262382735688,56.2108292755389,0,56.2108292755389,"4","VPFSKKMDDDYYOJ","CC1=CN=C(C(=C1OC)C)CS(=O)C2=NC3=C(N2)C=CC(=C3O)OC","5-methoxy-2-[(R)-(4-methoxy-3,5-dimethylpyridin-2-yl)methylsulfinyl]-1H-benzimidazol-4-ol",2.1978552,5,-250.569523806376,0.719178082191781,NA,"844253449410291223"
"844253510936536710","C17H19N3O4S","[M + H]+",1,0.860262382735688,56.2108292755389,0,56.2108292755389,"4","NRTYCXOOEJJVDJ","COC1=C(C=C(C=C1)NC(=O)CSC2=NC3=C(CCC3)C(=O)N2)OC","N-(3,4-dimethoxyphenyl)-2-[(4-oxo-4,5,6,7-tetrahydro-3H-cyclopenta[d]pyrimidin-2-yl)thio]acetamide",1.7,6,-399.407178083408,0.352331606217617,NA,"844253449410291223"
"844253510936536710","C17H19N3O4S","[M + H]+",1,0.860262382735688,56.2108292755389,0,56.2108292755389,"4","NJXRFXGANNWYRK","CC1=CC=C(C=C1)N(CC2=NCCN2)C3=CC(=CC=C3)OS(=O)(=O)O","[3-[N-(4,5-dihydro-1H-imidazol-2-ylmethyl)-4-methylanilino]phenyl] hydrogen sulfate",2,7,-496.446481315742,0.245614035087719,NA,"844253449410291223"
"844253510936536710","C17H19N3O4S","[M + H]+",1,0.860262382735688,56.2108292755389,0,56.2108292755389,"4","MQQOMKBMLHBDFG","CC1=NC=CC(=C1)NS(=O)(=O)C2=C(N=CC(=C2)C3=CCOCC3)OC","5-[3,6-dihydro-2H-pyran-4-yl]-2-methoxy-N-[2-methylpyridin-4-yl]pyridine-3-sulfonamide",1,8,-500.955000241991,0.319767441860465,NA,"844253449410291223"
"844253510936536710","C17H19N3O4S","[M + H]+",1,0.860262382735688,56.2108292755389,0,56.2108292755389,"4","HBLRAJANJGAMFQ","CC(C)CNC(=O)CC1=CSC(=N1)NC(=O)C2=CC3=C(C=C2)OCO3","N-(4-(2-(isobutylamino)-2-oxoethyl)thiazol-2-yl)benzo[d][1,3]dioxole-5-carboxamide",2.5,9,-570.529486058125,0.178861788617886,NA,"844253449410291223"
"844253510936536710","C17H19N3O4S","[M + H]+",1,0.860262382735688,56.2108292755389,0,56.2108292755389,"4","JHQLDSNFXOLZMD","C1CC1C(=O)N2CC3(C2)C4CN(CCN4C(=O)O3)C(=O)C5=CC=CS5","1'-(Cyclopropanecarbonyl)-7-(thiophene-2-carbonyl)spiro[5,6,8,8a-tetrahydro-[1,3]oxazolo[3,4-a]pyrazine-1,3'-azetidine]-3-one",0.5,10,-573.118735114906,0.12719298245614,NA,"844253449410291223"
"844253510936536710","C17H19N3O4S","[M + H]+",1,0.860262382735688,56.2108292755389,0,56.2108292755389,"4","ILAMKVUHWSQJHY","COC(=O)C1=CC=C(C=C1)OCC2N(CCS2)C(=O)CN3C=CN=C3","Methyl 4-((3-(1H-imidazol-1-ylacetyl)-2-thiazolidinyl)methoxy)benzoate",1.7,11,-592.452031323714,0.192307692307692,NA,"844253449410291223"
"844253510936536710","C17H19N3O4S","[M + H]+",1,0.860262382735688,56.2108292755389,0,56.2108292755389,"4","NVAYQDCPVGCOHV","C1CC(N(S(=O)(=O)C1)CC2=CC=C(C=C2)C3=CC=NC=C3)C(=O)NO","(3S)-N-hydroxy-1,1-dioxo-2-[(4-pyridin-4-ylphenyl)methyl]thiazinane-3-carboxamide",0.9,12,-607.363600871259,0.201793721973094,NA,"844253449410291223"
"844253510936536710","C17H19N3O4S","[M + H]+",1,0.860262382735688,56.2108292755389,0,56.2108292755389,"4","FZECHKJQHUVANE","CC1(C(N2C(S1)C(C2=O)NC(=O)C(C3=CC=CC=C3)N=C)C(=O)O)C","6-{[1-hydroxy-2-(methylideneamino)-2-phenylethylidene]amino}-3,3-dimethyl-7-oxo-4-thia-1-azabicyclo[3.2.0]heptane-2-carboxylic acid",1.2664139,13,-633.59175272677,0.111524163568773,NA,"844253449410291223"
"844253510936536710","C17H19N3O4S","[M + H]+",1,0.860262382735688,56.2108292755389,0,56.2108292755389,"4","FPMHRRFSGYKNIU","COC1=CC=C(C=C1)CN2CC3C(C2)OC4=C(C=CC=N4)S(=O)(=O)N3","5-[(4-methoxyphenyl)methyl]-2-oxa-9λ⁶-thia-5,8,14-triazatricyclo[8.4.0.0³,⁷]tetradeca-1(10),11,13-triene-9,9-dione",1.3,14,-637.280515418906,0.275862068965517,NA,"844253449410291223"
"844253510936536710","C17H19N3O4S","[M + H]+",1,0.860262382735688,56.2108292755389,0,56.2108292755389,"4","IVXQTEPGJVXVMS","CCOC1=CC=C(C=C1)NC(=S)NN=C(C)C2=C(C(=C(C=C2)O)O)O","1-(4-ethoxyphenyl)-3-[(E)-1-(2,3,4-trihydroxyphenyl)ethylideneamino]thiourea",2.7,16,-709.163407497084,0.21256038647343,NA,"844253449410291223"
"844253510936536711","C14H20FN3O5S","[M + H]+",2,0.131459309499937,54.3322892068923,0,54.3322892068923,"4","GGHVBHNNEHVTBO","C1=CC(=CC=C1CNNC(=S)NC2C(C(C(C(O2)CO)O)O)O)F","1-[(4-fluorophenyl)methylamino]-3-[(2R,3R,4S,5S,6R)-3,4,5-trihydroxy-6-(hydroxymethyl)oxan-2-yl]thiourea",-0.8,15,-678.998055719008,0.160493827160494,NA,"844253449410291223"
"844253510936536712","C16H24ClNO4S","[M + H]+",3,0.00808465971141528,51.543560239884,0,51.543560239884,"4",NA,NA,NA,NA,NA,NA,NA,NA,"844253449410291223"
"844253510936536713","C14H22ClN4O3S","[M + H]+",4,0.000128842382175429,47.4044263713382,0,47.4044263713382,"4",NA,NA,NA,NA,NA,NA,NA,NA,"844253449410291223"
"844253510936536714","C15H13F2N7O2","[M + H]+",5,5.0907610948074e-05,46.4758489974828,2.30486077630817,44.1709882211746,"4",NA,NA,NA,NA,NA,NA,NA,NA,"844253449410291223"
"844253510936536715","C20H15N3O4","[M + H]+",6,1.27005904166199e-05,45.0874850395189,2.00350895287153,43.0839760866474,"4",NA,NA,NA,NA,NA,NA,NA,NA,"844253449410291223"
"844253510936536716","C16H19N3O5Si","[M + H]+",7,4.9230669267785e-07,41.8371831600413,0,41.8371831600413,"4",NA,NA,NA,NA,NA,NA,NA,NA,"844253449410291223"
"844253510936536717","C19H20ClNO4","[M + H]+",8,2.88332571912219e-07,41.3021958561486,0,41.3021958561486,"4",NA,NA,NA,NA,NA,NA,NA,NA,"844253449410291223"
"844253510936536718","C9H15N9O7","[M + H]+",9,1.15051910460704e-07,40.3834647004807,0,40.3834647004807,"4",NA,NA,NA,NA,NA,NA,NA,NA,"844253449410291223"
"844253510936536719","C12H14F3N7O3","[M + H]+",10,1.07363256669185e-07,40.3142992855205,0,40.3142992855205,"4",NA,NA,NA,NA,NA,NA,NA,NA,"844253449410291223"
"844253519606163108","C17H19N3O4S","[M + H]+",1,0.783476859371598,58.6997569153599,0,58.6997569153599,"5","IXEQEYRTSRFZEO","CC1=CN=C(C(=C1OC)C)CS(=O)(=O)C2=NC3=C(N2)C=C(C=C3)OC","Omeprazole-d3 Sulfone",2.7485034,1,-16.3498938824221,0.9375,0,"844253449422874136"
"844253519606163108","C17H19N3O4S","[M + H]+",1,0.783476859371598,58.6997569153599,0,58.6997569153599,"5","QZVDQETYNOBUPJ","CC1=C[N+](=C(C(=C1OC)C)CS(=O)C2=NC3=C(N2)C=C(C=C3)OC)[O-]","Omeprazole-N-oxide",2.1600971,2,-21.4453470928096,0.9296875,Inf,"844253449422874136"
"844253519606163108","C17H19N3O4S","[M + H]+",1,0.783476859371598,58.6997569153599,0,58.6997569153599,"5","CMZHQFXXAAIBKE","CC1=C(C(=CN=C1CS(=O)C2=NC3=C(N2)C=C(C=C3)OC)CO)OC",NA,1.6791414,3,-29.6638777678175,0.916666666666667,NA,"844253449422874136"
"844253519606163108","C17H19N3O4S","[M + H]+",1,0.783476859371598,58.6997569153599,0,58.6997569153599,"5","IGVYIWUGJPECAJ","CC1=CN=C(C(=C1OC)CO)CS(=O)C2=NC3=C(N2)C=C(C=C3)OC","3-Hydroxyomeprazole",1.6791414,4,-34.1860030229008,0.902985074626866,NA,"844253449422874136"
"844253519606163108","C17H19N3O4S","[M + H]+",1,0.783476859371598,58.6997569153599,0,58.6997569153599,"5","VPFSKKMDDDYYOJ","CC1=CN=C(C(=C1OC)C)CS(=O)C2=NC3=C(N2)C=CC(=C3O)OC","5-methoxy-2-[(R)-(4-methoxy-3,5-dimethylpyridin-2-yl)methylsulfinyl]-1H-benzimidazol-4-ol",2.1978552,5,-249.778544811717,0.712328767123288,NA,"844253449422874136"
"844253519606163108","C17H19N3O4S","[M + H]+",1,0.783476859371598,58.6997569153599,0,58.6997569153599,"5","NRTYCXOOEJJVDJ","COC1=C(C=C(C=C1)NC(=O)CSC2=NC3=C(CCC3)C(=O)N2)OC","N-(3,4-dimethoxyphenyl)-2-[(4-oxo-4,5,6,7-tetrahydro-3H-cyclopenta[d]pyrimidin-2-yl)thio]acetamide",1.7,6,-362.719722705267,0.347150259067358,NA,"844253449422874136"
"844253519606163108","C17H19N3O4S","[M + H]+",1,0.783476859371598,58.6997569153599,0,58.6997569153599,"5","NJXRFXGANNWYRK","CC1=CC=C(C=C1)N(CC2=NCCN2)C3=CC(=CC=C3)OS(=O)(=O)O","[3-[N-(4,5-dihydro-1H-imidazol-2-ylmethyl)-4-methylanilino]phenyl] hydrogen sulfate",2,7,-451.823266496797,0.247058823529412,NA,"844253449422874136"
"844253519606163108","C17H19N3O4S","[M + H]+",1,0.783476859371598,58.6997569153599,0,58.6997569153599,"5","MQQOMKBMLHBDFG","CC1=NC=CC(=C1)NS(=O)(=O)C2=C(N=CC(=C2)C3=CCOCC3)OC","5-[3,6-dihydro-2H-pyran-4-yl]-2-methoxy-N-[2-methylpyridin-4-yl]pyridine-3-sulfonamide",1,8,-487.874052219398,0.321637426900585,NA,"844253449422874136"
"844253519606163108","C17H19N3O4S","[M + H]+",1,0.783476859371598,58.6997569153599,0,58.6997569153599,"5","HBLRAJANJGAMFQ","CC(C)CNC(=O)CC1=CSC(=N1)NC(=O)C2=CC3=C(C=C2)OCO3","N-(4-(2-(isobutylamino)-2-oxoethyl)thiazol-2-yl)benzo[d][1,3]dioxole-5-carboxamide",2.5,9,-569.155891929336,0.179591836734694,NA,"844253449422874136"
"844253519606163108","C17H19N3O4S","[M + H]+",1,0.783476859371598,58.6997569153599,0,58.6997569153599,"5","JHQLDSNFXOLZMD","C1CC1C(=O)N2CC3(C2)C4CN(CCN4C(=O)O3)C(=O)C5=CC=CS5","1'-(Cyclopropanecarbonyl)-7-(thiophene-2-carbonyl)spiro[5,6,8,8a-tetrahydro-[1,3]oxazolo[3,4-a]pyrazine-1,3'-azetidine]-3-one",0.5,10,-579.877805323024,0.127753303964758,NA,"844253449422874136"
"844253519606163108","C17H19N3O4S","[M + H]+",1,0.783476859371598,58.6997569153599,0,58.6997569153599,"5","ILAMKVUHWSQJHY","COC(=O)C1=CC=C(C=C1)OCC2N(CCS2)C(=O)CN3C=CN=C3","Methyl 4-((3-(1H-imidazol-1-ylacetyl)-2-thiazolidinyl)methoxy)benzoate",1.7,11,-582.15902514943,0.1931330472103,NA,"844253449422874136"
"844253519606163108","C17H19N3O4S","[M + H]+",1,0.783476859371598,58.6997569153599,0,58.6997569153599,"5","NVAYQDCPVGCOHV","C1CC(N(S(=O)(=O)C1)CC2=CC=C(C=C2)C3=CC=NC=C3)C(=O)NO","(3S)-N-hydroxy-1,1-dioxo-2-[(4-pyridin-4-ylphenyl)methyl]thiazinane-3-carboxamide",0.9,12,-605.648115347657,0.202702702702703,NA,"844253449422874136"
"844253519606163108","C17H19N3O4S","[M + H]+",1,0.783476859371598,58.6997569153599,0,58.6997569153599,"5","FPMHRRFSGYKNIU","COC1=CC=C(C=C1)CN2CC3C(C2)OC4=C(C=CC=N4)S(=O)(=O)N3","5-[(4-methoxyphenyl)methyl]-2-oxa-9λ⁶-thia-5,8,14-triazatricyclo[8.4.0.0³,⁷]tetradeca-1(10),11,13-triene-9,9-dione",1.3,14,-613.321280821039,0.271551724137931,NA,"844253449422874136"
"844253519606163108","C17H19N3O4S","[M + H]+",1,0.783476859371598,58.6997569153599,0,58.6997569153599,"5","FZECHKJQHUVANE","CC1(C(N2C(S1)C(C2=O)NC(=O)C(C3=CC=CC=C3)N=C)C(=O)O)C","6-{[1-hydroxy-2-(methylideneamino)-2-phenylethylidene]amino}-3,3-dimethyl-7-oxo-4-thia-1-azabicyclo[3.2.0]heptane-2-carboxylic acid",1.2664139,15,-638.667650516528,0.111940298507463,NA,"844253449422874136"
"844253519606163108","C17H19N3O4S","[M + H]+",1,0.783476859371598,58.6997569153599,0,58.6997569153599,"5","IVXQTEPGJVXVMS","CCOC1=CC=C(C=C1)NC(=S)NN=C(C)C2=C(C(=C(C=C2)O)O)O","1-(4-ethoxyphenyl)-3-[(E)-1-(2,3,4-trihydroxyphenyl)ethylideneamino]thiourea",2.7,16,-693.114968784275,0.213592233009709,NA,"844253449422874136"
"844253519606163109","C14H20FN3O5S","[M + H]+",2,0.19799941411985,57.3242794606432,0,57.3242794606432,"5","GGHVBHNNEHVTBO","C1=CC(=CC=C1CNNC(=S)NC2C(C(C(C(O2)CO)O)O)O)F","1-[(4-fluorophenyl)methylamino]-3-[(2R,3R,4S,5S,6R)-3,4,5-trihydroxy-6-(hydroxymethyl)oxan-2-yl]thiourea",-0.8,13,-606.933596696527,0.168888888888889,NA,"844253449422874136"
"844253519606163110","C16H24ClNO4S","[M + H]+",3,0.0127961956198278,54.5851632984906,0,54.5851632984906,"5",NA,NA,NA,NA,NA,NA,NA,NA,"844253449422874136"
"844253519606163111","C9H15N9O7","[M + H]+",4,0.00232363674036708,52.8791489077845,3.20351822002893,49.6756306877556,"5",NA,NA,NA,NA,NA,NA,NA,NA,"844253449422874136"
"844253519606163112","C11H18F3N3O7","[M + H]+",5,0.00189723936177414,52.676415251048,3.38819055051164,49.2882247005364,"5",NA,NA,NA,NA,NA,NA,NA,NA,"844253449422874136"
"844253519606163113","C12H14F3N7O3","[M + H]+",6,0.000660054187129076,51.6205820433226,2.75265002136176,48.8679320219609,"5",NA,NA,NA,NA,NA,NA,NA,NA,"844253449422874136"
"844253519606163114","C14H17F2N3O6","[M + H]+",7,0.000577176476496199,51.4864081815197,3.01414333093638,48.4722648505834,"5",NA,NA,NA,NA,NA,NA,NA,NA,"844253449422874136"
"844253519606163115","C14H22ClN4O3S","[M + H]+",8,0.000142917684773909,50.0905289435307,0,50.0905289435307,"5",NA,NA,NA,NA,NA,NA,NA,NA,"844253449422874136"
"844253519606163116","C15H13F2N7O2","[M + H]+",9,4.41577351025597e-05,48.9160282221767,1.54506449298269,47.370963729194,"5",NA,NA,NA,NA,NA,NA,NA,NA,"844253449422874136"
"844253519606163117","C10H19F3N5O4P","[M + H]+",10,2.22596960868545e-05,48.2310378028341,1.80890810998815,46.422129692846,"5",NA,NA,NA,NA,NA,NA,NA,NA,"844253449422874136"
"844253560165082868","C17H19N3O4S","[M + H]+",1,0.795540667100525,89.4348119574244,0,89.4348119574244,"6","IXEQEYRTSRFZEO","CC1=CN=C(C(=C1OC)C)CS(=O)(=O)C2=NC3=C(N2)C=C(C=C3)OC","Omeprazole-d3 Sulfone",2.7485034,1,-21.6105793221729,0.9296875,0,"844253449435457049"
"844253560165082868","C17H19N3O4S","[M + H]+",1,0.795540667100525,89.4348119574244,0,89.4348119574244,"6","QZVDQETYNOBUPJ","CC1=C[N+](=C(C(=C1OC)C)CS(=O)C2=NC3=C(N2)C=C(C=C3)OC)[O-]","Omeprazole-N-oxide",2.1600971,2,-24.044727307595,0.921875,Inf,"844253449435457049"
"844253560165082868","C17H19N3O4S","[M + H]+",1,0.795540667100525,89.4348119574244,0,89.4348119574244,"6","CMZHQFXXAAIBKE","CC1=C(C(=CN=C1CS(=O)C2=NC3=C(N2)C=C(C=C3)OC)CO)OC",NA,1.6791414,3,-33.1930700756629,0.909090909090909,NA,"844253449435457049"
"844253560165082868","C17H19N3O4S","[M + H]+",1,0.795540667100525,89.4348119574244,0,89.4348119574244,"6","IGVYIWUGJPECAJ","CC1=CN=C(C(=C1OC)CO)CS(=O)C2=NC3=C(N2)C=C(C=C3)OC","3-Hydroxyomeprazole",1.6791414,4,-37.418315439926,0.895522388059702,NA,"844253449435457049"
"844253560165082868","C17H19N3O4S","[M + H]+",1,0.795540667100525,89.4348119574244,0,89.4348119574244,"6","VPFSKKMDDDYYOJ","CC1=CN=C(C(=C1OC)C)CS(=O)C2=NC3=C(N2)C=CC(=C3O)OC","5-methoxy-2-[(R)-(4-methoxy-3,5-dimethylpyridin-2-yl)methylsulfinyl]-1H-benzimidazol-4-ol",2.1978552,5,-244.170016211434,0.717241379310345,NA,"844253449435457049"
"844253560165082868","C17H19N3O4S","[M + H]+",1,0.795540667100525,89.4348119574244,0,89.4348119574244,"6","NRTYCXOOEJJVDJ","COC1=C(C=C(C=C1)NC(=O)CSC2=NC3=C(CCC3)C(=O)N2)OC","N-(3,4-dimethoxyphenyl)-2-[(4-oxo-4,5,6,7-tetrahydro-3H-cyclopenta[d]pyrimidin-2-yl)thio]acetamide",1.7,6,-370.97559031316,0.348958333333333,NA,"844253449435457049"
"844253560165082868","C17H19N3O4S","[M + H]+",1,0.795540667100525,89.4348119574244,0,89.4348119574244,"6","NJXRFXGANNWYRK","CC1=CC=C(C=C1)N(CC2=NCCN2)C3=CC(=CC=C3)OS(=O)(=O)O","[3-[N-(4,5-dihydro-1H-imidazol-2-ylmethyl)-4-methylanilino]phenyl] hydrogen sulfate",2,7,-443.342618391899,0.248520710059172,NA,"844253449435457049"
"844253560165082868","C17H19N3O4S","[M + H]+",1,0.795540667100525,89.4348119574244,0,89.4348119574244,"6","MQQOMKBMLHBDFG","CC1=NC=CC(=C1)NS(=O)(=O)C2=C(N=CC(=C2)C3=CCOCC3)OC","5-[3,6-dihydro-2H-pyran-4-yl]-2-methoxy-N-[2-methylpyridin-4-yl]pyridine-3-sulfonamide",1,8,-461.162242662712,0.323529411764706,NA,"844253449435457049"
"844253560165082868","C17H19N3O4S","[M + H]+",1,0.795540667100525,89.4348119574244,0,89.4348119574244,"6","HBLRAJANJGAMFQ","CC(C)CNC(=O)CC1=CSC(=N1)NC(=O)C2=CC3=C(C=C2)OCO3","N-(4-(2-(isobutylamino)-2-oxoethyl)thiazol-2-yl)benzo[d][1,3]dioxole-5-carboxamide",2.5,10,-571.965469993218,0.180327868852459,NA,"844253449435457049"
"844253560165082868","C17H19N3O4S","[M + H]+",1,0.795540667100525,89.4348119574244,0,89.4348119574244,"6","JHQLDSNFXOLZMD","C1CC1C(=O)N2CC3(C2)C4CN(CCN4C(=O)O3)C(=O)C5=CC=CS5","1'-(Cyclopropanecarbonyl)-7-(thiophene-2-carbonyl)spiro[5,6,8,8a-tetrahydro-[1,3]oxazolo[3,4-a]pyrazine-1,3'-azetidine]-3-one",0.5,11,-576.642371691148,0.128318584070796,NA,"844253449435457049"
"844253560165082868","C17H19N3O4S","[M + H]+",1,0.795540667100525,89.4348119574244,0,89.4348119574244,"6","ILAMKVUHWSQJHY","COC(=O)C1=CC=C(C=C1)OCC2N(CCS2)C(=O)CN3C=CN=C3","Methyl 4-((3-(1H-imidazol-1-ylacetyl)-2-thiazolidinyl)methoxy)benzoate",1.7,12,-577.805942907621,0.193965517241379,NA,"844253449435457049"
"844253560165082868","C17H19N3O4S","[M + H]+",1,0.795540667100525,89.4348119574244,0,89.4348119574244,"6","NVAYQDCPVGCOHV","C1CC(N(S(=O)(=O)C1)CC2=CC=C(C=C2)C3=CC=NC=C3)C(=O)NO","(3S)-N-hydroxy-1,1-dioxo-2-[(4-pyridin-4-ylphenyl)methyl]thiazinane-3-carboxamide",0.9,13,-599.766795920191,0.203619909502262,NA,"844253449435457049"
"844253560165082868","C17H19N3O4S","[M + H]+",1,0.795540667100525,89.4348119574244,0,89.4348119574244,"6","FPMHRRFSGYKNIU","COC1=CC=C(C=C1)CN2CC3C(C2)OC4=C(C=CC=N4)S(=O)(=O)N3","5-[(4-methoxyphenyl)methyl]-2-oxa-9λ⁶-thia-5,8,14-triazatricyclo[8.4.0.0³,⁷]tetradeca-1(10),11,13-triene-9,9-dione",1.3,14,-622.539622869568,0.272727272727273,NA,"844253449435457049"
"844253560165082868","C17H19N3O4S","[M + H]+",1,0.795540667100525,89.4348119574244,0,89.4348119574244,"6","FZECHKJQHUVANE","CC1(C(N2C(S1)C(C2=O)NC(=O)C(C3=CC=CC=C3)N=C)C(=O)O)C","6-{[1-hydroxy-2-(methylideneamino)-2-phenylethylidene]amino}-3,3-dimethyl-7-oxo-4-thia-1-azabicyclo[3.2.0]heptane-2-carboxylic acid",1.2664139,15,-655.559411415442,0.112359550561798,NA,"844253449435457049"
"844253560165082868","C17H19N3O4S","[M + H]+",1,0.795540667100525,89.4348119574244,0,89.4348119574244,"6","IVXQTEPGJVXVMS","CCOC1=CC=C(C=C1)NC(=S)NN=C(C)C2=C(C(=C(C=C2)O)O)O","1-(4-ethoxyphenyl)-3-[(E)-1-(2,3,4-trihydroxyphenyl)ethylideneamino]thiourea",2.7,16,-687.749480382807,0.20873786407767,NA,"844253449435457049"
"844253560165082869","C14H20FN3O5S","[M + H]+",2,0.204452640218231,88.0761263500067,0,88.0761263500067,"6","GGHVBHNNEHVTBO","C1=CC(=CC=C1CNNC(=S)NC2C(C(C(C(O2)CO)O)O)O)F","1-[(4-fluorophenyl)methylamino]-3-[(2R,3R,4S,5S,6R)-3,4,5-trihydroxy-6-(hydroxymethyl)oxan-2-yl]thiourea",-0.8,9,-533.935150179919,0.207070707070707,NA,"844253449435457049"
"844253560165082870","C9H15N9O7","[M + H]+",3,2.50603757124962e-06,76.7667375594166,0,76.7667375594166,"6",NA,NA,NA,NA,NA,NA,NA,NA,"844253449435457049"
"844253560165082871","C16H19N3O5Si","[M + H]+",4,1.13822247400584e-06,75.9775025227461,0,75.9775025227461,"6",NA,NA,NA,NA,NA,NA,NA,NA,"844253449435457049"
"844253560165082872","C11H18F3N3O7","[M + H]+",5,1.13720371693913e-06,75.9766070798275,0,75.9766070798275,"6",NA,NA,NA,NA,NA,NA,NA,NA,"844253449435457049"
"844253560165082873","C14H17F2N3O6","[M + H]+",6,6.15432159637867e-07,75.3626041511828,0,75.3626041511828,"6",NA,NA,NA,NA,NA,NA,NA,NA,"844253449435457049"
"844253560165082874","C15H13F2N7O2","[M + H]+",7,6.03974189679998e-07,75.3438108962591,0,75.3438108962591,"6",NA,NA,NA,NA,NA,NA,NA,NA,"844253449435457049"
"844253560165082875","C13H20FN3O6Si","[M + H]+",8,3.38279581881972e-07,74.7641521504568,0,74.7641521504568,"6",NA,NA,NA,NA,NA,NA,NA,NA,"844253449435457049"
"844253560165082876","C20H15N3O4","[M + H]+",9,1.44950351903213e-07,73.9166707146758,0,73.9166707146758,"6",NA,NA,NA,NA,NA,NA,NA,NA,"844253449435457049"
"844253560165082877","C11H20N7O3PS","[M + H]+",10,6.42653448832238e-08,73.1032999576823,0,73.1032999576823,"6",NA,NA,NA,NA,NA,NA,NA,NA,"844253449435457049"
"844253492934583882","C17H19N3O4S","[M + H]+",1,0.832889763010503,63.1196607449036,0,63.1196607449036,"7","IXEQEYRTSRFZEO","CC1=CN=C(C(=C1OC)C)CS(=O)(=O)C2=NC3=C(N2)C=C(C=C3)OC","Omeprazole-d3 Sulfone",2.7485034,1,-19.2834257986963,0.94488188976378,0,"844253449448039962"
"844253492934583882","C17H19N3O4S","[M + H]+",1,0.832889763010503,63.1196607449036,0,63.1196607449036,"7","QZVDQETYNOBUPJ","CC1=C[N+](=C(C(=C1OC)C)CS(=O)C2=NC3=C(N2)C=C(C=C3)OC)[O-]","Omeprazole-N-oxide",2.1600971,2,-23.0872296144232,0.937007874015748,Inf,"844253449448039962"
"844253492934583882","C17H19N3O4S","[M + H]+",1,0.832889763010503,63.1196607449036,0,63.1196607449036,"7","CMZHQFXXAAIBKE","CC1=C(C(=CN=C1CS(=O)C2=NC3=C(N2)C=C(C=C3)OC)CO)OC",NA,1.6791414,3,-33.378446003098,0.909090909090909,NA,"844253449448039962"
"844253492934583882","C17H19N3O4S","[M + H]+",1,0.832889763010503,63.1196607449036,0,63.1196607449036,"7","IGVYIWUGJPECAJ","CC1=CN=C(C(=C1OC)CO)CS(=O)C2=NC3=C(N2)C=C(C=C3)OC","3-Hydroxyomeprazole",1.6791414,4,-37.3152900584955,0.895522388059702,NA,"844253449448039962"
"844253492934583882","C17H19N3O4S","[M + H]+",1,0.832889763010503,63.1196607449036,0,63.1196607449036,"7","VPFSKKMDDDYYOJ","CC1=CN=C(C(=C1OC)C)CS(=O)C2=NC3=C(N2)C=CC(=C3O)OC","5-methoxy-2-[(R)-(4-methoxy-3,5-dimethylpyridin-2-yl)methylsulfinyl]-1H-benzimidazol-4-ol",2.1978552,5,-242.008805245572,0.717241379310345,NA,"844253449448039962"
"844253492934583882","C17H19N3O4S","[M + H]+",1,0.832889763010503,63.1196607449036,0,63.1196607449036,"7","NRTYCXOOEJJVDJ","COC1=C(C=C(C=C1)NC(=O)CSC2=NC3=C(CCC3)C(=O)N2)OC","N-(3,4-dimethoxyphenyl)-2-[(4-oxo-4,5,6,7-tetrahydro-3H-cyclopenta[d]pyrimidin-2-yl)thio]acetamide",1.7,6,-349.555527104014,0.348958333333333,NA,"844253449448039962"
"844253492934583882","C17H19N3O4S","[M + H]+",1,0.832889763010503,63.1196607449036,0,63.1196607449036,"7","NJXRFXGANNWYRK","CC1=CC=C(C=C1)N(CC2=NCCN2)C3=CC(=CC=C3)OS(=O)(=O)O","[3-[N-(4,5-dihydro-1H-imidazol-2-ylmethyl)-4-methylanilino]phenyl] hydrogen sulfate",2,7,-432.289276383926,0.248520710059172,NA,"844253449448039962"
"844253492934583882","C17H19N3O4S","[M + H]+",1,0.832889763010503,63.1196607449036,0,63.1196607449036,"7","MQQOMKBMLHBDFG","CC1=NC=CC(=C1)NS(=O)(=O)C2=C(N=CC(=C2)C3=CCOCC3)OC","5-[3,6-dihydro-2H-pyran-4-yl]-2-methoxy-N-[2-methylpyridin-4-yl]pyridine-3-sulfonamide",1,8,-468.512855915063,0.323529411764706,NA,"844253449448039962"
"844253492934583882","C17H19N3O4S","[M + H]+",1,0.832889763010503,63.1196607449036,0,63.1196607449036,"7","HBLRAJANJGAMFQ","CC(C)CNC(=O)CC1=CSC(=N1)NC(=O)C2=CC3=C(C=C2)OCO3","N-(4-(2-(isobutylamino)-2-oxoethyl)thiazol-2-yl)benzo[d][1,3]dioxole-5-carboxamide",2.5,9,-577.814775811231,0.180327868852459,NA,"844253449448039962"
"844253492934583882","C17H19N3O4S","[M + H]+",1,0.832889763010503,63.1196607449036,0,63.1196607449036,"7","ILAMKVUHWSQJHY","COC(=O)C1=CC=C(C=C1)OCC2N(CCS2)C(=O)CN3C=CN=C3","Methyl 4-((3-(1H-imidazol-1-ylacetyl)-2-thiazolidinyl)methoxy)benzoate",1.7,10,-579.440847741289,0.193965517241379,NA,"844253449448039962"
"844253492934583882","C17H19N3O4S","[M + H]+",1,0.832889763010503,63.1196607449036,0,63.1196607449036,"7","JHQLDSNFXOLZMD","C1CC1C(=O)N2CC3(C2)C4CN(CCN4C(=O)O3)C(=O)C5=CC=CS5","1'-(Cyclopropanecarbonyl)-7-(thiophene-2-carbonyl)spiro[5,6,8,8a-tetrahydro-[1,3]oxazolo[3,4-a]pyrazine-1,3'-azetidine]-3-one",0.5,11,-587.727417051355,0.128318584070796,NA,"844253449448039962"
"844253492934583882","C17H19N3O4S","[M + H]+",1,0.832889763010503,63.1196607449036,0,63.1196607449036,"7","NVAYQDCPVGCOHV","C1CC(N(S(=O)(=O)C1)CC2=CC=C(C=C2)C3=CC=NC=C3)C(=O)NO","(3S)-N-hydroxy-1,1-dioxo-2-[(4-pyridin-4-ylphenyl)methyl]thiazinane-3-carboxamide",0.9,12,-607.280083326373,0.203619909502262,NA,"844253449448039962"
"844253492934583882","C17H19N3O4S","[M + H]+",1,0.832889763010503,63.1196607449036,0,63.1196607449036,"7","FPMHRRFSGYKNIU","COC1=CC=C(C=C1)CN2CC3C(C2)OC4=C(C=CC=N4)S(=O)(=O)N3","5-[(4-methoxyphenyl)methyl]-2-oxa-9λ⁶-thia-5,8,14-triazatricyclo[8.4.0.0³,⁷]tetradeca-1(10),11,13-triene-9,9-dione",1.3,13,-608.501580114292,0.272727272727273,NA,"844253449448039962"
"844253492934583882","C17H19N3O4S","[M + H]+",1,0.832889763010503,63.1196607449036,0,63.1196607449036,"7","FZECHKJQHUVANE","CC1(C(N2C(S1)C(C2=O)NC(=O)C(C3=CC=CC=C3)N=C)C(=O)O)C","6-{[1-hydroxy-2-(methylideneamino)-2-phenylethylidene]amino}-3,3-dimethyl-7-oxo-4-thia-1-azabicyclo[3.2.0]heptane-2-carboxylic acid",1.2664139,14,-657.549738244003,0.112359550561798,NA,"844253449448039962"
"844253492934583882","C17H19N3O4S","[M + H]+",1,0.832889763010503,63.1196607449036,0,63.1196607449036,"7","IVXQTEPGJVXVMS","CCOC1=CC=C(C=C1)NC(=S)NN=C(C)C2=C(C(=C(C=C2)O)O)O","1-(4-ethoxyphenyl)-3-[(E)-1-(2,3,4-trihydroxyphenyl)ethylideneamino]thiourea",2.7,16,-695.860906914897,0.20873786407767,NA,"844253449448039962"
"844253492934583883","C14H20FN3O5S","[M + H]+",2,0.165922932801402,61.5062828691384,0,61.5062828691384,"7","GGHVBHNNEHVTBO","C1=CC(=CC=C1CNNC(=S)NC2C(C(C(C(O2)CO)O)O)O)F","1-[(4-fluorophenyl)methylamino]-3-[(2R,3R,4S,5S,6R)-3,4,5-trihydroxy-6-(hydroxymethyl)oxan-2-yl]thiourea",-0.8,15,-683.362228476783,0.156779661016949,NA,"844253449448039962"
"844253492934583884","C9H15N9O7","[M + H]+",3,0.0011573030321323,56.5408517746904,0,56.5408517746904,"7",NA,NA,NA,NA,NA,NA,NA,NA,"844253449448039962"
"844253492934583885","C12H14F3N7O3","[M + H]+",4,1.69685625531054e-05,52.3183665403134,0,52.3183665403134,"7",NA,NA,NA,NA,NA,NA,NA,NA,"844253449448039962"
"844253492934583886","C11H18F3N3O7","[M + H]+",5,4.20211389705573e-06,50.9225918773291,0,50.9225918773291,"7",NA,NA,NA,NA,NA,NA,NA,NA,"844253449448039962"
"844253492934583887","C11H20N7O3PS","[M + H]+",6,3.04454103263523e-06,50.600354331437,0,50.600354331437,"7",NA,NA,NA,NA,NA,NA,NA,NA,"844253449448039962"
"844253492934583888","C14H17F2N3O6","[M + H]+",7,2.61523492898599e-06,50.4483581023163,0,50.4483581023163,"7",NA,NA,NA,NA,NA,NA,NA,NA,"844253449448039962"
"844253492934583889","C15H13F2N7O2","[M + H]+",8,8.78382506697185e-07,49.357331046447,0,49.357331046447,"7",NA,NA,NA,NA,NA,NA,NA,NA,"844253449448039962"
"844253492934583890","C10H16FN9O3S","[M + H]+",9,7.08408008670494e-07,49.1422691019913,0,49.1422691019913,"7",NA,NA,NA,NA,NA,NA,NA,NA,"844253449448039962"
"844253492934583891","C17H16FN3O5","[M + H]+",10,4.30325685607337e-07,48.64379122124,0,48.64379122124,"7",NA,NA,NA,NA,NA,NA,NA,NA,"844253449448039962"
"844253550916642528","C17H19N3O4S","[M + H]+",1,0.870063455672107,69.9048365997589,0,69.9048365997589,"8","QZVDQETYNOBUPJ","CC1=C[N+](=C(C(=C1OC)C)CS(=O)C2=NC3=C(N2)C=C(C=C3)OC)[O-]","Omeprazole-N-oxide",2.1600971,1,-19.2640775694482,0.9375,0,"844253449456428571"
"844253550916642528","C17H19N3O4S","[M + H]+",1,0.870063455672107,69.9048365997589,0,69.9048365997589,"8","IXEQEYRTSRFZEO","CC1=CN=C(C(=C1OC)C)CS(=O)(=O)C2=NC3=C(N2)C=C(C=C3)OC","Omeprazole-d3 Sulfone",2.7485034,2,-20.1702137930152,0.9453125,Inf,"844253449456428571"
"844253550916642528","C17H19N3O4S","[M + H]+",1,0.870063455672107,69.9048365997589,0,69.9048365997589,"8","CMZHQFXXAAIBKE","CC1=C(C(=CN=C1CS(=O)C2=NC3=C(N2)C=C(C=C3)OC)CO)OC",NA,1.6791414,3,-29.4142667180392,0.924242424242424,NA,"844253449456428571"
"844253550916642528","C17H19N3O4S","[M + H]+",1,0.870063455672107,69.9048365997589,0,69.9048365997589,"8","IGVYIWUGJPECAJ","CC1=CN=C(C(=C1OC)CO)CS(=O)C2=NC3=C(N2)C=C(C=C3)OC","3-Hydroxyomeprazole",1.6791414,4,-34.9205912922939,0.91044776119403,NA,"844253449456428571"
"844253550916642528","C17H19N3O4S","[M + H]+",1,0.870063455672107,69.9048365997589,0,69.9048365997589,"8","VPFSKKMDDDYYOJ","CC1=CN=C(C(=C1OC)C)CS(=O)C2=NC3=C(N2)C=CC(=C3O)OC","5-methoxy-2-[(R)-(4-methoxy-3,5-dimethylpyridin-2-yl)methylsulfinyl]-1H-benzimidazol-4-ol",2.1978552,5,-249.940801105085,0.719178082191781,NA,"844253449456428571"
"844253550916642528","C17H19N3O4S","[M + H]+",1,0.870063455672107,69.9048365997589,0,69.9048365997589,"8","NRTYCXOOEJJVDJ","COC1=C(C=C(C=C1)NC(=O)CSC2=NC3=C(CCC3)C(=O)N2)OC","N-(3,4-dimethoxyphenyl)-2-[(4-oxo-4,5,6,7-tetrahydro-3H-cyclopenta[d]pyrimidin-2-yl)thio]acetamide",1.7,6,-404.028037419172,0.352331606217617,NA,"844253449456428571"
"844253550916642528","C17H19N3O4S","[M + H]+",1,0.870063455672107,69.9048365997589,0,69.9048365997589,"8","NJXRFXGANNWYRK","CC1=CC=C(C=C1)N(CC2=NCCN2)C3=CC(=CC=C3)OS(=O)(=O)O","[3-[N-(4,5-dihydro-1H-imidazol-2-ylmethyl)-4-methylanilino]phenyl] hydrogen sulfate",2,7,-519.029148774576,0.245614035087719,NA,"844253449456428571"
"844253550916642528","C17H19N3O4S","[M + H]+",1,0.870063455672107,69.9048365997589,0,69.9048365997589,"8","MQQOMKBMLHBDFG","CC1=NC=CC(=C1)NS(=O)(=O)C2=C(N=CC(=C2)C3=CCOCC3)OC","5-[3,6-dihydro-2H-pyran-4-yl]-2-methoxy-N-[2-methylpyridin-4-yl]pyridine-3-sulfonamide",1,8,-529.867994621181,0.319767441860465,NA,"844253449456428571"
"844253550916642528","C17H19N3O4S","[M + H]+",1,0.870063455672107,69.9048365997589,0,69.9048365997589,"8","HBLRAJANJGAMFQ","CC(C)CNC(=O)CC1=CSC(=N1)NC(=O)C2=CC3=C(C=C2)OCO3","N-(4-(2-(isobutylamino)-2-oxoethyl)thiazol-2-yl)benzo[d][1,3]dioxole-5-carboxamide",2.5,9,-575.093720426427,0.178861788617886,NA,"844253449456428571"
"844253550916642528","C17H19N3O4S","[M + H]+",1,0.870063455672107,69.9048365997589,0,69.9048365997589,"8","JHQLDSNFXOLZMD","C1CC1C(=O)N2CC3(C2)C4CN(CCN4C(=O)O3)C(=O)C5=CC=CS5","1'-(Cyclopropanecarbonyl)-7-(thiophene-2-carbonyl)spiro[5,6,8,8a-tetrahydro-[1,3]oxazolo[3,4-a]pyrazine-1,3'-azetidine]-3-one",0.5,10,-588.488175545068,0.12719298245614,NA,"844253449456428571"
"844253550916642528","C17H19N3O4S","[M + H]+",1,0.870063455672107,69.9048365997589,0,69.9048365997589,"8","ILAMKVUHWSQJHY","COC(=O)C1=CC=C(C=C1)OCC2N(CCS2)C(=O)CN3C=CN=C3","Methyl 4-((3-(1H-imidazol-1-ylacetyl)-2-thiazolidinyl)methoxy)benzoate",1.7,11,-602.727370876966,0.192307692307692,NA,"844253449456428571"
"844253550916642528","C17H19N3O4S","[M + H]+",1,0.870063455672107,69.9048365997589,0,69.9048365997589,"8","NVAYQDCPVGCOHV","C1CC(N(S(=O)(=O)C1)CC2=CC=C(C=C2)C3=CC=NC=C3)C(=O)NO","(3S)-N-hydroxy-1,1-dioxo-2-[(4-pyridin-4-ylphenyl)methyl]thiazinane-3-carboxamide",0.9,12,-629.206358710625,0.201793721973094,NA,"844253449456428571"
"844253550916642528","C17H19N3O4S","[M + H]+",1,0.870063455672107,69.9048365997589,0,69.9048365997589,"8","FZECHKJQHUVANE","CC1(C(N2C(S1)C(C2=O)NC(=O)C(C3=CC=CC=C3)N=C)C(=O)O)C","6-{[1-hydroxy-2-(methylideneamino)-2-phenylethylidene]amino}-3,3-dimethyl-7-oxo-4-thia-1-azabicyclo[3.2.0]heptane-2-carboxylic acid",1.2664139,13,-640.045479791344,0.111524163568773,NA,"844253449456428571"
"844253550916642528","C17H19N3O4S","[M + H]+",1,0.870063455672107,69.9048365997589,0,69.9048365997589,"8","FPMHRRFSGYKNIU","COC1=CC=C(C=C1)CN2CC3C(C2)OC4=C(C=CC=N4)S(=O)(=O)N3","5-[(4-methoxyphenyl)methyl]-2-oxa-9λ⁶-thia-5,8,14-triazatricyclo[8.4.0.0³,⁷]tetradeca-1(10),11,13-triene-9,9-dione",1.3,14,-662.431349128691,0.275862068965517,NA,"844253449456428571"
"844253550916642528","C17H19N3O4S","[M + H]+",1,0.870063455672107,69.9048365997589,0,69.9048365997589,"8","IVXQTEPGJVXVMS","CCOC1=CC=C(C=C1)NC(=S)NN=C(C)C2=C(C(=C(C=C2)O)O)O","1-(4-ethoxyphenyl)-3-[(E)-1-(2,3,4-trihydroxyphenyl)ethylideneamino]thiourea",2.7,16,-716.335824776937,0.21256038647343,NA,"844253449456428571"
"844253550916642529","C14H20FN3O5S","[M + H]+",2,0.123529765543423,67.9527525967901,0,67.9527525967901,"8","GGHVBHNNEHVTBO","C1=CC(=CC=C1CNNC(=S)NC2C(C(C(C(O2)CO)O)O)O)F","1-[(4-fluorophenyl)methylamino]-3-[(2R,3R,4S,5S,6R)-3,4,5-trihydroxy-6-(hydroxymethyl)oxan-2-yl]thiourea",-0.8,15,-679.653807817218,0.144628099173554,NA,"844253449456428571"
"844253550916642530","C16H24ClNO4S","[M + H]+",3,0.00629530739994951,64.9760749519186,0,64.9760749519186,"8",NA,NA,NA,NA,NA,NA,NA,NA,"844253449456428571"
"844253550916642531","C14H22ClN4O3S","[M + H]+",4,0.00011056478891589,60.9341168484009,0,60.9341168484009,"8",NA,NA,NA,NA,NA,NA,NA,NA,"844253449456428571"
"844253550916642532","C20H15N3O4","[M + H]+",5,8.13779552974135e-07,56.0224494051339,1.66261899354913,54.3598304115848,"8",NA,NA,NA,NA,NA,NA,NA,NA,"844253449456428571"
"844253550916642533","C14H17F2N3O6","[M + H]+",6,3.03134661030696e-08,52.732351934883,1.23134300260463,51.5010089322783,"8",NA,NA,NA,NA,NA,NA,NA,NA,"844253449456428571"
"844253550916642534","C19H20ClNO4","[M + H]+",7,2.20104969784232e-08,52.4122793702,0,52.4122793702,"8",NA,NA,NA,NA,NA,NA,NA,NA,"844253449456428571"
"844253550916642535","C16H19N3O5Si","[M + H]+",8,2.0692188789932e-08,52.350516171164,0,52.350516171164,"8",NA,NA,NA,NA,NA,NA,NA,NA,"844253449456428571"
"844253550916642536","C11H18F3N3O7","[M + H]+",9,5.80230265428391e-09,51.079014743376,0,51.079014743376,"8",NA,NA,NA,NA,NA,NA,NA,NA,"844253449456428571"
"844253550916642537","C13H20FN3O6Si","[M + H]+",10,3.09633472594176e-09,50.4509789607493,0,50.4509789607493,"8",NA,NA,NA,NA,NA,NA,NA,NA,"844253449456428571"
"844253509971846780","C17H19N3O4S","[M + H]+",1,0.679157983813527,60.9893199486977,0,60.9893199486977,"9","IXEQEYRTSRFZEO","CC1=CN=C(C(=C1OC)C)CS(=O)(=O)C2=NC3=C(N2)C=C(C=C3)OC","Omeprazole-d3 Sulfone",2.7485034,1,-22.2413462907838,0.944444444444444,0,"844253449469011484"
"844253509971846780","C17H19N3O4S","[M + H]+",1,0.679157983813527,60.9893199486977,0,60.9893199486977,"9","QZVDQETYNOBUPJ","CC1=C[N+](=C(C(=C1OC)C)CS(=O)C2=NC3=C(N2)C=C(C=C3)OC)[O-]","Omeprazole-N-oxide",2.1600971,2,-24.6136212866412,0.936507936507937,Inf,"844253449469011484"
"844253509971846780","C17H19N3O4S","[M + H]+",1,0.679157983813527,60.9893199486977,0,60.9893199486977,"9","CMZHQFXXAAIBKE","CC1=C(C(=CN=C1CS(=O)C2=NC3=C(N2)C=C(C=C3)OC)CO)OC",NA,1.6791414,3,-38.2116799611674,0.893939393939394,NA,"844253449469011484"
"844253509971846780","C17H19N3O4S","[M + H]+",1,0.679157983813527,60.9893199486977,0,60.9893199486977,"9","IGVYIWUGJPECAJ","CC1=CN=C(C(=C1OC)CO)CS(=O)C2=NC3=C(N2)C=C(C=C3)OC","3-Hydroxyomeprazole",1.6791414,4,-40.9086946863355,0.880597014925373,NA,"844253449469011484"
"844253509971846780","C17H19N3O4S","[M + H]+",1,0.679157983813527,60.9893199486977,0,60.9893199486977,"9","VPFSKKMDDDYYOJ","CC1=CN=C(C(=C1OC)C)CS(=O)C2=NC3=C(N2)C=CC(=C3O)OC","5-methoxy-2-[(R)-(4-methoxy-3,5-dimethylpyridin-2-yl)methylsulfinyl]-1H-benzimidazol-4-ol",2.1978552,5,-220.251311929127,0.727272727272727,NA,"844253449469011484"
"844253509971846780","C17H19N3O4S","[M + H]+",1,0.679157983813527,60.9893199486977,0,60.9893199486977,"9","NRTYCXOOEJJVDJ","COC1=C(C=C(C=C1)NC(=O)CSC2=NC3=C(CCC3)C(=O)N2)OC","N-(3,4-dimethoxyphenyl)-2-[(4-oxo-4,5,6,7-tetrahydro-3H-cyclopenta[d]pyrimidin-2-yl)thio]acetamide",1.7,6,-285.518907371437,0.352631578947368,NA,"844253449469011484"
"844253509971846780","C17H19N3O4S","[M + H]+",1,0.679157983813527,60.9893199486977,0,60.9893199486977,"9","NJXRFXGANNWYRK","CC1=CC=C(C=C1)N(CC2=NCCN2)C3=CC(=CC=C3)OS(=O)(=O)O","[3-[N-(4,5-dihydro-1H-imidazol-2-ylmethyl)-4-methylanilino]phenyl] hydrogen sulfate",2,7,-404.724168715651,0.251497005988024,NA,"844253449469011484"
"844253509971846780","C17H19N3O4S","[M + H]+",1,0.679157983813527,60.9893199486977,0,60.9893199486977,"9","MQQOMKBMLHBDFG","CC1=NC=CC(=C1)NS(=O)(=O)C2=C(N=CC(=C2)C3=CCOCC3)OC","5-[3,6-dihydro-2H-pyran-4-yl]-2-methoxy-N-[2-methylpyridin-4-yl]pyridine-3-sulfonamide",1,8,-418.566840382587,0.327380952380952,NA,"844253449469011484"
"844253509971846780","C17H19N3O4S","[M + H]+",1,0.679157983813527,60.9893199486977,0,60.9893199486977,"9","HBLRAJANJGAMFQ","CC(C)CNC(=O)CC1=CSC(=N1)NC(=O)C2=CC3=C(C=C2)OCO3","N-(4-(2-(isobutylamino)-2-oxoethyl)thiazol-2-yl)benzo[d][1,3]dioxole-5-carboxamide",2.5,9,-548.294212768139,0.181818181818182,NA,"844253449469011484"
"844253509971846780","C17H19N3O4S","[M + H]+",1,0.679157983813527,60.9893199486977,0,60.9893199486977,"9","ILAMKVUHWSQJHY","COC(=O)C1=CC=C(C=C1)OCC2N(CCS2)C(=O)CN3C=CN=C3","Methyl 4-((3-(1H-imidazol-1-ylacetyl)-2-thiazolidinyl)methoxy)benzoate",1.7,11,-566.922972775558,0.195652173913043,NA,"844253449469011484"
"844253509971846780","C17H19N3O4S","[M + H]+",1,0.679157983813527,60.9893199486977,0,60.9893199486977,"9","FPMHRRFSGYKNIU","COC1=CC=C(C=C1)CN2CC3C(C2)OC4=C(C=CC=N4)S(=O)(=O)N3","5-[(4-methoxyphenyl)methyl]-2-oxa-9λ⁶-thia-5,8,14-triazatricyclo[8.4.0.0³,⁷]tetradeca-1(10),11,13-triene-9,9-dione",1.3,12,-567.087499013942,0.275109170305677,NA,"844253449469011484"
"844253509971846780","C17H19N3O4S","[M + H]+",1,0.679157983813527,60.9893199486977,0,60.9893199486977,"9","NVAYQDCPVGCOHV","C1CC(N(S(=O)(=O)C1)CC2=CC=C(C=C2)C3=CC=NC=C3)C(=O)NO","(3S)-N-hydroxy-1,1-dioxo-2-[(4-pyridin-4-ylphenyl)methyl]thiazinane-3-carboxamide",0.9,13,-597.849030276424,0.205479452054795,NA,"844253449469011484"
"844253509971846780","C17H19N3O4S","[M + H]+",1,0.679157983813527,60.9893199486977,0,60.9893199486977,"9","JHQLDSNFXOLZMD","C1CC1C(=O)N2CC3(C2)C4CN(CCN4C(=O)O3)C(=O)C5=CC=CS5","1'-(Cyclopropanecarbonyl)-7-(thiophene-2-carbonyl)spiro[5,6,8,8a-tetrahydro-[1,3]oxazolo[3,4-a]pyrazine-1,3'-azetidine]-3-one",0.5,14,-606.676589742962,0.129464285714286,NA,"844253449469011484"
"844253509971846780","C17H19N3O4S","[M + H]+",1,0.679157983813527,60.9893199486977,0,60.9893199486977,"9","IVXQTEPGJVXVMS","CCOC1=CC=C(C=C1)NC(=S)NN=C(C)C2=C(C(=C(C=C2)O)O)O","1-(4-ethoxyphenyl)-3-[(E)-1-(2,3,4-trihydroxyphenyl)ethylideneamino]thiourea",2.7,15,-654.718182902894,0.21078431372549,NA,"844253449469011484"
"844253509971846780","C17H19N3O4S","[M + H]+",1,0.679157983813527,60.9893199486977,0,60.9893199486977,"9","FZECHKJQHUVANE","CC1(C(N2C(S1)C(C2=O)NC(=O)C(C3=CC=CC=C3)N=C)C(=O)O)C","6-{[1-hydroxy-2-(methylideneamino)-2-phenylethylidene]amino}-3,3-dimethyl-7-oxo-4-thia-1-azabicyclo[3.2.0]heptane-2-carboxylic acid",1.2664139,16,-686.77151036781,0.113207547169811,NA,"844253449469011484"
"844253509971846781","C14H20FN3O5S","[M + H]+",2,0.320729157694477,60.2390631983779,0,60.2390631983779,"9","GGHVBHNNEHVTBO","C1=CC(=CC=C1CNNC(=S)NC2C(C(C(C(O2)CO)O)O)O)F","1-[(4-fluorophenyl)methylamino]-3-[(2R,3R,4S,5S,6R)-3,4,5-trihydroxy-6-(hydroxymethyl)oxan-2-yl]thiourea",-0.8,10,-560.547580790887,0.18552036199095,NA,"844253449469011484"
"844253509971846782","C15H13F2N7O2","[M + H]+",3,7.17806048544575e-05,51.8343252101074,0,51.8343252101074,"9",NA,NA,NA,NA,NA,NA,NA,NA,"844253449469011484"
"844253509971846783","C11H18F3N3O7","[M + H]+",4,1.40763926422331e-05,50.2052100114365,0,50.2052100114365,"9",NA,NA,NA,NA,NA,NA,NA,NA,"844253449469011484"
"844253509971846784","C14H17F2N3O6","[M + H]+",5,1.37788614309883e-05,50.1838465353445,0,50.1838465353445,"9",NA,NA,NA,NA,NA,NA,NA,NA,"844253449469011484"
"844253509971846785","C12H14F3N7O3","[M + H]+",6,6.07226179865474e-06,49.3644420528038,0,49.3644420528038,"9",NA,NA,NA,NA,NA,NA,NA,NA,"844253449469011484"
"844253509971846786","C11H20N7O3PS","[M + H]+",7,2.06479170214201e-06,48.2857402486112,0,48.2857402486112,"9",NA,NA,NA,NA,NA,NA,NA,NA,"844253449469011484"
"844253509971846787","C9H15N9O7","[M + H]+",8,1.75304091295401e-06,48.1220628424077,0,48.1220628424077,"9",NA,NA,NA,NA,NA,NA,NA,NA,"844253449469011484"
"844253509971846788","C10H16FN9O3S","[M + H]+",9,1.36462890817523e-06,47.8715934274525,0,47.8715934274525,"9",NA,NA,NA,NA,NA,NA,NA,NA,"844253449469011484"
"844253509971846789","C10H13F2N9O4","[M + H]+",10,4.82847583948955e-07,46.8326566616077,0,46.8326566616077,"9",NA,NA,NA,NA,NA,NA,NA,NA,"844253449469011484"
"844253532629477058","C15H13F2N7O2","[M + H]+",1,0.999943706298996,103.34147884221,3.23218839939154,100.109290442819,"10","FOZXIPLAGUNHIE","CN1C(=C(C=N1)C2=NC(=NC=C2F)OC)C(=O)NC3=CC(=NC=C3F)N","N-(2-amino-5-fluoropyridin-4-yl)-4-(5-fluoro-2-methoxypyrimidin-4-yl)-2-methylpyrazole-3-carboxamide",0.4,1,-211.624997536442,0.431818181818182,0,"844253449477400093"
"844253532629477058","C15H13F2N7O2","[M + H]+",1,0.999943706298996,103.34147884221,3.23218839939154,100.109290442819,"10","MCSNHWJKNRXSFD","CC(C1=NC=NN1C2=NC=CC=N2)NC(=O)C3=CC(=CN=C3)OC(F)F","5-(difluoromethoxy)-N-[1-(2-pyrimidin-2-yl-1,2,4-triazol-3-yl)ethyl]pyridine-3-carboxamide",1.3,3,-260.890634443489,0.392857142857143,NA,"844253449477400093"
"844253532629477058","C15H13F2N7O2","[M + H]+",1,0.999943706298996,103.34147884221,3.23218839939154,100.109290442819,"10","JINYNPTZFYTAAE","CNC1=CC2=NC3=C(C=NN13)C(=O)NCCOC4=C(C=C(C(=N4)N2)F)F",NA,1.3,4,-280.973681570399,0.381578947368421,NA,"844253449477400093"
"844253532629477058","C15H13F2N7O2","[M + H]+",1,0.999943706298996,103.34147884221,3.23218839939154,100.109290442819,"10","JOXSMAKUPLSCFK","CNC1=CC2=NC3=C(C=NN13)C(=O)NCCOC4=C(C(=CC(=N4)N2)F)F",NA,1.3,5,-280.998548240904,0.384105960264901,NA,"844253449477400093"
"844253532629477058","C15H13F2N7O2","[M + H]+",1,0.999943706298996,103.34147884221,3.23218839939154,100.109290442819,"10","DOKYXQUHEBRWHL","CNC1=CC2=NC3=C(C=NN13)C(=O)NCCOC4=NC(=C(C(=C4)F)F)N2",NA,1.3,6,-282.26598344889,0.381578947368421,NA,"844253449477400093"
"844253532629477058","C15H13F2N7O2","[M + H]+",1,0.999943706298996,103.34147884221,3.23218839939154,100.109290442819,"10","RGLWMSKFLHMTMK","C1=CC(=C(N=C1)OC2=C(C=C(C=C2)F)F)CNC(=O)CN3C(=NN=N3)N","2-(5-amino-1H-tetrazol-1-yl)-N-{[2-(2,4-difluorophenoxy)pyridin-3-yl]methyl}acetamide",1.2,9,-295.498957923008,0.389261744966443,NA,"844253449477400093"
"844253532629477058","C15H13F2N7O2","[M + H]+",1,0.999943706298996,103.34147884221,3.23218839939154,100.109290442819,"10","KMTLMRMWJDBVTB","C1=CC(=C(C=C1F)NC(=O)NCCN2C(=O)C=CC(=N2)N3C=NC=N3)F","1-(2,5-difluorophenyl)-3-(2-(6-oxo-3-(1H-1,2,4-triazol-1-yl)pyridazin-1(6H)-yl)ethyl)urea",0.5,10,-300.760301934789,0.333333333333333,NA,"844253449477400093"
"844253532629477058","C15H13F2N7O2","[M + H]+",1,0.999943706298996,103.34147884221,3.23218839939154,100.109290442819,"10","PIKDWSFQRYHGPE","C1=CC(=C(C=C1F)F)NC(=O)NCCN2C(=O)C=CC(=N2)N3C=NC=N3","1-(2,4-difluorophenyl)-3-(2-(6-oxo-3-(1H-1,2,4-triazol-1-yl)pyridazin-1(6H)-yl)ethyl)urea",0.5,11,-302.123877920726,0.326666666666667,NA,"844253449477400093"
"844253532629477058","C15H13F2N7O2","[M + H]+",1,0.999943706298996,103.34147884221,3.23218839939154,100.109290442819,"10","PQAMDKDZSSHTAQ","C1=CC(=C(C=C1NC(=O)NCCN2C(=O)C=CC(=N2)N3C=NC=N3)F)F","1-(3,4-difluorophenyl)-3-(2-(6-oxo-3-(1H-1,2,4-triazol-1-yl)pyridazin-1(6H)-yl)ethyl)urea",0.5,13,-314.424153240265,0.324503311258278,NA,"844253449477400093"
"844253532629477058","C15H13F2N7O2","[M + H]+",1,0.999943706298996,103.34147884221,3.23218839939154,100.109290442819,"10","OGXZJNBJBKZZGO","CC1=NON=C1CN2C3=C(C(=O)NC(=N3)C(C4=CC=CC=C4)(F)F)NN2","5-[difluoro(phenyl)methyl]-3-[(4-methyl-1,2,5-oxadiazol-3-yl)methyl]-2,6-dihydro-1H-triazolo[4,5-d]pyrimidin-7-one",2.6,32,-354.344862543041,0.289308176100629,NA,"844253449477400093"
"844253532629477058","C15H13F2N7O2","[M + H]+",1,0.999943706298996,103.34147884221,3.23218839939154,100.109290442819,"10","OIALPWCJCSMRGK","C1C2(CC1(F)F)CN(C2)C(=O)C3=CN(N=N3)C4=NN5C=CC=C5C(=O)N4","2-[4-(6,6-difluoro-2-azaspiro[3.3]heptane-2-carbonyl)triazol-1-yl]-3H-pyrrolo[2,1-f][1,2,4]triazin-4-one",0.9,45,-369.678403634123,0.310126582278481,NA,"844253449477400093"
"844253532629477058","C15H13F2N7O2","[M + H]+",1,0.999943706298996,103.34147884221,3.23218839939154,100.109290442819,"10","ZKLPXXGDZRZHGE","C1CC12CN(CC2(F)F)C3=CC(=NN4C3=NC=N4)C5=CNC(=O)NC5=O","5-[8-(7,7-difluoro-5-azaspiro[2.4]heptan-5-yl)-[1,2,4]triazolo[1,5-b]pyridazin-6-yl]-1H-pyrimidine-2,4-dione",0.3,123,-422.873147894939,0.28,NA,"844253449477400093"
"844253532629477058","C15H13F2N7O2","[M + H]+",1,0.999943706298996,103.34147884221,3.23218839939154,100.109290442819,"10","JMTPBJUZPYHNEA","C1CC12CN(CC2(F)F)C3=CC(=NN4C3=NN=C4)C5=CNC(=O)NC5=O","5-[8-(7,7-difluoro-5-azaspiro[2.4]heptan-5-yl)-[1,2,4]triazolo[4,3-b]pyridazin-6-yl]-1H-pyrimidine-2,4-dione",-0.3,128,-426.306835394258,0.278409090909091,NA,"844253449477400093"
"844253532629477058","C15H13F2N7O2","[M + H]+",1,0.999943706298996,103.34147884221,3.23218839939154,100.109290442819,"10","IPONHXGOODDWMS","C1CC12CN(CC2(F)F)C3=CC(=NC4=NC=NN34)C5=CNC(=O)NC5=O","5-[7-(7,7-difluoro-5-azaspiro[2.4]heptan-5-yl)-[1,2,4]triazolo[1,5-a]pyrimidin-5-yl]-1H-pyrimidine-2,4-dione",0.4,198,-457.10131332002,0.25,NA,"844253449477400093"
"844253532629477058","C15H13F2N7O2","[M + H]+",1,0.999943706298996,103.34147884221,3.23218839939154,100.109290442819,"10","XCRZLFRHRAYWPB","CN1N=C(N=N1)C(=O)NC2CCC3=C2C=CC(=C3)C4=NOC(=N4)C(F)F","N-[5-[5-(difluoromethyl)-1,2,4-oxadiazol-3-yl]-2,3-dihydro-1H-inden-1-yl]-2-methyltetrazole-5-carboxamide",2.2,366,-507.877026454057,0.229050279329609,NA,"844253449477400093"
"844253532629477059","C19H17F2NO4","[M + H]+",2,2.00699890162356e-05,92.5252501950667,1.07424104625488,91.4510091488118,"10","RJNMWPGOUKTNOK","COC(=O)C(=NOC)C1=CC=CC=C1COC2=CC=C(C=C2)C=C(F)F","Methyl 2-[2-[[4-(2,2-difluoroethenyl)phenoxy]methyl]phenyl]-2-methoxyiminoacetate",4.5,7,-285.401563537673,0.264957264957265,NA,"844253449477400093"
"844253532629477059","C19H17F2NO4","[M + H]+",2,2.00699890162356e-05,92.5252501950667,1.07424104625488,91.4510091488118,"10","BNRZSCLSYSVODF","CCON=C(C1=CC=CC=C1COC2=CC=C(C=C2)C=C(F)F)C(=O)O","(2Z)-2-[2-[[4-(2,2-difluoroethenyl)phenoxy]methyl]phenyl]-2-ethoxyiminoacetic acid",4.6,8,-289.152491206505,0.252100840336134,NA,"844253449477400093"
"844253532629477059","C19H17F2NO4","[M + H]+",2,2.00699890162356e-05,92.5252501950667,1.07424104625488,91.4510091488118,"10","SBPINCGTPCWQAB","CCOC(=O)C(=CC(=O)C=CC1=CC=CN1CC2=C(C=CC=C2F)F)O","ethyl (2Z,5E)-6-[1-[(2,6-difluorophenyl)methyl]pyrrol-2-yl]-2-hydroxy-4-oxo-hexa-2,5-dienoate",3.5,12,-304.686199613917,0.235772357723577,NA,"844253449477400093"
"844253532629477059","C19H17F2NO4","[M + H]+",2,2.00699890162356e-05,92.5252501950667,1.07424104625488,91.4510091488118,"10","RIDDUNOVYJNVRB","CCOC(=O)C(=CC(=O)C=CC1=CC=CN1CC2=CC(=CC(=C2)F)F)O","ethyl (2Z,5E)-6-[1-[(3,5-difluorophenyl)methyl]pyrrol-2-yl]-2-hydroxy-4-oxo-hexa-2,5-dienoate",3.5,14,-321.270589482769,0.232,NA,"844253449477400093"
"844253532629477059","C19H17F2NO4","[M + H]+",2,2.00699890162356e-05,92.5252501950667,1.07424104625488,91.4510091488118,"10","JVEYMZPAUOOFCL","COC(=O)C(=NOC)C1=CC=CC(=C1)COC2=CC=CC=C2C=C(F)F","Methyl 2-[3-[[2-(2,2-difluoroethenyl)phenoxy]methyl]phenyl]-2-methoxyiminoacetate",4.5,15,-324.76410534457,0.260869565217391,NA,"844253449477400093"
"844253532629477059","C19H17F2NO4","[M + H]+",2,2.00699890162356e-05,92.5252501950667,1.07424104625488,91.4510091488118,"10","UYKLPKVIJHNFJX","CCOC(=O)C(=CC(=O)C=CC1=CC=CN1CC2=CC(=C(C=C2)F)F)O","6-[1-(3,4-Difluorobenzyl)-1H-pyrrole-2-yl]-2-hydroxy-4-oxo-2,5-hexadienoic acid ethyl ester",3.5,16,-329.667240275357,0.230769230769231,NA,"844253449477400093"
"844253532629477059","C19H17F2NO4","[M + H]+",2,2.00699890162356e-05,92.5252501950667,1.07424104625488,91.4510091488118,"10","DDTGXOZZTPLBPD","CCOC(=O)C(=O)CC(=O)C=CC1=CC=CN1CC2=C(C=CC=C2F)F","ethyl (E)-6-[1-[(2,6-difluorophenyl)methyl]pyrrol-2-yl]-2,4-dioxohex-5-enoate",2.9,17,-329.744577266492,0.220472440944882,NA,"844253449477400093"
"844253532629477059","C19H17F2NO4","[M + H]+",2,2.00699890162356e-05,92.5252501950667,1.07424104625488,91.4510091488118,"10","WLYCAMUCDZTATH","CCOC1=CC=C(C=C1)C=CC(=O)OCC(=O)NC2=C(C=CC=C2F)F","[2-(2,6-Difluoroanilino)-2-oxoethyl] 3-(4-ethoxyphenyl)prop-2-enoate",3.6,18,-330.184643737957,0.244755244755245,NA,"844253449477400093"
"844253532629477059","C19H17F2NO4","[M + H]+",2,2.00699890162356e-05,92.5252501950667,1.07424104625488,91.4510091488118,"10","AKKIYJUXSGEVIB","CCOC(=O)C(=CC(=O)C=CC1=CC=CN1CC2=C(C(=CC=C2)F)F)O","ethyl (2Z,5E)-6-[1-[(2,3-difluorophenyl)methyl]pyrrol-2-yl]-2-hydroxy-4-oxo-hexa-2,5-dienoate",3.5,19,-332.060077678013,0.232,NA,"844253449477400093"
"844253532629477059","C19H17F2NO4","[M + H]+",2,2.00699890162356e-05,92.5252501950667,1.07424104625488,91.4510091488118,"10","PZMJJWCWCWDNJT","CCOC1=CC=C(C=C1)C=CC(=O)OCC(=O)NC2=C(C=CC(=C2)F)F","[2-(2,5-difluoroanilino)-2-oxoethyl] (E)-3-(4-ethoxyphenyl)prop-2-enoate",3.6,20,-332.490013365963,0.244897959183673,NA,"844253449477400093"
"844253532629477059","C19H17F2NO4","[M + H]+",2,2.00699890162356e-05,92.5252501950667,1.07424104625488,91.4510091488118,"10","MHGQLLRAEILDOW","CCOC(=O)C(=CC(=O)C=CC1=CC=CN1CC2=C(C=C(C=C2)F)F)O","ethyl (2Z,5E)-6-[1-[(2,4-difluorophenyl)methyl]pyrrol-2-yl]-2-hydroxy-4-oxo-hexa-2,5-dienoate",3.5,21,-334.123666175423,0.230769230769231,NA,"844253449477400093"
"844253532629477059","C19H17F2NO4","[M + H]+",2,2.00699890162356e-05,92.5252501950667,1.07424104625488,91.4510091488118,"10","IEVMNKMWXXVBCD","CCOC(=O)C=CC1=C(C=C(C=C1F)NC(=O)OCC2=CC=CC=C2)F","Ethyl 3-[2,6-difluoro-4-(phenylmethoxycarbonylamino)phenyl]prop-2-enoate",3.8,22,-344.247723755828,0.225563909774436,NA,"844253449477400093"
"844253532629477059","C19H17F2NO4","[M + H]+",2,2.00699890162356e-05,92.5252501950667,1.07424104625488,91.4510091488118,"10","WWQNGRKCAJPRIH","CCOC1=CC=C(C=C1)C=CC(=O)OCC(=O)NC2=C(C=C(C=C2)F)F","[2-(2,4-difluoroanilino)-2-oxoethyl] (E)-3-(4-ethoxyphenyl)prop-2-enoate",3.6,23,-345.193255124681,0.23841059602649,NA,"844253449477400093"
"844253532629477059","C19H17F2NO4","[M + H]+",2,2.00699890162356e-05,92.5252501950667,1.07424104625488,91.4510091488118,"10","ILGVZZSBGPJLHS","CCOC(=O)C(=O)CC(=O)C=CC1=CC=CN1CC2=CC(=CC(=C2)F)F","ethyl (E)-6-[1-[(3,5-difluorophenyl)methyl]pyrrol-2-yl]-2,4-dioxohex-5-enoate",2.9,24,-346.328967135343,0.217054263565891,NA,"844253449477400093"
"844253532629477059","C19H17F2NO4","[M + H]+",2,2.00699890162356e-05,92.5252501950667,1.07424104625488,91.4510091488118,"10","OQNAPFSUZZLKIL","CC1=CC=C(C=C1)C=CC(=O)OCC(=O)NC2=CC=C(C=C2)OC(F)F","[2-[4-(difluoromethoxy)anilino]-2-oxoethyl] (E)-3-(4-methylphenyl)prop-2-enoate",4.4,25,-346.582532501637,0.270676691729323,NA,"844253449477400093"
"844253532629477060","C12H24AsN5O3","[M + H]+",3,1.5067088356371e-05,92.2385373655645,2.58023705021931,89.6583003153452,"10",NA,NA,NA,NA,NA,NA,NA,NA,"844253449477400093"
"844253532629477061","C14H17F2N3O6","[M + H]+",4,9.69590239757473e-06,91.7977279425509,3.47953385080381,88.3181940917471,"10","DCCUFNSJKULQNP","CC(C)(C)OC(=O)NC(CNC1=CC(=C(C=C1F)[N+](=O)[O-])F)C(=O)O","(2S)-3-(2,5-difluoro-4-nitroanilino)-2-[(2-methylpropan-2-yl)oxycarbonylamino]propanoic acid",2.8,217,-462.652570327743,0.15311004784689,NA,"844253449477400093"
"844253532629477061","C14H17F2N3O6","[M + H]+",4,9.69590239757473e-06,91.7977279425509,3.47953385080381,88.3181940917471,"10","WXVJJJQBBQNPFF","CC(C)(C)OC(=O)NC(CNC1=CC(=C(C=C1[N+](=O)[O-])F)F)C(=O)O","3-(4,5-Difluoro-2-nitroanilino)-2-[(2-methylpropan-2-yl)oxycarbonylamino]propanoic acid",2.8,229,-464.98039786068,0.160377358490566,NA,"844253449477400093"
"844253532629477061","C14H17F2N3O6","[M + H]+",4,9.69590239757473e-06,91.7977279425509,3.47953385080381,88.3181940917471,"10","NYNAAGTVQZRHQO","CCCCOC(=O)OCC1=C(C(C(O1)N2C=CC(=NC2=O)N)(F)F)O","[(2R)-2-(4-amino-2-oxopyrimidin-1-yl)-3,3-difluoro-4-hydroxy-2H-furan-5-yl]methyl butyl carbonate",0.5,337,-496.894534185046,0.185365853658537,NA,"844253449477400093"
"844253532629477061","C14H17F2N3O6","[M + H]+",4,9.69590239757473e-06,91.7977279425509,3.47953385080381,88.3181940917471,"10","HLPCOTYSWJFYDT","CC(C)(CCC(=O)O)NC(=O)NC1=C(C=CC(=C1)[N+](=O)[O-])OC(F)F","4-[[2-(Difluoromethoxy)-5-nitrophenyl]carbamoylamino]-4-methylpentanoic acid",2.1,372,-510.66379740702,0.193396226415094,NA,"844253449477400093"
"844253532629477061","C14H17F2N3O6","[M + H]+",4,9.69590239757473e-06,91.7977279425509,3.47953385080381,88.3181940917471,"10","YMYJOCWHWAYWTB","CCNC(=O)C(C)NC(=O)C1=CC(=C(C=C1[N+](=O)[O-])OC(F)F)OC","4-(difluoromethoxy)-N-[1-(ethylamino)-1-oxopropan-2-yl]-5-methoxy-2-nitrobenzamide",2,428,-528.577304622241,0.197368421052632,NA,"844253449477400093"
"844253532629477061","C14H17F2N3O6","[M + H]+",4,9.69590239757473e-06,91.7977279425509,3.47953385080381,88.3181940917471,"10","YNLFTOUVPKSGBP","CCCNC(=O)CNC(=O)C1=CC(=C(C=C1[N+](=O)[O-])OC(F)F)OC","4-(difluoromethoxy)-5-methoxy-2-nitro-N-[2-oxo-2-(propylamino)ethyl]benzamide",2.2,446,-533.043468726128,0.199115044247788,NA,"844253449477400093"
"844253532629477061","C14H17F2N3O6","[M + H]+",4,9.69590239757473e-06,91.7977279425509,3.47953385080381,88.3181940917471,"10","SAPQPOWNBCHXIV","CCNC(=O)CN(C)C(=O)C1=CC(=C(C=C1[N+](=O)[O-])OC(F)F)OC","4-(difluoromethoxy)-N-[2-(ethylamino)-2-oxoethyl]-5-methoxy-N-methyl-2-nitrobenzamide",1.8,456,-538.273189186954,0.207207207207207,NA,"844253449477400093"
"844253532629477061","C14H17F2N3O6","[M + H]+",4,9.69590239757473e-06,91.7977279425509,3.47953385080381,88.3181940917471,"10","OZGOYTYDOKZRNL","COC1=C(C=C(C(=C1)C(=O)NCC2CNCC2O)[N+](=O)[O-])OC(F)F","4-(difluoromethoxy)-N-[(4-hydroxypyrrolidin-3-yl)methyl]-5-methoxy-2-nitrobenzamide",1.5,520,-567.228338203966,0.19831223628692,NA,"844253449477400093"
"844253532629477061","C14H17F2N3O6","[M + H]+",4,9.69590239757473e-06,91.7977279425509,3.47953385080381,88.3181940917471,"10","DPZIFPKPVOPRBQ","CC(C1C(C(C(O1)N2C=CC(=NC2=O)N)(F)F)OC(=O)C)OC(=O)C","[(2R,3R,5R)-2-[(1S)-1-acetyloxyethyl]-5-(4-amino-2-oxopyrimidin-1-yl)-4,4-difluorooxolan-3-yl] acetate",-0.3,578,-620.275384202333,0.166666666666667,NA,"844253449477400093"
"844253532629477061","C14H17F2N3O6","[M + H]+",4,9.69590239757473e-06,91.7977279425509,3.47953385080381,88.3181940917471,"10","HSDNLXGJTHTADB","C1=CN(C(=O)N=C1N)C2C(C(C(O2)COC(=O)CCCC=O)O)(F)F","[(2R,3R,5R)-5-(4-amino-2-oxopyrimidin-1-yl)-4,4-difluoro-3-hydroxyoxolan-2-yl]methyl 5-oxopentanoate",-1.6,591,-679.976018134395,0.159362549800797,NA,"844253449477400093"
"844253532629477061","C14H17F2N3O6","[M + H]+",4,9.69590239757473e-06,91.7977279425509,3.47953385080381,88.3181940917471,"10","COQIKROFTRQKPD","C1=CC(=CC=C1COC(=O)NC(CCCN)(C(F)F)C(=O)O)[N+](=O)[O-]","5-Amino-2-(difluoromethyl)-2-[(4-nitrophenyl)methoxycarbonylamino]pentanoic acid",-0.9,593,-695.512086322449,0.129707112970711,NA,"844253449477400093"
"844253532629477061","C14H17F2N3O6","[M + H]+",4,9.69590239757473e-06,91.7977279425509,3.47953385080381,88.3181940917471,"10","QBYZHSLKSKNBMT","C1=CN(C(=O)N=C1N)C2C(C(C(O2)CC(=O)CCCC(=O)O)O)(F)F","6-[(2R,5R)-5-(4-amino-2-oxopyrimidin-1-yl)-4,4-difluoro-3-hydroxyoxolan-2-yl]-5-oxohexanoic acid",-1.8,595,-701.484696025541,0.146153846153846,NA,"844253449477400093"
"844253532629477061","C14H17F2N3O6","[M + H]+",4,9.69590239757473e-06,91.7977279425509,3.47953385080381,88.3181940917471,"10","JTBRAGZZOUJIOM","C1=CC(=CC=C1COC(=O)NCCCC(C(F)F)(C(=O)O)N)[N+](=O)[O-]","2-Amino-2-(difluoromethyl)-5-[(4-nitrophenyl)methoxycarbonylamino]pentanoic acid",-0.9,596,-702.811776704634,0.132231404958678,NA,"844253449477400093"
"844253532629477061","C14H17F2N3O6","[M + H]+",4,9.69590239757473e-06,91.7977279425509,3.47953385080381,88.3181940917471,"10","JQDFOYOLKOJNIP","C1CN(CCC1(F)F)C(=O)C2C(C(C(O2)N3C=CC(=O)NC3=O)O)O","1-[(2R,3R,4S,5S)-5-(4,4-difluoropiperidine-1-carbonyl)-3,4-dihydroxyoxolan-2-yl]pyrimidine-2,4-dione",-1,597,-762.898429980692,0.141818181818182,NA,"844253449477400093"
"844253532629477062","C16H19N3O5Si","[M + H]+",5,8.5362753849519e-06,91.6703493546027,1.47517836193973,90.195170992663,"10",NA,NA,NA,NA,NA,NA,NA,NA,"844253449477400093"
"844253532629477063","C13H20FN3O6Si","[M + H]+",6,1.95133934614278e-06,90.1945405605133,3.75063308635317,86.4439074741601,"10",NA,NA,NA,NA,NA,NA,NA,NA,"844253449477400093"
"844253532629477064","C12H14F3N7O3","[M + H]+",7,6.38008958572562e-07,89.0766216254452,2.20374795094652,86.8728736744987,"10","CFYZNRWKQYLEBN","CN1C(=C(C(=N1)N2CC(C2)(C3=NC=NN3C)OC)[N+](=O)[O-])C(F)(F)F","5-[3-Methoxy-1-[1-methyl-4-nitro-5-(trifluoromethyl)pyrazol-3-yl]azetidin-3-yl]-1-methyl-1,2,4-triazole",0.5,2,-259.657961055237,0.324137931034483,Inf,"844253449477400093"
"844253532629477064","C12H14F3N7O3","[M + H]+",7,6.38008958572562e-07,89.0766216254452,2.20374795094652,86.8728736744987,"10","WSXZVUWPGPFFRD","CC1=NC(=NN1C2=NNC(=N2)C(F)(F)F)C(=O)NCC(C)(C)C(=O)O","2,2-dimethyl-3-[[5-methyl-1-[5-(trifluoromethyl)-1H-1,2,4-triazol-3-yl]-1,2,4-triazole-3-carbonyl]amino]propanoic acid",1.4,28,-349.275392664845,0.248484848484848,NA,"844253449477400093"
"844253532629477064","C12H14F3N7O3","[M + H]+",7,6.38008958572562e-07,89.0766216254452,2.20374795094652,86.8728736744987,"10","PHSLFFNBMPDTLL","CC1=NC(=NN1C2=NNC(=N2)C(F)(F)F)C(=O)N(C)C(C)(C)C(=O)O","2-methyl-2-[methyl-[5-methyl-1-[5-(trifluoromethyl)-1H-1,2,4-triazol-3-yl]-1,2,4-triazole-3-carbonyl]amino]propanoic acid",1.4,47,-371.65784045156,0.231707317073171,NA,"844253449477400093"
"844253532629477064","C12H14F3N7O3","[M + H]+",7,6.38008958572562e-07,89.0766216254452,2.20374795094652,86.8728736744987,"10","WXKDRRFOSNTCKL","CC1=NC(=NN1C2=NNC(=N2)C(F)(F)F)C(=O)N(CC(=O)O)C(C)C","2-[[5-methyl-1-[5-(trifluoromethyl)-1H-1,2,4-triazol-3-yl]-1,2,4-triazole-3-carbonyl]-propan-2-ylamino]acetic acid",1.6,51,-374.801206823727,0.244047619047619,NA,"844253449477400093"
"844253532629477064","C12H14F3N7O3","[M + H]+",7,6.38008958572562e-07,89.0766216254452,2.20374795094652,86.8728736744987,"10","RIVMOGGKOUBILA","C1=C(C(=O)NC(=O)N1CC(F)(F)F)CNC(=O)CCCC2=NNN=N2","N-[[2,4-dioxo-1-(2,2,2-trifluoroethyl)pyrimidin-5-yl]methyl]-4-(2H-tetrazol-5-yl)butanamide",-0.2,58,-379.911461040267,0.242774566473988,NA,"844253449477400093"
"844253532629477064","C12H14F3N7O3","[M + H]+",7,6.38008958572562e-07,89.0766216254452,2.20374795094652,86.8728736744987,"10","WLFUMOWTTXBNHH","CCC(C)(C(=O)O)NC(=O)C1=NN(C(=N1)C)C2=NNC(=N2)C(F)(F)F","2-methyl-2-[[5-methyl-1-[5-(trifluoromethyl)-1H-1,2,4-triazol-3-yl]-1,2,4-triazole-3-carbonyl]amino]butanoic acid",1.7,62,-383.508054533864,0.23121387283237,NA,"844253449477400093"
"844253532629477064","C12H14F3N7O3","[M + H]+",7,6.38008958572562e-07,89.0766216254452,2.20374795094652,86.8728736744987,"10","KDGIFBZCSXNMKY","CC1=NC(=NN1C2=NNC(=N2)C(F)(F)F)C(=O)NCC(C)CC(=O)O","3-methyl-4-[[5-methyl-1-[5-(trifluoromethyl)-1H-1,2,4-triazol-3-yl]-1,2,4-triazole-3-carbonyl]amino]butanoic acid",1.3,66,-386.33862463504,0.25,NA,"844253449477400093"
"844253532629477064","C12H14F3N7O3","[M + H]+",7,6.38008958572562e-07,89.0766216254452,2.20374795094652,86.8728736744987,"10","FWQFKNAIHMGGGE","CCCN(CC(=O)O)C(=O)C1=NN(C(=N1)C)C2=NNC(=N2)C(F)(F)F","2-[[5-methyl-1-[5-(trifluoromethyl)-1H-1,2,4-triazol-3-yl]-1,2,4-triazole-3-carbonyl]-propylamino]acetic acid",1.7,95,-410.568625423417,0.230337078651685,NA,"844253449477400093"
"844253532629477064","C12H14F3N7O3","[M + H]+",7,6.38008958572562e-07,89.0766216254452,2.20374795094652,86.8728736744987,"10","HTBCVVYYGFODDC","CC1=NC(=NN1C2=NNC(=N2)C(F)(F)F)C(=O)NC(C(C)C)C(=O)O","3-methyl-2-[[5-methyl-1-[5-(trifluoromethyl)-1H-1,2,4-triazol-3-yl]-1,2,4-triazole-3-carbonyl]amino]butanoic acid",2,160,-438.399856417846,0.214285714285714,NA,"844253449477400093"
"844253532629477064","C12H14F3N7O3","[M + H]+",7,6.38008958572562e-07,89.0766216254452,2.20374795094652,86.8728736744987,"10","KGFWOLWQESAWQX","CC1=NC(=NN1C2=NNC(=N2)C(F)(F)F)C(=O)NC(C)CCC(=O)O","4-[[5-methyl-1-[5-(trifluoromethyl)-1H-1,2,4-triazol-3-yl]-1,2,4-triazole-3-carbonyl]amino]pentanoic acid",1.3,203,-458.783059839991,0.240437158469945,NA,"844253449477400093"
"844253532629477064","C12H14F3N7O3","[M + H]+",7,6.38008958572562e-07,89.0766216254452,2.20374795094652,86.8728736744987,"10","IGPSHAHSHFVEGF","CC1=NC(=NN1C2=NNC(=N2)C(F)(F)F)C(=O)NCCCCC(=O)O","5-[[5-methyl-1-[5-(trifluoromethyl)-1H-1,2,4-triazol-3-yl]-1,2,4-triazole-3-carbonyl]amino]pentanoic acid",1.2,292,-482.98725790053,0.223958333333333,NA,"844253449477400093"
"844253532629477064","C12H14F3N7O3","[M + H]+",7,6.38008958572562e-07,89.0766216254452,2.20374795094652,86.8728736744987,"10","YQALYJYBDXGRTD","CCCC(C(=O)O)NC(=O)C1=NN(C(=N1)C)C2=NNC(=N2)C(F)(F)F","2-[[5-methyl-1-[5-(trifluoromethyl)-1H-1,2,4-triazol-3-yl]-1,2,4-triazole-3-carbonyl]amino]pentanoic acid",1.9,486,-552.326265902522,0.197115384615385,NA,"844253449477400093"
"844253532629477065","C11H18F3N3O7","[M + H]+",8,1.62877846045452e-07,87.7112698096433,1.90713883979721,85.804130969846,"10",NA,NA,NA,NA,NA,NA,NA,NA,"844253449477400093"
"844253532629477066","C20H15N3O4","[M + H]+",9,1.02087802679657e-07,87.2441025541334,0.663810366141003,86.5802921879924,"10",NA,NA,NA,NA,NA,NA,NA,NA,"844253449477400093"
"844253532629477067","C9H15N9O7","[M + H]+",10,6.42700559823912e-08,86.7813631309821,1.5247768093012,85.2565863216809,"10",NA,NA,NA,NA,NA,NA,NA,NA,"844253449477400093"
"844253498408150632","C17H19N3O4S","[M + H]+",1,0.789822402476175,90.598381118695,0,90.598381118695,"11","IXEQEYRTSRFZEO","CC1=CN=C(C(=C1OC)C)CS(=O)(=O)C2=NC3=C(N2)C=C(C=C3)OC","Omeprazole-d3 Sulfone",2.7485034,1,-17.6825648648503,0.953125,0,"844253449489983006"
"844253498408150632","C17H19N3O4S","[M + H]+",1,0.789822402476175,90.598381118695,0,90.598381118695,"11","QZVDQETYNOBUPJ","CC1=C[N+](=C(C(=C1OC)C)CS(=O)C2=NC3=C(N2)C=C(C=C3)OC)[O-]","Omeprazole-N-oxide",2.1600971,2,-19.9466869828388,0.9453125,Inf,"844253449489983006"
"844253498408150632","C17H19N3O4S","[M + H]+",1,0.789822402476175,90.598381118695,0,90.598381118695,"11","CMZHQFXXAAIBKE","CC1=C(C(=CN=C1CS(=O)C2=NC3=C(N2)C=C(C=C3)OC)CO)OC",NA,1.6791414,3,-30.5643200097661,0.931818181818182,NA,"844253449489983006"
"844253498408150632","C17H19N3O4S","[M + H]+",1,0.789822402476175,90.598381118695,0,90.598381118695,"11","IGVYIWUGJPECAJ","CC1=CN=C(C(=C1OC)CO)CS(=O)C2=NC3=C(N2)C=C(C=C3)OC","3-Hydroxyomeprazole",1.6791414,4,-36.4473864199166,0.917910447761194,NA,"844253449489983006"
"844253498408150632","C17H19N3O4S","[M + H]+",1,0.789822402476175,90.598381118695,0,90.598381118695,"11","VPFSKKMDDDYYOJ","CC1=CN=C(C(=C1OC)C)CS(=O)C2=NC3=C(N2)C=CC(=C3O)OC","5-methoxy-2-[(R)-(4-methoxy-3,5-dimethylpyridin-2-yl)methylsulfinyl]-1H-benzimidazol-4-ol",2.1978552,5,-246.449342745417,0.714285714285714,NA,"844253449489983006"
"844253498408150632","C17H19N3O4S","[M + H]+",1,0.789822402476175,90.598381118695,0,90.598381118695,"11","NRTYCXOOEJJVDJ","COC1=C(C=C(C=C1)NC(=O)CSC2=NC3=C(CCC3)C(=O)N2)OC","N-(3,4-dimethoxyphenyl)-2-[(4-oxo-4,5,6,7-tetrahydro-3H-cyclopenta[d]pyrimidin-2-yl)thio]acetamide",1.7,6,-394.144995572575,0.357512953367876,NA,"844253449489983006"
"844253498408150632","C17H19N3O4S","[M + H]+",1,0.789822402476175,90.598381118695,0,90.598381118695,"11","NJXRFXGANNWYRK","CC1=CC=C(C=C1)N(CC2=NCCN2)C3=CC(=CC=C3)OS(=O)(=O)O","[3-[N-(4,5-dihydro-1H-imidazol-2-ylmethyl)-4-methylanilino]phenyl] hydrogen sulfate",2,7,-510.758588859826,0.244186046511628,NA,"844253449489983006"
"844253498408150632","C17H19N3O4S","[M + H]+",1,0.789822402476175,90.598381118695,0,90.598381118695,"11","MQQOMKBMLHBDFG","CC1=NC=CC(=C1)NS(=O)(=O)C2=C(N=CC(=C2)C3=CCOCC3)OC","5-[3,6-dihydro-2H-pyran-4-yl]-2-methoxy-N-[2-methylpyridin-4-yl]pyridine-3-sulfonamide",1,8,-522.988353732825,0.317919075144509,NA,"844253449489983006"
"844253498408150632","C17H19N3O4S","[M + H]+",1,0.789822402476175,90.598381118695,0,90.598381118695,"11","HBLRAJANJGAMFQ","CC(C)CNC(=O)CC1=CSC(=N1)NC(=O)C2=CC3=C(C=C2)OCO3","N-(4-(2-(isobutylamino)-2-oxoethyl)thiazol-2-yl)benzo[d][1,3]dioxole-5-carboxamide",2.5,9,-568.298364109449,0.178137651821862,NA,"844253449489983006"
"844253498408150632","C17H19N3O4S","[M + H]+",1,0.789822402476175,90.598381118695,0,90.598381118695,"11","JHQLDSNFXOLZMD","C1CC1C(=O)N2CC3(C2)C4CN(CCN4C(=O)O3)C(=O)C5=CC=CS5","1'-(Cyclopropanecarbonyl)-7-(thiophene-2-carbonyl)spiro[5,6,8,8a-tetrahydro-[1,3]oxazolo[3,4-a]pyrazine-1,3'-azetidine]-3-one",0.5,10,-587.348188698426,0.126637554585153,NA,"844253449489983006"
"844253498408150632","C17H19N3O4S","[M + H]+",1,0.789822402476175,90.598381118695,0,90.598381118695,"11","ILAMKVUHWSQJHY","COC(=O)C1=CC=C(C=C1)OCC2N(CCS2)C(=O)CN3C=CN=C3","Methyl 4-((3-(1H-imidazol-1-ylacetyl)-2-thiazolidinyl)methoxy)benzoate",1.7,11,-604.742437527099,0.191489361702128,NA,"844253449489983006"
"844253498408150632","C17H19N3O4S","[M + H]+",1,0.789822402476175,90.598381118695,0,90.598381118695,"11","NVAYQDCPVGCOHV","C1CC(N(S(=O)(=O)C1)CC2=CC=C(C=C2)C3=CC=NC=C3)C(=O)NO","(3S)-N-hydroxy-1,1-dioxo-2-[(4-pyridin-4-ylphenyl)methyl]thiazinane-3-carboxamide",0.9,12,-616.815193810006,0.200892857142857,NA,"844253449489983006"
"844253498408150632","C17H19N3O4S","[M + H]+",1,0.789822402476175,90.598381118695,0,90.598381118695,"11","FZECHKJQHUVANE","CC1(C(N2C(S1)C(C2=O)NC(=O)C(C3=CC=CC=C3)N=C)C(=O)O)C","6-{[1-hydroxy-2-(methylideneamino)-2-phenylethylidene]amino}-3,3-dimethyl-7-oxo-4-thia-1-azabicyclo[3.2.0]heptane-2-carboxylic acid",1.2664139,13,-629.665241857602,0.111111111111111,NA,"844253449489983006"
"844253498408150632","C17H19N3O4S","[M + H]+",1,0.789822402476175,90.598381118695,0,90.598381118695,"11","FPMHRRFSGYKNIU","COC1=CC=C(C=C1)CN2CC3C(C2)OC4=C(C=CC=N4)S(=O)(=O)N3","5-[(4-methoxyphenyl)methyl]-2-oxa-9λ⁶-thia-5,8,14-triazatricyclo[8.4.0.0³,⁷]tetradeca-1(10),11,13-triene-9,9-dione",1.3,14,-655.423718302584,0.280172413793103,NA,"844253449489983006"
"844253498408150632","C17H19N3O4S","[M + H]+",1,0.789822402476175,90.598381118695,0,90.598381118695,"11","IVXQTEPGJVXVMS","CCOC1=CC=C(C=C1)NC(=S)NN=C(C)C2=C(C(=C(C=C2)O)O)O","1-(4-ethoxyphenyl)-3-[(E)-1-(2,3,4-trihydroxyphenyl)ethylideneamino]thiourea",2.7,16,-709.398322678334,0.211538461538462,NA,"844253449489983006"
"844253498408150633","C14H20FN3O5S","[M + H]+",2,0.147818808682679,88.9225602635801,0,88.9225602635801,"11","GGHVBHNNEHVTBO","C1=CC(=CC=C1CNNC(=S)NC2C(C(C(C(O2)CO)O)O)O)F","1-[(4-fluorophenyl)methylamino]-3-[(2R,3R,4S,5S,6R)-3,4,5-trihydroxy-6-(hydroxymethyl)oxan-2-yl]thiourea",-0.8,15,-660.139288558453,0.147679324894515,NA,"844253449489983006"
"844253498408150634","C14H22ClN4O3S","[M + H]+",3,0.0587232725223316,87.9994091192185,0,87.9994091192185,"11",NA,NA,NA,NA,NA,NA,NA,NA,"844253449489983006"
"844253498408150635","C16H24ClNO4S","[M + H]+",4,0.00363371284698886,85.2168279539108,0,85.2168279539108,"11",NA,NA,NA,NA,NA,NA,NA,NA,"844253449489983006"
"844253498408150636","C15H13F2N7O2","[M + H]+",5,1.79820433415286e-06,77.6056063013554,3.26536761666194,74.3402386846935,"11",NA,NA,NA,NA,NA,NA,NA,NA,"844253449489983006"
"844253498408150637","C20H15N3O4","[M + H]+",6,3.89218419371743e-09,71.4700329369764,0.399530762051165,71.0705021749252,"11",NA,NA,NA,NA,NA,NA,NA,NA,"844253449489983006"
"844253498408150638","C14H17F2N3O6","[M + H]+",7,6.95917668665128e-10,69.7485385297421,3.43698926690603,66.3115492628361,"11",NA,NA,NA,NA,NA,NA,NA,NA,"844253449489983006"
"844253498408150639","C19H20ClNO4","[M + H]+",8,4.38257666517918e-10,69.2861141856816,0,69.2861141856816,"11",NA,NA,NA,NA,NA,NA,NA,NA,"844253449489983006"
"844253498408150640","C13H19N3O9","[M + H]+",9,7.6210475759585e-11,67.5368060989559,1.66578522768508,65.8710208712709,"11",NA,NA,NA,NA,NA,NA,NA,NA,"844253449489983006"
"844253498408150641","C12H14F3N7O3","[M + H]+",10,5.3475451501459e-11,67.1825298667104,2.28774614103888,64.8947837256715,"11",NA,NA,NA,NA,NA,NA,NA,NA,"844253449489983006"
"844253563323393800","C17H19N3O4S","[M + H]+",1,0.924769332301948,120.602635889996,4.64478748870205,115.957848401294,"12","QZVDQETYNOBUPJ","CC1=C[N+](=C(C(=C1OC)C)CS(=O)C2=NC3=C(N2)C=C(C=C3)OC)[O-]","Omeprazole-N-oxide",2.1600971,1,-21.832978035876,0.930232558139535,0,"844253449506760223"
"844253563323393800","C17H19N3O4S","[M + H]+",1,0.924769332301948,120.602635889996,4.64478748870205,115.957848401294,"12","IXEQEYRTSRFZEO","CC1=CN=C(C(=C1OC)C)CS(=O)(=O)C2=NC3=C(N2)C=C(C=C3)OC","Omeprazole-d3 Sulfone",2.7485034,2,-22.7332693199389,0.937984496124031,Inf,"844253449506760223"
"844253563323393800","C17H19N3O4S","[M + H]+",1,0.924769332301948,120.602635889996,4.64478748870205,115.957848401294,"12","CMZHQFXXAAIBKE","CC1=C(C(=CN=C1CS(=O)C2=NC3=C(N2)C=C(C=C3)OC)CO)OC",NA,1.6791414,3,-25.1954878737993,0.931818181818182,NA,"844253449506760223"
"844253563323393800","C17H19N3O4S","[M + H]+",1,0.924769332301948,120.602635889996,4.64478748870205,115.957848401294,"12","IGVYIWUGJPECAJ","CC1=CN=C(C(=C1OC)CO)CS(=O)C2=NC3=C(N2)C=C(C=C3)OC","3-Hydroxyomeprazole",1.6791414,4,-31.3026733033228,0.917910447761194,NA,"844253449506760223"
"844253563323393800","C17H19N3O4S","[M + H]+",1,0.924769332301948,120.602635889996,4.64478748870205,115.957848401294,"12","VPFSKKMDDDYYOJ","CC1=CN=C(C(=C1OC)C)CS(=O)C2=NC3=C(N2)C=CC(=C3O)OC","5-methoxy-2-[(R)-(4-methoxy-3,5-dimethylpyridin-2-yl)methylsulfinyl]-1H-benzimidazol-4-ol",2.1978552,5,-249.227041729019,0.714285714285714,NA,"844253449506760223"
"844253563323393800","C17H19N3O4S","[M + H]+",1,0.924769332301948,120.602635889996,4.64478748870205,115.957848401294,"12","NRTYCXOOEJJVDJ","COC1=C(C=C(C=C1)NC(=O)CSC2=NC3=C(CCC3)C(=O)N2)OC","N-(3,4-dimethoxyphenyl)-2-[(4-oxo-4,5,6,7-tetrahydro-3H-cyclopenta[d]pyrimidin-2-yl)thio]acetamide",1.7,6,-421.238766772317,0.350515463917526,NA,"844253449506760223"
"844253563323393800","C17H19N3O4S","[M + H]+",1,0.924769332301948,120.602635889996,4.64478748870205,115.957848401294,"12","NJXRFXGANNWYRK","CC1=CC=C(C=C1)N(CC2=NCCN2)C3=CC(=CC=C3)OS(=O)(=O)O","[3-[N-(4,5-dihydro-1H-imidazol-2-ylmethyl)-4-methylanilino]phenyl] hydrogen sulfate",2,7,-545.458105171914,0.244186046511628,NA,"844253449506760223"
"844253563323393800","C17H19N3O4S","[M + H]+",1,0.924769332301948,120.602635889996,4.64478748870205,115.957848401294,"12","MQQOMKBMLHBDFG","CC1=NC=CC(=C1)NS(=O)(=O)C2=C(N=CC(=C2)C3=CCOCC3)OC","5-[3,6-dihydro-2H-pyran-4-yl]-2-methoxy-N-[2-methylpyridin-4-yl]pyridine-3-sulfonamide",1,8,-559.700050998166,0.317919075144509,NA,"844253449506760223"
"844253563323393800","C17H19N3O4S","[M + H]+",1,0.924769332301948,120.602635889996,4.64478748870205,115.957848401294,"12","HBLRAJANJGAMFQ","CC(C)CNC(=O)CC1=CSC(=N1)NC(=O)C2=CC3=C(C=C2)OCO3","N-(4-(2-(isobutylamino)-2-oxoethyl)thiazol-2-yl)benzo[d][1,3]dioxole-5-carboxamide",2.5,9,-576.474445821287,0.178137651821862,NA,"844253449506760223"
"844253563323393800","C17H19N3O4S","[M + H]+",1,0.924769332301948,120.602635889996,4.64478748870205,115.957848401294,"12","JHQLDSNFXOLZMD","C1CC1C(=O)N2CC3(C2)C4CN(CCN4C(=O)O3)C(=O)C5=CC=CS5","1'-(Cyclopropanecarbonyl)-7-(thiophene-2-carbonyl)spiro[5,6,8,8a-tetrahydro-[1,3]oxazolo[3,4-a]pyrazine-1,3'-azetidine]-3-one",0.5,10,-603.109837115372,0.126637554585153,NA,"844253449506760223"
"844253563323393800","C17H19N3O4S","[M + H]+",1,0.924769332301948,120.602635889996,4.64478748870205,115.957848401294,"12","ILAMKVUHWSQJHY","COC(=O)C1=CC=C(C=C1)OCC2N(CCS2)C(=O)CN3C=CN=C3","Methyl 4-((3-(1H-imidazol-1-ylacetyl)-2-thiazolidinyl)methoxy)benzoate",1.7,11,-617.384176119498,0.191489361702128,NA,"844253449506760223"
"844253563323393800","C17H19N3O4S","[M + H]+",1,0.924769332301948,120.602635889996,4.64478748870205,115.957848401294,"12","FZECHKJQHUVANE","CC1(C(N2C(S1)C(C2=O)NC(=O)C(C3=CC=CC=C3)N=C)C(=O)O)C","6-{[1-hydroxy-2-(methylideneamino)-2-phenylethylidene]amino}-3,3-dimethyl-7-oxo-4-thia-1-azabicyclo[3.2.0]heptane-2-carboxylic acid",1.2664139,12,-637.439024999021,0.111111111111111,NA,"844253449506760223"
"844253563323393800","C17H19N3O4S","[M + H]+",1,0.924769332301948,120.602635889996,4.64478748870205,115.957848401294,"12","NVAYQDCPVGCOHV","C1CC(N(S(=O)(=O)C1)CC2=CC=C(C=C2)C3=CC=NC=C3)C(=O)NO","(3S)-N-hydroxy-1,1-dioxo-2-[(4-pyridin-4-ylphenyl)methyl]thiazinane-3-carboxamide",0.9,13,-643.450559803318,0.200892857142857,NA,"844253449506760223"
"844253563323393800","C17H19N3O4S","[M + H]+",1,0.924769332301948,120.602635889996,4.64478748870205,115.957848401294,"12","FPMHRRFSGYKNIU","COC1=CC=C(C=C1)CN2CC3C(C2)OC4=C(C=CC=N4)S(=O)(=O)N3","5-[(4-methoxyphenyl)methyl]-2-oxa-9λ⁶-thia-5,8,14-triazatricyclo[8.4.0.0³,⁷]tetradeca-1(10),11,13-triene-9,9-dione",1.3,14,-685.443762769431,0.274678111587983,NA,"844253449506760223"
"844253563323393800","C17H19N3O4S","[M + H]+",1,0.924769332301948,120.602635889996,4.64478748870205,115.957848401294,"12","IVXQTEPGJVXVMS","CCOC1=CC=C(C=C1)NC(=S)NN=C(C)C2=C(C(=C(C=C2)O)O)O","1-(4-ethoxyphenyl)-3-[(E)-1-(2,3,4-trihydroxyphenyl)ethylideneamino]thiourea",2.7,15,-729.501680914251,0.211538461538462,NA,"844253449506760223"
"844253563323393801","C14H20FN3O5S","[M + H]+",2,0.0752306676762758,118.093650516732,5.35442618532389,112.739224331408,"12","GGHVBHNNEHVTBO","C1=CC(=CC=C1CNNC(=S)NC2C(C(C(C(O2)CO)O)O)O)F","1-[(4-fluorophenyl)methylamino]-3-[(2R,3R,4S,5S,6R)-3,4,5-trihydroxy-6-(hydroxymethyl)oxan-2-yl]thiourea",-0.8,16,-768.972450485427,0.153526970954357,NA,"844253449506760223"
"844253563323393802","C15H13F2N7O2","[M + H]+",3,2.17688411916991e-11,96.1303053613533,2.72557689575703,93.4047284655962,"12",NA,NA,NA,NA,NA,NA,NA,NA,"844253449506760223"
"844253563323393803","C14H17F2N3O6","[M + H]+",4,3.5761671803244e-15,87.4163620450057,3.22344145304411,84.1929205919616,"12",NA,NA,NA,NA,NA,NA,NA,NA,"844253449506760223"
"844253563323393804","C16H19N3O5Si","[M + H]+",5,1.7115382861914e-15,86.679462986838,0.468744761653635,86.2107182251844,"12",NA,NA,NA,NA,NA,NA,NA,NA,"844253449506760223"
"844253563323393805","C13H20FN3O6Si","[M + H]+",6,1.09975431618409e-15,86.2371572440719,3.11330180826857,83.1238554358034,"12",NA,NA,NA,NA,NA,NA,NA,NA,"844253449506760223"
"844253563323393806","C11H18F3N3O7","[M + H]+",7,5.08333567576455e-16,85.4654530203346,2.49842438002986,82.9670286403047,"12",NA,NA,NA,NA,NA,NA,NA,NA,"844253449506760223"
"844253563323393807","C9H15N9O7","[M + H]+",8,3.84126323793092e-16,85.1852866258558,1.81871176387202,83.3665748619838,"12",NA,NA,NA,NA,NA,NA,NA,NA,"844253449506760223"
"844253563323393808","C10H16FN9O3S","[M + H]+",9,1.53066482018706e-16,84.2651875091678,4.20595906209683,80.059228447071,"12",NA,NA,NA,NA,NA,NA,NA,NA,"844253449506760223"
"844253563323393809","C15H24NO5PS","[M + H]+",10,1.46627954411412e-16,84.2222136153642,4.97722973362142,79.2449838817428,"12",NA,NA,NA,NA,NA,NA,NA,NA,"844253449506760223"
"844253529664104120","C17H19N3O4S","[M + H]+",1,0.979675066581694,132.853914181423,5.6143281787618,127.239586002662,"13","QZVDQETYNOBUPJ","CC1=C[N+](=C(C(=C1OC)C)CS(=O)C2=NC3=C(N2)C=C(C=C3)OC)[O-]","Omeprazole-N-oxide",2.1600971,1,-21.7546293606589,0.930232558139535,0,"844253449515148832"
"844253529664104120","C17H19N3O4S","[M + H]+",1,0.979675066581694,132.853914181423,5.6143281787618,127.239586002662,"13","IXEQEYRTSRFZEO","CC1=CN=C(C(=C1OC)C)CS(=O)(=O)C2=NC3=C(N2)C=C(C=C3)OC","Omeprazole-d3 Sulfone",2.7485034,2,-24.007184659784,0.937984496124031,Inf,"844253449515148832"
"844253529664104120","C17H19N3O4S","[M + H]+",1,0.979675066581694,132.853914181423,5.6143281787618,127.239586002662,"13","CMZHQFXXAAIBKE","CC1=C(C(=CN=C1CS(=O)C2=NC3=C(N2)C=C(C=C3)OC)CO)OC",NA,1.6791414,3,-26.0189830346128,0.931818181818182,NA,"844253449515148832"
"844253529664104120","C17H19N3O4S","[M + H]+",1,0.979675066581694,132.853914181423,5.6143281787618,127.239586002662,"13","IGVYIWUGJPECAJ","CC1=CN=C(C(=C1OC)CO)CS(=O)C2=NC3=C(N2)C=C(C=C3)OC","3-Hydroxyomeprazole",1.6791414,4,-31.8606816844259,0.917910447761194,NA,"844253449515148832"
"844253529664104120","C17H19N3O4S","[M + H]+",1,0.979675066581694,132.853914181423,5.6143281787618,127.239586002662,"13","VPFSKKMDDDYYOJ","CC1=CN=C(C(=C1OC)C)CS(=O)C2=NC3=C(N2)C=CC(=C3O)OC","5-methoxy-2-[(R)-(4-methoxy-3,5-dimethylpyridin-2-yl)methylsulfinyl]-1H-benzimidazol-4-ol",2.1978552,5,-247.184155624912,0.714285714285714,NA,"844253449515148832"
"844253529664104120","C17H19N3O4S","[M + H]+",1,0.979675066581694,132.853914181423,5.6143281787618,127.239586002662,"13","NRTYCXOOEJJVDJ","COC1=C(C=C(C=C1)NC(=O)CSC2=NC3=C(CCC3)C(=O)N2)OC","N-(3,4-dimethoxyphenyl)-2-[(4-oxo-4,5,6,7-tetrahydro-3H-cyclopenta[d]pyrimidin-2-yl)thio]acetamide",1.7,6,-419.30572114835,0.350515463917526,NA,"844253449515148832"
"844253529664104120","C17H19N3O4S","[M + H]+",1,0.979675066581694,132.853914181423,5.6143281787618,127.239586002662,"13","NJXRFXGANNWYRK","CC1=CC=C(C=C1)N(CC2=NCCN2)C3=CC(=CC=C3)OS(=O)(=O)O","[3-[N-(4,5-dihydro-1H-imidazol-2-ylmethyl)-4-methylanilino]phenyl] hydrogen sulfate",2,7,-547.825394472123,0.244186046511628,NA,"844253449515148832"
"844253529664104120","C17H19N3O4S","[M + H]+",1,0.979675066581694,132.853914181423,5.6143281787618,127.239586002662,"13","MQQOMKBMLHBDFG","CC1=NC=CC(=C1)NS(=O)(=O)C2=C(N=CC(=C2)C3=CCOCC3)OC","5-[3,6-dihydro-2H-pyran-4-yl]-2-methoxy-N-[2-methylpyridin-4-yl]pyridine-3-sulfonamide",1,8,-556.935473219076,0.317919075144509,NA,"844253449515148832"
"844253529664104120","C17H19N3O4S","[M + H]+",1,0.979675066581694,132.853914181423,5.6143281787618,127.239586002662,"13","HBLRAJANJGAMFQ","CC(C)CNC(=O)CC1=CSC(=N1)NC(=O)C2=CC3=C(C=C2)OCO3","N-(4-(2-(isobutylamino)-2-oxoethyl)thiazol-2-yl)benzo[d][1,3]dioxole-5-carboxamide",2.5,9,-576.97309056752,0.178137651821862,NA,"844253449515148832"
"844253529664104120","C17H19N3O4S","[M + H]+",1,0.979675066581694,132.853914181423,5.6143281787618,127.239586002662,"13","JHQLDSNFXOLZMD","C1CC1C(=O)N2CC3(C2)C4CN(CCN4C(=O)O3)C(=O)C5=CC=CS5","1'-(Cyclopropanecarbonyl)-7-(thiophene-2-carbonyl)spiro[5,6,8,8a-tetrahydro-[1,3]oxazolo[3,4-a]pyrazine-1,3'-azetidine]-3-one",0.5,10,-603.93144027203,0.126637554585153,NA,"844253449515148832"
"844253529664104120","C17H19N3O4S","[M + H]+",1,0.979675066581694,132.853914181423,5.6143281787618,127.239586002662,"13","ILAMKVUHWSQJHY","COC(=O)C1=CC=C(C=C1)OCC2N(CCS2)C(=O)CN3C=CN=C3","Methyl 4-((3-(1H-imidazol-1-ylacetyl)-2-thiazolidinyl)methoxy)benzoate",1.7,11,-623.002057416532,0.191489361702128,NA,"844253449515148832"
"844253529664104120","C17H19N3O4S","[M + H]+",1,0.979675066581694,132.853914181423,5.6143281787618,127.239586002662,"13","FZECHKJQHUVANE","CC1(C(N2C(S1)C(C2=O)NC(=O)C(C3=CC=CC=C3)N=C)C(=O)O)C","6-{[1-hydroxy-2-(methylideneamino)-2-phenylethylidene]amino}-3,3-dimethyl-7-oxo-4-thia-1-azabicyclo[3.2.0]heptane-2-carboxylic acid",1.2664139,12,-641.568526779828,0.111111111111111,NA,"844253449515148832"
"844253529664104120","C17H19N3O4S","[M + H]+",1,0.979675066581694,132.853914181423,5.6143281787618,127.239586002662,"13","NVAYQDCPVGCOHV","C1CC(N(S(=O)(=O)C1)CC2=CC=C(C=C2)C3=CC=NC=C3)C(=O)NO","(3S)-N-hydroxy-1,1-dioxo-2-[(4-pyridin-4-ylphenyl)methyl]thiazinane-3-carboxamide",0.9,13,-644.111709811554,0.200892857142857,NA,"844253449515148832"
"844253529664104120","C17H19N3O4S","[M + H]+",1,0.979675066581694,132.853914181423,5.6143281787618,127.239586002662,"13","FPMHRRFSGYKNIU","COC1=CC=C(C=C1)CN2CC3C(C2)OC4=C(C=CC=N4)S(=O)(=O)N3","5-[(4-methoxyphenyl)methyl]-2-oxa-9λ⁶-thia-5,8,14-triazatricyclo[8.4.0.0³,⁷]tetradeca-1(10),11,13-triene-9,9-dione",1.3,14,-689.988662018019,0.274678111587983,NA,"844253449515148832"
"844253529664104120","C17H19N3O4S","[M + H]+",1,0.979675066581694,132.853914181423,5.6143281787618,127.239586002662,"13","IVXQTEPGJVXVMS","CCOC1=CC=C(C=C1)NC(=S)NN=C(C)C2=C(C(=C(C=C2)O)O)O","1-(4-ethoxyphenyl)-3-[(E)-1-(2,3,4-trihydroxyphenyl)ethylideneamino]thiourea",2.7,15,-731.805136458068,0.211538461538462,NA,"844253449515148832"
"844253529664104121","C14H20FN3O5S","[M + H]+",2,0.0203249334018599,128.978541608218,5.40696619614405,123.571575412074,"13","GGHVBHNNEHVTBO","C1=CC(=CC=C1CNNC(=S)NC2C(C(C(C(O2)CO)O)O)O)F","1-[(4-fluorophenyl)methylamino]-3-[(2R,3R,4S,5S,6R)-3,4,5-trihydroxy-6-(hydroxymethyl)oxan-2-yl]thiourea",-0.8,16,-788.945994057541,0.1440329218107,NA,"844253449515148832"
"844253529664104122","C15H13F2N7O2","[M + H]+",3,1.64438020931645e-11,108.043376026267,3.21050188174337,104.832874144524,"13",NA,NA,NA,NA,NA,NA,NA,NA,"844253449515148832"
"844253529664104123","C19H17F2NO4","[M + H]+",4,1.47243299950849e-15,98.7225882478482,1.27016586392354,97.4524223839247,"13",NA,NA,NA,NA,NA,NA,NA,NA,"844253449515148832"
"844253529664104124","C16H19N3O5Si","[M + H]+",5,4.75411624236916e-16,97.5920978406545,2.90853992994915,94.6835579107054,"13",NA,NA,NA,NA,NA,NA,NA,NA,"844253449515148832"
"844253529664104125","C13H20FN3O6Si","[M + H]+",6,9.96805090482665e-17,96.029886996391,4.73577740168937,91.2941095947016,"13",NA,NA,NA,NA,NA,NA,NA,NA,"844253449515148832"
"844253529664104126","C14H17F2N3O6","[M + H]+",7,7.68101072884274e-17,95.7692530713528,3.07687201538687,92.692381055966,"13",NA,NA,NA,NA,NA,NA,NA,NA,"844253449515148832"
"844253529664104127","C11H18F3N3O7","[M + H]+",8,3.90703167689986e-18,92.7906947583101,1.45177107437951,91.3389236839306,"13",NA,NA,NA,NA,NA,NA,NA,NA,"844253449515148832"
"844253529664104128","C9H15N9O7","[M + H]+",9,2.65155708707871e-18,92.4030638820107,0.668094680679865,91.7349692013308,"13",NA,NA,NA,NA,NA,NA,NA,NA,"844253449515148832"
"844253529664104129","C15H24NO5PS","[M + H]+",10,2.07999588298825e-18,92.1602827489191,5.1630393475689,86.9972434013502,"13",NA,NA,NA,NA,NA,NA,NA,NA,"844253449515148832"
"844253529123038894","C17H19N3O4S","[M + H]+",1,0.949829448573165,122.495500494832,0,122.495500494832,"14","QZVDQETYNOBUPJ","CC1=C[N+](=C(C(=C1OC)C)CS(=O)C2=NC3=C(N2)C=C(C=C3)OC)[O-]","Omeprazole-N-oxide",2.1600971,1,-20.1504766515488,0.9375,0,"844253449523537441"
"844253529123038894","C17H19N3O4S","[M + H]+",1,0.949829448573165,122.495500494832,0,122.495500494832,"14","IXEQEYRTSRFZEO","CC1=CN=C(C(=C1OC)C)CS(=O)(=O)C2=NC3=C(N2)C=C(C=C3)OC","Omeprazole-d3 Sulfone",2.7485034,2,-20.5818392505027,0.9453125,Inf,"844253449523537441"
"844253529123038894","C17H19N3O4S","[M + H]+",1,0.949829448573165,122.495500494832,0,122.495500494832,"14","CMZHQFXXAAIBKE","CC1=C(C(=CN=C1CS(=O)C2=NC3=C(N2)C=C(C=C3)OC)CO)OC",NA,1.6791414,3,-25.4490811534751,0.924242424242424,NA,"844253449523537441"
"844253529123038894","C17H19N3O4S","[M + H]+",1,0.949829448573165,122.495500494832,0,122.495500494832,"14","IGVYIWUGJPECAJ","CC1=CN=C(C(=C1OC)CO)CS(=O)C2=NC3=C(N2)C=C(C=C3)OC","3-Hydroxyomeprazole",1.6791414,4,-31.3773978134335,0.91044776119403,NA,"844253449523537441"
"844253529123038894","C17H19N3O4S","[M + H]+",1,0.949829448573165,122.495500494832,0,122.495500494832,"14","VPFSKKMDDDYYOJ","CC1=CN=C(C(=C1OC)C)CS(=O)C2=NC3=C(N2)C=CC(=C3O)OC","5-methoxy-2-[(R)-(4-methoxy-3,5-dimethylpyridin-2-yl)methylsulfinyl]-1H-benzimidazol-4-ol",2.1978552,5,-253.371618486614,0.719178082191781,NA,"844253449523537441"
"844253529123038894","C17H19N3O4S","[M + H]+",1,0.949829448573165,122.495500494832,0,122.495500494832,"14","NRTYCXOOEJJVDJ","COC1=C(C=C(C=C1)NC(=O)CSC2=NC3=C(CCC3)C(=O)N2)OC","N-(3,4-dimethoxyphenyl)-2-[(4-oxo-4,5,6,7-tetrahydro-3H-cyclopenta[d]pyrimidin-2-yl)thio]acetamide",1.7,6,-423.122348610016,0.352331606217617,NA,"844253449523537441"
"844253529123038894","C17H19N3O4S","[M + H]+",1,0.949829448573165,122.495500494832,0,122.495500494832,"14","NJXRFXGANNWYRK","CC1=CC=C(C=C1)N(CC2=NCCN2)C3=CC(=CC=C3)OS(=O)(=O)O","[3-[N-(4,5-dihydro-1H-imidazol-2-ylmethyl)-4-methylanilino]phenyl] hydrogen sulfate",2,7,-542.313209495831,0.245614035087719,NA,"844253449523537441"
"844253529123038894","C17H19N3O4S","[M + H]+",1,0.949829448573165,122.495500494832,0,122.495500494832,"14","MQQOMKBMLHBDFG","CC1=NC=CC(=C1)NS(=O)(=O)C2=C(N=CC(=C2)C3=CCOCC3)OC","5-[3,6-dihydro-2H-pyran-4-yl]-2-methoxy-N-[2-methylpyridin-4-yl]pyridine-3-sulfonamide",1,8,-554.568055608652,0.319767441860465,NA,"844253449523537441"
"844253529123038894","C17H19N3O4S","[M + H]+",1,0.949829448573165,122.495500494832,0,122.495500494832,"14","HBLRAJANJGAMFQ","CC(C)CNC(=O)CC1=CSC(=N1)NC(=O)C2=CC3=C(C=C2)OCO3","N-(4-(2-(isobutylamino)-2-oxoethyl)thiazol-2-yl)benzo[d][1,3]dioxole-5-carboxamide",2.5,9,-579.463749178894,0.178861788617886,NA,"844253449523537441"
"844253529123038894","C17H19N3O4S","[M + H]+",1,0.949829448573165,122.495500494832,0,122.495500494832,"14","JHQLDSNFXOLZMD","C1CC1C(=O)N2CC3(C2)C4CN(CCN4C(=O)O3)C(=O)C5=CC=CS5","1'-(Cyclopropanecarbonyl)-7-(thiophene-2-carbonyl)spiro[5,6,8,8a-tetrahydro-[1,3]oxazolo[3,4-a]pyrazine-1,3'-azetidine]-3-one",0.5,10,-604.073464201133,0.12719298245614,NA,"844253449523537441"
"844253529123038894","C17H19N3O4S","[M + H]+",1,0.949829448573165,122.495500494832,0,122.495500494832,"14","ILAMKVUHWSQJHY","COC(=O)C1=CC=C(C=C1)OCC2N(CCS2)C(=O)CN3C=CN=C3","Methyl 4-((3-(1H-imidazol-1-ylacetyl)-2-thiazolidinyl)methoxy)benzoate",1.7,11,-618.025586677051,0.192307692307692,NA,"844253449523537441"
"844253529123038894","C17H19N3O4S","[M + H]+",1,0.949829448573165,122.495500494832,0,122.495500494832,"14","NVAYQDCPVGCOHV","C1CC(N(S(=O)(=O)C1)CC2=CC=C(C=C2)C3=CC=NC=C3)C(=O)NO","(3S)-N-hydroxy-1,1-dioxo-2-[(4-pyridin-4-ylphenyl)methyl]thiazinane-3-carboxamide",0.9,12,-641.464300917812,0.201793721973094,NA,"844253449523537441"
"844253529123038894","C17H19N3O4S","[M + H]+",1,0.949829448573165,122.495500494832,0,122.495500494832,"14","FZECHKJQHUVANE","CC1(C(N2C(S1)C(C2=O)NC(=O)C(C3=CC=CC=C3)N=C)C(=O)O)C","6-{[1-hydroxy-2-(methylideneamino)-2-phenylethylidene]amino}-3,3-dimethyl-7-oxo-4-thia-1-azabicyclo[3.2.0]heptane-2-carboxylic acid",1.2664139,13,-642.045921084539,0.111524163568773,NA,"844253449523537441"
"844253529123038894","C17H19N3O4S","[M + H]+",1,0.949829448573165,122.495500494832,0,122.495500494832,"14","FPMHRRFSGYKNIU","COC1=CC=C(C=C1)CN2CC3C(C2)OC4=C(C=CC=N4)S(=O)(=O)N3","5-[(4-methoxyphenyl)methyl]-2-oxa-9λ⁶-thia-5,8,14-triazatricyclo[8.4.0.0³,⁷]tetradeca-1(10),11,13-triene-9,9-dione",1.3,14,-682.821730132848,0.275862068965517,NA,"844253449523537441"
"844253529123038894","C17H19N3O4S","[M + H]+",1,0.949829448573165,122.495500494832,0,122.495500494832,"14","IVXQTEPGJVXVMS","CCOC1=CC=C(C=C1)NC(=S)NN=C(C)C2=C(C(=C(C=C2)O)O)O","1-(4-ethoxyphenyl)-3-[(E)-1-(2,3,4-trihydroxyphenyl)ethylideneamino]thiourea",2.7,15,-729.002868657835,0.21256038647343,NA,"844253449523537441"
"844253529123038895","C14H20FN3O5S","[M + H]+",2,0.0417327700290195,119.370504726371,0,119.370504726371,"14","GGHVBHNNEHVTBO","C1=CC(=CC=C1CNNC(=S)NC2C(C(C(C(O2)CO)O)O)O)F","1-[(4-fluorophenyl)methylamino]-3-[(2R,3R,4S,5S,6R)-3,4,5-trihydroxy-6-(hydroxymethyl)oxan-2-yl]thiourea",-0.8,16,-776.870112596516,0.144628099173554,NA,"844253449523537441"
"844253529123038896","C16H24ClNO4S","[M + H]+",3,0.00840226155178181,117.767718956139,0,117.767718956139,"14",NA,NA,NA,NA,NA,NA,NA,NA,"844253449523537441"
"844253529123038897","C14H22ClN4O3S","[M + H]+",4,3.55148603772748e-05,112.301413986258,0,112.301413986258,"14",NA,NA,NA,NA,NA,NA,NA,NA,"844253449523537441"
"844253529127233202","C15H13F2N7O2","[M + H]+",5,4.96464304493733e-09,103.426048896848,2.29047793775454,101.135570959093,"14",NA,NA,NA,NA,NA,NA,NA,NA,"844253449523537441"
"844253529127233203","C19H17F2NO4","[M + H]+",6,2.09829041986809e-11,97.9596602376239,1.62742761734438,96.3322326202795,"14",NA,NA,NA,NA,NA,NA,NA,NA,"844253449523537441"
"844253529127233204","C20H15N3O4","[M + H]+",7,1.79057791300826e-14,90.8933204554122,2.0978514789498,88.7954689764624,"14",NA,NA,NA,NA,NA,NA,NA,NA,"844253449523537441"
"844253529127233205","C19H20ClNO4","[M + H]+",8,6.8208168933392e-15,89.9281761820076,0,89.9281761820076,"14",NA,NA,NA,NA,NA,NA,NA,NA,"844253449523537441"
"844253529127233206","C16H19N3O5Si","[M + H]+",9,3.62993129198909e-15,89.2974106585142,0,89.2974106585142,"14",NA,NA,NA,NA,NA,NA,NA,NA,"844253449523537441"
"844253529127233207","C14H17F2N3O6","[M + H]+",10,9.13957867837274e-16,87.9182261331946,0.718419389016371,87.1998067441783,"14",NA,NA,NA,NA,NA,NA,NA,NA,"844253449523537441"
"844253538149181132","C15H13F2N7O2","[M + H]+",1,0.99876942835798,103.42457184604,2.80291848089646,100.621653365144,"15",NA,NA,NA,NA,NA,NA,NA,NA,"844253449531926050"
"844253538149181133","C19H17F2NO4","[M + H]+",2,0.00112253897723731,96.633640960103,1.90437242916101,94.729268530942,"15","AYIZPDXXYIFMQC","C1=CC=C2C(=C1)C(C3=CC=CC=C32)COC(=O)NC(CC(F)F)C(=O)O","(R)-2-(9H-Fluoren-9-ylmethoxycarbonylamino)-4,4-difluoro-butyric acid",3.9,19,-473.490064817372,0.125,NA,"844253449531926050"
"844253538149181134","C20H15N3O4","[M + H]+",3,6.67519129097827e-05,93.8112755721869,1.52119875818365,92.2900768140033,"15","OKLQCZBOAHZABU","COC1=CC=C(C=C1)N2C(=C(C(=O)NC2=O)C=C3C=NC4=CC=CC=C43)O","6-Hydroxy-5-(indol-3-ylidenemethyl)-1-(4-methoxyphenyl)pyrimidine-2,4-dione",1.8,1,-275.286964761017,0.401360544217687,0,"844253449531926050"
"844253538149181134","C20H15N3O4","[M + H]+",3,6.67519129097827e-05,93.8112755721869,1.52119875818365,92.2900768140033,"15","XBESKJZOHAWRHS","COC1=CC=CC(=C1)N2C(=C(C(=O)NC2=O)C=C3C=NC4=CC=CC=C43)O","6-Hydroxy-5-(indol-3-ylidenemethyl)-1-(3-methoxyphenyl)pyrimidine-2,4-dione",1.8,2,-284.776774344023,0.391891891891892,2,"844253449531926050"
"844253538149181134","C20H15N3O4","[M + H]+",3,6.67519129097827e-05,93.8112755721869,1.52119875818365,92.2900768140033,"15","PUDYPYSNBKKWCZ","COC1=CC=C(C=C1)N2C3=C(C=CC(=N3)C4=CC=CC=C4O)C(=O)NC2=O","7-(2-hydroxyphenyl)-1-(4-methoxyphenyl)-1H,2H,3H,4H-pyrido[2,3-d]pyrimidine-2,4-dione",2.7,3,-336.895087572492,0.379310344827586,Inf,"844253449531926050"
"844253538149181134","C20H15N3O4","[M + H]+",3,6.67519129097827e-05,93.8112755721869,1.52119875818365,92.2900768140033,"15","AOEIQEHYOZILKV","COC1=CC=CC(=C1)C(=O)NC2=CC=C(C=C2)C3=NN=C(O3)C4=CC=CO4","N-{4-[5-(furan-2-yl)-1,3,4-oxadiazol-2-yl]phenyl}-3-methoxybenzamide",3,4,-353.586411749003,0.28804347826087,NA,"844253449531926050"
"844253538149181134","C20H15N3O4","[M + H]+",3,6.67519129097827e-05,93.8112755721869,1.52119875818365,92.2900768140033,"15","JONQCFJPPWOWOJ","C1=CC=C(C=C1)C2=C(C3=CC=CC=C3N2)CC4=NC(=C(C(=O)N4)O)C(=O)O","5,6-Dihydroxy-2-[(2-Phenyl-1h-Indol-3-Yl)methyl]pyrimidine-4-Carboxylic Acid",2.8,5,-356.127335335367,0.274285714285714,NA,"844253449531926050"
"844253538149181134","C20H15N3O4","[M + H]+",3,6.67519129097827e-05,93.8112755721869,1.52119875818365,92.2900768140033,"15","MDOQJLLAKJRIGD","C1=CC2=C(C=C1O)NC=C2C3C(C(=O)NC3=O)C4=CNC5=C4C=CC(=C5)O","Dihydroarcyriarubin C",1.9,6,-357.770822731277,0.32484076433121,NA,"844253449531926050"
"844253538149181134","C20H15N3O4","[M + H]+",3,6.67519129097827e-05,93.8112755721869,1.52119875818365,92.2900768140033,"15","MUKZNQTVLXQHRH","COC1=CC(=C(C=C1)C2=C3C(=C4C=CC(=O)C=C4O3)N=C5C2=CNN5)OC","4-(2,4-dimethoxyphenyl)-1H-benzofuro[3,2-b]pyrazolo[4,3-e]pyridin-7-ol",1,7,-364.172648374496,0.360824742268041,NA,"844253449531926050"
"844253538149181134","C20H15N3O4","[M + H]+",3,6.67519129097827e-05,93.8112755721869,1.52119875818365,92.2900768140033,"15","QWNCUDVCMGPFRR","C1CN(C2=NC3=CC=CC=C3N21)C(=O)COC4=CC5=C(C=C4)C=CC(=O)O5","7-(2-oxo-2-{2,5,7-triazatricyclo[6.4.0.0²,⁶]dodeca-1(12),6,8,10-tetraen-5-yl}ethoxy)-2H-chromen-2-one",2.5,8,-366.025336519016,0.362694300518135,NA,"844253449531926050"
"844253538149181134","C20H15N3O4","[M + H]+",3,6.67519129097827e-05,93.8112755721869,1.52119875818365,92.2900768140033,"15","XQLMMQLYXOMQKO","COC1=CC2=C(C=C1)C(=O)N3CCC4=C(C3=N2)NC5=CC6=C(C=C45)OCO6","Orisuaveoline B",2.8,9,-366.902603448076,0.422222222222222,NA,"844253449531926050"
"844253538149181134","C20H15N3O4","[M + H]+",3,6.67519129097827e-05,93.8112755721869,1.52119875818365,92.2900768140033,"15","BNMWBRJGVFOWDK","CC(=O)NC1=NC(=NC2=C1C(=O)OC3=CC=CC=C32)C4=CC=C(C=C4)OC","N-[2-(4-methoxyphenyl)-5-oxo-5H-chromeno[4,3-d]pyrimidin-4-yl]acetamide",3,10,-376.654592205531,0.32258064516129,NA,"844253449531926050"
"844253538149181134","C20H15N3O4","[M + H]+",3,6.67519129097827e-05,93.8112755721869,1.52119875818365,92.2900768140033,"15","KRROWEKGYCWUAM","CN1C2=CC=CC=C2C(=O)C(=C3C(=CC4=CC=CC=C4O)C(=O)NN3)C1=O","(3Z)-3-[(4Z)-4-[(2-hydroxyphenyl)methylidene]-5-oxopyrazolidin-3-ylidene]-1-methylquinoline-2,4-dione",2.2,11,-408.604480742372,0.241379310344828,NA,"844253449531926050"
"844253538149181134","C20H15N3O4","[M + H]+",3,6.67519129097827e-05,93.8112755721869,1.52119875818365,92.2900768140033,"15","RZZUAVPTAVWZIS","CN1C2=CC=CC=C2C(=O)C(=C3C(=CC4=CC(=CC=C4)O)C(=O)NN3)C1=O","(3Z)-3-[(4Z)-4-[(3-hydroxyphenyl)methylidene]-5-oxopyrazolidin-3-ylidene]-1-methylquinoline-2,4-dione",2.2,12,-414.705235158114,0.247126436781609,NA,"844253449531926050"
"844253538149181134","C20H15N3O4","[M + H]+",3,6.67519129097827e-05,93.8112755721869,1.52119875818365,92.2900768140033,"15","QGKXNGVWALRPSW","CN1C2=CC=CC=C2C(=O)C(=C3C(=CC4=CC=C(C=C4)O)C(=O)NN3)C1=O","(3Z)-3-[(4Z)-4-[(4-hydroxyphenyl)methylidene]-5-oxopyrazolidin-3-ylidene]-1-methylquinoline-2,4-dione",2.2,13,-422.170546758012,0.242937853107345,NA,"844253449531926050"
"844253538149181134","C20H15N3O4","[M + H]+",3,6.67519129097827e-05,93.8112755721869,1.52119875818365,92.2900768140033,"15","FKYLJDMNMOWTMN","COC1=C(C=C(C=C1)C2=C3C(=C4C=CC(=O)C=C4O3)N=C5C2=CNN5)OC","4-(3,4-dimethoxyphenyl)-1H-benzofuro[3,2-b]pyrazolo[4,3-e]pyridin-7-ol",1,14,-427.210863192254,0.318627450980392,NA,"844253449531926050"
"844253538149181134","C20H15N3O4","[M + H]+",3,6.67519129097827e-05,93.8112755721869,1.52119875818365,92.2900768140033,"15","BGVFJHZLNUVXJW","CN1C2=NC3=C4C=CC(=O)C=C4OC3=C(C2=CN1)C5=CC(=C(C=C5)OC)O","4-(3-hydroxy-4-methoxyphenyl)-1-methyl-1H-benzofuro[3,2-b]pyrazolo[4,3-e]pyridin-7-ol",0.8,15,-436.90889079642,0.336683417085427,NA,"844253449531926050"
"844253538149181135","C16H19N3O5Si","[M + H]+",4,3.37532718153308e-05,93.1293699727891,2.03028344741192,91.0990865253772,"15",NA,NA,NA,NA,NA,NA,NA,NA,"844253449531926050"
"844253538149181136","C13H20FN3O6Si","[M + H]+",5,3.65347297815056e-06,90.9059708335603,2.73603338199639,88.1699374515639,"15",NA,NA,NA,NA,NA,NA,NA,NA,"844253449531926050"
"844253538149181137","C14H17F2N3O6","[M + H]+",6,3.51649692775567e-06,90.8677579205929,1.67395472775441,89.1938031928385,"15",NA,NA,NA,NA,NA,NA,NA,NA,"844253449531926050"
"844253538149181138","C11H18F3N3O7","[M + H]+",7,1.47638485901857e-07,87.6973039612815,0,87.6973039612815,"15",NA,NA,NA,NA,NA,NA,NA,NA,"844253449531926050"
"844253538153375443","C13H19N3O9","[M + H]+",8,1.07641319575901e-07,87.3813419234534,0,87.3813419234534,"15",NA,NA,NA,NA,NA,NA,NA,NA,"844253449531926050"
"844253538153375444","C9H15N9O7","[M + H]+",9,9.83113862805626e-08,87.2906771909045,0,87.2906771909045,"15",NA,NA,NA,NA,NA,NA,NA,NA,"844253449531926050"
"844253538153375445","C22H16FNO3","[M + H]+",10,2.64414304014154e-09,83.6748843589389,1.97955003437481,81.6953343245641,"15",NA,NA,NA,NA,NA,NA,NA,NA,"844253449531926050"
"844253499104405106","C17H19N3O4S","[M + H]+",1,0.877497143611252,65.6711606879604,0,65.6711606879604,"16","IXEQEYRTSRFZEO","CC1=CN=C(C(=C1OC)C)CS(=O)(=O)C2=NC3=C(N2)C=C(C=C3)OC","Omeprazole-d3 Sulfone",2.7485034,1,-19.6739447837528,0.9375,0,"844253449540314659"
"844253499104405106","C17H19N3O4S","[M + H]+",1,0.877497143611252,65.6711606879604,0,65.6711606879604,"16","QZVDQETYNOBUPJ","CC1=C[N+](=C(C(=C1OC)C)CS(=O)C2=NC3=C(N2)C=C(C=C3)OC)[O-]","Omeprazole-N-oxide",2.1600971,2,-25.9192411542986,0.9296875,Inf,"844253449540314659"
"844253499104405106","C17H19N3O4S","[M + H]+",1,0.877497143611252,65.6711606879604,0,65.6711606879604,"16","CMZHQFXXAAIBKE","CC1=C(C(=CN=C1CS(=O)C2=NC3=C(N2)C=C(C=C3)OC)CO)OC",NA,1.6791414,3,-33.0872632017171,0.916666666666667,NA,"844253449540314659"
"844253499104405106","C17H19N3O4S","[M + H]+",1,0.877497143611252,65.6711606879604,0,65.6711606879604,"16","IGVYIWUGJPECAJ","CC1=CN=C(C(=C1OC)CO)CS(=O)C2=NC3=C(N2)C=C(C=C3)OC","3-Hydroxyomeprazole",1.6791414,4,-36.7435034144807,0.902985074626866,NA,"844253449540314659"
"844253499104405106","C17H19N3O4S","[M + H]+",1,0.877497143611252,65.6711606879604,0,65.6711606879604,"16","VPFSKKMDDDYYOJ","CC1=CN=C(C(=C1OC)C)CS(=O)C2=NC3=C(N2)C=CC(=C3O)OC","5-methoxy-2-[(R)-(4-methoxy-3,5-dimethylpyridin-2-yl)methylsulfinyl]-1H-benzimidazol-4-ol",2.1978552,5,-244.338816941253,0.712328767123288,NA,"844253449540314659"
"844253499104405106","C17H19N3O4S","[M + H]+",1,0.877497143611252,65.6711606879604,0,65.6711606879604,"16","NRTYCXOOEJJVDJ","COC1=C(C=C(C=C1)NC(=O)CSC2=NC3=C(CCC3)C(=O)N2)OC","N-(3,4-dimethoxyphenyl)-2-[(4-oxo-4,5,6,7-tetrahydro-3H-cyclopenta[d]pyrimidin-2-yl)thio]acetamide",1.7,6,-355.469138944451,0.347150259067358,NA,"844253449540314659"
"844253499104405106","C17H19N3O4S","[M + H]+",1,0.877497143611252,65.6711606879604,0,65.6711606879604,"16","NJXRFXGANNWYRK","CC1=CC=C(C=C1)N(CC2=NCCN2)C3=CC(=CC=C3)OS(=O)(=O)O","[3-[N-(4,5-dihydro-1H-imidazol-2-ylmethyl)-4-methylanilino]phenyl] hydrogen sulfate",2,7,-418.931692129845,0.247058823529412,NA,"844253449540314659"
"844253499104405106","C17H19N3O4S","[M + H]+",1,0.877497143611252,65.6711606879604,0,65.6711606879604,"16","MQQOMKBMLHBDFG","CC1=NC=CC(=C1)NS(=O)(=O)C2=C(N=CC(=C2)C3=CCOCC3)OC","5-[3,6-dihydro-2H-pyran-4-yl]-2-methoxy-N-[2-methylpyridin-4-yl]pyridine-3-sulfonamide",1,8,-466.156486250585,0.321637426900585,NA,"844253449540314659"
"844253499104405106","C17H19N3O4S","[M + H]+",1,0.877497143611252,65.6711606879604,0,65.6711606879604,"16","ILAMKVUHWSQJHY","COC(=O)C1=CC=C(C=C1)OCC2N(CCS2)C(=O)CN3C=CN=C3","Methyl 4-((3-(1H-imidazol-1-ylacetyl)-2-thiazolidinyl)methoxy)benzoate",1.7,9,-576.111742651986,0.1931330472103,NA,"844253449540314659"
"844253499104405106","C17H19N3O4S","[M + H]+",1,0.877497143611252,65.6711606879604,0,65.6711606879604,"16","HBLRAJANJGAMFQ","CC(C)CNC(=O)CC1=CSC(=N1)NC(=O)C2=CC3=C(C=C2)OCO3","N-(4-(2-(isobutylamino)-2-oxoethyl)thiazol-2-yl)benzo[d][1,3]dioxole-5-carboxamide",2.5,10,-577.361614432286,0.179591836734694,NA,"844253449540314659"
"844253499104405106","C17H19N3O4S","[M + H]+",1,0.877497143611252,65.6711606879604,0,65.6711606879604,"16","JHQLDSNFXOLZMD","C1CC1C(=O)N2CC3(C2)C4CN(CCN4C(=O)O3)C(=O)C5=CC=CS5","1'-(Cyclopropanecarbonyl)-7-(thiophene-2-carbonyl)spiro[5,6,8,8a-tetrahydro-[1,3]oxazolo[3,4-a]pyrazine-1,3'-azetidine]-3-one",0.5,11,-594.539173955489,0.127753303964758,NA,"844253449540314659"
"844253499104405106","C17H19N3O4S","[M + H]+",1,0.877497143611252,65.6711606879604,0,65.6711606879604,"16","FPMHRRFSGYKNIU","COC1=CC=C(C=C1)CN2CC3C(C2)OC4=C(C=CC=N4)S(=O)(=O)N3","5-[(4-methoxyphenyl)methyl]-2-oxa-9λ⁶-thia-5,8,14-triazatricyclo[8.4.0.0³,⁷]tetradeca-1(10),11,13-triene-9,9-dione",1.3,12,-603.99499899341,0.271551724137931,NA,"844253449540314659"
"844253499104405106","C17H19N3O4S","[M + H]+",1,0.877497143611252,65.6711606879604,0,65.6711606879604,"16","NVAYQDCPVGCOHV","C1CC(N(S(=O)(=O)C1)CC2=CC=C(C=C2)C3=CC=NC=C3)C(=O)NO","(3S)-N-hydroxy-1,1-dioxo-2-[(4-pyridin-4-ylphenyl)methyl]thiazinane-3-carboxamide",0.9,14,-608.624612788612,0.202702702702703,NA,"844253449540314659"
"844253499104405106","C17H19N3O4S","[M + H]+",1,0.877497143611252,65.6711606879604,0,65.6711606879604,"16","FZECHKJQHUVANE","CC1(C(N2C(S1)C(C2=O)NC(=O)C(C3=CC=CC=C3)N=C)C(=O)O)C","6-{[1-hydroxy-2-(methylideneamino)-2-phenylethylidene]amino}-3,3-dimethyl-7-oxo-4-thia-1-azabicyclo[3.2.0]heptane-2-carboxylic acid",1.2664139,15,-661.477374281327,0.111940298507463,NA,"844253449540314659"
"844253499104405106","C17H19N3O4S","[M + H]+",1,0.877497143611252,65.6711606879604,0,65.6711606879604,"16","IVXQTEPGJVXVMS","CCOC1=CC=C(C=C1)NC(=S)NN=C(C)C2=C(C(=C(C=C2)O)O)O","1-(4-ethoxyphenyl)-3-[(E)-1-(2,3,4-trihydroxyphenyl)ethylideneamino]thiourea",2.7,16,-686.560537983671,0.207729468599034,NA,"844253449540314659"
"844253499104405107","C14H20FN3O5S","[M + H]+",2,0.12244489476902,63.7017480779264,0,63.7017480779264,"16","GGHVBHNNEHVTBO","C1=CC(=CC=C1CNNC(=S)NC2C(C(C(C(O2)CO)O)O)O)F","1-[(4-fluorophenyl)methylamino]-3-[(2R,3R,4S,5S,6R)-3,4,5-trihydroxy-6-(hydroxymethyl)oxan-2-yl]thiourea",-0.8,13,-608.58407258013,0.180995475113122,NA,"844253449540314659"
"844253499104405108","C9H15N9O7","[M + H]+",3,2.07731176505551e-05,55.0199914389525,0,55.0199914389525,"16",NA,NA,NA,NA,NA,NA,NA,NA,"844253449540314659"
"844253499104405109","C15H13F2N7O2","[M + H]+",4,2.01377721931109e-05,54.9889289739272,0,54.9889289739272,"16",NA,NA,NA,NA,NA,NA,NA,NA,"844253449540314659"
"844253499104405110","C11H18F3N3O7","[M + H]+",5,1.05519093276327e-05,54.3426385312573,0,54.3426385312573,"16",NA,NA,NA,NA,NA,NA,NA,NA,"844253449540314659"
"844253499104405111","C14H17F2N3O6","[M + H]+",6,5.50914701713666e-06,53.6927415136413,0,53.6927415136413,"16",NA,NA,NA,NA,NA,NA,NA,NA,"844253449540314659"
"844253499104405112","C11H20N7O3PS","[M + H]+",7,4.077463228867e-07,51.0892216532074,0,51.0892216532074,"16",NA,NA,NA,NA,NA,NA,NA,NA,"844253449540314659"
"844253499104405113","C17H16FN3O5","[M + H]+",8,1.79788949507239e-07,50.2703600900388,0,50.2703600900388,"16",NA,NA,NA,NA,NA,NA,NA,NA,"844253449540314659"
"844253499104405114","C10H16FN9O3S","[M + H]+",9,1.01428302929991e-07,49.6979286036128,0,49.6979286036128,"16",NA,NA,NA,NA,NA,NA,NA,NA,"844253449540314659"
"844253499104405115","C12H19F4N3O3S","[M + H]+",10,8.0417215598478e-08,49.4658047074281,0,49.4658047074281,"16",NA,NA,NA,NA,NA,NA,NA,NA,"844253449540314659"
"844253538392450774","C17H19N3O4S","[M + H]+",1,0.385697812581986,53.6713184173733,0,53.6713184173733,"17","IXEQEYRTSRFZEO","CC1=CN=C(C(=C1OC)C)CS(=O)(=O)C2=NC3=C(N2)C=C(C=C3)OC","Omeprazole-d3 Sulfone",2.7485034,1,-26.8256373341058,0.96031746031746,0,"844253449544508964"
"844253538392450774","C17H19N3O4S","[M + H]+",1,0.385697812581986,53.6713184173733,0,53.6713184173733,"17","QZVDQETYNOBUPJ","CC1=C[N+](=C(C(=C1OC)C)CS(=O)C2=NC3=C(N2)C=C(C=C3)OC)[O-]","Omeprazole-N-oxide",2.1600971,2,-32.0340409248685,0.921875,Inf,"844253449544508964"
"844253538392450774","C17H19N3O4S","[M + H]+",1,0.385697812581986,53.6713184173733,0,53.6713184173733,"17","CMZHQFXXAAIBKE","CC1=C(C(=CN=C1CS(=O)C2=NC3=C(N2)C=C(C=C3)OC)CO)OC",NA,1.6791414,3,-45.5594063766196,0.880597014925373,NA,"844253449544508964"
"844253538392450774","C17H19N3O4S","[M + H]+",1,0.385697812581986,53.6713184173733,0,53.6713184173733,"17","IGVYIWUGJPECAJ","CC1=CN=C(C(=C1OC)CO)CS(=O)C2=NC3=C(N2)C=C(C=C3)OC","3-Hydroxyomeprazole",1.6791414,4,-48.292313370355,0.867647058823529,NA,"844253449544508964"
"844253538392450774","C17H19N3O4S","[M + H]+",1,0.385697812581986,53.6713184173733,0,53.6713184173733,"17","VPFSKKMDDDYYOJ","CC1=CN=C(C(=C1OC)C)CS(=O)C2=NC3=C(N2)C=CC(=C3O)OC","5-methoxy-2-[(R)-(4-methoxy-3,5-dimethylpyridin-2-yl)methylsulfinyl]-1H-benzimidazol-4-ol",2.1978552,5,-229.165104807861,0.717241379310345,NA,"844253449544508964"
"844253538392450774","C17H19N3O4S","[M + H]+",1,0.385697812581986,53.6713184173733,0,53.6713184173733,"17","NRTYCXOOEJJVDJ","COC1=C(C=C(C=C1)NC(=O)CSC2=NC3=C(CCC3)C(=O)N2)OC","N-(3,4-dimethoxyphenyl)-2-[(4-oxo-4,5,6,7-tetrahydro-3H-cyclopenta[d]pyrimidin-2-yl)thio]acetamide",1.7,8,-335.738562345617,0.356020942408377,NA,"844253449544508964"
"844253538392450774","C17H19N3O4S","[M + H]+",1,0.385697812581986,53.6713184173733,0,53.6713184173733,"17","NJXRFXGANNWYRK","CC1=CC=C(C=C1)N(CC2=NCCN2)C3=CC(=CC=C3)OS(=O)(=O)O","[3-[N-(4,5-dihydro-1H-imidazol-2-ylmethyl)-4-methylanilino]phenyl] hydrogen sulfate",2,16,-399.851573650164,0.255952380952381,NA,"844253449544508964"
"844253538392450774","C17H19N3O4S","[M + H]+",1,0.385697812581986,53.6713184173733,0,53.6713184173733,"17","MQQOMKBMLHBDFG","CC1=NC=CC(=C1)NS(=O)(=O)C2=C(N=CC(=C2)C3=CCOCC3)OC","5-[3,6-dihydro-2H-pyran-4-yl]-2-methoxy-N-[2-methylpyridin-4-yl]pyridine-3-sulfonamide",1,19,-416.296957032409,0.331360946745562,NA,"844253449544508964"
"844253538392450774","C17H19N3O4S","[M + H]+",1,0.385697812581986,53.6713184173733,0,53.6713184173733,"17","ILAMKVUHWSQJHY","COC(=O)C1=CC=C(C=C1)OCC2N(CCS2)C(=O)CN3C=CN=C3","Methyl 4-((3-(1H-imidazol-1-ylacetyl)-2-thiazolidinyl)methoxy)benzoate",1.7,32,-589.871258508859,0.199134199134199,NA,"844253449544508964"
"844253538392450774","C17H19N3O4S","[M + H]+",1,0.385697812581986,53.6713184173733,0,53.6713184173733,"17","NVAYQDCPVGCOHV","C1CC(N(S(=O)(=O)C1)CC2=CC=C(C=C2)C3=CC=NC=C3)C(=O)NO","(3S)-N-hydroxy-1,1-dioxo-2-[(4-pyridin-4-ylphenyl)methyl]thiazinane-3-carboxamide",0.9,33,-592.452710954508,0.214611872146119,NA,"844253449544508964"
"844253538392450774","C17H19N3O4S","[M + H]+",1,0.385697812581986,53.6713184173733,0,53.6713184173733,"17","JHQLDSNFXOLZMD","C1CC1C(=O)N2CC3(C2)C4CN(CCN4C(=O)O3)C(=O)C5=CC=CS5","1'-(Cyclopropanecarbonyl)-7-(thiophene-2-carbonyl)spiro[5,6,8,8a-tetrahydro-[1,3]oxazolo[3,4-a]pyrazine-1,3'-azetidine]-3-one",0.5,34,-593.947331082004,0.133333333333333,NA,"844253449544508964"
"844253538392450774","C17H19N3O4S","[M + H]+",1,0.385697812581986,53.6713184173733,0,53.6713184173733,"17","FPMHRRFSGYKNIU","COC1=CC=C(C=C1)CN2CC3C(C2)OC4=C(C=CC=N4)S(=O)(=O)N3","5-[(4-methoxyphenyl)methyl]-2-oxa-9λ⁶-thia-5,8,14-triazatricyclo[8.4.0.0³,⁷]tetradeca-1(10),11,13-triene-9,9-dione",1.3,36,-605.527391020403,0.278260869565217,NA,"844253449544508964"
"844253538392450774","C17H19N3O4S","[M + H]+",1,0.385697812581986,53.6713184173733,0,53.6713184173733,"17","HBLRAJANJGAMFQ","CC(C)CNC(=O)CC1=CSC(=N1)NC(=O)C2=CC3=C(C=C2)OCO3","N-(4-(2-(isobutylamino)-2-oxoethyl)thiazol-2-yl)benzo[d][1,3]dioxole-5-carboxamide",2.5,37,-608.742484645898,0.185185185185185,NA,"844253449544508964"
"844253538392450774","C17H19N3O4S","[M + H]+",1,0.385697812581986,53.6713184173733,0,53.6713184173733,"17","IVXQTEPGJVXVMS","CCOC1=CC=C(C=C1)NC(=S)NN=C(C)C2=C(C(=C(C=C2)O)O)O","1-(4-ethoxyphenyl)-3-[(E)-1-(2,3,4-trihydroxyphenyl)ethylideneamino]thiourea",2.7,38,-703.93999236029,0.20873786407767,NA,"844253449544508964"
"844253538392450774","C17H19N3O4S","[M + H]+",1,0.385697812581986,53.6713184173733,0,53.6713184173733,"17","FZECHKJQHUVANE","CC1(C(N2C(S1)C(C2=O)NC(=O)C(C3=CC=CC=C3)N=C)C(=O)O)C","6-{[1-hydroxy-2-(methylideneamino)-2-phenylethylidene]amino}-3,3-dimethyl-7-oxo-4-thia-1-azabicyclo[3.2.0]heptane-2-carboxylic acid",1.2664139,40,-708.013100366243,0.116541353383459,NA,"844253449544508964"
"844253538392450775","C14H20FN3O5S","[M + H]+",2,0.225567206454684,53.1348823710671,0,53.1348823710671,"17","GGHVBHNNEHVTBO","C1=CC(=CC=C1CNNC(=S)NC2C(C(C(C(O2)CO)O)O)O)F","1-[(4-fluorophenyl)methylamino]-3-[(2R,3R,4S,5S,6R)-3,4,5-trihydroxy-6-(hydroxymethyl)oxan-2-yl]thiourea",-0.8,35,-595.265383423727,0.194312796208531,NA,"844253449544508964"
"844253538392450776","C15H13F2N7O2","[M + H]+",3,0.2103644923435,53.0651059274645,0,53.0651059274645,"17",NA,NA,NA,NA,NA,NA,NA,NA,"844253449544508964"
"844253538392450777","C16H24ClNO4S","[M + H]+",4,0.103496949665406,52.3558063639082,0,52.3558063639082,"17",NA,NA,NA,NA,NA,NA,NA,NA,"844253449544508964"
"844253538392450778","C19H20ClNO4","[M + H]+",5,0.0375821319186517,51.3427929459849,0,51.3427929459849,"17","IIBYAHWJQTYFKB","CC(C)(C(=O)O)OC1=CC=C(C=C1)CCNC(=O)C2=CC=C(C=C2)Cl","2-(4-{2-[(4-chlorophenyl)formamido]ethyl}phenoxy)-2-methylpropanoic acid",3.9519973,27,-472.086236084817,0.264864864864865,NA,"844253449544508964"
"844253538392450778","C19H20ClNO4","[M + H]+",5,0.0375821319186517,51.3427929459849,0,51.3427929459849,"17","AIEFQKOARQRACO","COC1=C(C=C(C=C1)Cl)C(=O)NCCC2=CC=C(C=C2)CCC(=O)O","4-(2-((5-Chloro-2-methoxybenzoyl)amino)ethyl)hydrocinnamic acid",3.9219666,30,-512.699276380338,0.287292817679558,NA,"844253449544508964"
"844253538392450778","C19H20ClNO4","[M + H]+",5,0.0375821319186517,51.3427929459849,0,51.3427929459849,"17","UJJQITPMXKBFPK","COCC1CN(C(=O)O1)C2=CC=C(C=C2)OCCC3=CC(=CC=C3)Cl","3-(4-(2-(3-Chlorophenyl)ethoxy)phenyl)-5-(methoxymethyl)-2-oxazolidinone",3.9,31,-567.17259294583,0.335260115606936,NA,"844253449544508964"
"844253538392450778","C19H20ClNO4","[M + H]+",5,0.0375821319186517,51.3427929459849,0,51.3427929459849,"17","HRPJZDTZANKXQI","CN1CCC2=C3C1CC4=CC(=C(C=C4C3=C(C(=C2Cl)O)OC)OC)O","3-chloro-1,10-dimethoxy-6-methyl-5,6,6a,7-tetrahydro-4H-dibenzo[de,g]quinoline-2,9-diol",3.3,39,-707.455105153233,0.193965517241379,NA,"844253449544508964"
"844253538392450778","C19H20ClNO4","[M + H]+",5,0.0375821319186517,51.3427929459849,0,51.3427929459849,"17","AEEHDSUHDMQXJG","CCOC1=CC=C(C=C1)N(CCCC(=O)O)C(=O)C2=CC=C(C=C2)Cl","BUTYRIC ACID, 4-(p-CHLORO-N-(p-ETHOXYPHENYL)BENZAMIDO)-",4.159865,41,-714.136693911116,0.242424242424242,NA,"844253449544508964"
"844253538392450778","C19H20ClNO4","[M + H]+",5,0.0375821319186517,51.3427929459849,0,51.3427929459849,"17","BRAYONMLLDRORF","CC(C)COC(=O)C1C2C=CC3(C1C(=O)N(C3)C4=CC(=CC=C4)Cl)O2","2-methylpropyl (1S,5R,6R,7R)-3-(3-chlorophenyl)-4-oxo-10-oxa-3-azatricyclo[5.2.1.01,5]dec-8-ene-6-carboxylate",2.6,43,-788.786728004859,0.231818181818182,NA,"844253449544508964"
"844253538392450778","C19H20ClNO4","[M + H]+",5,0.0375821319186517,51.3427929459849,0,51.3427929459849,"17","BMUQWGQUKLMRNI","CCCCOC(=O)C1C2C=CC3(C1C(=O)N(C3)C4=CC=CC=C4Cl)O2","butyl (1S,5R,6S,7S)-3-(2-chlorophenyl)-4-oxo-10-oxa-3-azatricyclo[5.2.1.01,5]dec-8-ene-6-carboxylate",2.5,44,-795.367338718268,0.228310502283105,NA,"844253449544508964"
"844253538392450779","C20H15N3O4","[M + H]+",6,0.0349885207757033,51.2712842533248,0.951909058960668,50.3193751943641,"17","XBESKJZOHAWRHS","COC1=CC=CC(=C1)N2C(=C(C(=O)NC2=O)C=C3C=NC4=CC=CC=C43)O","6-Hydroxy-5-(indol-3-ylidenemethyl)-1-(3-methoxyphenyl)pyrimidine-2,4-dione",1.8,6,-304.638008198928,0.463768115942029,NA,"844253449544508964"
"844253538392450779","C20H15N3O4","[M + H]+",6,0.0349885207757033,51.2712842533248,0.951909058960668,50.3193751943641,"17","OKLQCZBOAHZABU","COC1=CC=C(C=C1)N2C(=C(C(=O)NC2=O)C=C3C=NC4=CC=CC=C43)O","6-Hydroxy-5-(indol-3-ylidenemethyl)-1-(4-methoxyphenyl)pyrimidine-2,4-dione",1.8,7,-316.239796617079,0.442857142857143,NA,"844253449544508964"
"844253538392450779","C20H15N3O4","[M + H]+",6,0.0349885207757033,51.2712842533248,0.951909058960668,50.3193751943641,"17","PUDYPYSNBKKWCZ","COC1=CC=C(C=C1)N2C3=C(C=CC(=N3)C4=CC=CC=C4O)C(=O)NC2=O","7-(2-hydroxyphenyl)-1-(4-methoxyphenyl)-1H,2H,3H,4H-pyrido[2,3-d]pyrimidine-2,4-dione",2.7,9,-362.223172900528,0.413173652694611,NA,"844253449544508964"
"844253538392450779","C20H15N3O4","[M + H]+",6,0.0349885207757033,51.2712842533248,0.951909058960668,50.3193751943641,"17","MUKZNQTVLXQHRH","COC1=CC(=C(C=C1)C2=C3C(=C4C=CC(=O)C=C4O3)N=C5C2=CNN5)OC","4-(2,4-dimethoxyphenyl)-1H-benzofuro[3,2-b]pyrazolo[4,3-e]pyridin-7-ol",1,10,-369.248836897078,0.361256544502618,NA,"844253449544508964"
"844253538392450779","C20H15N3O4","[M + H]+",6,0.0349885207757033,51.2712842533248,0.951909058960668,50.3193751943641,"17","XQLMMQLYXOMQKO","COC1=CC2=C(C=C1)C(=O)N3CCC4=C(C3=N2)NC5=CC6=C(C=C45)OCO6","Orisuaveoline B",2.8,11,-370.930302972556,0.423728813559322,NA,"844253449544508964"
"844253538392450779","C20H15N3O4","[M + H]+",6,0.0349885207757033,51.2712842533248,0.951909058960668,50.3193751943641,"17","JONQCFJPPWOWOJ","C1=CC=C(C=C1)C2=C(C3=CC=CC=C3N2)CC4=NC(=C(C(=O)N4)O)C(=O)O","5,6-Dihydroxy-2-[(2-Phenyl-1h-Indol-3-Yl)methyl]pyrimidine-4-Carboxylic Acid",2.8,12,-373.62729804712,0.335365853658537,NA,"844253449544508964"
"844253538392450779","C20H15N3O4","[M + H]+",6,0.0349885207757033,51.2712842533248,0.951909058960668,50.3193751943641,"17","AOEIQEHYOZILKV","COC1=CC=CC(=C1)C(=O)NC2=CC=C(C=C2)C3=NN=C(O3)C4=CC=CO4","N-{4-[5-(furan-2-yl)-1,3,4-oxadiazol-2-yl]phenyl}-3-methoxybenzamide",3,13,-380.248487231343,0.31638418079096,NA,"844253449544508964"
"844253538392450779","C20H15N3O4","[M + H]+",6,0.0349885207757033,51.2712842533248,0.951909058960668,50.3193751943641,"17","MDOQJLLAKJRIGD","C1=CC2=C(C=C1O)NC=C2C3C(C(=O)NC3=O)C4=CNC5=C4C=CC(=C5)O","Dihydroarcyriarubin C",1.9,14,-382.637882346894,0.333333333333333,NA,"844253449544508964"
"844253538392450779","C20H15N3O4","[M + H]+",6,0.0349885207757033,51.2712842533248,0.951909058960668,50.3193751943641,"17","QWNCUDVCMGPFRR","C1CN(C2=NC3=CC=CC=C3N21)C(=O)COC4=CC5=C(C=C4)C=CC(=O)O5","7-(2-oxo-2-{2,5,7-triazatricyclo[6.4.0.0²,⁶]dodeca-1(12),6,8,10-tetraen-5-yl}ethoxy)-2H-chromen-2-one",2.5,15,-388.63053242811,0.377659574468085,NA,"844253449544508964"
"844253538392450779","C20H15N3O4","[M + H]+",6,0.0349885207757033,51.2712842533248,0.951909058960668,50.3193751943641,"17","BNMWBRJGVFOWDK","CC(=O)NC1=NC(=NC2=C1C(=O)OC3=CC=CC=C32)C4=CC=C(C=C4)OC","N-[2-(4-methoxyphenyl)-5-oxo-5H-chromeno[4,3-d]pyrimidin-4-yl]acetamide",3,17,-401.797862898652,0.35195530726257,NA,"844253449544508964"
"844253538392450779","C20H15N3O4","[M + H]+",6,0.0349885207757033,51.2712842533248,0.951909058960668,50.3193751943641,"17","IBHBIKWTFZCSOF","C1C(N=C(C2=C(C=CC3=C2C1=CN3)O)C4=CNC5=C4C=C(C=C5)O)C(=O)O","Hyrtiazepine",2.6,18,-411.736932066826,0.302325581395349,NA,"844253449544508964"
"844253538392450779","C20H15N3O4","[M + H]+",6,0.0349885207757033,51.2712842533248,0.951909058960668,50.3193751943641,"17","YPFGTXACUAVDOJ","CN1C2=NC3=C4C=CC(=O)C=C4OC3=C(C2=CN1)C5=CC(=C(C=C5)O)OC","4-(4-hydroxy-3-methoxyphenyl)-1-methyl-1H-benzofuro[3,2-b]pyrazolo[4,3-e]pyridin-7-ol",0.8,20,-430.742387803354,0.34375,NA,"844253449544508964"
"844253538392450779","C20H15N3O4","[M + H]+",6,0.0349885207757033,51.2712842533248,0.951909058960668,50.3193751943641,"17","FKYLJDMNMOWTMN","COC1=C(C=C(C=C1)C2=C3C(=C4C=CC(=O)C=C4O3)N=C5C2=CNN5)OC","4-(3,4-dimethoxyphenyl)-1H-benzofuro[3,2-b]pyrazolo[4,3-e]pyridin-7-ol",1,21,-436.393333723813,0.325,NA,"844253449544508964"
"844253538392450779","C20H15N3O4","[M + H]+",6,0.0349885207757033,51.2712842533248,0.951909058960668,50.3193751943641,"17","BGVFJHZLNUVXJW","CN1C2=NC3=C4C=CC(=O)C=C4OC3=C(C2=CN1)C5=CC(=C(C=C5)OC)O","4-(3-hydroxy-4-methoxyphenyl)-1-methyl-1H-benzofuro[3,2-b]pyrazolo[4,3-e]pyridin-7-ol",0.8,22,-437.978712915695,0.343589743589744,NA,"844253449544508964"
"844253538392450779","C20H15N3O4","[M + H]+",6,0.0349885207757033,51.2712842533248,0.951909058960668,50.3193751943641,"17","KRROWEKGYCWUAM","CN1C2=CC=CC=C2C(=O)C(=C3C(=CC4=CC=CC=C4O)C(=O)NN3)C1=O","(3Z)-3-[(4Z)-4-[(2-hydroxyphenyl)methylidene]-5-oxopyrazolidin-3-ylidene]-1-methylquinoline-2,4-dione",2.2,23,-454.230169945654,0.325,NA,"844253449544508964"
"844253538392450780","C14H22ClN4O3S","[M + H]+",7,0.00200011458347585,48.4094686941257,0,48.4094686941257,"17",NA,NA,NA,NA,NA,NA,NA,NA,"844253449544508964"
"844253538392450781","C17H17ClFN5O","[M + H]+",8,9.58622322044116e-05,45.3714210240353,0,45.3714210240353,"17",NA,NA,NA,NA,NA,NA,NA,NA,"844253449544508964"
"844253538392450782","C12H19N5O6S","[M + H]+",9,6.92551210069563e-05,45.0463060363791,0,45.0463060363791,"17",NA,NA,NA,NA,NA,NA,NA,NA,"844253449544508964"
"844253538392450783","C14H15BN4O7","[M + H]+",10,4.17317615646364e-05,44.5397714515862,0,44.5397714515862,"17",NA,NA,NA,NA,NA,NA,NA,NA,"844253449544508964"
"844253561494677246","C17H19N3O4S","[M + H]+",1,0.962373550264363,110.132107020961,0,110.132107020961,"18","QZVDQETYNOBUPJ","CC1=C[N+](=C(C(=C1OC)C)CS(=O)C2=NC3=C(N2)C=C(C=C3)OC)[O-]","Omeprazole-N-oxide",2.1600971,1,-20.8167058141274,0.9375,0,"844253449552897573"
"844253561494677246","C17H19N3O4S","[M + H]+",1,0.962373550264363,110.132107020961,0,110.132107020961,"18","IXEQEYRTSRFZEO","CC1=CN=C(C(=C1OC)C)CS(=O)(=O)C2=NC3=C(N2)C=C(C=C3)OC","Omeprazole-d3 Sulfone",2.7485034,2,-23.1869987904454,0.9453125,Inf,"844253449552897573"
"844253561494677246","C17H19N3O4S","[M + H]+",1,0.962373550264363,110.132107020961,0,110.132107020961,"18","CMZHQFXXAAIBKE","CC1=C(C(=CN=C1CS(=O)C2=NC3=C(N2)C=C(C=C3)OC)CO)OC",NA,1.6791414,3,-25.7204442890894,0.924242424242424,NA,"844253449552897573"
"844253561494677246","C17H19N3O4S","[M + H]+",1,0.962373550264363,110.132107020961,0,110.132107020961,"18","IGVYIWUGJPECAJ","CC1=CN=C(C(=C1OC)CO)CS(=O)C2=NC3=C(N2)C=C(C=C3)OC","3-Hydroxyomeprazole",1.6791414,4,-31.4057027024529,0.91044776119403,NA,"844253449552897573"
"844253561494677246","C17H19N3O4S","[M + H]+",1,0.962373550264363,110.132107020961,0,110.132107020961,"18","VPFSKKMDDDYYOJ","CC1=CN=C(C(=C1OC)C)CS(=O)C2=NC3=C(N2)C=CC(=C3O)OC","5-methoxy-2-[(R)-(4-methoxy-3,5-dimethylpyridin-2-yl)methylsulfinyl]-1H-benzimidazol-4-ol",2.1978552,5,-255.53015369732,0.719178082191781,NA,"844253449552897573"
"844253561494677246","C17H19N3O4S","[M + H]+",1,0.962373550264363,110.132107020961,0,110.132107020961,"18","NRTYCXOOEJJVDJ","COC1=C(C=C(C=C1)NC(=O)CSC2=NC3=C(CCC3)C(=O)N2)OC","N-(3,4-dimethoxyphenyl)-2-[(4-oxo-4,5,6,7-tetrahydro-3H-cyclopenta[d]pyrimidin-2-yl)thio]acetamide",1.7,6,-425.02872945569,0.352331606217617,NA,"844253449552897573"
"844253561494677246","C17H19N3O4S","[M + H]+",1,0.962373550264363,110.132107020961,0,110.132107020961,"18","NJXRFXGANNWYRK","CC1=CC=C(C=C1)N(CC2=NCCN2)C3=CC(=CC=C3)OS(=O)(=O)O","[3-[N-(4,5-dihydro-1H-imidazol-2-ylmethyl)-4-methylanilino]phenyl] hydrogen sulfate",2,7,-541.495273443733,0.245614035087719,NA,"844253449552897573"
"844253561494677246","C17H19N3O4S","[M + H]+",1,0.962373550264363,110.132107020961,0,110.132107020961,"18","MQQOMKBMLHBDFG","CC1=NC=CC(=C1)NS(=O)(=O)C2=C(N=CC(=C2)C3=CCOCC3)OC","5-[3,6-dihydro-2H-pyran-4-yl]-2-methoxy-N-[2-methylpyridin-4-yl]pyridine-3-sulfonamide",1,8,-557.100708141505,0.319767441860465,NA,"844253449552897573"
"844253561494677246","C17H19N3O4S","[M + H]+",1,0.962373550264363,110.132107020961,0,110.132107020961,"18","HBLRAJANJGAMFQ","CC(C)CNC(=O)CC1=CSC(=N1)NC(=O)C2=CC3=C(C=C2)OCO3","N-(4-(2-(isobutylamino)-2-oxoethyl)thiazol-2-yl)benzo[d][1,3]dioxole-5-carboxamide",2.5,9,-587.610991938226,0.178861788617886,NA,"844253449552897573"
"844253561494677246","C17H19N3O4S","[M + H]+",1,0.962373550264363,110.132107020961,0,110.132107020961,"18","JHQLDSNFXOLZMD","C1CC1C(=O)N2CC3(C2)C4CN(CCN4C(=O)O3)C(=O)C5=CC=CS5","1'-(Cyclopropanecarbonyl)-7-(thiophene-2-carbonyl)spiro[5,6,8,8a-tetrahydro-[1,3]oxazolo[3,4-a]pyrazine-1,3'-azetidine]-3-one",0.5,10,-609.018068489228,0.12719298245614,NA,"844253449552897573"
"844253561494677246","C17H19N3O4S","[M + H]+",1,0.962373550264363,110.132107020961,0,110.132107020961,"18","ILAMKVUHWSQJHY","COC(=O)C1=CC=C(C=C1)OCC2N(CCS2)C(=O)CN3C=CN=C3","Methyl 4-((3-(1H-imidazol-1-ylacetyl)-2-thiazolidinyl)methoxy)benzoate",1.7,11,-623.54858187297,0.192307692307692,NA,"844253449552897573"
"844253561494677246","C17H19N3O4S","[M + H]+",1,0.962373550264363,110.132107020961,0,110.132107020961,"18","NVAYQDCPVGCOHV","C1CC(N(S(=O)(=O)C1)CC2=CC=C(C=C2)C3=CC=NC=C3)C(=O)NO","(3S)-N-hydroxy-1,1-dioxo-2-[(4-pyridin-4-ylphenyl)methyl]thiazinane-3-carboxamide",0.9,12,-640.507684476347,0.201793721973094,NA,"844253449552897573"
"844253561494677246","C17H19N3O4S","[M + H]+",1,0.962373550264363,110.132107020961,0,110.132107020961,"18","FZECHKJQHUVANE","CC1(C(N2C(S1)C(C2=O)NC(=O)C(C3=CC=CC=C3)N=C)C(=O)O)C","6-{[1-hydroxy-2-(methylideneamino)-2-phenylethylidene]amino}-3,3-dimethyl-7-oxo-4-thia-1-azabicyclo[3.2.0]heptane-2-carboxylic acid",1.2664139,13,-650.688640763993,0.111524163568773,NA,"844253449552897573"
"844253561494677246","C17H19N3O4S","[M + H]+",1,0.962373550264363,110.132107020961,0,110.132107020961,"18","FPMHRRFSGYKNIU","COC1=CC=C(C=C1)CN2CC3C(C2)OC4=C(C=CC=N4)S(=O)(=O)N3","5-[(4-methoxyphenyl)methyl]-2-oxa-9λ⁶-thia-5,8,14-triazatricyclo[8.4.0.0³,⁷]tetradeca-1(10),11,13-triene-9,9-dione",1.3,14,-682.224926163444,0.275862068965517,NA,"844253449552897573"
"844253561494677246","C17H19N3O4S","[M + H]+",1,0.962373550264363,110.132107020961,0,110.132107020961,"18","IVXQTEPGJVXVMS","CCOC1=CC=C(C=C1)NC(=S)NN=C(C)C2=C(C(=C(C=C2)O)O)O","1-(4-ethoxyphenyl)-3-[(E)-1-(2,3,4-trihydroxyphenyl)ethylideneamino]thiourea",2.7,16,-736.375960563277,0.21256038647343,NA,"844253449552897573"
"844253561498871551","C14H20FN3O5S","[M + H]+",2,0.0346271125923406,106.807341315921,0,106.807341315921,"18","GGHVBHNNEHVTBO","C1=CC(=CC=C1CNNC(=S)NC2C(C(C(C(O2)CO)O)O)O)F","1-[(4-fluorophenyl)methylamino]-3-[(2R,3R,4S,5S,6R)-3,4,5-trihydroxy-6-(hydroxymethyl)oxan-2-yl]thiourea",-0.8,15,-734.634184113698,0.160493827160494,NA,"844253449552897573"
"844253561498871552","C16H24ClNO4S","[M + H]+",3,0.00288738663691289,104.323056154912,0,104.323056154912,"18",NA,NA,NA,NA,NA,NA,NA,NA,"844253449552897573"
"844253561498871553","C14H22ClN4O3S","[M + H]+",4,9.47524289345734e-05,100.906216539623,0,100.906216539623,"18",NA,NA,NA,NA,NA,NA,NA,NA,"844253449552897573"
"844253561498871554","C15H13F2N7O2","[M + H]+",5,1.71696757540061e-05,99.1980938510776,1.5855563611412,97.6125374899364,"18",NA,NA,NA,NA,NA,NA,NA,NA,"844253449552897573"
"844253561498871555","C20H15N3O4","[M + H]+",6,2.02648682294252e-08,92.4560825395005,0,92.4560825395005,"18",NA,NA,NA,NA,NA,NA,NA,NA,"844253449552897573"
"844253561498871556","C19H20ClNO4","[M + H]+",7,8.13043183763841e-09,91.5428078205234,0,91.5428078205234,"18",NA,NA,NA,NA,NA,NA,NA,NA,"844253449552897573"
"844253561498871557","C14H17F2N3O6","[M + H]+",8,1.76916260820476e-12,83.1099448347597,2.84955847093589,80.2603863638238,"18",NA,NA,NA,NA,NA,NA,NA,NA,"844253449552897573"
"844253561498871558","C19H17F2NO4","[M + H]+",9,1.74406888756464e-12,83.0956593272886,0,83.0956593272886,"18",NA,NA,NA,NA,NA,NA,NA,NA,"844253449552897573"
"844253561498871559","C11H18F3N3O7","[M + H]+",10,1.25904671055935e-12,82.7697933585235,3.0851244391974,79.6846689193261,"18",NA,NA,NA,NA,NA,NA,NA,NA,"844253449552897573"
"844253515076314768","C17H19N3O4S","[M + H]+",1,0.958070706235498,110.308318768648,0,110.308318768648,"19","QZVDQETYNOBUPJ","CC1=C[N+](=C(C(=C1OC)C)CS(=O)C2=NC3=C(N2)C=C(C=C3)OC)[O-]","Omeprazole-N-oxide",2.1600971,1,-19.314970001602,0.9375,0,"844253449561286182"
"844253515076314768","C17H19N3O4S","[M + H]+",1,0.958070706235498,110.308318768648,0,110.308318768648,"19","IXEQEYRTSRFZEO","CC1=CN=C(C(=C1OC)C)CS(=O)(=O)C2=NC3=C(N2)C=C(C=C3)OC","Omeprazole-d3 Sulfone",2.7485034,2,-19.6512142891338,0.9453125,Inf,"844253449561286182"
"844253515076314768","C17H19N3O4S","[M + H]+",1,0.958070706235498,110.308318768648,0,110.308318768648,"19","CMZHQFXXAAIBKE","CC1=C(C(=CN=C1CS(=O)C2=NC3=C(N2)C=C(C=C3)OC)CO)OC",NA,1.6791414,3,-26.7890765576402,0.924242424242424,NA,"844253449561286182"
"844253515076314768","C17H19N3O4S","[M + H]+",1,0.958070706235498,110.308318768648,0,110.308318768648,"19","IGVYIWUGJPECAJ","CC1=CN=C(C(=C1OC)CO)CS(=O)C2=NC3=C(N2)C=C(C=C3)OC","3-Hydroxyomeprazole",1.6791414,4,-32.6314836628109,0.91044776119403,NA,"844253449561286182"
"844253515076314768","C17H19N3O4S","[M + H]+",1,0.958070706235498,110.308318768648,0,110.308318768648,"19","VPFSKKMDDDYYOJ","CC1=CN=C(C(=C1OC)C)CS(=O)C2=NC3=C(N2)C=CC(=C3O)OC","5-methoxy-2-[(R)-(4-methoxy-3,5-dimethylpyridin-2-yl)methylsulfinyl]-1H-benzimidazol-4-ol",2.1978552,5,-252.743415571223,0.719178082191781,NA,"844253449561286182"
"844253515076314768","C17H19N3O4S","[M + H]+",1,0.958070706235498,110.308318768648,0,110.308318768648,"19","NRTYCXOOEJJVDJ","COC1=C(C=C(C=C1)NC(=O)CSC2=NC3=C(CCC3)C(=O)N2)OC","N-(3,4-dimethoxyphenyl)-2-[(4-oxo-4,5,6,7-tetrahydro-3H-cyclopenta[d]pyrimidin-2-yl)thio]acetamide",1.7,6,-413.270791040385,0.352331606217617,NA,"844253449561286182"
"844253515076314768","C17H19N3O4S","[M + H]+",1,0.958070706235498,110.308318768648,0,110.308318768648,"19","NJXRFXGANNWYRK","CC1=CC=C(C=C1)N(CC2=NCCN2)C3=CC(=CC=C3)OS(=O)(=O)O","[3-[N-(4,5-dihydro-1H-imidazol-2-ylmethyl)-4-methylanilino]phenyl] hydrogen sulfate",2,7,-534.213868766429,0.245614035087719,NA,"844253449561286182"
"844253515076314768","C17H19N3O4S","[M + H]+",1,0.958070706235498,110.308318768648,0,110.308318768648,"19","MQQOMKBMLHBDFG","CC1=NC=CC(=C1)NS(=O)(=O)C2=C(N=CC(=C2)C3=CCOCC3)OC","5-[3,6-dihydro-2H-pyran-4-yl]-2-methoxy-N-[2-methylpyridin-4-yl]pyridine-3-sulfonamide",1,8,-547.376368574848,0.319767441860465,NA,"844253449561286182"
"844253515076314768","C17H19N3O4S","[M + H]+",1,0.958070706235498,110.308318768648,0,110.308318768648,"19","HBLRAJANJGAMFQ","CC(C)CNC(=O)CC1=CSC(=N1)NC(=O)C2=CC3=C(C=C2)OCO3","N-(4-(2-(isobutylamino)-2-oxoethyl)thiazol-2-yl)benzo[d][1,3]dioxole-5-carboxamide",2.5,9,-581.819530185181,0.178861788617886,NA,"844253449561286182"
"844253515076314768","C17H19N3O4S","[M + H]+",1,0.958070706235498,110.308318768648,0,110.308318768648,"19","JHQLDSNFXOLZMD","C1CC1C(=O)N2CC3(C2)C4CN(CCN4C(=O)O3)C(=O)C5=CC=CS5","1'-(Cyclopropanecarbonyl)-7-(thiophene-2-carbonyl)spiro[5,6,8,8a-tetrahydro-[1,3]oxazolo[3,4-a]pyrazine-1,3'-azetidine]-3-one",0.5,10,-599.552522848746,0.12719298245614,NA,"844253449561286182"
"844253515076314768","C17H19N3O4S","[M + H]+",1,0.958070706235498,110.308318768648,0,110.308318768648,"19","ILAMKVUHWSQJHY","COC(=O)C1=CC=C(C=C1)OCC2N(CCS2)C(=O)CN3C=CN=C3","Methyl 4-((3-(1H-imidazol-1-ylacetyl)-2-thiazolidinyl)methoxy)benzoate",1.7,11,-614.351177940667,0.192307692307692,NA,"844253449561286182"
"844253515076314768","C17H19N3O4S","[M + H]+",1,0.958070706235498,110.308318768648,0,110.308318768648,"19","NVAYQDCPVGCOHV","C1CC(N(S(=O)(=O)C1)CC2=CC=C(C=C2)C3=CC=NC=C3)C(=O)NO","(3S)-N-hydroxy-1,1-dioxo-2-[(4-pyridin-4-ylphenyl)methyl]thiazinane-3-carboxamide",0.9,12,-636.943687173386,0.201793721973094,NA,"844253449561286182"
"844253515076314768","C17H19N3O4S","[M + H]+",1,0.958070706235498,110.308318768648,0,110.308318768648,"19","FZECHKJQHUVANE","CC1(C(N2C(S1)C(C2=O)NC(=O)C(C3=CC=CC=C3)N=C)C(=O)O)C","6-{[1-hydroxy-2-(methylideneamino)-2-phenylethylidene]amino}-3,3-dimethyl-7-oxo-4-thia-1-azabicyclo[3.2.0]heptane-2-carboxylic acid",1.2664139,13,-648.649792085427,0.111524163568773,NA,"844253449561286182"
"844253515076314768","C17H19N3O4S","[M + H]+",1,0.958070706235498,110.308318768648,0,110.308318768648,"19","FPMHRRFSGYKNIU","COC1=CC=C(C=C1)CN2CC3C(C2)OC4=C(C=CC=N4)S(=O)(=O)N3","5-[(4-methoxyphenyl)methyl]-2-oxa-9λ⁶-thia-5,8,14-triazatricyclo[8.4.0.0³,⁷]tetradeca-1(10),11,13-triene-9,9-dione",1.3,14,-667.965584268964,0.275862068965517,NA,"844253449561286182"
"844253515076314768","C17H19N3O4S","[M + H]+",1,0.958070706235498,110.308318768648,0,110.308318768648,"19","IVXQTEPGJVXVMS","CCOC1=CC=C(C=C1)NC(=S)NN=C(C)C2=C(C(=C(C=C2)O)O)O","1-(4-ethoxyphenyl)-3-[(E)-1-(2,3,4-trihydroxyphenyl)ethylideneamino]thiourea",2.7,16,-731.830643874766,0.21256038647343,NA,"844253449561286182"
"844253515076314769","C14H20FN3O5S","[M + H]+",2,0.0372866862183458,107.062033512396,0,107.062033512396,"19","GGHVBHNNEHVTBO","C1=CC(=CC=C1CNNC(=S)NC2C(C(C(C(O2)CO)O)O)O)F","1-[(4-fluorophenyl)methylamino]-3-[(2R,3R,4S,5S,6R)-3,4,5-trihydroxy-6-(hydroxymethyl)oxan-2-yl]thiourea",-0.8,15,-709.646490402295,0.1440329218107,NA,"844253449561286182"
"844253515076314770","C15H13F2N7O2","[M + H]+",3,0.00269849164742797,104.436090155116,3.02945570128218,101.406634453834,"19",NA,NA,NA,NA,NA,NA,NA,NA,"844253449561286182"
"844253515076314771","C16H24ClNO4S","[M + H]+",4,0.00189164088117927,104.080841830821,0,104.080841830821,"19",NA,NA,NA,NA,NA,NA,NA,NA,"844253449561286182"
"844253515076314772","C14H22ClN4O3S","[M + H]+",5,5.24749213394769e-05,100.495977275023,0,100.495977275023,"19",NA,NA,NA,NA,NA,NA,NA,NA,"844253449561286182"
"844253515076314773","C20H15N3O4","[M + H]+",6,8.56723167640622e-11,87.1706610988593,1.31744053702681,85.8532205618325,"19",NA,NA,NA,NA,NA,NA,NA,NA,"844253449561286182"
"844253515076314774","C19H20ClNO4","[M + H]+",7,7.33660688746833e-12,84.7130078091946,0,84.7130078091946,"19",NA,NA,NA,NA,NA,NA,NA,NA,"844253449561286182"
"844253515076314775","C14H17F2N3O6","[M + H]+",8,2.4138682855735e-12,83.601361908821,2.35695846144424,81.2444034473768,"19",NA,NA,NA,NA,NA,NA,NA,NA,"844253449561286182"
"844253515076314776","C13H20BClN2O7","[M + H]+",9,2.19486803003178e-13,81.203668179096,0,81.203668179096,"19",NA,NA,NA,NA,NA,NA,NA,NA,"844253449561286182"
"844253515076314777","C12H14F3N7O3","[M + H]+",10,1.7470397947159e-13,80.9754690671484,1.08140214609073,79.8940669210576,"19",NA,NA,NA,NA,NA,NA,NA,NA,"844253449561286182"
"844253491944728128","C17H19N3O4S","[M + H]+",1,0.967832554204497,117.004542659665,6.02740788082109,110.977134778844,"20","IXEQEYRTSRFZEO","CC1=CN=C(C(=C1OC)C)CS(=O)(=O)C2=NC3=C(N2)C=C(C=C3)OC","Omeprazole-d3 Sulfone",2.7485034,1,-18.9524841656375,0.9453125,0,"844253449565480487"
"844253491944728128","C17H19N3O4S","[M + H]+",1,0.967832554204497,117.004542659665,6.02740788082109,110.977134778844,"20","QZVDQETYNOBUPJ","CC1=C[N+](=C(C(=C1OC)C)CS(=O)C2=NC3=C(N2)C=C(C=C3)OC)[O-]","Omeprazole-N-oxide",2.1600971,2,-20.1747881027445,0.9375,Inf,"844253449565480487"
"844253491944728128","C17H19N3O4S","[M + H]+",1,0.967832554204497,117.004542659665,6.02740788082109,110.977134778844,"20","CMZHQFXXAAIBKE","CC1=C(C(=CN=C1CS(=O)C2=NC3=C(N2)C=C(C=C3)OC)CO)OC",NA,1.6791414,3,-29.3474774758014,0.924242424242424,NA,"844253449565480487"
"844253491944728128","C17H19N3O4S","[M + H]+",1,0.967832554204497,117.004542659665,6.02740788082109,110.977134778844,"20","IGVYIWUGJPECAJ","CC1=CN=C(C(=C1OC)CO)CS(=O)C2=NC3=C(N2)C=C(C=C3)OC","3-Hydroxyomeprazole",1.6791414,4,-34.801527958479,0.91044776119403,NA,"844253449565480487"
"844253491944728128","C17H19N3O4S","[M + H]+",1,0.967832554204497,117.004542659665,6.02740788082109,110.977134778844,"20","VPFSKKMDDDYYOJ","CC1=CN=C(C(=C1OC)C)CS(=O)C2=NC3=C(N2)C=CC(=C3O)OC","5-methoxy-2-[(R)-(4-methoxy-3,5-dimethylpyridin-2-yl)methylsulfinyl]-1H-benzimidazol-4-ol",2.1978552,5,-243.555292245438,0.719178082191781,NA,"844253449565480487"
"844253491944728128","C17H19N3O4S","[M + H]+",1,0.967832554204497,117.004542659665,6.02740788082109,110.977134778844,"20","NRTYCXOOEJJVDJ","COC1=C(C=C(C=C1)NC(=O)CSC2=NC3=C(CCC3)C(=O)N2)OC","N-(3,4-dimethoxyphenyl)-2-[(4-oxo-4,5,6,7-tetrahydro-3H-cyclopenta[d]pyrimidin-2-yl)thio]acetamide",1.7,6,-405.217161412276,0.352331606217617,NA,"844253449565480487"
"844253491944728128","C17H19N3O4S","[M + H]+",1,0.967832554204497,117.004542659665,6.02740788082109,110.977134778844,"20","NJXRFXGANNWYRK","CC1=CC=C(C=C1)N(CC2=NCCN2)C3=CC(=CC=C3)OS(=O)(=O)O","[3-[N-(4,5-dihydro-1H-imidazol-2-ylmethyl)-4-methylanilino]phenyl] hydrogen sulfate",2,7,-525.546297467088,0.245614035087719,NA,"844253449565480487"
"844253491944728128","C17H19N3O4S","[M + H]+",1,0.967832554204497,117.004542659665,6.02740788082109,110.977134778844,"20","MQQOMKBMLHBDFG","CC1=NC=CC(=C1)NS(=O)(=O)C2=C(N=CC(=C2)C3=CCOCC3)OC","5-[3,6-dihydro-2H-pyran-4-yl]-2-methoxy-N-[2-methylpyridin-4-yl]pyridine-3-sulfonamide",1,8,-531.505138697201,0.319767441860465,NA,"844253449565480487"
"844253491944728128","C17H19N3O4S","[M + H]+",1,0.967832554204497,117.004542659665,6.02740788082109,110.977134778844,"20","HBLRAJANJGAMFQ","CC(C)CNC(=O)CC1=CSC(=N1)NC(=O)C2=CC3=C(C=C2)OCO3","N-(4-(2-(isobutylamino)-2-oxoethyl)thiazol-2-yl)benzo[d][1,3]dioxole-5-carboxamide",2.5,9,-569.832688775335,0.178861788617886,NA,"844253449565480487"
"844253491944728128","C17H19N3O4S","[M + H]+",1,0.967832554204497,117.004542659665,6.02740788082109,110.977134778844,"20","JHQLDSNFXOLZMD","C1CC1C(=O)N2CC3(C2)C4CN(CCN4C(=O)O3)C(=O)C5=CC=CS5","1'-(Cyclopropanecarbonyl)-7-(thiophene-2-carbonyl)spiro[5,6,8,8a-tetrahydro-[1,3]oxazolo[3,4-a]pyrazine-1,3'-azetidine]-3-one",0.5,10,-587.223188707932,0.12719298245614,NA,"844253449565480487"
"844253491944728128","C17H19N3O4S","[M + H]+",1,0.967832554204497,117.004542659665,6.02740788082109,110.977134778844,"20","ILAMKVUHWSQJHY","COC(=O)C1=CC=C(C=C1)OCC2N(CCS2)C(=O)CN3C=CN=C3","Methyl 4-((3-(1H-imidazol-1-ylacetyl)-2-thiazolidinyl)methoxy)benzoate",1.7,11,-608.028996277891,0.192307692307692,NA,"844253449565480487"
"844253491944728128","C17H19N3O4S","[M + H]+",1,0.967832554204497,117.004542659665,6.02740788082109,110.977134778844,"20","NVAYQDCPVGCOHV","C1CC(N(S(=O)(=O)C1)CC2=CC=C(C=C2)C3=CC=NC=C3)C(=O)NO","(3S)-N-hydroxy-1,1-dioxo-2-[(4-pyridin-4-ylphenyl)methyl]thiazinane-3-carboxamide",0.9,12,-620.792889111345,0.201793721973094,NA,"844253449565480487"
"844253491944728128","C17H19N3O4S","[M + H]+",1,0.967832554204497,117.004542659665,6.02740788082109,110.977134778844,"20","FZECHKJQHUVANE","CC1(C(N2C(S1)C(C2=O)NC(=O)C(C3=CC=CC=C3)N=C)C(=O)O)C","6-{[1-hydroxy-2-(methylideneamino)-2-phenylethylidene]amino}-3,3-dimethyl-7-oxo-4-thia-1-azabicyclo[3.2.0]heptane-2-carboxylic acid",1.2664139,13,-626.824934694363,0.111524163568773,NA,"844253449565480487"
"844253491944728128","C17H19N3O4S","[M + H]+",1,0.967832554204497,117.004542659665,6.02740788082109,110.977134778844,"20","FPMHRRFSGYKNIU","COC1=CC=C(C=C1)CN2CC3C(C2)OC4=C(C=CC=N4)S(=O)(=O)N3","5-[(4-methoxyphenyl)methyl]-2-oxa-9λ⁶-thia-5,8,14-triazatricyclo[8.4.0.0³,⁷]tetradeca-1(10),11,13-triene-9,9-dione",1.3,14,-662.970167847163,0.275862068965517,NA,"844253449565480487"
"844253491944728128","C17H19N3O4S","[M + H]+",1,0.967832554204497,117.004542659665,6.02740788082109,110.977134778844,"20","IVXQTEPGJVXVMS","CCOC1=CC=C(C=C1)NC(=S)NN=C(C)C2=C(C(=C(C=C2)O)O)O","1-(4-ethoxyphenyl)-3-[(E)-1-(2,3,4-trihydroxyphenyl)ethylideneamino]thiourea",2.7,15,-720.502829042131,0.21256038647343,NA,"844253449565480487"
"844253491944728129","C14H20FN3O5S","[M + H]+",2,0.0321674457797813,113.600438509062,5.42072491739612,108.179713591666,"20","GGHVBHNNEHVTBO","C1=CC(=CC=C1CNNC(=S)NC2C(C(C(C(O2)CO)O)O)O)F","1-[(4-fluorophenyl)methylamino]-3-[(2R,3R,4S,5S,6R)-3,4,5-trihydroxy-6-(hydroxymethyl)oxan-2-yl]thiourea",-0.8,16,-791.206586845694,0.14344262295082,NA,"844253449565480487"
"844253491944728130","C15H13F2N7O2","[M + H]+",3,1.55367790809009e-11,92.1494277887046,3.14401851717855,89.005409271526,"20",NA,NA,NA,NA,NA,NA,NA,NA,"844253449565480487"
"844253491944728131","C16H19N3O5Si","[M + H]+",4,1.22844567577918e-13,87.3093823306464,3.77193163808332,83.5374506925631,"20",NA,NA,NA,NA,NA,NA,NA,NA,"844253449565480487"
"844253491944728132","C13H20FN3O6Si","[M + H]+",5,3.7516667529942e-14,86.123247754312,5.2347045931987,80.8885431611133,"20",NA,NA,NA,NA,NA,NA,NA,NA,"844253449565480487"
"844253491944728133","C14H17F2N3O6","[M + H]+",6,1.70739986406813e-14,85.3360192115916,2.96577293064671,82.3702462809449,"20",NA,NA,NA,NA,NA,NA,NA,NA,"844253449565480487"
"844253491944728134","C12H24AsN5O3","[M + H]+",7,6.21578710224964e-15,84.3255548151358,2.21706569284944,82.1084891222864,"20",NA,NA,NA,NA,NA,NA,NA,NA,"844253449565480487"
"844253491944728135","C11H18F3N3O7","[M + H]+",8,5.3996255022203e-16,81.8822069593475,1.12954800113351,80.752658958214,"20",NA,NA,NA,NA,NA,NA,NA,NA,"844253449565480487"
"844253491944728136","C12H19N5O6S","[M + H]+",9,2.6000556740749e-16,81.1514102175267,2.6150964303052,78.5363137872215,"20",NA,NA,NA,NA,NA,NA,NA,NA,"844253449565480487"
"844253491944728137","C11H20N7O3PS","[M + H]+",10,2.13356954090382e-16,80.9536737774898,4.07280518753044,76.8808685899593,"20",NA,NA,NA,NA,NA,NA,NA,NA,"844253449565480487"
"844253553290618602","C17H19N3O4S","[M + H]+",1,0.824111294872727,109.477631446276,4.83851009401549,104.63912135226,"21","QZVDQETYNOBUPJ","CC1=C[N+](=C(C(=C1OC)C)CS(=O)C2=NC3=C(N2)C=C(C=C3)OC)[O-]","Omeprazole-N-oxide",2.1600971,1,-21.0949548630198,0.9375,0,"844253449573869096"
"844253553290618602","C17H19N3O4S","[M + H]+",1,0.824111294872727,109.477631446276,4.83851009401549,104.63912135226,"21","IXEQEYRTSRFZEO","CC1=CN=C(C(=C1OC)C)CS(=O)(=O)C2=NC3=C(N2)C=C(C=C3)OC","Omeprazole-d3 Sulfone",2.7485034,2,-23.5464179230094,0.9453125,Inf,"844253449573869096"
"844253553290618602","C17H19N3O4S","[M + H]+",1,0.824111294872727,109.477631446276,4.83851009401549,104.63912135226,"21","CMZHQFXXAAIBKE","CC1=C(C(=CN=C1CS(=O)C2=NC3=C(N2)C=C(C=C3)OC)CO)OC",NA,1.6791414,3,-26.1709931847314,0.924242424242424,NA,"844253449573869096"
"844253553290618602","C17H19N3O4S","[M + H]+",1,0.824111294872727,109.477631446276,4.83851009401549,104.63912135226,"21","IGVYIWUGJPECAJ","CC1=CN=C(C(=C1OC)CO)CS(=O)C2=NC3=C(N2)C=C(C=C3)OC","3-Hydroxyomeprazole",1.6791414,4,-32.4942104863896,0.91044776119403,NA,"844253449573869096"
"844253553290618602","C17H19N3O4S","[M + H]+",1,0.824111294872727,109.477631446276,4.83851009401549,104.63912135226,"21","VPFSKKMDDDYYOJ","CC1=CN=C(C(=C1OC)C)CS(=O)C2=NC3=C(N2)C=CC(=C3O)OC","5-methoxy-2-[(R)-(4-methoxy-3,5-dimethylpyridin-2-yl)methylsulfinyl]-1H-benzimidazol-4-ol",2.1978552,5,-253.91658235118,0.719178082191781,NA,"844253449573869096"
"844253553290618602","C17H19N3O4S","[M + H]+",1,0.824111294872727,109.477631446276,4.83851009401549,104.63912135226,"21","NRTYCXOOEJJVDJ","COC1=C(C=C(C=C1)NC(=O)CSC2=NC3=C(CCC3)C(=O)N2)OC","N-(3,4-dimethoxyphenyl)-2-[(4-oxo-4,5,6,7-tetrahydro-3H-cyclopenta[d]pyrimidin-2-yl)thio]acetamide",1.7,6,-423.772383359967,0.352331606217617,NA,"844253449573869096"
"844253553290618602","C17H19N3O4S","[M + H]+",1,0.824111294872727,109.477631446276,4.83851009401549,104.63912135226,"21","NJXRFXGANNWYRK","CC1=CC=C(C=C1)N(CC2=NCCN2)C3=CC(=CC=C3)OS(=O)(=O)O","[3-[N-(4,5-dihydro-1H-imidazol-2-ylmethyl)-4-methylanilino]phenyl] hydrogen sulfate",2,7,-549.522274634751,0.245614035087719,NA,"844253449573869096"
"844253553290618602","C17H19N3O4S","[M + H]+",1,0.824111294872727,109.477631446276,4.83851009401549,104.63912135226,"21","MQQOMKBMLHBDFG","CC1=NC=CC(=C1)NS(=O)(=O)C2=C(N=CC(=C2)C3=CCOCC3)OC","5-[3,6-dihydro-2H-pyran-4-yl]-2-methoxy-N-[2-methylpyridin-4-yl]pyridine-3-sulfonamide",1,8,-561.085742379234,0.319767441860465,NA,"844253449573869096"
"844253553290618602","C17H19N3O4S","[M + H]+",1,0.824111294872727,109.477631446276,4.83851009401549,104.63912135226,"21","HBLRAJANJGAMFQ","CC(C)CNC(=O)CC1=CSC(=N1)NC(=O)C2=CC3=C(C=C2)OCO3","N-(4-(2-(isobutylamino)-2-oxoethyl)thiazol-2-yl)benzo[d][1,3]dioxole-5-carboxamide",2.5,9,-573.419852372623,0.178861788617886,NA,"844253449573869096"
"844253553290618602","C17H19N3O4S","[M + H]+",1,0.824111294872727,109.477631446276,4.83851009401549,104.63912135226,"21","JHQLDSNFXOLZMD","C1CC1C(=O)N2CC3(C2)C4CN(CCN4C(=O)O3)C(=O)C5=CC=CS5","1'-(Cyclopropanecarbonyl)-7-(thiophene-2-carbonyl)spiro[5,6,8,8a-tetrahydro-[1,3]oxazolo[3,4-a]pyrazine-1,3'-azetidine]-3-one",0.5,10,-600.757905423182,0.12719298245614,NA,"844253449573869096"
"844253553290618602","C17H19N3O4S","[M + H]+",1,0.824111294872727,109.477631446276,4.83851009401549,104.63912135226,"21","ILAMKVUHWSQJHY","COC(=O)C1=CC=C(C=C1)OCC2N(CCS2)C(=O)CN3C=CN=C3","Methyl 4-((3-(1H-imidazol-1-ylacetyl)-2-thiazolidinyl)methoxy)benzoate",1.7,11,-617.778124474397,0.192307692307692,NA,"844253449573869096"
"844253553290618602","C17H19N3O4S","[M + H]+",1,0.824111294872727,109.477631446276,4.83851009401549,104.63912135226,"21","FZECHKJQHUVANE","CC1(C(N2C(S1)C(C2=O)NC(=O)C(C3=CC=CC=C3)N=C)C(=O)O)C","6-{[1-hydroxy-2-(methylideneamino)-2-phenylethylidene]amino}-3,3-dimethyl-7-oxo-4-thia-1-azabicyclo[3.2.0]heptane-2-carboxylic acid",1.2664139,12,-639.26139400579,0.111524163568773,NA,"844253449573869096"
"844253553290618602","C17H19N3O4S","[M + H]+",1,0.824111294872727,109.477631446276,4.83851009401549,104.63912135226,"21","NVAYQDCPVGCOHV","C1CC(N(S(=O)(=O)C1)CC2=CC=C(C=C2)C3=CC=NC=C3)C(=O)NO","(3S)-N-hydroxy-1,1-dioxo-2-[(4-pyridin-4-ylphenyl)methyl]thiazinane-3-carboxamide",0.9,13,-647.634377605031,0.201793721973094,NA,"844253449573869096"
"844253553290618602","C17H19N3O4S","[M + H]+",1,0.824111294872727,109.477631446276,4.83851009401549,104.63912135226,"21","FPMHRRFSGYKNIU","COC1=CC=C(C=C1)CN2CC3C(C2)OC4=C(C=CC=N4)S(=O)(=O)N3","5-[(4-methoxyphenyl)methyl]-2-oxa-9λ⁶-thia-5,8,14-triazatricyclo[8.4.0.0³,⁷]tetradeca-1(10),11,13-triene-9,9-dione",1.3,14,-684.373699100094,0.275862068965517,NA,"844253449573869096"
"844253553290618602","C17H19N3O4S","[M + H]+",1,0.824111294872727,109.477631446276,4.83851009401549,104.63912135226,"21","IVXQTEPGJVXVMS","CCOC1=CC=C(C=C1)NC(=S)NN=C(C)C2=C(C(=C(C=C2)O)O)O","1-(4-ethoxyphenyl)-3-[(E)-1-(2,3,4-trihydroxyphenyl)ethylideneamino]thiourea",2.7,15,-736.309956414831,0.21256038647343,NA,"844253449573869096"
"844253553290618603","C14H20FN3O5S","[M + H]+",2,0.175888705109414,107.933177296577,6.47114790253413,101.462029394043,"21","GGHVBHNNEHVTBO","C1=CC(=CC=C1CNNC(=S)NC2C(C(C(C(O2)CO)O)O)O)F","1-[(4-fluorophenyl)methylamino]-3-[(2R,3R,4S,5S,6R)-3,4,5-trihydroxy-6-(hydroxymethyl)oxan-2-yl]thiourea",-0.8,16,-790.193436599233,0.1440329218107,NA,"844253449573869096"
"844253553290618604","C15H13F2N7O2","[M + H]+",3,1.78015582224333e-11,84.919346016,2.09059564169794,82.828750374302,"21",NA,NA,NA,NA,NA,NA,NA,NA,"844253449573869096"
"844253553290618605","C14H17F2N3O6","[M + H]+",4,1.59649767275019e-14,77.9027021114109,3.10608098600723,74.7966211254037,"21",NA,NA,NA,NA,NA,NA,NA,NA,"844253449573869096"
"844253553290618606","C10H16FN9O3S","[M + H]+",5,1.05480623190016e-14,77.4882469195731,6.88021719897559,70.6080297205975,"21",NA,NA,NA,NA,NA,NA,NA,NA,"844253449573869096"
"844253553290618607","C12H19F4N3O3S","[M + H]+",6,6.68058442919052e-15,77.0315102160865,7.54320713430539,69.4883030817811,"21",NA,NA,NA,NA,NA,NA,NA,NA,"844253449573869096"
"844253553290618608","C13H20FN3O6Si","[M + H]+",7,5.93595663907439e-15,76.9133329440654,3.49381309674207,73.4195198473233,"21",NA,NA,NA,NA,NA,NA,NA,NA,"844253449573869096"
"844253553290618609","C11H20N7O3PS","[M + H]+",8,4.54487493728641e-15,76.6463049536673,7.43734902446882,69.2089559291985,"21",NA,NA,NA,NA,NA,NA,NA,NA,"844253449573869096"
"844253553290618610","C11H18F3N3O7","[M + H]+",9,4.23030442603136e-15,76.5745787017626,2.9698640087115,73.6047146930511,"21",NA,NA,NA,NA,NA,NA,NA,NA,"844253449573869096"
"844253553290618611","C16H19N3O5Si","[M + H]+",10,4.08114752066576e-15,76.5386829469015,0,76.5386829469015,"21",NA,NA,NA,NA,NA,NA,NA,NA,"844253449573869096"
"844253493731501652","C17H19N3O4S","[M + H]+",1,0.961645779376252,124.734253482876,5.76078255231014,118.973470930566,"22","IXEQEYRTSRFZEO","CC1=CN=C(C(=C1OC)C)CS(=O)(=O)C2=NC3=C(N2)C=C(C=C3)OC","Omeprazole-d3 Sulfone",2.7485034,1,-18.2543889217469,0.9453125,0,"844253449578063401"
"844253493731501652","C17H19N3O4S","[M + H]+",1,0.961645779376252,124.734253482876,5.76078255231014,118.973470930566,"22","QZVDQETYNOBUPJ","CC1=C[N+](=C(C(=C1OC)C)CS(=O)C2=NC3=C(N2)C=C(C=C3)OC)[O-]","Omeprazole-N-oxide",2.1600971,2,-18.4530973884526,0.9375,Inf,"844253449578063401"
"844253493731501652","C17H19N3O4S","[M + H]+",1,0.961645779376252,124.734253482876,5.76078255231014,118.973470930566,"22","CMZHQFXXAAIBKE","CC1=C(C(=CN=C1CS(=O)C2=NC3=C(N2)C=C(C=C3)OC)CO)OC",NA,1.6791414,3,-29.2992348010428,0.924242424242424,NA,"844253449578063401"
"844253493731501652","C17H19N3O4S","[M + H]+",1,0.961645779376252,124.734253482876,5.76078255231014,118.973470930566,"22","IGVYIWUGJPECAJ","CC1=CN=C(C(=C1OC)CO)CS(=O)C2=NC3=C(N2)C=C(C=C3)OC","3-Hydroxyomeprazole",1.6791414,4,-35.525397230981,0.91044776119403,NA,"844253449578063401"
"844253493731501652","C17H19N3O4S","[M + H]+",1,0.961645779376252,124.734253482876,5.76078255231014,118.973470930566,"22","VPFSKKMDDDYYOJ","CC1=CN=C(C(=C1OC)C)CS(=O)C2=NC3=C(N2)C=CC(=C3O)OC","5-methoxy-2-[(R)-(4-methoxy-3,5-dimethylpyridin-2-yl)methylsulfinyl]-1H-benzimidazol-4-ol",2.1978552,5,-247.273474018055,0.719178082191781,NA,"844253449578063401"
"844253493731501652","C17H19N3O4S","[M + H]+",1,0.961645779376252,124.734253482876,5.76078255231014,118.973470930566,"22","NRTYCXOOEJJVDJ","COC1=C(C=C(C=C1)NC(=O)CSC2=NC3=C(CCC3)C(=O)N2)OC","N-(3,4-dimethoxyphenyl)-2-[(4-oxo-4,5,6,7-tetrahydro-3H-cyclopenta[d]pyrimidin-2-yl)thio]acetamide",1.7,6,-408.552789306559,0.352331606217617,NA,"844253449578063401"
"844253493731501652","C17H19N3O4S","[M + H]+",1,0.961645779376252,124.734253482876,5.76078255231014,118.973470930566,"22","NJXRFXGANNWYRK","CC1=CC=C(C=C1)N(CC2=NCCN2)C3=CC(=CC=C3)OS(=O)(=O)O","[3-[N-(4,5-dihydro-1H-imidazol-2-ylmethyl)-4-methylanilino]phenyl] hydrogen sulfate",2,7,-534.021014492146,0.245614035087719,NA,"844253449578063401"
"844253493731501652","C17H19N3O4S","[M + H]+",1,0.961645779376252,124.734253482876,5.76078255231014,118.973470930566,"22","MQQOMKBMLHBDFG","CC1=NC=CC(=C1)NS(=O)(=O)C2=C(N=CC(=C2)C3=CCOCC3)OC","5-[3,6-dihydro-2H-pyran-4-yl]-2-methoxy-N-[2-methylpyridin-4-yl]pyridine-3-sulfonamide",1,8,-541.64117705181,0.319767441860465,NA,"844253449578063401"
"844253493731501652","C17H19N3O4S","[M + H]+",1,0.961645779376252,124.734253482876,5.76078255231014,118.973470930566,"22","HBLRAJANJGAMFQ","CC(C)CNC(=O)CC1=CSC(=N1)NC(=O)C2=CC3=C(C=C2)OCO3","N-(4-(2-(isobutylamino)-2-oxoethyl)thiazol-2-yl)benzo[d][1,3]dioxole-5-carboxamide",2.5,9,-570.171672979029,0.178861788617886,NA,"844253449578063401"
"844253493731501652","C17H19N3O4S","[M + H]+",1,0.961645779376252,124.734253482876,5.76078255231014,118.973470930566,"22","JHQLDSNFXOLZMD","C1CC1C(=O)N2CC3(C2)C4CN(CCN4C(=O)O3)C(=O)C5=CC=CS5","1'-(Cyclopropanecarbonyl)-7-(thiophene-2-carbonyl)spiro[5,6,8,8a-tetrahydro-[1,3]oxazolo[3,4-a]pyrazine-1,3'-azetidine]-3-one",0.5,10,-590.974578040927,0.12719298245614,NA,"844253449578063401"
"844253493731501652","C17H19N3O4S","[M + H]+",1,0.961645779376252,124.734253482876,5.76078255231014,118.973470930566,"22","ILAMKVUHWSQJHY","COC(=O)C1=CC=C(C=C1)OCC2N(CCS2)C(=O)CN3C=CN=C3","Methyl 4-((3-(1H-imidazol-1-ylacetyl)-2-thiazolidinyl)methoxy)benzoate",1.7,11,-610.116545470172,0.192307692307692,NA,"844253449578063401"
"844253493731501652","C17H19N3O4S","[M + H]+",1,0.961645779376252,124.734253482876,5.76078255231014,118.973470930566,"22","FZECHKJQHUVANE","CC1(C(N2C(S1)C(C2=O)NC(=O)C(C3=CC=CC=C3)N=C)C(=O)O)C","6-{[1-hydroxy-2-(methylideneamino)-2-phenylethylidene]amino}-3,3-dimethyl-7-oxo-4-thia-1-azabicyclo[3.2.0]heptane-2-carboxylic acid",1.2664139,12,-636.670661524465,0.111524163568773,NA,"844253449578063401"
"844253493731501652","C17H19N3O4S","[M + H]+",1,0.961645779376252,124.734253482876,5.76078255231014,118.973470930566,"22","NVAYQDCPVGCOHV","C1CC(N(S(=O)(=O)C1)CC2=CC=C(C=C2)C3=CC=NC=C3)C(=O)NO","(3S)-N-hydroxy-1,1-dioxo-2-[(4-pyridin-4-ylphenyl)methyl]thiazinane-3-carboxamide",0.9,13,-637.657070426868,0.201793721973094,NA,"844253449578063401"
"844253493731501652","C17H19N3O4S","[M + H]+",1,0.961645779376252,124.734253482876,5.76078255231014,118.973470930566,"22","FPMHRRFSGYKNIU","COC1=CC=C(C=C1)CN2CC3C(C2)OC4=C(C=CC=N4)S(=O)(=O)N3","5-[(4-methoxyphenyl)methyl]-2-oxa-9λ⁶-thia-5,8,14-triazatricyclo[8.4.0.0³,⁷]tetradeca-1(10),11,13-triene-9,9-dione",1.3,14,-673.098161190169,0.275862068965517,NA,"844253449578063401"
"844253493731501652","C17H19N3O4S","[M + H]+",1,0.961645779376252,124.734253482876,5.76078255231014,118.973470930566,"22","IVXQTEPGJVXVMS","CCOC1=CC=C(C=C1)NC(=S)NN=C(C)C2=C(C(=C(C=C2)O)O)O","1-(4-ethoxyphenyl)-3-[(E)-1-(2,3,4-trihydroxyphenyl)ethylideneamino]thiourea",2.7,15,-736.718134471872,0.21256038647343,NA,"844253449578063401"
"844253493731501653","C14H20FN3O5S","[M + H]+",2,0.0383542204118368,121.512471884334,5.43214127104026,116.080330613294,"22","GGHVBHNNEHVTBO","C1=CC(=CC=C1CNNC(=S)NC2C(C(C(C(O2)CO)O)O)O)F","1-[(4-fluorophenyl)methylamino]-3-[(2R,3R,4S,5S,6R)-3,4,5-trihydroxy-6-(hydroxymethyl)oxan-2-yl]thiourea",-0.8,16,-750.979588849179,0.144628099173554,NA,"844253449578063401"
"844253493731501654","C15H13F2N7O2","[M + H]+",3,2.11909171347941e-10,102.498499221606,3.20541920775667,99.2930800138494,"22",NA,NA,NA,NA,NA,NA,NA,NA,"844253449578063401"
"844253493731501655","C16H19N3O5Si","[M + H]+",4,1.5038782725567e-15,90.6426334832474,3.24521145683439,87.397422026413,"22",NA,NA,NA,NA,NA,NA,NA,NA,"844253449578063401"
"844253493731501656","C13H20FN3O6Si","[M + H]+",5,4.74696153511886e-16,89.4895058403502,4.8286838440327,84.6608219963175,"22",NA,NA,NA,NA,NA,NA,NA,NA,"844253449578063401"
"844253493731501657","C19H17F2NO4","[M + H]+",6,3.09254264292826e-16,89.0609947181349,1.57007433397384,87.490920384161,"22",NA,NA,NA,NA,NA,NA,NA,NA,"844253449578063401"
"844253493731501658","C14H17F2N3O6","[M + H]+",7,3.04138442975471e-16,89.0443139200788,2.80056617765411,86.2437477424247,"22",NA,NA,NA,NA,NA,NA,NA,NA,"844253449578063401"
"844253493731501659","C20H15N3O4","[M + H]+",8,1.52818593710899e-17,86.053497380738,0.580838272053981,85.472659108684,"22",NA,NA,NA,NA,NA,NA,NA,NA,"844253449578063401"
"844253493731501660","C15H24NO5PS","[M + H]+",9,1.28007529385241e-17,85.8763349103309,5.17048827924606,80.7058466310849,"22",NA,NA,NA,NA,NA,NA,NA,NA,"844253449578063401"
"844253493731501661","C10H16FN9O3S","[M + H]+",10,1.20660865425094e-17,85.8172296702335,3.39084296040404,82.4263867098294,"22",NA,NA,NA,NA,NA,NA,NA,NA,"844253449578063401"
