"formulaId","molecularFormula","adduct","rank.x","siriusScoreNormalized","siriusScore","isotopeScore","treeScore","xcms_fts","inchiKey","smiles","structureName","xlogP","rank.y","csiScore","tanimotoSimilarity","mcesDistToTopHit","sirius_fts"
"844252271258031215","C17H19N3O4S","[M + H]+",1,0.387699406748314,59.3955209011391,0,59.3955209011391,"1","IXEQEYRTSRFZEO","CC1=CN=C(C(=C1OC)C)CS(=O)(=O)C2=NC3=C(N2)C=C(C=C3)OC","Omeprazole-d3 Sulfone",2.7485034,1,-21.3273729974561,0.9296875,0,"844252164810789719"
"844252271258031215","C17H19N3O4S","[M + H]+",1,0.387699406748314,59.3955209011391,0,59.3955209011391,"1","QZVDQETYNOBUPJ","CC1=C[N+](=C(C(=C1OC)C)CS(=O)C2=NC3=C(N2)C=C(C=C3)OC)[O-]","Omeprazole-N-oxide",2.1600971,2,-21.9418042035403,0.937007874015748,Inf,"844252164810789719"
"844252271258031215","C17H19N3O4S","[M + H]+",1,0.387699406748314,59.3955209011391,0,59.3955209011391,"1","CMZHQFXXAAIBKE","CC1=C(C(=CN=C1CS(=O)C2=NC3=C(N2)C=C(C=C3)OC)CO)OC",NA,1.6791414,3,-40.7556888983753,0.894736842105263,NA,"844252164810789719"
"844252271258031215","C17H19N3O4S","[M + H]+",1,0.387699406748314,59.3955209011391,0,59.3955209011391,"1","IGVYIWUGJPECAJ","CC1=CN=C(C(=C1OC)CO)CS(=O)C2=NC3=C(N2)C=C(C=C3)OC","3-Hydroxyomeprazole",1.6791414,4,-43.066840297336,0.881481481481482,NA,"844252164810789719"
"844252271258031215","C17H19N3O4S","[M + H]+",1,0.387699406748314,59.3955209011391,0,59.3955209011391,"1","VPFSKKMDDDYYOJ","CC1=CN=C(C(=C1OC)C)CS(=O)C2=NC3=C(N2)C=CC(=C3O)OC","5-methoxy-2-[(R)-(4-methoxy-3,5-dimethylpyridin-2-yl)methylsulfinyl]-1H-benzimidazol-4-ol",2.1978552,5,-224.905069659138,0.717241379310345,NA,"844252164810789719"
"844252271258031215","C17H19N3O4S","[M + H]+",1,0.387699406748314,59.3955209011391,0,59.3955209011391,"1","NRTYCXOOEJJVDJ","COC1=C(C=C(C=C1)NC(=O)CSC2=NC3=C(CCC3)C(=O)N2)OC","N-(3,4-dimethoxyphenyl)-2-[(4-oxo-4,5,6,7-tetrahydro-3H-cyclopenta[d]pyrimidin-2-yl)thio]acetamide",1.7,10,-326.486339851964,0.348958333333333,NA,"844252164810789719"
"844252271258031215","C17H19N3O4S","[M + H]+",1,0.387699406748314,59.3955209011391,0,59.3955209011391,"1","NJXRFXGANNWYRK","CC1=CC=C(C=C1)N(CC2=NCCN2)C3=CC(=CC=C3)OS(=O)(=O)O","[3-[N-(4,5-dihydro-1H-imidazol-2-ylmethyl)-4-methylanilino]phenyl] hydrogen sulfate",2,19,-417.556346937447,0.248520710059172,NA,"844252164810789719"
"844252271258031215","C17H19N3O4S","[M + H]+",1,0.387699406748314,59.3955209011391,0,59.3955209011391,"1","MQQOMKBMLHBDFG","CC1=NC=CC(=C1)NS(=O)(=O)C2=C(N=CC(=C2)C3=CCOCC3)OC","5-[3,6-dihydro-2H-pyran-4-yl]-2-methoxy-N-[2-methylpyridin-4-yl]pyridine-3-sulfonamide",1,22,-427.609232736066,0.323529411764706,NA,"844252164810789719"
"844252271258031215","C17H19N3O4S","[M + H]+",1,0.387699406748314,59.3955209011391,0,59.3955209011391,"1","NVAYQDCPVGCOHV","C1CC(N(S(=O)(=O)C1)CC2=CC=C(C=C2)C3=CC=NC=C3)C(=O)NO","(3S)-N-hydroxy-1,1-dioxo-2-[(4-pyridin-4-ylphenyl)methyl]thiazinane-3-carboxamide",0.9,31,-573.739232025866,0.203619909502262,NA,"844252164810789719"
"844252271258031215","C17H19N3O4S","[M + H]+",1,0.387699406748314,59.3955209011391,0,59.3955209011391,"1","HBLRAJANJGAMFQ","CC(C)CNC(=O)CC1=CSC(=N1)NC(=O)C2=CC3=C(C=C2)OCO3","N-(4-(2-(isobutylamino)-2-oxoethyl)thiazol-2-yl)benzo[d][1,3]dioxole-5-carboxamide",2.5,32,-582.97361676857,0.180327868852459,NA,"844252164810789719"
"844252271258031215","C17H19N3O4S","[M + H]+",1,0.387699406748314,59.3955209011391,0,59.3955209011391,"1","JHQLDSNFXOLZMD","C1CC1C(=O)N2CC3(C2)C4CN(CCN4C(=O)O3)C(=O)C5=CC=CS5","1'-(Cyclopropanecarbonyl)-7-(thiophene-2-carbonyl)spiro[5,6,8,8a-tetrahydro-[1,3]oxazolo[3,4-a]pyrazine-1,3'-azetidine]-3-one",0.5,33,-583.204078182309,0.128318584070796,NA,"844252164810789719"
"844252271258031215","C17H19N3O4S","[M + H]+",1,0.387699406748314,59.3955209011391,0,59.3955209011391,"1","ILAMKVUHWSQJHY","COC(=O)C1=CC=C(C=C1)OCC2N(CCS2)C(=O)CN3C=CN=C3","Methyl 4-((3-(1H-imidazol-1-ylacetyl)-2-thiazolidinyl)methoxy)benzoate",1.7,34,-592.473870189824,0.193965517241379,NA,"844252164810789719"
"844252271258031215","C17H19N3O4S","[M + H]+",1,0.387699406748314,59.3955209011391,0,59.3955209011391,"1","FPMHRRFSGYKNIU","COC1=CC=C(C=C1)CN2CC3C(C2)OC4=C(C=CC=N4)S(=O)(=O)N3","5-[(4-methoxyphenyl)methyl]-2-oxa-9λ⁶-thia-5,8,14-triazatricyclo[8.4.0.0³,⁷]tetradeca-1(10),11,13-triene-9,9-dione",1.3,35,-604.700326945144,0.272727272727273,NA,"844252164810789719"
"844252271258031215","C17H19N3O4S","[M + H]+",1,0.387699406748314,59.3955209011391,0,59.3955209011391,"1","AQWQARACBBXMKO","COC(=O)C1C(C2CN3C(=O)C=CC=C3C1N2CC4=NC=CS4)CO","methyl (1R,9S,10S,11S)-10-(hydroxymethyl)-6-oxo-12-(1,3-thiazol-2-ylmethyl)-7,12-diazatricyclo[7.2.1.02,7]dodeca-2,4-diene-11-carboxylate",-0.1,36,-689.902154138494,0.206751054852321,NA,"844252164810789719"
"844252271258031215","C17H19N3O4S","[M + H]+",1,0.387699406748314,59.3955209011391,0,59.3955209011391,"1","FZECHKJQHUVANE","CC1(C(N2C(S1)C(C2=O)NC(=O)C(C3=CC=CC=C3)N=C)C(=O)O)C","6-{[1-hydroxy-2-(methylideneamino)-2-phenylethylidene]amino}-3,3-dimethyl-7-oxo-4-thia-1-azabicyclo[3.2.0]heptane-2-carboxylic acid",1.2664139,37,-694.959779401949,0.112359550561798,NA,"844252164810789719"
"844252271258031216","C15H13F2N7O2","[M + H]+",2,0.32327510867243,59.2137942769885,0,59.2137942769885,"1",NA,NA,NA,NA,NA,NA,NA,NA,"844252164810789719"
"844252271258031217","C20H15N3O4","[M + H]+",3,0.236975837937527,58.9032487729529,0,58.9032487729529,"1","XBESKJZOHAWRHS","COC1=CC=CC(=C1)N2C(=C(C(=O)NC2=O)C=C3C=NC4=CC=CC=C43)O","6-Hydroxy-5-(indol-3-ylidenemethyl)-1-(3-methoxyphenyl)pyrimidine-2,4-dione",1.8,7,-298.036385336172,0.412162162162162,NA,"844252164810789719"
"844252271258031217","C20H15N3O4","[M + H]+",3,0.236975837937527,58.9032487729529,0,58.9032487729529,"1","OKLQCZBOAHZABU","COC1=CC=C(C=C1)N2C(=C(C(=O)NC2=O)C=C3C=NC4=CC=CC=C43)O","6-Hydroxy-5-(indol-3-ylidenemethyl)-1-(4-methoxyphenyl)pyrimidine-2,4-dione",1.8,8,-305.206892341056,0.393333333333333,NA,"844252164810789719"
"844252271258031217","C20H15N3O4","[M + H]+",3,0.236975837937527,58.9032487729529,0,58.9032487729529,"1","JONQCFJPPWOWOJ","C1=CC=C(C=C1)C2=C(C3=CC=CC=C3N2)CC4=NC(=C(C(=O)N4)O)C(=O)O","5,6-Dihydroxy-2-[(2-Phenyl-1h-Indol-3-Yl)methyl]pyrimidine-4-Carboxylic Acid",2.8,9,-323.184473558122,0.36969696969697,NA,"844252164810789719"
"844252271258031217","C20H15N3O4","[M + H]+",3,0.236975837937527,58.9032487729529,0,58.9032487729529,"1","MDOQJLLAKJRIGD","C1=CC2=C(C=C1O)NC=C2C3C(C(=O)NC3=O)C4=CNC5=C4C=CC(=C5)O","Dihydroarcyriarubin C",1.9,11,-335.682340534604,0.361290322580645,NA,"844252164810789719"
"844252271258031217","C20H15N3O4","[M + H]+",3,0.236975837937527,58.9032487729529,0,58.9032487729529,"1","XQLMMQLYXOMQKO","COC1=CC2=C(C=C1)C(=O)N3CCC4=C(C3=N2)NC5=CC6=C(C=C45)OCO6","Orisuaveoline B",2.8,12,-336.98269369186,0.39247311827957,NA,"844252164810789719"
"844252271258031217","C20H15N3O4","[M + H]+",3,0.236975837937527,58.9032487729529,0,58.9032487729529,"1","PUDYPYSNBKKWCZ","COC1=CC=C(C=C1)N2C3=C(C=CC(=N3)C4=CC=CC=C4O)C(=O)NC2=O","7-(2-hydroxyphenyl)-1-(4-methoxyphenyl)-1H,2H,3H,4H-pyrido[2,3-d]pyrimidine-2,4-dione",2.7,13,-337.2928552482,0.388571428571429,NA,"844252164810789719"
"844252271258031217","C20H15N3O4","[M + H]+",3,0.236975837937527,58.9032487729529,0,58.9032487729529,"1","AOEIQEHYOZILKV","COC1=CC=CC(=C1)C(=O)NC2=CC=C(C=C2)C3=NN=C(O3)C4=CC=CO4","N-{4-[5-(furan-2-yl)-1,3,4-oxadiazol-2-yl]phenyl}-3-methoxybenzamide",3,14,-395.859965851179,0.26984126984127,NA,"844252164810789719"
"844252271258031217","C20H15N3O4","[M + H]+",3,0.236975837937527,58.9032487729529,0,58.9032487729529,"1","MUKZNQTVLXQHRH","COC1=CC(=C(C=C1)C2=C3C(=C4C=CC(=O)C=C4O3)N=C5C2=CNN5)OC","4-(2,4-dimethoxyphenyl)-1H-benzofuro[3,2-b]pyrazolo[4,3-e]pyridin-7-ol",1,15,-398.531460614832,0.348484848484849,NA,"844252164810789719"
"844252271258031217","C20H15N3O4","[M + H]+",3,0.236975837937527,58.9032487729529,0,58.9032487729529,"1","RZZUAVPTAVWZIS","CN1C2=CC=CC=C2C(=O)C(=C3C(=CC4=CC(=CC=C4)O)C(=O)NN3)C1=O","(3Z)-3-[(4Z)-4-[(3-hydroxyphenyl)methylidene]-5-oxopyrazolidin-3-ylidene]-1-methylquinoline-2,4-dione",2.2,16,-403.127653882646,0.333333333333333,NA,"844252164810789719"
"844252271258031217","C20H15N3O4","[M + H]+",3,0.236975837937527,58.9032487729529,0,58.9032487729529,"1","BNMWBRJGVFOWDK","CC(=O)NC1=NC(=NC2=C1C(=O)OC3=CC=CC=C32)C4=CC=C(C=C4)OC","N-[2-(4-methoxyphenyl)-5-oxo-5H-chromeno[4,3-d]pyrimidin-4-yl]acetamide",3,17,-407.242223413708,0.345945945945946,NA,"844252164810789719"
"844252271258031217","C20H15N3O4","[M + H]+",3,0.236975837937527,58.9032487729529,0,58.9032487729529,"1","KRROWEKGYCWUAM","CN1C2=CC=CC=C2C(=O)C(=C3C(=CC4=CC=CC=C4O)C(=O)NN3)C1=O","(3Z)-3-[(4Z)-4-[(2-hydroxyphenyl)methylidene]-5-oxopyrazolidin-3-ylidene]-1-methylquinoline-2,4-dione",2.2,18,-413.303003961794,0.343558282208589,NA,"844252164810789719"
"844252271258031217","C20H15N3O4","[M + H]+",3,0.236975837937527,58.9032487729529,0,58.9032487729529,"1","QWNCUDVCMGPFRR","C1CN(C2=NC3=CC=CC=C3N21)C(=O)COC4=CC5=C(C=C4)C=CC(=O)O5","7-(2-oxo-2-{2,5,7-triazatricyclo[6.4.0.0²,⁶]dodeca-1(12),6,8,10-tetraen-5-yl}ethoxy)-2H-chromen-2-one",2.5,20,-419.967096321077,0.364102564102564,NA,"844252164810789719"
"844252271258031217","C20H15N3O4","[M + H]+",3,0.236975837937527,58.9032487729529,0,58.9032487729529,"1","IBHBIKWTFZCSOF","C1C(N=C(C2=C(C=CC3=C2C1=CN3)O)C4=CNC5=C4C=C(C=C5)O)C(=O)O","Hyrtiazepine",2.6,21,-422.690225432573,0.327586206896552,NA,"844252164810789719"
"844252271258031217","C20H15N3O4","[M + H]+",3,0.236975837937527,58.9032487729529,0,58.9032487729529,"1","QGKXNGVWALRPSW","CN1C2=CC=CC=C2C(=O)C(=C3C(=CC4=CC=C(C=C4)O)C(=O)NN3)C1=O","(3Z)-3-[(4Z)-4-[(4-hydroxyphenyl)methylidene]-5-oxopyrazolidin-3-ylidene]-1-methylquinoline-2,4-dione",2.2,23,-438.991140609487,0.327380952380952,NA,"844252164810789719"
"844252271258031217","C20H15N3O4","[M + H]+",3,0.236975837937527,58.9032487729529,0,58.9032487729529,"1","UBCBRRGIEWAJCQ","CC1=C2C(=C3C(=C(C4=CNN(C4=N3)C)C5=CC(=C(C=C5)O)O)O2)C=CC1=O","4-(7-hydroxy-1,6-dimethyl-1H-benzofuro[3,2-b]pyrazolo[4,3-e]pyridin-4-yl)benzene-1,2-diol",0.9,24,-439.62143206448,0.374331550802139,NA,"844252164810789719"
"844252271258031218","C14H20FN3O5S","[M + H]+",4,0.051860079248302,57.383839894875,0,57.383839894875,"1","GGHVBHNNEHVTBO","C1=CC(=CC=C1CNNC(=S)NC2C(C(C(C(O2)CO)O)O)O)F","1-[(4-fluorophenyl)methylamino]-3-[(2R,3R,4S,5S,6R)-3,4,5-trihydroxy-6-(hydroxymethyl)oxan-2-yl]thiourea",-0.8,29,-525.966494590705,0.189189189189189,NA,"844252164810789719"
"844252271258031219","C13H19N3O9","[M + H]+",5,0.000170935419646863,51.6688211299498,0,51.6688211299498,"1","KBLOEHMGPOSANZ","CC(=O)OC1COC(C(C1OC(=O)C)OC(=O)C)NC(=O)N(C)N=O","1-methyl-1-nitroso-3-(2,3,4-tri-O-acetyl-beta-D-xylopyranosyl)urea",-0.719084,6,-287.728698108662,0.382352941176471,NA,"844252164810789719"
"844252271258031220","C14H17F2N3O6","[M + H]+",6,8.32772072864192e-06,48.6471251043892,0,48.6471251043892,"1",NA,NA,NA,NA,NA,NA,NA,NA,"844252164810789719"
"844252271258031221","C12H19N5O6S","[M + H]+",7,3.67297547023507e-06,47.8285373960783,0,47.8285373960783,"1",NA,NA,NA,NA,NA,NA,NA,NA,"844252164810789719"
"844252271258031222","C17H16FN3O5","[M + H]+",8,3.21786660506123e-06,47.6962539026279,0,47.6962539026279,"1",NA,NA,NA,NA,NA,NA,NA,NA,"844252164810789719"
"844252271258031223","C12H14F3N7O3","[M + H]+",9,2.01132668406142e-06,47.2263298538244,0,47.2263298538244,"1",NA,NA,NA,NA,NA,NA,NA,NA,"844252164810789719"
"844252271258031224","C10H13F2N9O4","[M + H]+",10,5.86795792233425e-07,45.9944569042249,0,45.9944569042249,"1",NA,NA,NA,NA,NA,NA,NA,NA,"844252164810789719"
"844252256548607057","C17H19N3O4S","[M + H]+",1,0.954013934263766,130.334510044293,4.94575464158166,125.388755402712,"2","QZVDQETYNOBUPJ","CC1=C[N+](=C(C(=C1OC)C)CS(=O)C2=NC3=C(N2)C=C(C=C3)OC)[O-]","Omeprazole-N-oxide",2.1600971,1,-21.8648721847175,0.930232558139535,0,"844252164869509976"
"844252256548607057","C17H19N3O4S","[M + H]+",1,0.954013934263766,130.334510044293,4.94575464158166,125.388755402712,"2","IXEQEYRTSRFZEO","CC1=CN=C(C(=C1OC)C)CS(=O)(=O)C2=NC3=C(N2)C=C(C=C3)OC","Omeprazole-d3 Sulfone",2.7485034,2,-22.2333214505447,0.937984496124031,Inf,"844252164869509976"
"844252256548607057","C17H19N3O4S","[M + H]+",1,0.954013934263766,130.334510044293,4.94575464158166,125.388755402712,"2","CMZHQFXXAAIBKE","CC1=C(C(=CN=C1CS(=O)C2=NC3=C(N2)C=C(C=C3)OC)CO)OC",NA,1.6791414,3,-25.4758893388891,0.931818181818182,NA,"844252164869509976"
"844252256548607057","C17H19N3O4S","[M + H]+",1,0.954013934263766,130.334510044293,4.94575464158166,125.388755402712,"2","IGVYIWUGJPECAJ","CC1=CN=C(C(=C1OC)CO)CS(=O)C2=NC3=C(N2)C=C(C=C3)OC","3-Hydroxyomeprazole",1.6791414,4,-31.5525519334752,0.917910447761194,NA,"844252164869509976"
"844252256548607057","C17H19N3O4S","[M + H]+",1,0.954013934263766,130.334510044293,4.94575464158166,125.388755402712,"2","VPFSKKMDDDYYOJ","CC1=CN=C(C(=C1OC)C)CS(=O)C2=NC3=C(N2)C=CC(=C3O)OC","5-methoxy-2-[(R)-(4-methoxy-3,5-dimethylpyridin-2-yl)methylsulfinyl]-1H-benzimidazol-4-ol",2.1978552,5,-248.056956630887,0.714285714285714,NA,"844252164869509976"
"844252256548607057","C17H19N3O4S","[M + H]+",1,0.954013934263766,130.334510044293,4.94575464158166,125.388755402712,"2","NRTYCXOOEJJVDJ","COC1=C(C=C(C=C1)NC(=O)CSC2=NC3=C(CCC3)C(=O)N2)OC","N-(3,4-dimethoxyphenyl)-2-[(4-oxo-4,5,6,7-tetrahydro-3H-cyclopenta[d]pyrimidin-2-yl)thio]acetamide",1.7,6,-420.96376543816,0.350515463917526,NA,"844252164869509976"
"844252256548607057","C17H19N3O4S","[M + H]+",1,0.954013934263766,130.334510044293,4.94575464158166,125.388755402712,"2","NJXRFXGANNWYRK","CC1=CC=C(C=C1)N(CC2=NCCN2)C3=CC(=CC=C3)OS(=O)(=O)O","[3-[N-(4,5-dihydro-1H-imidazol-2-ylmethyl)-4-methylanilino]phenyl] hydrogen sulfate",2,7,-546.336166121554,0.244186046511628,NA,"844252164869509976"
"844252256548607057","C17H19N3O4S","[M + H]+",1,0.954013934263766,130.334510044293,4.94575464158166,125.388755402712,"2","MQQOMKBMLHBDFG","CC1=NC=CC(=C1)NS(=O)(=O)C2=C(N=CC(=C2)C3=CCOCC3)OC","5-[3,6-dihydro-2H-pyran-4-yl]-2-methoxy-N-[2-methylpyridin-4-yl]pyridine-3-sulfonamide",1,8,-559.63706032283,0.317919075144509,NA,"844252164869509976"
"844252256548607057","C17H19N3O4S","[M + H]+",1,0.954013934263766,130.334510044293,4.94575464158166,125.388755402712,"2","HBLRAJANJGAMFQ","CC(C)CNC(=O)CC1=CSC(=N1)NC(=O)C2=CC3=C(C=C2)OCO3","N-(4-(2-(isobutylamino)-2-oxoethyl)thiazol-2-yl)benzo[d][1,3]dioxole-5-carboxamide",2.5,9,-576.55474974565,0.178137651821862,NA,"844252164869509976"
"844252256548607057","C17H19N3O4S","[M + H]+",1,0.954013934263766,130.334510044293,4.94575464158166,125.388755402712,"2","JHQLDSNFXOLZMD","C1CC1C(=O)N2CC3(C2)C4CN(CCN4C(=O)O3)C(=O)C5=CC=CS5","1'-(Cyclopropanecarbonyl)-7-(thiophene-2-carbonyl)spiro[5,6,8,8a-tetrahydro-[1,3]oxazolo[3,4-a]pyrazine-1,3'-azetidine]-3-one",0.5,10,-604.252228395019,0.126637554585153,NA,"844252164869509976"
"844252256548607057","C17H19N3O4S","[M + H]+",1,0.954013934263766,130.334510044293,4.94575464158166,125.388755402712,"2","ILAMKVUHWSQJHY","COC(=O)C1=CC=C(C=C1)OCC2N(CCS2)C(=O)CN3C=CN=C3","Methyl 4-((3-(1H-imidazol-1-ylacetyl)-2-thiazolidinyl)methoxy)benzoate",1.7,11,-621.948937889803,0.191489361702128,NA,"844252164869509976"
"844252256548607057","C17H19N3O4S","[M + H]+",1,0.954013934263766,130.334510044293,4.94575464158166,125.388755402712,"2","FZECHKJQHUVANE","CC1(C(N2C(S1)C(C2=O)NC(=O)C(C3=CC=CC=C3)N=C)C(=O)O)C","6-{[1-hydroxy-2-(methylideneamino)-2-phenylethylidene]amino}-3,3-dimethyl-7-oxo-4-thia-1-azabicyclo[3.2.0]heptane-2-carboxylic acid",1.2664139,12,-640.434621501977,0.111111111111111,NA,"844252164869509976"
"844252256548607057","C17H19N3O4S","[M + H]+",1,0.954013934263766,130.334510044293,4.94575464158166,125.388755402712,"2","NVAYQDCPVGCOHV","C1CC(N(S(=O)(=O)C1)CC2=CC=C(C=C2)C3=CC=NC=C3)C(=O)NO","(3S)-N-hydroxy-1,1-dioxo-2-[(4-pyridin-4-ylphenyl)methyl]thiazinane-3-carboxamide",0.9,13,-643.047180394058,0.200892857142857,NA,"844252164869509976"
"844252256548607057","C17H19N3O4S","[M + H]+",1,0.954013934263766,130.334510044293,4.94575464158166,125.388755402712,"2","FPMHRRFSGYKNIU","COC1=CC=C(C=C1)CN2CC3C(C2)OC4=C(C=CC=N4)S(=O)(=O)N3","5-[(4-methoxyphenyl)methyl]-2-oxa-9λ⁶-thia-5,8,14-triazatricyclo[8.4.0.0³,⁷]tetradeca-1(10),11,13-triene-9,9-dione",1.3,14,-686.788474648086,0.274678111587983,NA,"844252164869509976"
"844252256548607057","C17H19N3O4S","[M + H]+",1,0.954013934263766,130.334510044293,4.94575464158166,125.388755402712,"2","IVXQTEPGJVXVMS","CCOC1=CC=C(C=C1)NC(=S)NN=C(C)C2=C(C(=C(C=C2)O)O)O","1-(4-ethoxyphenyl)-3-[(E)-1-(2,3,4-trihydroxyphenyl)ethylideneamino]thiourea",2.7,15,-730.135865411313,0.211538461538462,NA,"844252164869509976"
"844252256548607058","C14H20FN3O5S","[M + H]+",2,0.0459860656960244,127.302170197753,5.38070969011982,121.921460507633,"2","GGHVBHNNEHVTBO","C1=CC(=CC=C1CNNC(=S)NC2C(C(C(C(O2)CO)O)O)O)F","1-[(4-fluorophenyl)methylamino]-3-[(2R,3R,4S,5S,6R)-3,4,5-trihydroxy-6-(hydroxymethyl)oxan-2-yl]thiourea",-0.8,16,-775.248826137056,0.152892561983471,NA,"844252164869509976"
"844252256548607059","C15H13F2N7O2","[M + H]+",3,4.02087878102087e-11,106.444651503838,3.05247644438012,103.392175059458,"2",NA,NA,NA,NA,NA,NA,NA,NA,"844252164869509976"
"844252256548607060","C16H19N3O5Si","[M + H]+",4,5.19352606198663e-16,95.1876384197489,1.73399341314094,93.4536450066079,"2",NA,NA,NA,NA,NA,NA,NA,NA,"844252164869509976"
"844252256548607061","C14H17F2N3O6","[M + H]+",5,4.79845361737045e-16,95.1085192608429,3.17927568435747,91.9292435764854,"2",NA,NA,NA,NA,NA,NA,NA,NA,"844252164869509976"
"844252256548607062","C13H20FN3O6Si","[M + H]+",6,2.38629941445406e-16,94.4099693617213,4.1568358765662,90.2531334851551,"2",NA,NA,NA,NA,NA,NA,NA,NA,"844252164869509976"
"844252256548607063","C19H17F2NO4","[M + H]+",7,6.73670961349248e-17,93.145212082701,0.926933435971327,92.2182786467297,"2",NA,NA,NA,NA,NA,NA,NA,NA,"844252164869509976"
"844252256548607064","C11H18F3N3O7","[M + H]+",8,1.93740449800945e-17,91.898989654569,2.01198797667972,89.8870016778893,"2",NA,NA,NA,NA,NA,NA,NA,NA,"844252164869509976"
"844252256548607065","C10H16FN9O3S","[M + H]+",9,1.51214432010602e-17,91.6511691878963,4.15829802048732,87.492871167409,"2",NA,NA,NA,NA,NA,NA,NA,NA,"844252164869509976"
"844252256548607066","C12H19F4N3O3S","[M + H]+",10,1.22919576820054e-17,91.4440005734302,5.13009872927168,86.3139018441585,"2",NA,NA,NA,NA,NA,NA,NA,NA,"844252164869509976"
"844252245895074857","C17H19N3O4S","[M + H]+",1,0.691698820747496,171.114001335839,0,171.114001335839,"3","QZVDQETYNOBUPJ","CC1=C[N+](=C(C(=C1OC)C)CS(=O)C2=NC3=C(N2)C=C(C=C3)OC)[O-]","Omeprazole-N-oxide",2.1600971,1,-20.9823940788096,0.930232558139535,0,"844252164882092889"
"844252245895074857","C17H19N3O4S","[M + H]+",1,0.691698820747496,171.114001335839,0,171.114001335839,"3","CMZHQFXXAAIBKE","CC1=C(C(=CN=C1CS(=O)C2=NC3=C(N2)C=C(C=C3)OC)CO)OC",NA,1.6791414,2,-25.0653814632283,0.931818181818182,2,"844252164882092889"
"844252245895074857","C17H19N3O4S","[M + H]+",1,0.691698820747496,171.114001335839,0,171.114001335839,"3","IXEQEYRTSRFZEO","CC1=CN=C(C(=C1OC)C)CS(=O)(=O)C2=NC3=C(N2)C=C(C=C3)OC","Omeprazole-d3 Sulfone",2.7485034,3,-29.1331015049045,0.937984496124031,Inf,"844252164882092889"
"844252245895074857","C17H19N3O4S","[M + H]+",1,0.691698820747496,171.114001335839,0,171.114001335839,"3","IGVYIWUGJPECAJ","CC1=CN=C(C(=C1OC)CO)CS(=O)C2=NC3=C(N2)C=C(C=C3)OC","3-Hydroxyomeprazole",1.6791414,4,-30.6014489201322,0.917910447761194,NA,"844252164882092889"
"844252245895074857","C17H19N3O4S","[M + H]+",1,0.691698820747496,171.114001335839,0,171.114001335839,"3","VPFSKKMDDDYYOJ","CC1=CN=C(C(=C1OC)C)CS(=O)C2=NC3=C(N2)C=CC(=C3O)OC","5-methoxy-2-[(R)-(4-methoxy-3,5-dimethylpyridin-2-yl)methylsulfinyl]-1H-benzimidazol-4-ol",2.1978552,5,-244.033065484025,0.714285714285714,NA,"844252164882092889"
"844252245895074857","C17H19N3O4S","[M + H]+",1,0.691698820747496,171.114001335839,0,171.114001335839,"3","NRTYCXOOEJJVDJ","COC1=C(C=C(C=C1)NC(=O)CSC2=NC3=C(CCC3)C(=O)N2)OC","N-(3,4-dimethoxyphenyl)-2-[(4-oxo-4,5,6,7-tetrahydro-3H-cyclopenta[d]pyrimidin-2-yl)thio]acetamide",1.7,6,-429.757973700267,0.350515463917526,NA,"844252164882092889"
"844252245895074857","C17H19N3O4S","[M + H]+",1,0.691698820747496,171.114001335839,0,171.114001335839,"3","MQQOMKBMLHBDFG","CC1=NC=CC(=C1)NS(=O)(=O)C2=C(N=CC(=C2)C3=CCOCC3)OC","5-[3,6-dihydro-2H-pyran-4-yl]-2-methoxy-N-[2-methylpyridin-4-yl]pyridine-3-sulfonamide",1,8,-557.52318927448,0.317919075144509,NA,"844252164882092889"
"844252245895074857","C17H19N3O4S","[M + H]+",1,0.691698820747496,171.114001335839,0,171.114001335839,"3","NJXRFXGANNWYRK","CC1=CC=C(C=C1)N(CC2=NCCN2)C3=CC(=CC=C3)OS(=O)(=O)O","[3-[N-(4,5-dihydro-1H-imidazol-2-ylmethyl)-4-methylanilino]phenyl] hydrogen sulfate",2,9,-558.766956383878,0.244186046511628,NA,"844252164882092889"
"844252245895074857","C17H19N3O4S","[M + H]+",1,0.691698820747496,171.114001335839,0,171.114001335839,"3","HBLRAJANJGAMFQ","CC(C)CNC(=O)CC1=CSC(=N1)NC(=O)C2=CC3=C(C=C2)OCO3","N-(4-(2-(isobutylamino)-2-oxoethyl)thiazol-2-yl)benzo[d][1,3]dioxole-5-carboxamide",2.5,10,-589.065490330596,0.178137651821862,NA,"844252164882092889"
"844252245895074857","C17H19N3O4S","[M + H]+",1,0.691698820747496,171.114001335839,0,171.114001335839,"3","JHQLDSNFXOLZMD","C1CC1C(=O)N2CC3(C2)C4CN(CCN4C(=O)O3)C(=O)C5=CC=CS5","1'-(Cyclopropanecarbonyl)-7-(thiophene-2-carbonyl)spiro[5,6,8,8a-tetrahydro-[1,3]oxazolo[3,4-a]pyrazine-1,3'-azetidine]-3-one",0.5,11,-620.001922950257,0.126637554585153,NA,"844252164882092889"
"844252245895074857","C17H19N3O4S","[M + H]+",1,0.691698820747496,171.114001335839,0,171.114001335839,"3","ILAMKVUHWSQJHY","COC(=O)C1=CC=C(C=C1)OCC2N(CCS2)C(=O)CN3C=CN=C3","Methyl 4-((3-(1H-imidazol-1-ylacetyl)-2-thiazolidinyl)methoxy)benzoate",1.7,12,-633.47908008665,0.191489361702128,NA,"844252164882092889"
"844252245895074857","C17H19N3O4S","[M + H]+",1,0.691698820747496,171.114001335839,0,171.114001335839,"3","NVAYQDCPVGCOHV","C1CC(N(S(=O)(=O)C1)CC2=CC=C(C=C2)C3=CC=NC=C3)C(=O)NO","(3S)-N-hydroxy-1,1-dioxo-2-[(4-pyridin-4-ylphenyl)methyl]thiazinane-3-carboxamide",0.9,13,-642.916231654423,0.200892857142857,NA,"844252164882092889"
"844252245895074857","C17H19N3O4S","[M + H]+",1,0.691698820747496,171.114001335839,0,171.114001335839,"3","FZECHKJQHUVANE","CC1(C(N2C(S1)C(C2=O)NC(=O)C(C3=CC=CC=C3)N=C)C(=O)O)C","6-{[1-hydroxy-2-(methylideneamino)-2-phenylethylidene]amino}-3,3-dimethyl-7-oxo-4-thia-1-azabicyclo[3.2.0]heptane-2-carboxylic acid",1.2664139,14,-646.601693807076,0.111111111111111,NA,"844252164882092889"
"844252245895074857","C17H19N3O4S","[M + H]+",1,0.691698820747496,171.114001335839,0,171.114001335839,"3","FPMHRRFSGYKNIU","COC1=CC=C(C=C1)CN2CC3C(C2)OC4=C(C=CC=N4)S(=O)(=O)N3","5-[(4-methoxyphenyl)methyl]-2-oxa-9λ⁶-thia-5,8,14-triazatricyclo[8.4.0.0³,⁷]tetradeca-1(10),11,13-triene-9,9-dione",1.3,15,-701.295794407941,0.274678111587983,NA,"844252164882092889"
"844252245895074857","C17H19N3O4S","[M + H]+",1,0.691698820747496,171.114001335839,0,171.114001335839,"3","IVXQTEPGJVXVMS","CCOC1=CC=C(C=C1)NC(=S)NN=C(C)C2=C(C(=C(C=C2)O)O)O","1-(4-ethoxyphenyl)-3-[(E)-1-(2,3,4-trihydroxyphenyl)ethylideneamino]thiourea",2.7,16,-739.231722698057,0.211538461538462,NA,"844252164882092889"
"844252245895074858","C14H20FN3O5S","[M + H]+",2,0.252773719768242,170.107345405351,0,170.107345405351,"3","GGHVBHNNEHVTBO","C1=CC(=CC=C1CNNC(=S)NC2C(C(C(C(O2)CO)O)O)O)F","1-[(4-fluorophenyl)methylamino]-3-[(2R,3R,4S,5S,6R)-3,4,5-trihydroxy-6-(hydroxymethyl)oxan-2-yl]thiourea",-0.8,17,-766.930523280533,0.146443514644351,NA,"844252164882092889"
"844252245895074859","C16H24ClNO4S","[M + H]+",3,0.0555237248263841,168.591661108856,0,168.591661108856,"3",NA,NA,NA,NA,NA,NA,NA,NA,"844252164882092889"
"844252245895074860","C14H22ClN4O3S","[M + H]+",4,3.64348887019504e-06,158.960037129535,0,158.960037129535,"3",NA,NA,NA,NA,NA,NA,NA,NA,"844252164882092889"
"844252245895074861","C19H17F2NO4","[M + H]+",5,9.11689189419393e-08,155.27205418505,1.84092031524031,153.43113386981,"3","AYIZPDXXYIFMQC","C1=CC=C2C(=C1)C(C3=CC=CC=C32)COC(=O)NC(CC(F)F)C(=O)O","(R)-2-(9H-Fluoren-9-ylmethoxycarbonylamino)-4,4-difluoro-butyric acid",3.9,7,-541.893647148652,0.11731843575419,NA,"844252164882092889"
"844252245895074862","C15H13F2N7O2","[M + H]+",6,8.85175933539146e-14,141.427030916383,2.46461518794866,138.962415728434,"3",NA,NA,NA,NA,NA,NA,NA,NA,"844252164882092889"
"844252245895074863","C13H20FN3O6Si","[M + H]+",7,5.31047161228221e-22,122.495414585391,0,122.495414585391,"3",NA,NA,NA,NA,NA,NA,NA,NA,"844252164882092889"
"844252245895074864","C16H19N3O5Si","[M + H]+",8,3.60418082110954e-22,122.107828449035,0,122.107828449035,"3",NA,NA,NA,NA,NA,NA,NA,NA,"844252164882092889"
"844252245895074865","C11H19BN4O7S","[M + H]+",9,3.29206105120591e-22,122.017247766175,0,122.017247766175,"3",NA,NA,NA,NA,NA,NA,NA,NA,"844252164882092889"
"844252245895074866","C15H24NO5PS","[M + H]+",10,8.05968912628817e-23,120.61002383105,0,120.61002383105,"3",NA,NA,NA,NA,NA,NA,NA,NA,"844252164882092889"
"844252278845527171","C17H19N3O4S","[M + H]+",1,0.96967488776819,117.56523752491,4.96376189333439,112.601475631576,"4","QZVDQETYNOBUPJ","CC1=C[N+](=C(C(=C1OC)C)CS(=O)C2=NC3=C(N2)C=C(C=C3)OC)[O-]","Omeprazole-N-oxide",2.1600971,1,-18.1911885664394,0.94488188976378,0,"844252164890481498"
"844252278845527171","C17H19N3O4S","[M + H]+",1,0.96967488776819,117.56523752491,4.96376189333439,112.601475631576,"4","IXEQEYRTSRFZEO","CC1=CN=C(C(=C1OC)C)CS(=O)(=O)C2=NC3=C(N2)C=C(C=C3)OC","Omeprazole-d3 Sulfone",2.7485034,2,-21.4993204063195,0.9375,Inf,"844252164890481498"
"844252278845527171","C17H19N3O4S","[M + H]+",1,0.96967488776819,117.56523752491,4.96376189333439,112.601475631576,"4","CMZHQFXXAAIBKE","CC1=C(C(=CN=C1CS(=O)C2=NC3=C(N2)C=C(C=C3)OC)CO)OC",NA,1.6791414,3,-37.0381687284099,0.902255639097744,NA,"844252164890481498"
"844252278845527171","C17H19N3O4S","[M + H]+",1,0.96967488776819,117.56523752491,4.96376189333439,112.601475631576,"4","IGVYIWUGJPECAJ","CC1=CN=C(C(=C1OC)CO)CS(=O)C2=NC3=C(N2)C=C(C=C3)OC","3-Hydroxyomeprazole",1.6791414,4,-39.8843857229539,0.888888888888889,NA,"844252164890481498"
"844252278845527171","C17H19N3O4S","[M + H]+",1,0.96967488776819,117.56523752491,4.96376189333439,112.601475631576,"4","VPFSKKMDDDYYOJ","CC1=CN=C(C(=C1OC)C)CS(=O)C2=NC3=C(N2)C=CC(=C3O)OC","5-methoxy-2-[(R)-(4-methoxy-3,5-dimethylpyridin-2-yl)methylsulfinyl]-1H-benzimidazol-4-ol",2.1978552,5,-224.940896077796,0.712328767123288,NA,"844252164890481498"
"844252278845527171","C17H19N3O4S","[M + H]+",1,0.96967488776819,117.56523752491,4.96376189333439,112.601475631576,"4","NRTYCXOOEJJVDJ","COC1=C(C=C(C=C1)NC(=O)CSC2=NC3=C(CCC3)C(=O)N2)OC","N-(3,4-dimethoxyphenyl)-2-[(4-oxo-4,5,6,7-tetrahydro-3H-cyclopenta[d]pyrimidin-2-yl)thio]acetamide",1.7,9,-354.172178421192,0.347150259067358,NA,"844252164890481498"
"844252278845527171","C17H19N3O4S","[M + H]+",1,0.96967488776819,117.56523752491,4.96376189333439,112.601475631576,"4","NJXRFXGANNWYRK","CC1=CC=C(C=C1)N(CC2=NCCN2)C3=CC(=CC=C3)OS(=O)(=O)O","[3-[N-(4,5-dihydro-1H-imidazol-2-ylmethyl)-4-methylanilino]phenyl] hydrogen sulfate",2,17,-441.848811889903,0.247058823529412,NA,"844252164890481498"
"844252278845527171","C17H19N3O4S","[M + H]+",1,0.96967488776819,117.56523752491,4.96376189333439,112.601475631576,"4","MQQOMKBMLHBDFG","CC1=NC=CC(=C1)NS(=O)(=O)C2=C(N=CC(=C2)C3=CCOCC3)OC","5-[3,6-dihydro-2H-pyran-4-yl]-2-methoxy-N-[2-methylpyridin-4-yl]pyridine-3-sulfonamide",1,27,-468.165915991099,0.321637426900585,NA,"844252164890481498"
"844252278845527171","C17H19N3O4S","[M + H]+",1,0.96967488776819,117.56523752491,4.96376189333439,112.601475631576,"4","NVAYQDCPVGCOHV","C1CC(N(S(=O)(=O)C1)CC2=CC=C(C=C2)C3=CC=NC=C3)C(=O)NO","(3S)-N-hydroxy-1,1-dioxo-2-[(4-pyridin-4-ylphenyl)methyl]thiazinane-3-carboxamide",0.9,31,-591.974469247694,0.202702702702703,NA,"844252164890481498"
"844252278845527171","C17H19N3O4S","[M + H]+",1,0.96967488776819,117.56523752491,4.96376189333439,112.601475631576,"4","HBLRAJANJGAMFQ","CC(C)CNC(=O)CC1=CSC(=N1)NC(=O)C2=CC3=C(C=C2)OCO3","N-(4-(2-(isobutylamino)-2-oxoethyl)thiazol-2-yl)benzo[d][1,3]dioxole-5-carboxamide",2.5,32,-597.891727358831,0.179591836734694,NA,"844252164890481498"
"844252278845527171","C17H19N3O4S","[M + H]+",1,0.96967488776819,117.56523752491,4.96376189333439,112.601475631576,"4","ILAMKVUHWSQJHY","COC(=O)C1=CC=C(C=C1)OCC2N(CCS2)C(=O)CN3C=CN=C3","Methyl 4-((3-(1H-imidazol-1-ylacetyl)-2-thiazolidinyl)methoxy)benzoate",1.7,33,-608.478012825915,0.1931330472103,NA,"844252164890481498"
"844252278845527171","C17H19N3O4S","[M + H]+",1,0.96967488776819,117.56523752491,4.96376189333439,112.601475631576,"4","JHQLDSNFXOLZMD","C1CC1C(=O)N2CC3(C2)C4CN(CCN4C(=O)O3)C(=O)C5=CC=CS5","1'-(Cyclopropanecarbonyl)-7-(thiophene-2-carbonyl)spiro[5,6,8,8a-tetrahydro-[1,3]oxazolo[3,4-a]pyrazine-1,3'-azetidine]-3-one",0.5,34,-609.506445210725,0.127753303964758,NA,"844252164890481498"
"844252278845527171","C17H19N3O4S","[M + H]+",1,0.96967488776819,117.56523752491,4.96376189333439,112.601475631576,"4","FPMHRRFSGYKNIU","COC1=CC=C(C=C1)CN2CC3C(C2)OC4=C(C=CC=N4)S(=O)(=O)N3","5-[(4-methoxyphenyl)methyl]-2-oxa-9λ⁶-thia-5,8,14-triazatricyclo[8.4.0.0³,⁷]tetradeca-1(10),11,13-triene-9,9-dione",1.3,35,-624.098568501825,0.271551724137931,NA,"844252164890481498"
"844252278845527171","C17H19N3O4S","[M + H]+",1,0.96967488776819,117.56523752491,4.96376189333439,112.601475631576,"4","FZECHKJQHUVANE","CC1(C(N2C(S1)C(C2=O)NC(=O)C(C3=CC=CC=C3)N=C)C(=O)O)C","6-{[1-hydroxy-2-(methylideneamino)-2-phenylethylidene]amino}-3,3-dimethyl-7-oxo-4-thia-1-azabicyclo[3.2.0]heptane-2-carboxylic acid",1.2664139,36,-683.311234190537,0.111940298507463,NA,"844252164890481498"
"844252278845527171","C17H19N3O4S","[M + H]+",1,0.96967488776819,117.56523752491,4.96376189333439,112.601475631576,"4","AQWQARACBBXMKO","COC(=O)C1C(C2CN3C(=O)C=CC=C3C1N2CC4=NC=CS4)CO","methyl (1R,9S,10S,11S)-10-(hydroxymethyl)-6-oxo-12-(1,3-thiazol-2-ylmethyl)-7,12-diazatricyclo[7.2.1.02,7]dodeca-2,4-diene-11-carboxylate",-0.1,37,-694.464843222461,0.205882352941176,NA,"844252164890481498"
"844252278845527172","C14H20FN3O5S","[M + H]+",2,0.0303228752833583,114.100179064367,4.45565976286991,109.644519301497,"4","GGHVBHNNEHVTBO","C1=CC(=CC=C1CNNC(=S)NC2C(C(C(C(O2)CO)O)O)O)F","1-[(4-fluorophenyl)methylamino]-3-[(2R,3R,4S,5S,6R)-3,4,5-trihydroxy-6-(hydroxymethyl)oxan-2-yl]thiourea",-0.8,30,-575.621678262177,0.153191489361702,NA,"844252164890481498"
"844252278845527173","C20H15N3O4","[M + H]+",3,1.75704471155649e-06,104.344154654413,0.782398525519506,103.561756128893,"4","OKLQCZBOAHZABU","COC1=CC=C(C=C1)N2C(=C(C(=O)NC2=O)C=C3C=NC4=CC=CC=C43)O","6-Hydroxy-5-(indol-3-ylidenemethyl)-1-(4-methoxyphenyl)pyrimidine-2,4-dione",1.8,6,-328.648458591928,0.31055900621118,NA,"844252164890481498"
"844252278845527173","C20H15N3O4","[M + H]+",3,1.75704471155649e-06,104.344154654413,0.782398525519506,103.561756128893,"4","XBESKJZOHAWRHS","COC1=CC=CC(=C1)N2C(=C(C(=O)NC2=O)C=C3C=NC4=CC=CC=C43)O","6-Hydroxy-5-(indol-3-ylidenemethyl)-1-(3-methoxyphenyl)pyrimidine-2,4-dione",1.8,7,-347.434912427373,0.31875,NA,"844252164890481498"
"844252278845527173","C20H15N3O4","[M + H]+",3,1.75704471155649e-06,104.344154654413,0.782398525519506,103.561756128893,"4","AOEIQEHYOZILKV","COC1=CC=CC(=C1)C(=O)NC2=CC=C(C=C2)C3=NN=C(O3)C4=CC=CO4","N-{4-[5-(furan-2-yl)-1,3,4-oxadiazol-2-yl]phenyl}-3-methoxybenzamide",3,8,-349.475363948796,0.241025641025641,NA,"844252164890481498"
"844252278845527173","C20H15N3O4","[M + H]+",3,1.75704471155649e-06,104.344154654413,0.782398525519506,103.561756128893,"4","PUDYPYSNBKKWCZ","COC1=CC=C(C=C1)N2C3=C(C=CC(=N3)C4=CC=CC=C4O)C(=O)NC2=O","7-(2-hydroxyphenyl)-1-(4-methoxyphenyl)-1H,2H,3H,4H-pyrido[2,3-d]pyrimidine-2,4-dione",2.7,10,-374.874603636442,0.317204301075269,NA,"844252164890481498"
"844252278845527173","C20H15N3O4","[M + H]+",3,1.75704471155649e-06,104.344154654413,0.782398525519506,103.561756128893,"4","MDOQJLLAKJRIGD","C1=CC2=C(C=C1O)NC=C2C3C(C(=O)NC3=O)C4=CNC5=C4C=CC(=C5)O","Dihydroarcyriarubin C",1.9,11,-379.93214911777,0.306748466257669,NA,"844252164890481498"
"844252278845527173","C20H15N3O4","[M + H]+",3,1.75704471155649e-06,104.344154654413,0.782398525519506,103.561756128893,"4","MUKZNQTVLXQHRH","COC1=CC(=C(C=C1)C2=C3C(=C4C=CC(=O)C=C4O3)N=C5C2=CNN5)OC","4-(2,4-dimethoxyphenyl)-1H-benzofuro[3,2-b]pyrazolo[4,3-e]pyridin-7-ol",1,12,-380.12460546619,0.331683168316832,NA,"844252164890481498"
"844252278845527173","C20H15N3O4","[M + H]+",3,1.75704471155649e-06,104.344154654413,0.782398525519506,103.561756128893,"4","QWNCUDVCMGPFRR","C1CN(C2=NC3=CC=CC=C3N21)C(=O)COC4=CC5=C(C=C4)C=CC(=O)O5","7-(2-oxo-2-{2,5,7-triazatricyclo[6.4.0.0²,⁶]dodeca-1(12),6,8,10-tetraen-5-yl}ethoxy)-2H-chromen-2-one",2.5,14,-390.963823800043,0.333333333333333,NA,"844252164890481498"
"844252278845527173","C20H15N3O4","[M + H]+",3,1.75704471155649e-06,104.344154654413,0.782398525519506,103.561756128893,"4","JONQCFJPPWOWOJ","C1=CC=C(C=C1)C2=C(C3=CC=CC=C3N2)CC4=NC(=C(C(=O)N4)O)C(=O)O","5,6-Dihydroxy-2-[(2-Phenyl-1h-Indol-3-Yl)methyl]pyrimidine-4-Carboxylic Acid",2.8,15,-410.813020392216,0.295454545454545,NA,"844252164890481498"
"844252278845527173","C20H15N3O4","[M + H]+",3,1.75704471155649e-06,104.344154654413,0.782398525519506,103.561756128893,"4","XQLMMQLYXOMQKO","COC1=CC2=C(C=C1)C(=O)N3CCC4=C(C3=N2)NC5=CC6=C(C=C45)OCO6","Orisuaveoline B",2.8,16,-418.888874244111,0.373684210526316,NA,"844252164890481498"
"844252278845527173","C20H15N3O4","[M + H]+",3,1.75704471155649e-06,104.344154654413,0.782398525519506,103.561756128893,"4","KRROWEKGYCWUAM","CN1C2=CC=CC=C2C(=O)C(=C3C(=CC4=CC=CC=C4O)C(=O)NN3)C1=O","(3Z)-3-[(4Z)-4-[(2-hydroxyphenyl)methylidene]-5-oxopyrazolidin-3-ylidene]-1-methylquinoline-2,4-dione",2.2,18,-442.958174698566,0.227777777777778,NA,"844252164890481498"
"844252278845527173","C20H15N3O4","[M + H]+",3,1.75704471155649e-06,104.344154654413,0.782398525519506,103.561756128893,"4","BNMWBRJGVFOWDK","CC(=O)NC1=NC(=NC2=C1C(=O)OC3=CC=CC=C32)C4=CC=C(C=C4)OC","N-[2-(4-methoxyphenyl)-5-oxo-5H-chromeno[4,3-d]pyrimidin-4-yl]acetamide",3,19,-443.169144157012,0.293814432989691,NA,"844252164890481498"
"844252278845527173","C20H15N3O4","[M + H]+",3,1.75704471155649e-06,104.344154654413,0.782398525519506,103.561756128893,"4","FKYLJDMNMOWTMN","COC1=C(C=C(C=C1)C2=C3C(=C4C=CC(=O)C=C4O3)N=C5C2=CNN5)OC","4-(3,4-dimethoxyphenyl)-1H-benzofuro[3,2-b]pyrazolo[4,3-e]pyridin-7-ol",1,20,-443.611076518617,0.304761904761905,NA,"844252164890481498"
"844252278845527173","C20H15N3O4","[M + H]+",3,1.75704471155649e-06,104.344154654413,0.782398525519506,103.561756128893,"4","YPFGTXACUAVDOJ","CN1C2=NC3=C4C=CC(=O)C=C4OC3=C(C2=CN1)C5=CC(=C(C=C5)O)OC","4-(4-hydroxy-3-methoxyphenyl)-1-methyl-1H-benzofuro[3,2-b]pyrazolo[4,3-e]pyridin-7-ol",0.8,21,-449.128332162795,0.315270935960591,NA,"844252164890481498"
"844252278845527173","C20H15N3O4","[M + H]+",3,1.75704471155649e-06,104.344154654413,0.782398525519506,103.561756128893,"4","XYTIIGQTGFATNQ","CN1C2=NC3=C4C(=CC(=O)C=C4OC3=C(C2=CN1)C5=CC=C(C=C5)OC)O","4-(4-methoxyphenyl)-1-methyl-1H-benzofuro[3,2-b]pyrazolo[4,3-e]pyridine-7,9-diol",0.6,22,-450.410413094392,0.310344827586207,NA,"844252164890481498"
"844252278845527173","C20H15N3O4","[M + H]+",3,1.75704471155649e-06,104.344154654413,0.782398525519506,103.561756128893,"4","BGVFJHZLNUVXJW","CN1C2=NC3=C4C=CC(=O)C=C4OC3=C(C2=CN1)C5=CC(=C(C=C5)OC)O","4-(3-hydroxy-4-methoxyphenyl)-1-methyl-1H-benzofuro[3,2-b]pyrazolo[4,3-e]pyridin-7-ol",0.8,23,-452.591861486362,0.315533980582524,NA,"844252164890481498"
"844252278845527174","C13H19N3O9","[M + H]+",4,4.793531699594e-07,103.045203751417,0.794546461849472,102.250657289568,"4","KBLOEHMGPOSANZ","CC(=O)OC1COC(C(C1OC(=O)C)OC(=O)C)NC(=O)N(C)N=O","1-methyl-1-nitroso-3-(2,3,4-tri-O-acetyl-beta-D-xylopyranosyl)urea",-0.719084,13,-388.553528028063,0.315151515151515,NA,"844252164890481498"
"844252278845527175","C15H13F2N7O2","[M + H]+",5,5.49610751382274e-10,96.2742211428086,2.86743075788038,93.4067903849282,"4",NA,NA,NA,NA,NA,NA,NA,NA,"844252164890481498"
"844252278845527176","C22H16FNO3","[M + H]+",6,9.30475567291232e-13,89.8929513790395,0.525921967857665,89.3670294111818,"4",NA,NA,NA,NA,NA,NA,NA,NA,"844252164890481498"
"844252278845527177","C11H20N7O3PS","[M + H]+",7,1.13572170448393e-14,85.4871089657484,3.63532076775134,81.8517881979971,"4",NA,NA,NA,NA,NA,NA,NA,NA,"844252164890481498"
"844252278845527178","C16H19N3O5Si","[M + H]+",8,7.91960301867799e-15,85.1265966415806,2.75902250333302,82.3675741382476,"4",NA,NA,NA,NA,NA,NA,NA,NA,"844252164890481498"
"844252278845527179","C14H17F2N3O6","[M + H]+",9,3.67099662805127e-15,84.3577187468922,2.49864231718968,81.8590764297026,"4",NA,NA,NA,NA,NA,NA,NA,NA,"844252164890481498"
"844252278845527180","C13H20FN3O6Si","[M + H]+",10,1.75972881058373e-15,83.622415273197,4.16447193366975,79.4579433395272,"4",NA,NA,NA,NA,NA,NA,NA,NA,"844252164890481498"
"844252255118349383","C17H19N3O4S","[M + H]+",1,0.750505418954002,130.339822997239,5.37296252680416,124.966860470435,"5","IXEQEYRTSRFZEO","CC1=CN=C(C(=C1OC)C)CS(=O)(=O)C2=NC3=C(N2)C=C(C=C3)OC","Omeprazole-d3 Sulfone",2.7485034,1,-10.8374586507277,0.976377952755906,0,"844252164898870107"
"844252255118349383","C17H19N3O4S","[M + H]+",1,0.750505418954002,130.339822997239,5.37296252680416,124.966860470435,"5","QZVDQETYNOBUPJ","CC1=C[N+](=C(C(=C1OC)C)CS(=O)C2=NC3=C(N2)C=C(C=C3)OC)[O-]","Omeprazole-N-oxide",2.1600971,2,-24.3935095768977,0.923076923076923,Inf,"844252164898870107"
"844252255118349383","C17H19N3O4S","[M + H]+",1,0.750505418954002,130.339822997239,5.37296252680416,124.966860470435,"5","CMZHQFXXAAIBKE","CC1=C(C(=CN=C1CS(=O)C2=NC3=C(N2)C=C(C=C3)OC)CO)OC",NA,1.6791414,3,-51.6907811703927,0.868613138686131,NA,"844252164898870107"
"844252255118349383","C17H19N3O4S","[M + H]+",1,0.750505418954002,130.339822997239,5.37296252680416,124.966860470435,"5","IGVYIWUGJPECAJ","CC1=CN=C(C(=C1OC)CO)CS(=O)C2=NC3=C(N2)C=C(C=C3)OC","3-Hydroxyomeprazole",1.6791414,4,-58.0632762756533,0.856115107913669,NA,"844252164898870107"
"844252255118349383","C17H19N3O4S","[M + H]+",1,0.750505418954002,130.339822997239,5.37296252680416,124.966860470435,"5","VPFSKKMDDDYYOJ","CC1=CN=C(C(=C1OC)C)CS(=O)C2=NC3=C(N2)C=CC(=C3O)OC","5-methoxy-2-[(R)-(4-methoxy-3,5-dimethylpyridin-2-yl)methylsulfinyl]-1H-benzimidazol-4-ol",2.1978552,5,-214.574721205434,0.697986577181208,NA,"844252164898870107"
"844252255118349383","C17H19N3O4S","[M + H]+",1,0.750505418954002,130.339822997239,5.37296252680416,124.966860470435,"5","NRTYCXOOEJJVDJ","COC1=C(C=C(C=C1)NC(=O)CSC2=NC3=C(CCC3)C(=O)N2)OC","N-(3,4-dimethoxyphenyl)-2-[(4-oxo-4,5,6,7-tetrahydro-3H-cyclopenta[d]pyrimidin-2-yl)thio]acetamide",1.7,6,-329.079601789234,0.348717948717949,NA,"844252164898870107"
"844252255118349383","C17H19N3O4S","[M + H]+",1,0.750505418954002,130.339822997239,5.37296252680416,124.966860470435,"5","NJXRFXGANNWYRK","CC1=CC=C(C=C1)N(CC2=NCCN2)C3=CC(=CC=C3)OS(=O)(=O)O","[3-[N-(4,5-dihydro-1H-imidazol-2-ylmethyl)-4-methylanilino]phenyl] hydrogen sulfate",2,7,-410.73046199731,0.257309941520468,NA,"844252164898870107"
"844252255118349383","C17H19N3O4S","[M + H]+",1,0.750505418954002,130.339822997239,5.37296252680416,124.966860470435,"5","MQQOMKBMLHBDFG","CC1=NC=CC(=C1)NS(=O)(=O)C2=C(N=CC(=C2)C3=CCOCC3)OC","5-[3,6-dihydro-2H-pyran-4-yl]-2-methoxy-N-[2-methylpyridin-4-yl]pyridine-3-sulfonamide",1,8,-420.114670691014,0.339181286549708,NA,"844252164898870107"
"844252255118349383","C17H19N3O4S","[M + H]+",1,0.750505418954002,130.339822997239,5.37296252680416,124.966860470435,"5","JHQLDSNFXOLZMD","C1CC1C(=O)N2CC3(C2)C4CN(CCN4C(=O)O3)C(=O)C5=CC=CS5","1'-(Cyclopropanecarbonyl)-7-(thiophene-2-carbonyl)spiro[5,6,8,8a-tetrahydro-[1,3]oxazolo[3,4-a]pyrazine-1,3'-azetidine]-3-one",0.5,9,-545.383311481121,0.135964912280702,NA,"844252164898870107"
"844252255118349383","C17H19N3O4S","[M + H]+",1,0.750505418954002,130.339822997239,5.37296252680416,124.966860470435,"5","NVAYQDCPVGCOHV","C1CC(N(S(=O)(=O)C1)CC2=CC=C(C=C2)C3=CC=NC=C3)C(=O)NO","(3S)-N-hydroxy-1,1-dioxo-2-[(4-pyridin-4-ylphenyl)methyl]thiazinane-3-carboxamide",0.9,10,-559.844089611687,0.216216216216216,NA,"844252164898870107"
"844252255118349383","C17H19N3O4S","[M + H]+",1,0.750505418954002,130.339822997239,5.37296252680416,124.966860470435,"5","HBLRAJANJGAMFQ","CC(C)CNC(=O)CC1=CSC(=N1)NC(=O)C2=CC3=C(C=C2)OCO3","N-(4-(2-(isobutylamino)-2-oxoethyl)thiazol-2-yl)benzo[d][1,3]dioxole-5-carboxamide",2.5,11,-574.250312720732,0.182186234817814,NA,"844252164898870107"
"844252255118349383","C17H19N3O4S","[M + H]+",1,0.750505418954002,130.339822997239,5.37296252680416,124.966860470435,"5","FPMHRRFSGYKNIU","COC1=CC=C(C=C1)CN2CC3C(C2)OC4=C(C=CC=N4)S(=O)(=O)N3","5-[(4-methoxyphenyl)methyl]-2-oxa-9λ⁶-thia-5,8,14-triazatricyclo[8.4.0.0³,⁷]tetradeca-1(10),11,13-triene-9,9-dione",1.3,12,-586.852374402909,0.28448275862069,NA,"844252164898870107"
"844252255118349383","C17H19N3O4S","[M + H]+",1,0.750505418954002,130.339822997239,5.37296252680416,124.966860470435,"5","ILAMKVUHWSQJHY","COC(=O)C1=CC=C(C=C1)OCC2N(CCS2)C(=O)CN3C=CN=C3","Methyl 4-((3-(1H-imidazol-1-ylacetyl)-2-thiazolidinyl)methoxy)benzoate",1.7,13,-596.032079136652,0.195744680851064,NA,"844252164898870107"
"844252255118349383","C17H19N3O4S","[M + H]+",1,0.750505418954002,130.339822997239,5.37296252680416,124.966860470435,"5","FZECHKJQHUVANE","CC1(C(N2C(S1)C(C2=O)NC(=O)C(C3=CC=CC=C3)N=C)C(=O)O)C","6-{[1-hydroxy-2-(methylideneamino)-2-phenylethylidene]amino}-3,3-dimethyl-7-oxo-4-thia-1-azabicyclo[3.2.0]heptane-2-carboxylic acid",1.2664139,15,-625.169156189101,0.118959107806691,NA,"844252164898870107"
"844252255118349383","C17H19N3O4S","[M + H]+",1,0.750505418954002,130.339822997239,5.37296252680416,124.966860470435,"5","IVXQTEPGJVXVMS","CCOC1=CC=C(C=C1)NC(=S)NN=C(C)C2=C(C(=C(C=C2)O)O)O","1-(4-ethoxyphenyl)-3-[(E)-1-(2,3,4-trihydroxyphenyl)ethylideneamino]thiourea",2.7,16,-680.62697159938,0.204761904761905,NA,"844252164898870107"
"844252255118349384","C14H20FN3O5S","[M + H]+",2,0.249494580859367,129.238513320686,5.45602062685649,123.78249269383,"5","GGHVBHNNEHVTBO","C1=CC(=CC=C1CNNC(=S)NC2C(C(C(C(O2)CO)O)O)O)F","1-[(4-fluorophenyl)methylamino]-3-[(2R,3R,4S,5S,6R)-3,4,5-trihydroxy-6-(hydroxymethyl)oxan-2-yl]thiourea",-0.8,14,-604.210113695129,0.173708920187793,NA,"844252164898870107"
"844252255118349385","C15H13F2N7O2","[M + H]+",3,1.86476707200286e-10,108.224116625702,3.15215519793594,105.071961427766,"5",NA,NA,NA,NA,NA,NA,NA,NA,"844252164898870107"
"844252255118349386","C20H15N3O4","[M + H]+",4,1.53339050226941e-13,101.120706494013,0.134178719344107,100.986527774669,"5",NA,NA,NA,NA,NA,NA,NA,NA,"844252164898870107"
"844252255118349387","C13H19N3O9","[M + H]+",5,1.25298730140171e-15,96.3135855511113,1.65460279061452,94.6589827604968,"5",NA,NA,NA,NA,NA,NA,NA,NA,"844252164898870107"
"844252255118349388","C22H16FNO3","[M + H]+",6,6.25652655477871e-18,91.0139248984867,0,91.0139248984867,"5",NA,NA,NA,NA,NA,NA,NA,NA,"844252164898870107"
"844252255118349389","C12H19F4N3O3S","[M + H]+",7,1.3592579888653e-19,87.1846535922618,5.16115599167157,82.0234976005902,"5",NA,NA,NA,NA,NA,NA,NA,NA,"844252164898870107"
"844252255118349390","C25H15NO2","[M + H]+",8,1.1986121096134e-19,87.0588789499507,0,87.0588789499507,"5",NA,NA,NA,NA,NA,NA,NA,NA,"844252164898870107"
"844252255118349391","C15H18F3N3O2S","[M + H]+",9,2.47377378275127e-20,85.4808743767706,5.2330737192462,80.2478006575244,"5",NA,NA,NA,NA,NA,NA,NA,NA,"844252164898870107"
"844252255118349392","C10H16FN9O3S","[M + H]+",10,1.18694866334846e-20,84.7465154104519,4.18662764051677,80.5598877699351,"5",NA,NA,NA,NA,NA,NA,NA,NA,"844252164898870107"
"844252221287093209","C15H13F2N7O2","[M + H]+",1,0.999943706298996,103.34147884221,3.23218839939154,100.109290442819,"6","FOZXIPLAGUNHIE","CN1C(=C(C=N1)C2=NC(=NC=C2F)OC)C(=O)NC3=CC(=NC=C3F)N","N-(2-amino-5-fluoropyridin-4-yl)-4-(5-fluoro-2-methoxypyrimidin-4-yl)-2-methylpyrazole-3-carboxamide",0.4,1,-211.624997536442,0.431818181818182,0,"844252164911453020"
"844252221287093209","C15H13F2N7O2","[M + H]+",1,0.999943706298996,103.34147884221,3.23218839939154,100.109290442819,"6","MCSNHWJKNRXSFD","CC(C1=NC=NN1C2=NC=CC=N2)NC(=O)C3=CC(=CN=C3)OC(F)F","5-(difluoromethoxy)-N-[1-(2-pyrimidin-2-yl-1,2,4-triazol-3-yl)ethyl]pyridine-3-carboxamide",1.3,3,-260.890634443489,0.392857142857143,NA,"844252164911453020"
"844252221287093209","C15H13F2N7O2","[M + H]+",1,0.999943706298996,103.34147884221,3.23218839939154,100.109290442819,"6","JINYNPTZFYTAAE","CNC1=CC2=NC3=C(C=NN13)C(=O)NCCOC4=C(C=C(C(=N4)N2)F)F",NA,1.3,4,-280.973681570399,0.381578947368421,NA,"844252164911453020"
"844252221287093209","C15H13F2N7O2","[M + H]+",1,0.999943706298996,103.34147884221,3.23218839939154,100.109290442819,"6","JOXSMAKUPLSCFK","CNC1=CC2=NC3=C(C=NN13)C(=O)NCCOC4=C(C(=CC(=N4)N2)F)F",NA,1.3,5,-280.998548240904,0.384105960264901,NA,"844252164911453020"
"844252221287093209","C15H13F2N7O2","[M + H]+",1,0.999943706298996,103.34147884221,3.23218839939154,100.109290442819,"6","DOKYXQUHEBRWHL","CNC1=CC2=NC3=C(C=NN13)C(=O)NCCOC4=NC(=C(C(=C4)F)F)N2",NA,1.3,6,-282.26598344889,0.381578947368421,NA,"844252164911453020"
"844252221287093209","C15H13F2N7O2","[M + H]+",1,0.999943706298996,103.34147884221,3.23218839939154,100.109290442819,"6","RGLWMSKFLHMTMK","C1=CC(=C(N=C1)OC2=C(C=C(C=C2)F)F)CNC(=O)CN3C(=NN=N3)N","2-(5-amino-1H-tetrazol-1-yl)-N-{[2-(2,4-difluorophenoxy)pyridin-3-yl]methyl}acetamide",1.2,9,-295.498957923008,0.389261744966443,NA,"844252164911453020"
"844252221287093209","C15H13F2N7O2","[M + H]+",1,0.999943706298996,103.34147884221,3.23218839939154,100.109290442819,"6","KMTLMRMWJDBVTB","C1=CC(=C(C=C1F)NC(=O)NCCN2C(=O)C=CC(=N2)N3C=NC=N3)F","1-(2,5-difluorophenyl)-3-(2-(6-oxo-3-(1H-1,2,4-triazol-1-yl)pyridazin-1(6H)-yl)ethyl)urea",0.5,10,-300.760301934789,0.333333333333333,NA,"844252164911453020"
"844252221287093209","C15H13F2N7O2","[M + H]+",1,0.999943706298996,103.34147884221,3.23218839939154,100.109290442819,"6","PIKDWSFQRYHGPE","C1=CC(=C(C=C1F)F)NC(=O)NCCN2C(=O)C=CC(=N2)N3C=NC=N3","1-(2,4-difluorophenyl)-3-(2-(6-oxo-3-(1H-1,2,4-triazol-1-yl)pyridazin-1(6H)-yl)ethyl)urea",0.5,11,-302.123877920726,0.326666666666667,NA,"844252164911453020"
"844252221287093209","C15H13F2N7O2","[M + H]+",1,0.999943706298996,103.34147884221,3.23218839939154,100.109290442819,"6","PQAMDKDZSSHTAQ","C1=CC(=C(C=C1NC(=O)NCCN2C(=O)C=CC(=N2)N3C=NC=N3)F)F","1-(3,4-difluorophenyl)-3-(2-(6-oxo-3-(1H-1,2,4-triazol-1-yl)pyridazin-1(6H)-yl)ethyl)urea",0.5,13,-314.424153240265,0.324503311258278,NA,"844252164911453020"
"844252221287093209","C15H13F2N7O2","[M + H]+",1,0.999943706298996,103.34147884221,3.23218839939154,100.109290442819,"6","OGXZJNBJBKZZGO","CC1=NON=C1CN2C3=C(C(=O)NC(=N3)C(C4=CC=CC=C4)(F)F)NN2","5-[difluoro(phenyl)methyl]-3-[(4-methyl-1,2,5-oxadiazol-3-yl)methyl]-2,6-dihydro-1H-triazolo[4,5-d]pyrimidin-7-one",2.6,32,-354.344862543041,0.289308176100629,NA,"844252164911453020"
"844252221287093209","C15H13F2N7O2","[M + H]+",1,0.999943706298996,103.34147884221,3.23218839939154,100.109290442819,"6","OIALPWCJCSMRGK","C1C2(CC1(F)F)CN(C2)C(=O)C3=CN(N=N3)C4=NN5C=CC=C5C(=O)N4","2-[4-(6,6-difluoro-2-azaspiro[3.3]heptane-2-carbonyl)triazol-1-yl]-3H-pyrrolo[2,1-f][1,2,4]triazin-4-one",0.9,45,-369.678403634123,0.310126582278481,NA,"844252164911453020"
"844252221287093209","C15H13F2N7O2","[M + H]+",1,0.999943706298996,103.34147884221,3.23218839939154,100.109290442819,"6","ZKLPXXGDZRZHGE","C1CC12CN(CC2(F)F)C3=CC(=NN4C3=NC=N4)C5=CNC(=O)NC5=O","5-[8-(7,7-difluoro-5-azaspiro[2.4]heptan-5-yl)-[1,2,4]triazolo[1,5-b]pyridazin-6-yl]-1H-pyrimidine-2,4-dione",0.3,123,-422.873147894939,0.28,NA,"844252164911453020"
"844252221287093209","C15H13F2N7O2","[M + H]+",1,0.999943706298996,103.34147884221,3.23218839939154,100.109290442819,"6","JMTPBJUZPYHNEA","C1CC12CN(CC2(F)F)C3=CC(=NN4C3=NN=C4)C5=CNC(=O)NC5=O","5-[8-(7,7-difluoro-5-azaspiro[2.4]heptan-5-yl)-[1,2,4]triazolo[4,3-b]pyridazin-6-yl]-1H-pyrimidine-2,4-dione",-0.3,128,-426.306835394258,0.278409090909091,NA,"844252164911453020"
"844252221287093209","C15H13F2N7O2","[M + H]+",1,0.999943706298996,103.34147884221,3.23218839939154,100.109290442819,"6","IPONHXGOODDWMS","C1CC12CN(CC2(F)F)C3=CC(=NC4=NC=NN34)C5=CNC(=O)NC5=O","5-[7-(7,7-difluoro-5-azaspiro[2.4]heptan-5-yl)-[1,2,4]triazolo[1,5-a]pyrimidin-5-yl]-1H-pyrimidine-2,4-dione",0.4,198,-457.10131332002,0.25,NA,"844252164911453020"
"844252221287093209","C15H13F2N7O2","[M + H]+",1,0.999943706298996,103.34147884221,3.23218839939154,100.109290442819,"6","XCRZLFRHRAYWPB","CN1N=C(N=N1)C(=O)NC2CCC3=C2C=CC(=C3)C4=NOC(=N4)C(F)F","N-[5-[5-(difluoromethyl)-1,2,4-oxadiazol-3-yl]-2,3-dihydro-1H-inden-1-yl]-2-methyltetrazole-5-carboxamide",2.2,366,-507.877026454057,0.229050279329609,NA,"844252164911453020"
"844252221287093210","C19H17F2NO4","[M + H]+",2,2.00699890162356e-05,92.5252501950667,1.07424104625488,91.4510091488118,"6","RJNMWPGOUKTNOK","COC(=O)C(=NOC)C1=CC=CC=C1COC2=CC=C(C=C2)C=C(F)F","Methyl 2-[2-[[4-(2,2-difluoroethenyl)phenoxy]methyl]phenyl]-2-methoxyiminoacetate",4.5,7,-285.401563537673,0.264957264957265,NA,"844252164911453020"
"844252221287093210","C19H17F2NO4","[M + H]+",2,2.00699890162356e-05,92.5252501950667,1.07424104625488,91.4510091488118,"6","BNRZSCLSYSVODF","CCON=C(C1=CC=CC=C1COC2=CC=C(C=C2)C=C(F)F)C(=O)O","(2Z)-2-[2-[[4-(2,2-difluoroethenyl)phenoxy]methyl]phenyl]-2-ethoxyiminoacetic acid",4.6,8,-289.152491206505,0.252100840336134,NA,"844252164911453020"
"844252221287093210","C19H17F2NO4","[M + H]+",2,2.00699890162356e-05,92.5252501950667,1.07424104625488,91.4510091488118,"6","SBPINCGTPCWQAB","CCOC(=O)C(=CC(=O)C=CC1=CC=CN1CC2=C(C=CC=C2F)F)O","ethyl (2Z,5E)-6-[1-[(2,6-difluorophenyl)methyl]pyrrol-2-yl]-2-hydroxy-4-oxo-hexa-2,5-dienoate",3.5,12,-304.686199613917,0.235772357723577,NA,"844252164911453020"
"844252221287093210","C19H17F2NO4","[M + H]+",2,2.00699890162356e-05,92.5252501950667,1.07424104625488,91.4510091488118,"6","RIDDUNOVYJNVRB","CCOC(=O)C(=CC(=O)C=CC1=CC=CN1CC2=CC(=CC(=C2)F)F)O","ethyl (2Z,5E)-6-[1-[(3,5-difluorophenyl)methyl]pyrrol-2-yl]-2-hydroxy-4-oxo-hexa-2,5-dienoate",3.5,14,-321.270589482769,0.232,NA,"844252164911453020"
"844252221287093210","C19H17F2NO4","[M + H]+",2,2.00699890162356e-05,92.5252501950667,1.07424104625488,91.4510091488118,"6","JVEYMZPAUOOFCL","COC(=O)C(=NOC)C1=CC=CC(=C1)COC2=CC=CC=C2C=C(F)F","Methyl 2-[3-[[2-(2,2-difluoroethenyl)phenoxy]methyl]phenyl]-2-methoxyiminoacetate",4.5,15,-324.76410534457,0.260869565217391,NA,"844252164911453020"
"844252221287093210","C19H17F2NO4","[M + H]+",2,2.00699890162356e-05,92.5252501950667,1.07424104625488,91.4510091488118,"6","UYKLPKVIJHNFJX","CCOC(=O)C(=CC(=O)C=CC1=CC=CN1CC2=CC(=C(C=C2)F)F)O","6-[1-(3,4-Difluorobenzyl)-1H-pyrrole-2-yl]-2-hydroxy-4-oxo-2,5-hexadienoic acid ethyl ester",3.5,16,-329.667240275357,0.230769230769231,NA,"844252164911453020"
"844252221287093210","C19H17F2NO4","[M + H]+",2,2.00699890162356e-05,92.5252501950667,1.07424104625488,91.4510091488118,"6","DDTGXOZZTPLBPD","CCOC(=O)C(=O)CC(=O)C=CC1=CC=CN1CC2=C(C=CC=C2F)F","ethyl (E)-6-[1-[(2,6-difluorophenyl)methyl]pyrrol-2-yl]-2,4-dioxohex-5-enoate",2.9,17,-329.744577266492,0.220472440944882,NA,"844252164911453020"
"844252221287093210","C19H17F2NO4","[M + H]+",2,2.00699890162356e-05,92.5252501950667,1.07424104625488,91.4510091488118,"6","WLYCAMUCDZTATH","CCOC1=CC=C(C=C1)C=CC(=O)OCC(=O)NC2=C(C=CC=C2F)F","[2-(2,6-Difluoroanilino)-2-oxoethyl] 3-(4-ethoxyphenyl)prop-2-enoate",3.6,18,-330.184643737957,0.244755244755245,NA,"844252164911453020"
"844252221287093210","C19H17F2NO4","[M + H]+",2,2.00699890162356e-05,92.5252501950667,1.07424104625488,91.4510091488118,"6","AKKIYJUXSGEVIB","CCOC(=O)C(=CC(=O)C=CC1=CC=CN1CC2=C(C(=CC=C2)F)F)O","ethyl (2Z,5E)-6-[1-[(2,3-difluorophenyl)methyl]pyrrol-2-yl]-2-hydroxy-4-oxo-hexa-2,5-dienoate",3.5,19,-332.060077678013,0.232,NA,"844252164911453020"
"844252221287093210","C19H17F2NO4","[M + H]+",2,2.00699890162356e-05,92.5252501950667,1.07424104625488,91.4510091488118,"6","PZMJJWCWCWDNJT","CCOC1=CC=C(C=C1)C=CC(=O)OCC(=O)NC2=C(C=CC(=C2)F)F","[2-(2,5-difluoroanilino)-2-oxoethyl] (E)-3-(4-ethoxyphenyl)prop-2-enoate",3.6,20,-332.490013365963,0.244897959183673,NA,"844252164911453020"
"844252221287093210","C19H17F2NO4","[M + H]+",2,2.00699890162356e-05,92.5252501950667,1.07424104625488,91.4510091488118,"6","MHGQLLRAEILDOW","CCOC(=O)C(=CC(=O)C=CC1=CC=CN1CC2=C(C=C(C=C2)F)F)O","ethyl (2Z,5E)-6-[1-[(2,4-difluorophenyl)methyl]pyrrol-2-yl]-2-hydroxy-4-oxo-hexa-2,5-dienoate",3.5,21,-334.123666175423,0.230769230769231,NA,"844252164911453020"
"844252221287093210","C19H17F2NO4","[M + H]+",2,2.00699890162356e-05,92.5252501950667,1.07424104625488,91.4510091488118,"6","IEVMNKMWXXVBCD","CCOC(=O)C=CC1=C(C=C(C=C1F)NC(=O)OCC2=CC=CC=C2)F","Ethyl 3-[2,6-difluoro-4-(phenylmethoxycarbonylamino)phenyl]prop-2-enoate",3.8,22,-344.247723755828,0.225563909774436,NA,"844252164911453020"
"844252221287093210","C19H17F2NO4","[M + H]+",2,2.00699890162356e-05,92.5252501950667,1.07424104625488,91.4510091488118,"6","WWQNGRKCAJPRIH","CCOC1=CC=C(C=C1)C=CC(=O)OCC(=O)NC2=C(C=C(C=C2)F)F","[2-(2,4-difluoroanilino)-2-oxoethyl] (E)-3-(4-ethoxyphenyl)prop-2-enoate",3.6,23,-345.193255124681,0.23841059602649,NA,"844252164911453020"
"844252221287093210","C19H17F2NO4","[M + H]+",2,2.00699890162356e-05,92.5252501950667,1.07424104625488,91.4510091488118,"6","ILGVZZSBGPJLHS","CCOC(=O)C(=O)CC(=O)C=CC1=CC=CN1CC2=CC(=CC(=C2)F)F","ethyl (E)-6-[1-[(3,5-difluorophenyl)methyl]pyrrol-2-yl]-2,4-dioxohex-5-enoate",2.9,24,-346.328967135343,0.217054263565891,NA,"844252164911453020"
"844252221287093210","C19H17F2NO4","[M + H]+",2,2.00699890162356e-05,92.5252501950667,1.07424104625488,91.4510091488118,"6","OQNAPFSUZZLKIL","CC1=CC=C(C=C1)C=CC(=O)OCC(=O)NC2=CC=C(C=C2)OC(F)F","[2-[4-(difluoromethoxy)anilino]-2-oxoethyl] (E)-3-(4-methylphenyl)prop-2-enoate",4.4,25,-346.582532501637,0.270676691729323,NA,"844252164911453020"
"844252221287093211","C12H24AsN5O3","[M + H]+",3,1.5067088356371e-05,92.2385373655645,2.58023705021931,89.6583003153452,"6",NA,NA,NA,NA,NA,NA,NA,NA,"844252164911453020"
"844252221287093212","C14H17F2N3O6","[M + H]+",4,9.69590239757473e-06,91.7977279425509,3.47953385080381,88.3181940917471,"6","DCCUFNSJKULQNP","CC(C)(C)OC(=O)NC(CNC1=CC(=C(C=C1F)[N+](=O)[O-])F)C(=O)O","(2S)-3-(2,5-difluoro-4-nitroanilino)-2-[(2-methylpropan-2-yl)oxycarbonylamino]propanoic acid",2.8,217,-462.652570327743,0.15311004784689,NA,"844252164911453020"
"844252221287093212","C14H17F2N3O6","[M + H]+",4,9.69590239757473e-06,91.7977279425509,3.47953385080381,88.3181940917471,"6","WXVJJJQBBQNPFF","CC(C)(C)OC(=O)NC(CNC1=CC(=C(C=C1[N+](=O)[O-])F)F)C(=O)O","3-(4,5-Difluoro-2-nitroanilino)-2-[(2-methylpropan-2-yl)oxycarbonylamino]propanoic acid",2.8,229,-464.98039786068,0.160377358490566,NA,"844252164911453020"
"844252221287093212","C14H17F2N3O6","[M + H]+",4,9.69590239757473e-06,91.7977279425509,3.47953385080381,88.3181940917471,"6","NYNAAGTVQZRHQO","CCCCOC(=O)OCC1=C(C(C(O1)N2C=CC(=NC2=O)N)(F)F)O","[(2R)-2-(4-amino-2-oxopyrimidin-1-yl)-3,3-difluoro-4-hydroxy-2H-furan-5-yl]methyl butyl carbonate",0.5,337,-496.894534185046,0.185365853658537,NA,"844252164911453020"
"844252221287093212","C14H17F2N3O6","[M + H]+",4,9.69590239757473e-06,91.7977279425509,3.47953385080381,88.3181940917471,"6","HLPCOTYSWJFYDT","CC(C)(CCC(=O)O)NC(=O)NC1=C(C=CC(=C1)[N+](=O)[O-])OC(F)F","4-[[2-(Difluoromethoxy)-5-nitrophenyl]carbamoylamino]-4-methylpentanoic acid",2.1,372,-510.66379740702,0.193396226415094,NA,"844252164911453020"
"844252221287093212","C14H17F2N3O6","[M + H]+",4,9.69590239757473e-06,91.7977279425509,3.47953385080381,88.3181940917471,"6","YMYJOCWHWAYWTB","CCNC(=O)C(C)NC(=O)C1=CC(=C(C=C1[N+](=O)[O-])OC(F)F)OC","4-(difluoromethoxy)-N-[1-(ethylamino)-1-oxopropan-2-yl]-5-methoxy-2-nitrobenzamide",2,428,-528.577304622241,0.197368421052632,NA,"844252164911453020"
"844252221287093212","C14H17F2N3O6","[M + H]+",4,9.69590239757473e-06,91.7977279425509,3.47953385080381,88.3181940917471,"6","YNLFTOUVPKSGBP","CCCNC(=O)CNC(=O)C1=CC(=C(C=C1[N+](=O)[O-])OC(F)F)OC","4-(difluoromethoxy)-5-methoxy-2-nitro-N-[2-oxo-2-(propylamino)ethyl]benzamide",2.2,446,-533.043468726128,0.199115044247788,NA,"844252164911453020"
"844252221287093212","C14H17F2N3O6","[M + H]+",4,9.69590239757473e-06,91.7977279425509,3.47953385080381,88.3181940917471,"6","SAPQPOWNBCHXIV","CCNC(=O)CN(C)C(=O)C1=CC(=C(C=C1[N+](=O)[O-])OC(F)F)OC","4-(difluoromethoxy)-N-[2-(ethylamino)-2-oxoethyl]-5-methoxy-N-methyl-2-nitrobenzamide",1.8,456,-538.273189186954,0.207207207207207,NA,"844252164911453020"
"844252221287093212","C14H17F2N3O6","[M + H]+",4,9.69590239757473e-06,91.7977279425509,3.47953385080381,88.3181940917471,"6","OZGOYTYDOKZRNL","COC1=C(C=C(C(=C1)C(=O)NCC2CNCC2O)[N+](=O)[O-])OC(F)F","4-(difluoromethoxy)-N-[(4-hydroxypyrrolidin-3-yl)methyl]-5-methoxy-2-nitrobenzamide",1.5,520,-567.228338203966,0.19831223628692,NA,"844252164911453020"
"844252221287093212","C14H17F2N3O6","[M + H]+",4,9.69590239757473e-06,91.7977279425509,3.47953385080381,88.3181940917471,"6","DPZIFPKPVOPRBQ","CC(C1C(C(C(O1)N2C=CC(=NC2=O)N)(F)F)OC(=O)C)OC(=O)C","[(2R,3R,5R)-2-[(1S)-1-acetyloxyethyl]-5-(4-amino-2-oxopyrimidin-1-yl)-4,4-difluorooxolan-3-yl] acetate",-0.3,578,-620.275384202333,0.166666666666667,NA,"844252164911453020"
"844252221287093212","C14H17F2N3O6","[M + H]+",4,9.69590239757473e-06,91.7977279425509,3.47953385080381,88.3181940917471,"6","HSDNLXGJTHTADB","C1=CN(C(=O)N=C1N)C2C(C(C(O2)COC(=O)CCCC=O)O)(F)F","[(2R,3R,5R)-5-(4-amino-2-oxopyrimidin-1-yl)-4,4-difluoro-3-hydroxyoxolan-2-yl]methyl 5-oxopentanoate",-1.6,591,-679.976018134395,0.159362549800797,NA,"844252164911453020"
"844252221287093212","C14H17F2N3O6","[M + H]+",4,9.69590239757473e-06,91.7977279425509,3.47953385080381,88.3181940917471,"6","COQIKROFTRQKPD","C1=CC(=CC=C1COC(=O)NC(CCCN)(C(F)F)C(=O)O)[N+](=O)[O-]","5-Amino-2-(difluoromethyl)-2-[(4-nitrophenyl)methoxycarbonylamino]pentanoic acid",-0.9,593,-695.512086322449,0.129707112970711,NA,"844252164911453020"
"844252221287093212","C14H17F2N3O6","[M + H]+",4,9.69590239757473e-06,91.7977279425509,3.47953385080381,88.3181940917471,"6","QBYZHSLKSKNBMT","C1=CN(C(=O)N=C1N)C2C(C(C(O2)CC(=O)CCCC(=O)O)O)(F)F","6-[(2R,5R)-5-(4-amino-2-oxopyrimidin-1-yl)-4,4-difluoro-3-hydroxyoxolan-2-yl]-5-oxohexanoic acid",-1.8,595,-701.484696025541,0.146153846153846,NA,"844252164911453020"
"844252221287093212","C14H17F2N3O6","[M + H]+",4,9.69590239757473e-06,91.7977279425509,3.47953385080381,88.3181940917471,"6","JTBRAGZZOUJIOM","C1=CC(=CC=C1COC(=O)NCCCC(C(F)F)(C(=O)O)N)[N+](=O)[O-]","2-Amino-2-(difluoromethyl)-5-[(4-nitrophenyl)methoxycarbonylamino]pentanoic acid",-0.9,596,-702.811776704634,0.132231404958678,NA,"844252164911453020"
"844252221287093212","C14H17F2N3O6","[M + H]+",4,9.69590239757473e-06,91.7977279425509,3.47953385080381,88.3181940917471,"6","JQDFOYOLKOJNIP","C1CN(CCC1(F)F)C(=O)C2C(C(C(O2)N3C=CC(=O)NC3=O)O)O","1-[(2R,3R,4S,5S)-5-(4,4-difluoropiperidine-1-carbonyl)-3,4-dihydroxyoxolan-2-yl]pyrimidine-2,4-dione",-1,597,-762.898429980692,0.141818181818182,NA,"844252164911453020"
"844252221287093213","C16H19N3O5Si","[M + H]+",5,8.5362753849519e-06,91.6703493546027,1.47517836193973,90.195170992663,"6",NA,NA,NA,NA,NA,NA,NA,NA,"844252164911453020"
"844252221287093214","C13H20FN3O6Si","[M + H]+",6,1.95133934614278e-06,90.1945405605133,3.75063308635317,86.4439074741601,"6",NA,NA,NA,NA,NA,NA,NA,NA,"844252164911453020"
"844252221287093215","C12H14F3N7O3","[M + H]+",7,6.38008958572562e-07,89.0766216254452,2.20374795094652,86.8728736744987,"6","CFYZNRWKQYLEBN","CN1C(=C(C(=N1)N2CC(C2)(C3=NC=NN3C)OC)[N+](=O)[O-])C(F)(F)F","5-[3-Methoxy-1-[1-methyl-4-nitro-5-(trifluoromethyl)pyrazol-3-yl]azetidin-3-yl]-1-methyl-1,2,4-triazole",0.5,2,-259.657961055237,0.324137931034483,Inf,"844252164911453020"
"844252221287093215","C12H14F3N7O3","[M + H]+",7,6.38008958572562e-07,89.0766216254452,2.20374795094652,86.8728736744987,"6","WSXZVUWPGPFFRD","CC1=NC(=NN1C2=NNC(=N2)C(F)(F)F)C(=O)NCC(C)(C)C(=O)O","2,2-dimethyl-3-[[5-methyl-1-[5-(trifluoromethyl)-1H-1,2,4-triazol-3-yl]-1,2,4-triazole-3-carbonyl]amino]propanoic acid",1.4,28,-349.275392664845,0.248484848484848,NA,"844252164911453020"
"844252221287093215","C12H14F3N7O3","[M + H]+",7,6.38008958572562e-07,89.0766216254452,2.20374795094652,86.8728736744987,"6","PHSLFFNBMPDTLL","CC1=NC(=NN1C2=NNC(=N2)C(F)(F)F)C(=O)N(C)C(C)(C)C(=O)O","2-methyl-2-[methyl-[5-methyl-1-[5-(trifluoromethyl)-1H-1,2,4-triazol-3-yl]-1,2,4-triazole-3-carbonyl]amino]propanoic acid",1.4,47,-371.65784045156,0.231707317073171,NA,"844252164911453020"
"844252221287093215","C12H14F3N7O3","[M + H]+",7,6.38008958572562e-07,89.0766216254452,2.20374795094652,86.8728736744987,"6","WXKDRRFOSNTCKL","CC1=NC(=NN1C2=NNC(=N2)C(F)(F)F)C(=O)N(CC(=O)O)C(C)C","2-[[5-methyl-1-[5-(trifluoromethyl)-1H-1,2,4-triazol-3-yl]-1,2,4-triazole-3-carbonyl]-propan-2-ylamino]acetic acid",1.6,51,-374.801206823727,0.244047619047619,NA,"844252164911453020"
"844252221287093215","C12H14F3N7O3","[M + H]+",7,6.38008958572562e-07,89.0766216254452,2.20374795094652,86.8728736744987,"6","RIVMOGGKOUBILA","C1=C(C(=O)NC(=O)N1CC(F)(F)F)CNC(=O)CCCC2=NNN=N2","N-[[2,4-dioxo-1-(2,2,2-trifluoroethyl)pyrimidin-5-yl]methyl]-4-(2H-tetrazol-5-yl)butanamide",-0.2,58,-379.911461040267,0.242774566473988,NA,"844252164911453020"
"844252221287093215","C12H14F3N7O3","[M + H]+",7,6.38008958572562e-07,89.0766216254452,2.20374795094652,86.8728736744987,"6","WLFUMOWTTXBNHH","CCC(C)(C(=O)O)NC(=O)C1=NN(C(=N1)C)C2=NNC(=N2)C(F)(F)F","2-methyl-2-[[5-methyl-1-[5-(trifluoromethyl)-1H-1,2,4-triazol-3-yl]-1,2,4-triazole-3-carbonyl]amino]butanoic acid",1.7,62,-383.508054533864,0.23121387283237,NA,"844252164911453020"
"844252221287093215","C12H14F3N7O3","[M + H]+",7,6.38008958572562e-07,89.0766216254452,2.20374795094652,86.8728736744987,"6","KDGIFBZCSXNMKY","CC1=NC(=NN1C2=NNC(=N2)C(F)(F)F)C(=O)NCC(C)CC(=O)O","3-methyl-4-[[5-methyl-1-[5-(trifluoromethyl)-1H-1,2,4-triazol-3-yl]-1,2,4-triazole-3-carbonyl]amino]butanoic acid",1.3,66,-386.33862463504,0.25,NA,"844252164911453020"
"844252221287093215","C12H14F3N7O3","[M + H]+",7,6.38008958572562e-07,89.0766216254452,2.20374795094652,86.8728736744987,"6","FWQFKNAIHMGGGE","CCCN(CC(=O)O)C(=O)C1=NN(C(=N1)C)C2=NNC(=N2)C(F)(F)F","2-[[5-methyl-1-[5-(trifluoromethyl)-1H-1,2,4-triazol-3-yl]-1,2,4-triazole-3-carbonyl]-propylamino]acetic acid",1.7,95,-410.568625423417,0.230337078651685,NA,"844252164911453020"
"844252221287093215","C12H14F3N7O3","[M + H]+",7,6.38008958572562e-07,89.0766216254452,2.20374795094652,86.8728736744987,"6","HTBCVVYYGFODDC","CC1=NC(=NN1C2=NNC(=N2)C(F)(F)F)C(=O)NC(C(C)C)C(=O)O","3-methyl-2-[[5-methyl-1-[5-(trifluoromethyl)-1H-1,2,4-triazol-3-yl]-1,2,4-triazole-3-carbonyl]amino]butanoic acid",2,160,-438.399856417846,0.214285714285714,NA,"844252164911453020"
"844252221287093215","C12H14F3N7O3","[M + H]+",7,6.38008958572562e-07,89.0766216254452,2.20374795094652,86.8728736744987,"6","KGFWOLWQESAWQX","CC1=NC(=NN1C2=NNC(=N2)C(F)(F)F)C(=O)NC(C)CCC(=O)O","4-[[5-methyl-1-[5-(trifluoromethyl)-1H-1,2,4-triazol-3-yl]-1,2,4-triazole-3-carbonyl]amino]pentanoic acid",1.3,203,-458.783059839991,0.240437158469945,NA,"844252164911453020"
"844252221287093215","C12H14F3N7O3","[M + H]+",7,6.38008958572562e-07,89.0766216254452,2.20374795094652,86.8728736744987,"6","IGPSHAHSHFVEGF","CC1=NC(=NN1C2=NNC(=N2)C(F)(F)F)C(=O)NCCCCC(=O)O","5-[[5-methyl-1-[5-(trifluoromethyl)-1H-1,2,4-triazol-3-yl]-1,2,4-triazole-3-carbonyl]amino]pentanoic acid",1.2,292,-482.98725790053,0.223958333333333,NA,"844252164911453020"
"844252221287093215","C12H14F3N7O3","[M + H]+",7,6.38008958572562e-07,89.0766216254452,2.20374795094652,86.8728736744987,"6","YQALYJYBDXGRTD","CCCC(C(=O)O)NC(=O)C1=NN(C(=N1)C)C2=NNC(=N2)C(F)(F)F","2-[[5-methyl-1-[5-(trifluoromethyl)-1H-1,2,4-triazol-3-yl]-1,2,4-triazole-3-carbonyl]amino]pentanoic acid",1.9,486,-552.326265902522,0.197115384615385,NA,"844252164911453020"
"844252221287093216","C11H18F3N3O7","[M + H]+",8,1.62877846045452e-07,87.7112698096433,1.90713883979721,85.804130969846,"6",NA,NA,NA,NA,NA,NA,NA,NA,"844252164911453020"
"844252221287093217","C20H15N3O4","[M + H]+",9,1.02087802679657e-07,87.2441025541334,0.663810366141003,86.5802921879924,"6",NA,NA,NA,NA,NA,NA,NA,NA,"844252164911453020"
"844252221287093218","C9H15N9O7","[M + H]+",10,6.42700559823912e-08,86.7813631309821,1.5247768093012,85.2565863216809,"6",NA,NA,NA,NA,NA,NA,NA,NA,"844252164911453020"
"844252250571723837","C17H19N3O4S","[M + H]+",1,0.865654569959938,153.772527728606,0,153.772527728606,"7","QZVDQETYNOBUPJ","CC1=C[N+](=C(C(=C1OC)C)CS(=O)C2=NC3=C(N2)C=C(C=C3)OC)[O-]","Omeprazole-N-oxide",2.1600971,1,-21.0648516869858,0.930232558139535,0,"844252164919841629"
"844252250571723837","C17H19N3O4S","[M + H]+",1,0.865654569959938,153.772527728606,0,153.772527728606,"7","IXEQEYRTSRFZEO","CC1=CN=C(C(=C1OC)C)CS(=O)(=O)C2=NC3=C(N2)C=C(C=C3)OC","Omeprazole-d3 Sulfone",2.7485034,2,-24.590772818086,0.937984496124031,Inf,"844252164919841629"
"844252250571723837","C17H19N3O4S","[M + H]+",1,0.865654569959938,153.772527728606,0,153.772527728606,"7","CMZHQFXXAAIBKE","CC1=C(C(=CN=C1CS(=O)C2=NC3=C(N2)C=C(C=C3)OC)CO)OC",NA,1.6791414,3,-24.8662934425507,0.931818181818182,NA,"844252164919841629"
"844252250571723837","C17H19N3O4S","[M + H]+",1,0.865654569959938,153.772527728606,0,153.772527728606,"7","IGVYIWUGJPECAJ","CC1=CN=C(C(=C1OC)CO)CS(=O)C2=NC3=C(N2)C=C(C=C3)OC","3-Hydroxyomeprazole",1.6791414,4,-30.4462531274079,0.917910447761194,NA,"844252164919841629"
"844252250571723837","C17H19N3O4S","[M + H]+",1,0.865654569959938,153.772527728606,0,153.772527728606,"7","VPFSKKMDDDYYOJ","CC1=CN=C(C(=C1OC)C)CS(=O)C2=NC3=C(N2)C=CC(=C3O)OC","5-methoxy-2-[(R)-(4-methoxy-3,5-dimethylpyridin-2-yl)methylsulfinyl]-1H-benzimidazol-4-ol",2.1978552,5,-245.202227869271,0.714285714285714,NA,"844252164919841629"
"844252250571723837","C17H19N3O4S","[M + H]+",1,0.865654569959938,153.772527728606,0,153.772527728606,"7","NRTYCXOOEJJVDJ","COC1=C(C=C(C=C1)NC(=O)CSC2=NC3=C(CCC3)C(=O)N2)OC","N-(3,4-dimethoxyphenyl)-2-[(4-oxo-4,5,6,7-tetrahydro-3H-cyclopenta[d]pyrimidin-2-yl)thio]acetamide",1.7,6,-428.103356446949,0.350515463917526,NA,"844252164919841629"
"844252250571723837","C17H19N3O4S","[M + H]+",1,0.865654569959938,153.772527728606,0,153.772527728606,"7","MQQOMKBMLHBDFG","CC1=NC=CC(=C1)NS(=O)(=O)C2=C(N=CC(=C2)C3=CCOCC3)OC","5-[3,6-dihydro-2H-pyran-4-yl]-2-methoxy-N-[2-methylpyridin-4-yl]pyridine-3-sulfonamide",1,7,-554.343461688665,0.317919075144509,NA,"844252164919841629"
"844252250571723837","C17H19N3O4S","[M + H]+",1,0.865654569959938,153.772527728606,0,153.772527728606,"7","NJXRFXGANNWYRK","CC1=CC=C(C=C1)N(CC2=NCCN2)C3=CC(=CC=C3)OS(=O)(=O)O","[3-[N-(4,5-dihydro-1H-imidazol-2-ylmethyl)-4-methylanilino]phenyl] hydrogen sulfate",2,8,-564.005249799627,0.244186046511628,NA,"844252164919841629"
"844252250571723837","C17H19N3O4S","[M + H]+",1,0.865654569959938,153.772527728606,0,153.772527728606,"7","HBLRAJANJGAMFQ","CC(C)CNC(=O)CC1=CSC(=N1)NC(=O)C2=CC3=C(C=C2)OCO3","N-(4-(2-(isobutylamino)-2-oxoethyl)thiazol-2-yl)benzo[d][1,3]dioxole-5-carboxamide",2.5,9,-584.301128279428,0.178137651821862,NA,"844252164919841629"
"844252250571723837","C17H19N3O4S","[M + H]+",1,0.865654569959938,153.772527728606,0,153.772527728606,"7","JHQLDSNFXOLZMD","C1CC1C(=O)N2CC3(C2)C4CN(CCN4C(=O)O3)C(=O)C5=CC=CS5","1'-(Cyclopropanecarbonyl)-7-(thiophene-2-carbonyl)spiro[5,6,8,8a-tetrahydro-[1,3]oxazolo[3,4-a]pyrazine-1,3'-azetidine]-3-one",0.5,10,-615.268601141888,0.126637554585153,NA,"844252164919841629"
"844252250571723837","C17H19N3O4S","[M + H]+",1,0.865654569959938,153.772527728606,0,153.772527728606,"7","ILAMKVUHWSQJHY","COC(=O)C1=CC=C(C=C1)OCC2N(CCS2)C(=O)CN3C=CN=C3","Methyl 4-((3-(1H-imidazol-1-ylacetyl)-2-thiazolidinyl)methoxy)benzoate",1.7,11,-632.068754362198,0.191489361702128,NA,"844252164919841629"
"844252250571723837","C17H19N3O4S","[M + H]+",1,0.865654569959938,153.772527728606,0,153.772527728606,"7","NVAYQDCPVGCOHV","C1CC(N(S(=O)(=O)C1)CC2=CC=C(C=C2)C3=CC=NC=C3)C(=O)NO","(3S)-N-hydroxy-1,1-dioxo-2-[(4-pyridin-4-ylphenyl)methyl]thiazinane-3-carboxamide",0.9,12,-645.831830182252,0.200892857142857,NA,"844252164919841629"
"844252250571723837","C17H19N3O4S","[M + H]+",1,0.865654569959938,153.772527728606,0,153.772527728606,"7","FZECHKJQHUVANE","CC1(C(N2C(S1)C(C2=O)NC(=O)C(C3=CC=CC=C3)N=C)C(=O)O)C","6-{[1-hydroxy-2-(methylideneamino)-2-phenylethylidene]amino}-3,3-dimethyl-7-oxo-4-thia-1-azabicyclo[3.2.0]heptane-2-carboxylic acid",1.2664139,13,-647.938747823223,0.111111111111111,NA,"844252164919841629"
"844252250571723837","C17H19N3O4S","[M + H]+",1,0.865654569959938,153.772527728606,0,153.772527728606,"7","FPMHRRFSGYKNIU","COC1=CC=C(C=C1)CN2CC3C(C2)OC4=C(C=CC=N4)S(=O)(=O)N3","5-[(4-methoxyphenyl)methyl]-2-oxa-9λ⁶-thia-5,8,14-triazatricyclo[8.4.0.0³,⁷]tetradeca-1(10),11,13-triene-9,9-dione",1.3,14,-696.204212073082,0.274678111587983,NA,"844252164919841629"
"844252250571723837","C17H19N3O4S","[M + H]+",1,0.865654569959938,153.772527728606,0,153.772527728606,"7","IVXQTEPGJVXVMS","CCOC1=CC=C(C=C1)NC(=S)NN=C(C)C2=C(C(=C(C=C2)O)O)O","1-(4-ethoxyphenyl)-3-[(E)-1-(2,3,4-trihydroxyphenyl)ethylideneamino]thiourea",2.7,16,-740.116203167266,0.211538461538462,NA,"844252164919841629"
"844252250571723838","C14H20FN3O5S","[M + H]+",2,0.127048878586519,151.853613662746,0,151.853613662746,"7","GGHVBHNNEHVTBO","C1=CC(=CC=C1CNNC(=S)NC2C(C(C(C(O2)CO)O)O)O)F","1-[(4-fluorophenyl)methylamino]-3-[(2R,3R,4S,5S,6R)-3,4,5-trihydroxy-6-(hydroxymethyl)oxan-2-yl]thiourea",-0.8,15,-699.96571431198,0.156118143459916,NA,"844252164919841629"
"844252250571723839","C16H24ClNO4S","[M + H]+",3,0.00728847701642638,148.995336389696,0,148.995336389696,"7",NA,NA,NA,NA,NA,NA,NA,NA,"844252164919841629"
"844252250571723840","C14H22ClN4O3S","[M + H]+",4,8.0744334433704e-06,142.189989205425,0,142.189989205425,"7",NA,NA,NA,NA,NA,NA,NA,NA,"844252164919841629"
"844252250571723841","C19H17F2NO4","[M + H]+",5,3.66320642150616e-12,127.584114777961,0,127.584114777961,"7",NA,NA,NA,NA,NA,NA,NA,NA,"844252164919841629"
"844252250571723842","C15H13F2N7O2","[M + H]+",6,1.00821411417177e-14,121.688786318582,1.50646368466326,120.182322633919,"7",NA,NA,NA,NA,NA,NA,NA,NA,"844252164919841629"
"844252250571723843","C11H18F3N3O7","[M + H]+",7,8.21105373009852e-19,112.273161554045,3.26696923210063,109.006192321944,"7",NA,NA,NA,NA,NA,NA,NA,NA,"844252164919841629"
"844252250571723844","C14H17F2N3O6","[M + H]+",8,5.44564726262356e-19,111.862496913829,3.0271613191308,108.835335594698,"7",NA,NA,NA,NA,NA,NA,NA,NA,"844252164919841629"
"844252250571723845","C16H19N3O5Si","[M + H]+",9,2.90557920298898e-19,111.234313043504,0,111.234313043504,"7",NA,NA,NA,NA,NA,NA,NA,NA,"844252164919841629"
"844252250571723846","C11H19BN4O7S","[M + H]+",10,2.25565220513899e-19,110.981119449029,0,110.981119449029,"7",NA,NA,NA,NA,NA,NA,NA,NA,"844252164919841629"
"844252215851275205","C17H19N3O4S","[M + H]+",1,0.988435530610838,138.898075451882,4.78312154098606,134.114953910896,"8","QZVDQETYNOBUPJ","CC1=C[N+](=C(C(=C1OC)C)CS(=O)C2=NC3=C(N2)C=C(C=C3)OC)[O-]","Omeprazole-N-oxide",2.1600971,1,-15.0049677519886,0.952380952380952,0,"844252164932424542"
"844252215851275205","C17H19N3O4S","[M + H]+",1,0.988435530610838,138.898075451882,4.78312154098606,134.114953910896,"8","IXEQEYRTSRFZEO","CC1=CN=C(C(=C1OC)C)CS(=O)(=O)C2=NC3=C(N2)C=C(C=C3)OC","Omeprazole-d3 Sulfone",2.7485034,2,-15.6174232845704,0.94488188976378,Inf,"844252164932424542"
"844252215851275205","C17H19N3O4S","[M + H]+",1,0.988435530610838,138.898075451882,4.78312154098606,134.114953910896,"8","CMZHQFXXAAIBKE","CC1=C(C(=CN=C1CS(=O)C2=NC3=C(N2)C=C(C=C3)OC)CO)OC",NA,1.6791414,3,-34.3749705775945,0.894736842105263,NA,"844252164932424542"
"844252215851275205","C17H19N3O4S","[M + H]+",1,0.988435530610838,138.898075451882,4.78312154098606,134.114953910896,"8","IGVYIWUGJPECAJ","CC1=CN=C(C(=C1OC)CO)CS(=O)C2=NC3=C(N2)C=C(C=C3)OC","3-Hydroxyomeprazole",1.6791414,4,-37.5815614024809,0.881481481481482,NA,"844252164932424542"
"844252215851275205","C17H19N3O4S","[M + H]+",1,0.988435530610838,138.898075451882,4.78312154098606,134.114953910896,"8","VPFSKKMDDDYYOJ","CC1=CN=C(C(=C1OC)C)CS(=O)C2=NC3=C(N2)C=CC(=C3O)OC","5-methoxy-2-[(R)-(4-methoxy-3,5-dimethylpyridin-2-yl)methylsulfinyl]-1H-benzimidazol-4-ol",2.1978552,5,-233.902293517516,0.717241379310345,NA,"844252164932424542"
"844252215851275205","C17H19N3O4S","[M + H]+",1,0.988435530610838,138.898075451882,4.78312154098606,134.114953910896,"8","NRTYCXOOEJJVDJ","COC1=C(C=C(C=C1)NC(=O)CSC2=NC3=C(CCC3)C(=O)N2)OC","N-(3,4-dimethoxyphenyl)-2-[(4-oxo-4,5,6,7-tetrahydro-3H-cyclopenta[d]pyrimidin-2-yl)thio]acetamide",1.7,6,-375.073526014958,0.348958333333333,NA,"844252164932424542"
"844252215851275205","C17H19N3O4S","[M + H]+",1,0.988435530610838,138.898075451882,4.78312154098606,134.114953910896,"8","MQQOMKBMLHBDFG","CC1=NC=CC(=C1)NS(=O)(=O)C2=C(N=CC(=C2)C3=CCOCC3)OC","5-[3,6-dihydro-2H-pyran-4-yl]-2-methoxy-N-[2-methylpyridin-4-yl]pyridine-3-sulfonamide",1,7,-454.861810315425,0.323529411764706,NA,"844252164932424542"
"844252215851275205","C17H19N3O4S","[M + H]+",1,0.988435530610838,138.898075451882,4.78312154098606,134.114953910896,"8","NJXRFXGANNWYRK","CC1=CC=C(C=C1)N(CC2=NCCN2)C3=CC(=CC=C3)OS(=O)(=O)O","[3-[N-(4,5-dihydro-1H-imidazol-2-ylmethyl)-4-methylanilino]phenyl] hydrogen sulfate",2,8,-466.668653418324,0.248520710059172,NA,"844252164932424542"
"844252215851275205","C17H19N3O4S","[M + H]+",1,0.988435530610838,138.898075451882,4.78312154098606,134.114953910896,"8","HBLRAJANJGAMFQ","CC(C)CNC(=O)CC1=CSC(=N1)NC(=O)C2=CC3=C(C=C2)OCO3","N-(4-(2-(isobutylamino)-2-oxoethyl)thiazol-2-yl)benzo[d][1,3]dioxole-5-carboxamide",2.5,9,-581.56128191249,0.180327868852459,NA,"844252164932424542"
"844252215851275205","C17H19N3O4S","[M + H]+",1,0.988435530610838,138.898075451882,4.78312154098606,134.114953910896,"8","JHQLDSNFXOLZMD","C1CC1C(=O)N2CC3(C2)C4CN(CCN4C(=O)O3)C(=O)C5=CC=CS5","1'-(Cyclopropanecarbonyl)-7-(thiophene-2-carbonyl)spiro[5,6,8,8a-tetrahydro-[1,3]oxazolo[3,4-a]pyrazine-1,3'-azetidine]-3-one",0.5,10,-582.259690771993,0.128318584070796,NA,"844252164932424542"
"844252215851275205","C17H19N3O4S","[M + H]+",1,0.988435530610838,138.898075451882,4.78312154098606,134.114953910896,"8","NVAYQDCPVGCOHV","C1CC(N(S(=O)(=O)C1)CC2=CC=C(C=C2)C3=CC=NC=C3)C(=O)NO","(3S)-N-hydroxy-1,1-dioxo-2-[(4-pyridin-4-ylphenyl)methyl]thiazinane-3-carboxamide",0.9,11,-594.672798908427,0.203619909502262,NA,"844252164932424542"
"844252215851275205","C17H19N3O4S","[M + H]+",1,0.988435530610838,138.898075451882,4.78312154098606,134.114953910896,"8","ILAMKVUHWSQJHY","COC(=O)C1=CC=C(C=C1)OCC2N(CCS2)C(=O)CN3C=CN=C3","Methyl 4-((3-(1H-imidazol-1-ylacetyl)-2-thiazolidinyl)methoxy)benzoate",1.7,12,-596.809957466932,0.193965517241379,NA,"844252164932424542"
"844252215851275205","C17H19N3O4S","[M + H]+",1,0.988435530610838,138.898075451882,4.78312154098606,134.114953910896,"8","FPMHRRFSGYKNIU","COC1=CC=C(C=C1)CN2CC3C(C2)OC4=C(C=CC=N4)S(=O)(=O)N3","5-[(4-methoxyphenyl)methyl]-2-oxa-9λ⁶-thia-5,8,14-triazatricyclo[8.4.0.0³,⁷]tetradeca-1(10),11,13-triene-9,9-dione",1.3,13,-630.628040620397,0.272727272727273,NA,"844252164932424542"
"844252215851275205","C17H19N3O4S","[M + H]+",1,0.988435530610838,138.898075451882,4.78312154098606,134.114953910896,"8","FZECHKJQHUVANE","CC1(C(N2C(S1)C(C2=O)NC(=O)C(C3=CC=CC=C3)N=C)C(=O)O)C","6-{[1-hydroxy-2-(methylideneamino)-2-phenylethylidene]amino}-3,3-dimethyl-7-oxo-4-thia-1-azabicyclo[3.2.0]heptane-2-carboxylic acid",1.2664139,15,-647.116058139021,0.112359550561798,NA,"844252164932424542"
"844252215851275205","C17H19N3O4S","[M + H]+",1,0.988435530610838,138.898075451882,4.78312154098606,134.114953910896,"8","IVXQTEPGJVXVMS","CCOC1=CC=C(C=C1)NC(=S)NN=C(C)C2=C(C(=C(C=C2)O)O)O","1-(4-ethoxyphenyl)-3-[(E)-1-(2,3,4-trihydroxyphenyl)ethylideneamino]thiourea",2.7,16,-715.495216362375,0.20873786407767,NA,"844252164932424542"
"844252215851275206","C14H20FN3O5S","[M + H]+",2,0.0115560845583253,134.449164130653,3.29522864541915,131.153935485234,"8","GGHVBHNNEHVTBO","C1=CC(=CC=C1CNNC(=S)NC2C(C(C(C(O2)CO)O)O)O)F","1-[(4-fluorophenyl)methylamino]-3-[(2R,3R,4S,5S,6R)-3,4,5-trihydroxy-6-(hydroxymethyl)oxan-2-yl]thiourea",-0.8,14,-631.599748715415,0.139830508474576,NA,"844252164932424542"
"844252215851275207","C15H13F2N7O2","[M + H]+",3,8.38420015955124e-06,127.220545753114,3.03265585773368,124.18788989538,"8",NA,NA,NA,NA,NA,NA,NA,NA,"844252164932424542"
"844252215851275208","C20H15N3O4","[M + H]+",4,6.09902168880764e-10,117.691984759285,2.20673548729949,115.485249271986,"8",NA,NA,NA,NA,NA,NA,NA,NA,"844252164932424542"
"844252215851275209","C13H19N3O9","[M + H]+",5,2.0772791003593e-11,114.312330199402,0,114.312330199402,"8",NA,NA,NA,NA,NA,NA,NA,NA,"844252164932424542"
"844252215851275210","C22H16FNO3","[M + H]+",6,1.8692748260497e-15,104.996481476981,1.40026156566096,103.59621991132,"8",NA,NA,NA,NA,NA,NA,NA,NA,"844252164932424542"
"844252215851275211","C16H19N3O5Si","[M + H]+",7,2.38655457647535e-16,102.938196547925,3.45182624823542,99.4863702996898,"8",NA,NA,NA,NA,NA,NA,NA,NA,"844252164932424542"
"844252215851275212","C14H17F2N3O6","[M + H]+",8,2.24864001087194e-17,100.57608632275,2.41839297195036,98.1576933507998,"8",NA,NA,NA,NA,NA,NA,NA,NA,"844252164932424542"
"844252215851275213","C11H20N7O3PS","[M + H]+",9,1.26546775619052e-17,100.001202550465,3.09855504947514,96.9026475009902,"8",NA,NA,NA,NA,NA,NA,NA,NA,"844252164932424542"
"844252215851275214","C10H16FN9O3S","[M + H]+",10,4.26036854413484e-18,98.9125313051465,2.29749421678769,96.6150370883588,"8",NA,NA,NA,NA,NA,NA,NA,NA,"844252164932424542"
"844252296188974261","C17H19N3O4S","[M + H]+",1,0.956674509019993,150.424942478917,5.23501847834875,145.189924000568,"9","IXEQEYRTSRFZEO","CC1=CN=C(C(=C1OC)C)CS(=O)(=O)C2=NC3=C(N2)C=C(C=C3)OC","Omeprazole-d3 Sulfone",2.7485034,1,-13.5714070797704,0.968503937007874,0,"844252164945007455"
"844252296188974261","C17H19N3O4S","[M + H]+",1,0.956674509019993,150.424942478917,5.23501847834875,145.189924000568,"9","QZVDQETYNOBUPJ","CC1=C[N+](=C(C(=C1OC)C)CS(=O)C2=NC3=C(N2)C=C(C=C3)OC)[O-]","Omeprazole-N-oxide",2.1600971,2,-33.038814996694,0.915384615384615,Inf,"844252164945007455"
"844252296188974261","C17H19N3O4S","[M + H]+",1,0.956674509019993,150.424942478917,5.23501847834875,145.189924000568,"9","CMZHQFXXAAIBKE","CC1=C(C(=CN=C1CS(=O)C2=NC3=C(N2)C=C(C=C3)OC)CO)OC",NA,1.6791414,3,-85.0682183656752,0.861313868613139,NA,"844252164945007455"
"844252296188974261","C17H19N3O4S","[M + H]+",1,0.956674509019993,150.424942478917,5.23501847834875,145.189924000568,"9","IGVYIWUGJPECAJ","CC1=CN=C(C(=C1OC)CO)CS(=O)C2=NC3=C(N2)C=C(C=C3)OC","3-Hydroxyomeprazole",1.6791414,4,-90.9628920762951,0.848920863309353,NA,"844252164945007455"
"844252296188974261","C17H19N3O4S","[M + H]+",1,0.956674509019993,150.424942478917,5.23501847834875,145.189924000568,"9","VPFSKKMDDDYYOJ","CC1=CN=C(C(=C1OC)C)CS(=O)C2=NC3=C(N2)C=CC(=C3O)OC","5-methoxy-2-[(R)-(4-methoxy-3,5-dimethylpyridin-2-yl)methylsulfinyl]-1H-benzimidazol-4-ol",2.1978552,5,-204.308394149326,0.702702702702703,NA,"844252164945007455"
"844252296188974261","C17H19N3O4S","[M + H]+",1,0.956674509019993,150.424942478917,5.23501847834875,145.189924000568,"9","NRTYCXOOEJJVDJ","COC1=C(C=C(C=C1)NC(=O)CSC2=NC3=C(CCC3)C(=O)N2)OC","N-(3,4-dimethoxyphenyl)-2-[(4-oxo-4,5,6,7-tetrahydro-3H-cyclopenta[d]pyrimidin-2-yl)thio]acetamide",1.7,6,-296.186046117905,0.350515463917526,NA,"844252164945007455"
"844252296188974261","C17H19N3O4S","[M + H]+",1,0.956674509019993,150.424942478917,5.23501847834875,145.189924000568,"9","NJXRFXGANNWYRK","CC1=CC=C(C=C1)N(CC2=NCCN2)C3=CC(=CC=C3)OS(=O)(=O)O","[3-[N-(4,5-dihydro-1H-imidazol-2-ylmethyl)-4-methylanilino]phenyl] hydrogen sulfate",2,7,-355.663836061887,0.258823529411765,NA,"844252164945007455"
"844252296188974261","C17H19N3O4S","[M + H]+",1,0.956674509019993,150.424942478917,5.23501847834875,145.189924000568,"9","MQQOMKBMLHBDFG","CC1=NC=CC(=C1)NS(=O)(=O)C2=C(N=CC(=C2)C3=CCOCC3)OC","5-[3,6-dihydro-2H-pyran-4-yl]-2-methoxy-N-[2-methylpyridin-4-yl]pyridine-3-sulfonamide",1,8,-380.84920136536,0.341176470588235,NA,"844252164945007455"
"844252296188974261","C17H19N3O4S","[M + H]+",1,0.956674509019993,150.424942478917,5.23501847834875,145.189924000568,"9","NVAYQDCPVGCOHV","C1CC(N(S(=O)(=O)C1)CC2=CC=C(C=C2)C3=CC=NC=C3)C(=O)NO","(3S)-N-hydroxy-1,1-dioxo-2-[(4-pyridin-4-ylphenyl)methyl]thiazinane-3-carboxamide",0.9,9,-529.68696446446,0.217194570135747,NA,"844252164945007455"
"844252296188974261","C17H19N3O4S","[M + H]+",1,0.956674509019993,150.424942478917,5.23501847834875,145.189924000568,"9","JHQLDSNFXOLZMD","C1CC1C(=O)N2CC3(C2)C4CN(CCN4C(=O)O3)C(=O)C5=CC=CS5","1'-(Cyclopropanecarbonyl)-7-(thiophene-2-carbonyl)spiro[5,6,8,8a-tetrahydro-[1,3]oxazolo[3,4-a]pyrazine-1,3'-azetidine]-3-one",0.5,10,-533.949293186176,0.136563876651982,NA,"844252164945007455"
"844252296188974261","C17H19N3O4S","[M + H]+",1,0.956674509019993,150.424942478917,5.23501847834875,145.189924000568,"9","FPMHRRFSGYKNIU","COC1=CC=C(C=C1)CN2CC3C(C2)OC4=C(C=CC=N4)S(=O)(=O)N3","5-[(4-methoxyphenyl)methyl]-2-oxa-9λ⁶-thia-5,8,14-triazatricyclo[8.4.0.0³,⁷]tetradeca-1(10),11,13-triene-9,9-dione",1.3,11,-547.107032983597,0.285714285714286,NA,"844252164945007455"
"844252296188974261","C17H19N3O4S","[M + H]+",1,0.956674509019993,150.424942478917,5.23501847834875,145.189924000568,"9","HBLRAJANJGAMFQ","CC(C)CNC(=O)CC1=CSC(=N1)NC(=O)C2=CC3=C(C=C2)OCO3","N-(4-(2-(isobutylamino)-2-oxoethyl)thiazol-2-yl)benzo[d][1,3]dioxole-5-carboxamide",2.5,12,-574.894655788959,0.182926829268293,NA,"844252164945007455"
"844252296188974261","C17H19N3O4S","[M + H]+",1,0.956674509019993,150.424942478917,5.23501847834875,145.189924000568,"9","ILAMKVUHWSQJHY","COC(=O)C1=CC=C(C=C1)OCC2N(CCS2)C(=O)CN3C=CN=C3","Methyl 4-((3-(1H-imidazol-1-ylacetyl)-2-thiazolidinyl)methoxy)benzoate",1.7,13,-581.954908601651,0.196581196581197,NA,"844252164945007455"
"844252296188974261","C17H19N3O4S","[M + H]+",1,0.956674509019993,150.424942478917,5.23501847834875,145.189924000568,"9","FZECHKJQHUVANE","CC1(C(N2C(S1)C(C2=O)NC(=O)C(C3=CC=CC=C3)N=C)C(=O)O)C","6-{[1-hydroxy-2-(methylideneamino)-2-phenylethylidene]amino}-3,3-dimethyl-7-oxo-4-thia-1-azabicyclo[3.2.0]heptane-2-carboxylic acid",1.2664139,15,-622.96901175558,0.119402985074627,NA,"844252164945007455"
"844252296188974261","C17H19N3O4S","[M + H]+",1,0.956674509019993,150.424942478917,5.23501847834875,145.189924000568,"9","IVXQTEPGJVXVMS","CCOC1=CC=C(C=C1)NC(=S)NN=C(C)C2=C(C(=C(C=C2)O)O)O","1-(4-ethoxyphenyl)-3-[(E)-1-(2,3,4-trihydroxyphenyl)ethylideneamino]thiourea",2.7,16,-675.460738117181,0.205741626794258,NA,"844252164945007455"
"844252296188974262","C14H20FN3O5S","[M + H]+",2,0.0433254909783985,147.33022042927,5.37598510864149,141.954235320629,"9","GGHVBHNNEHVTBO","C1=CC(=CC=C1CNNC(=S)NC2C(C(C(C(O2)CO)O)O)O)F","1-[(4-fluorophenyl)methylamino]-3-[(2R,3R,4S,5S,6R)-3,4,5-trihydroxy-6-(hydroxymethyl)oxan-2-yl]thiourea",-0.8,14,-602.270947733553,0.183168316831683,NA,"844252164945007455"
"844252296188974263","C15H13F2N7O2","[M + H]+",3,1.6079164901282e-12,123.313152659745,3.17128535354145,120.141867306203,"9",NA,NA,NA,NA,NA,NA,NA,NA,"844252164945007455"
"844252296188974264","C20H15N3O4","[M + H]+",4,1.12959898293913e-15,116.052320832738,0.0599690203116159,115.992351812427,"9",NA,NA,NA,NA,NA,NA,NA,NA,"844252164945007455"
"844252296188974265","C13H19N3O9","[M + H]+",5,3.45777272587952e-17,112.565912620315,1.73360499263492,110.83230762768,"9",NA,NA,NA,NA,NA,NA,NA,NA,"844252164945007455"
"844252296188974266","C22H16FNO3","[M + H]+",6,4.27124812630507e-21,103.566853673161,0,103.566853673161,"9",NA,NA,NA,NA,NA,NA,NA,NA,"844252164945007455"
"844252296188974267","C25H15NO2","[M + H]+",7,5.98080966792967e-23,99.2983333561742,0,99.2983333561742,"9",NA,NA,NA,NA,NA,NA,NA,NA,"844252164945007455"
"844252296188974268","C12H19F4N3O3S","[M + H]+",8,3.31302512244321e-23,98.7076391076802,5.00998883985121,93.697650267829,"9",NA,NA,NA,NA,NA,NA,NA,NA,"844252164945007455"
"844252296188974269","C15H17N6O3S","[M + H]+",9,1.18382191605999e-23,97.6785255178182,5.27070085465401,92.4078246631642,"9",NA,NA,NA,NA,NA,NA,NA,NA,"844252164945007455"
"844252296188974270","C10H16FN9O3S","[M + H]+",10,1.12370927920457e-23,97.6264124710237,4.02933243766631,93.5970800333574,"9",NA,NA,NA,NA,NA,NA,NA,NA,"844252164945007455"
"844252205105468337","C17H19N3O4S","[M + H]+",1,0.924769332301948,120.602635889996,4.64478748870205,115.957848401294,"10","QZVDQETYNOBUPJ","CC1=C[N+](=C(C(=C1OC)C)CS(=O)C2=NC3=C(N2)C=C(C=C3)OC)[O-]","Omeprazole-N-oxide",2.1600971,1,-21.832978035876,0.930232558139535,0,"844252164949201760"
"844252205105468337","C17H19N3O4S","[M + H]+",1,0.924769332301948,120.602635889996,4.64478748870205,115.957848401294,"10","IXEQEYRTSRFZEO","CC1=CN=C(C(=C1OC)C)CS(=O)(=O)C2=NC3=C(N2)C=C(C=C3)OC","Omeprazole-d3 Sulfone",2.7485034,2,-22.7332693199389,0.937984496124031,Inf,"844252164949201760"
"844252205105468337","C17H19N3O4S","[M + H]+",1,0.924769332301948,120.602635889996,4.64478748870205,115.957848401294,"10","CMZHQFXXAAIBKE","CC1=C(C(=CN=C1CS(=O)C2=NC3=C(N2)C=C(C=C3)OC)CO)OC",NA,1.6791414,3,-25.1954878737993,0.931818181818182,NA,"844252164949201760"
"844252205105468337","C17H19N3O4S","[M + H]+",1,0.924769332301948,120.602635889996,4.64478748870205,115.957848401294,"10","IGVYIWUGJPECAJ","CC1=CN=C(C(=C1OC)CO)CS(=O)C2=NC3=C(N2)C=C(C=C3)OC","3-Hydroxyomeprazole",1.6791414,4,-31.3026733033228,0.917910447761194,NA,"844252164949201760"
"844252205105468337","C17H19N3O4S","[M + H]+",1,0.924769332301948,120.602635889996,4.64478748870205,115.957848401294,"10","VPFSKKMDDDYYOJ","CC1=CN=C(C(=C1OC)C)CS(=O)C2=NC3=C(N2)C=CC(=C3O)OC","5-methoxy-2-[(R)-(4-methoxy-3,5-dimethylpyridin-2-yl)methylsulfinyl]-1H-benzimidazol-4-ol",2.1978552,5,-249.227041729019,0.714285714285714,NA,"844252164949201760"
"844252205105468337","C17H19N3O4S","[M + H]+",1,0.924769332301948,120.602635889996,4.64478748870205,115.957848401294,"10","NRTYCXOOEJJVDJ","COC1=C(C=C(C=C1)NC(=O)CSC2=NC3=C(CCC3)C(=O)N2)OC","N-(3,4-dimethoxyphenyl)-2-[(4-oxo-4,5,6,7-tetrahydro-3H-cyclopenta[d]pyrimidin-2-yl)thio]acetamide",1.7,6,-421.238766772317,0.350515463917526,NA,"844252164949201760"
"844252205105468337","C17H19N3O4S","[M + H]+",1,0.924769332301948,120.602635889996,4.64478748870205,115.957848401294,"10","NJXRFXGANNWYRK","CC1=CC=C(C=C1)N(CC2=NCCN2)C3=CC(=CC=C3)OS(=O)(=O)O","[3-[N-(4,5-dihydro-1H-imidazol-2-ylmethyl)-4-methylanilino]phenyl] hydrogen sulfate",2,7,-545.458105171914,0.244186046511628,NA,"844252164949201760"
"844252205105468337","C17H19N3O4S","[M + H]+",1,0.924769332301948,120.602635889996,4.64478748870205,115.957848401294,"10","MQQOMKBMLHBDFG","CC1=NC=CC(=C1)NS(=O)(=O)C2=C(N=CC(=C2)C3=CCOCC3)OC","5-[3,6-dihydro-2H-pyran-4-yl]-2-methoxy-N-[2-methylpyridin-4-yl]pyridine-3-sulfonamide",1,8,-559.700050998166,0.317919075144509,NA,"844252164949201760"
"844252205105468337","C17H19N3O4S","[M + H]+",1,0.924769332301948,120.602635889996,4.64478748870205,115.957848401294,"10","HBLRAJANJGAMFQ","CC(C)CNC(=O)CC1=CSC(=N1)NC(=O)C2=CC3=C(C=C2)OCO3","N-(4-(2-(isobutylamino)-2-oxoethyl)thiazol-2-yl)benzo[d][1,3]dioxole-5-carboxamide",2.5,9,-576.474445821287,0.178137651821862,NA,"844252164949201760"
"844252205105468337","C17H19N3O4S","[M + H]+",1,0.924769332301948,120.602635889996,4.64478748870205,115.957848401294,"10","JHQLDSNFXOLZMD","C1CC1C(=O)N2CC3(C2)C4CN(CCN4C(=O)O3)C(=O)C5=CC=CS5","1'-(Cyclopropanecarbonyl)-7-(thiophene-2-carbonyl)spiro[5,6,8,8a-tetrahydro-[1,3]oxazolo[3,4-a]pyrazine-1,3'-azetidine]-3-one",0.5,10,-603.109837115372,0.126637554585153,NA,"844252164949201760"
"844252205105468337","C17H19N3O4S","[M + H]+",1,0.924769332301948,120.602635889996,4.64478748870205,115.957848401294,"10","ILAMKVUHWSQJHY","COC(=O)C1=CC=C(C=C1)OCC2N(CCS2)C(=O)CN3C=CN=C3","Methyl 4-((3-(1H-imidazol-1-ylacetyl)-2-thiazolidinyl)methoxy)benzoate",1.7,11,-617.384176119498,0.191489361702128,NA,"844252164949201760"
"844252205105468337","C17H19N3O4S","[M + H]+",1,0.924769332301948,120.602635889996,4.64478748870205,115.957848401294,"10","FZECHKJQHUVANE","CC1(C(N2C(S1)C(C2=O)NC(=O)C(C3=CC=CC=C3)N=C)C(=O)O)C","6-{[1-hydroxy-2-(methylideneamino)-2-phenylethylidene]amino}-3,3-dimethyl-7-oxo-4-thia-1-azabicyclo[3.2.0]heptane-2-carboxylic acid",1.2664139,12,-637.439024999021,0.111111111111111,NA,"844252164949201760"
"844252205105468337","C17H19N3O4S","[M + H]+",1,0.924769332301948,120.602635889996,4.64478748870205,115.957848401294,"10","NVAYQDCPVGCOHV","C1CC(N(S(=O)(=O)C1)CC2=CC=C(C=C2)C3=CC=NC=C3)C(=O)NO","(3S)-N-hydroxy-1,1-dioxo-2-[(4-pyridin-4-ylphenyl)methyl]thiazinane-3-carboxamide",0.9,13,-643.450559803318,0.200892857142857,NA,"844252164949201760"
"844252205105468337","C17H19N3O4S","[M + H]+",1,0.924769332301948,120.602635889996,4.64478748870205,115.957848401294,"10","FPMHRRFSGYKNIU","COC1=CC=C(C=C1)CN2CC3C(C2)OC4=C(C=CC=N4)S(=O)(=O)N3","5-[(4-methoxyphenyl)methyl]-2-oxa-9λ⁶-thia-5,8,14-triazatricyclo[8.4.0.0³,⁷]tetradeca-1(10),11,13-triene-9,9-dione",1.3,14,-685.443762769431,0.274678111587983,NA,"844252164949201760"
"844252205105468337","C17H19N3O4S","[M + H]+",1,0.924769332301948,120.602635889996,4.64478748870205,115.957848401294,"10","IVXQTEPGJVXVMS","CCOC1=CC=C(C=C1)NC(=S)NN=C(C)C2=C(C(=C(C=C2)O)O)O","1-(4-ethoxyphenyl)-3-[(E)-1-(2,3,4-trihydroxyphenyl)ethylideneamino]thiourea",2.7,15,-729.501680914251,0.211538461538462,NA,"844252164949201760"
"844252205105468338","C14H20FN3O5S","[M + H]+",2,0.0752306676762758,118.093650516732,5.35442618532389,112.739224331408,"10","GGHVBHNNEHVTBO","C1=CC(=CC=C1CNNC(=S)NC2C(C(C(C(O2)CO)O)O)O)F","1-[(4-fluorophenyl)methylamino]-3-[(2R,3R,4S,5S,6R)-3,4,5-trihydroxy-6-(hydroxymethyl)oxan-2-yl]thiourea",-0.8,16,-768.972450485427,0.153526970954357,NA,"844252164949201760"
"844252205105468339","C15H13F2N7O2","[M + H]+",3,2.17688411916991e-11,96.1303053613533,2.72557689575703,93.4047284655962,"10",NA,NA,NA,NA,NA,NA,NA,NA,"844252164949201760"
"844252205105468340","C14H17F2N3O6","[M + H]+",4,3.5761671803244e-15,87.4163620450057,3.22344145304411,84.1929205919616,"10",NA,NA,NA,NA,NA,NA,NA,NA,"844252164949201760"
"844252205105468341","C16H19N3O5Si","[M + H]+",5,1.7115382861914e-15,86.679462986838,0.468744761653635,86.2107182251844,"10",NA,NA,NA,NA,NA,NA,NA,NA,"844252164949201760"
"844252205105468342","C13H20FN3O6Si","[M + H]+",6,1.09975431618409e-15,86.2371572440719,3.11330180826857,83.1238554358034,"10",NA,NA,NA,NA,NA,NA,NA,NA,"844252164949201760"
"844252205105468343","C11H18F3N3O7","[M + H]+",7,5.08333567576455e-16,85.4654530203346,2.49842438002986,82.9670286403047,"10",NA,NA,NA,NA,NA,NA,NA,NA,"844252164949201760"
"844252205105468344","C9H15N9O7","[M + H]+",8,3.84126323793092e-16,85.1852866258558,1.81871176387202,83.3665748619838,"10",NA,NA,NA,NA,NA,NA,NA,NA,"844252164949201760"
"844252205105468345","C10H16FN9O3S","[M + H]+",9,1.53066482018706e-16,84.2651875091678,4.20595906209683,80.059228447071,"10",NA,NA,NA,NA,NA,NA,NA,NA,"844252164949201760"
"844252205105468346","C15H24NO5PS","[M + H]+",10,1.46627954411412e-16,84.2222136153642,4.97722973362142,79.2449838817428,"10",NA,NA,NA,NA,NA,NA,NA,NA,"844252164949201760"
"844252257169364059","C14H20FN3O5S","[M + H]+",1,0.699452988583225,65.3559307535083,0,65.3559307535083,"11","GGHVBHNNEHVTBO","C1=CC(=CC=C1CNNC(=S)NC2C(C(C(C(O2)CO)O)O)O)F","1-[(4-fluorophenyl)methylamino]-3-[(2R,3R,4S,5S,6R)-3,4,5-trihydroxy-6-(hydroxymethyl)oxan-2-yl]thiourea",-0.8,16,-711.035167418588,0.154166666666667,NA,"844252164953396065"
"844252257169364060","C17H19N3O4S","[M + H]+",2,0.30054628305914,64.5112339311121,0,64.5112339311121,"11","QZVDQETYNOBUPJ","CC1=C[N+](=C(C(=C1OC)C)CS(=O)C2=NC3=C(N2)C=C(C=C3)OC)[O-]","Omeprazole-N-oxide",2.1600971,1,-19.2478372365718,0.930232558139535,0,"844252164953396065"
"844252257169364060","C17H19N3O4S","[M + H]+",2,0.30054628305914,64.5112339311121,0,64.5112339311121,"11","IXEQEYRTSRFZEO","CC1=CN=C(C(=C1OC)C)CS(=O)(=O)C2=NC3=C(N2)C=C(C=C3)OC","Omeprazole-d3 Sulfone",2.7485034,2,-23.2992280820373,0.937984496124031,Inf,"844252164953396065"
"844252257169364060","C17H19N3O4S","[M + H]+",2,0.30054628305914,64.5112339311121,0,64.5112339311121,"11","CMZHQFXXAAIBKE","CC1=C(C(=CN=C1CS(=O)C2=NC3=C(N2)C=C(C=C3)OC)CO)OC",NA,1.6791414,3,-28.2709655808783,0.931818181818182,NA,"844252164953396065"
"844252257169364060","C17H19N3O4S","[M + H]+",2,0.30054628305914,64.5112339311121,0,64.5112339311121,"11","IGVYIWUGJPECAJ","CC1=CN=C(C(=C1OC)CO)CS(=O)C2=NC3=C(N2)C=C(C=C3)OC","3-Hydroxyomeprazole",1.6791414,4,-32.6793733703074,0.917910447761194,NA,"844252164953396065"
"844252257169364060","C17H19N3O4S","[M + H]+",2,0.30054628305914,64.5112339311121,0,64.5112339311121,"11","VPFSKKMDDDYYOJ","CC1=CN=C(C(=C1OC)C)CS(=O)C2=NC3=C(N2)C=CC(=C3O)OC","5-methoxy-2-[(R)-(4-methoxy-3,5-dimethylpyridin-2-yl)methylsulfinyl]-1H-benzimidazol-4-ol",2.1978552,5,-238.938326648757,0.714285714285714,NA,"844252164953396065"
"844252257169364060","C17H19N3O4S","[M + H]+",2,0.30054628305914,64.5112339311121,0,64.5112339311121,"11","NRTYCXOOEJJVDJ","COC1=C(C=C(C=C1)NC(=O)CSC2=NC3=C(CCC3)C(=O)N2)OC","N-(3,4-dimethoxyphenyl)-2-[(4-oxo-4,5,6,7-tetrahydro-3H-cyclopenta[d]pyrimidin-2-yl)thio]acetamide",1.7,6,-353.416100963492,0.350515463917526,NA,"844252164953396065"
"844252257169364060","C17H19N3O4S","[M + H]+",2,0.30054628305914,64.5112339311121,0,64.5112339311121,"11","MQQOMKBMLHBDFG","CC1=NC=CC(=C1)NS(=O)(=O)C2=C(N=CC(=C2)C3=CCOCC3)OC","5-[3,6-dihydro-2H-pyran-4-yl]-2-methoxy-N-[2-methylpyridin-4-yl]pyridine-3-sulfonamide",1,7,-472.516999440999,0.317919075144509,NA,"844252164953396065"
"844252257169364060","C17H19N3O4S","[M + H]+",2,0.30054628305914,64.5112339311121,0,64.5112339311121,"11","NJXRFXGANNWYRK","CC1=CC=C(C=C1)N(CC2=NCCN2)C3=CC(=CC=C3)OS(=O)(=O)O","[3-[N-(4,5-dihydro-1H-imidazol-2-ylmethyl)-4-methylanilino]phenyl] hydrogen sulfate",2,8,-495.058552843378,0.244186046511628,NA,"844252164953396065"
"844252257169364060","C17H19N3O4S","[M + H]+",2,0.30054628305914,64.5112339311121,0,64.5112339311121,"11","HBLRAJANJGAMFQ","CC(C)CNC(=O)CC1=CSC(=N1)NC(=O)C2=CC3=C(C=C2)OCO3","N-(4-(2-(isobutylamino)-2-oxoethyl)thiazol-2-yl)benzo[d][1,3]dioxole-5-carboxamide",2.5,9,-556.258901287263,0.178137651821862,NA,"844252164953396065"
"844252257169364060","C17H19N3O4S","[M + H]+",2,0.30054628305914,64.5112339311121,0,64.5112339311121,"11","JHQLDSNFXOLZMD","C1CC1C(=O)N2CC3(C2)C4CN(CCN4C(=O)O3)C(=O)C5=CC=CS5","1'-(Cyclopropanecarbonyl)-7-(thiophene-2-carbonyl)spiro[5,6,8,8a-tetrahydro-[1,3]oxazolo[3,4-a]pyrazine-1,3'-azetidine]-3-one",0.5,10,-574.792566328885,0.126637554585153,NA,"844252164953396065"
"844252257169364060","C17H19N3O4S","[M + H]+",2,0.30054628305914,64.5112339311121,0,64.5112339311121,"11","NVAYQDCPVGCOHV","C1CC(N(S(=O)(=O)C1)CC2=CC=C(C=C2)C3=CC=NC=C3)C(=O)NO","(3S)-N-hydroxy-1,1-dioxo-2-[(4-pyridin-4-ylphenyl)methyl]thiazinane-3-carboxamide",0.9,11,-589.68654804254,0.200892857142857,NA,"844252164953396065"
"844252257169364060","C17H19N3O4S","[M + H]+",2,0.30054628305914,64.5112339311121,0,64.5112339311121,"11","ILAMKVUHWSQJHY","COC(=O)C1=CC=C(C=C1)OCC2N(CCS2)C(=O)CN3C=CN=C3","Methyl 4-((3-(1H-imidazol-1-ylacetyl)-2-thiazolidinyl)methoxy)benzoate",1.7,12,-590.804365416935,0.191489361702128,NA,"844252164953396065"
"844252257169364060","C17H19N3O4S","[M + H]+",2,0.30054628305914,64.5112339311121,0,64.5112339311121,"11","FPMHRRFSGYKNIU","COC1=CC=C(C=C1)CN2CC3C(C2)OC4=C(C=CC=N4)S(=O)(=O)N3","5-[(4-methoxyphenyl)methyl]-2-oxa-9λ⁶-thia-5,8,14-triazatricyclo[8.4.0.0³,⁷]tetradeca-1(10),11,13-triene-9,9-dione",1.3,13,-627.357723147517,0.274678111587983,NA,"844252164953396065"
"844252257169364060","C17H19N3O4S","[M + H]+",2,0.30054628305914,64.5112339311121,0,64.5112339311121,"11","FZECHKJQHUVANE","CC1(C(N2C(S1)C(C2=O)NC(=O)C(C3=CC=CC=C3)N=C)C(=O)O)C","6-{[1-hydroxy-2-(methylideneamino)-2-phenylethylidene]amino}-3,3-dimethyl-7-oxo-4-thia-1-azabicyclo[3.2.0]heptane-2-carboxylic acid",1.2664139,14,-631.241460874785,0.111111111111111,NA,"844252164953396065"
"844252257169364060","C17H19N3O4S","[M + H]+",2,0.30054628305914,64.5112339311121,0,64.5112339311121,"11","IVXQTEPGJVXVMS","CCOC1=CC=C(C=C1)NC(=S)NN=C(C)C2=C(C(=C(C=C2)O)O)O","1-(4-ethoxyphenyl)-3-[(E)-1-(2,3,4-trihydroxyphenyl)ethylideneamino]thiourea",2.7,15,-682.967642824847,0.211538461538462,NA,"844252164953396065"
"844252257169364061","C15H13F2N7O2","[M + H]+",3,6.82535280099339e-07,51.5159358290453,0,51.5159358290453,"11",NA,NA,NA,NA,NA,NA,NA,NA,"844252164953396065"
"844252257169364062","C11H18F3N3O7","[M + H]+",4,1.49412643100274e-08,47.6942484128316,0,47.6942484128316,"11",NA,NA,NA,NA,NA,NA,NA,NA,"844252164953396065"
"844252257169364063","C13H20FN3O6Si","[M + H]+",5,7.240805335445e-09,46.969854045258,0,46.969854045258,"11",NA,NA,NA,NA,NA,NA,NA,NA,"844252164953396065"
"844252257169364064","C13H19N3O9","[M + H]+",6,6.06576812921763e-09,46.7927827947456,0,46.7927827947456,"11",NA,NA,NA,NA,NA,NA,NA,NA,"844252164953396065"
"844252257169364065","C16H19N3O5Si","[M + H]+",7,5.8287117060256e-09,46.7529176101444,0,46.7529176101444,"11",NA,NA,NA,NA,NA,NA,NA,NA,"844252164953396065"
"844252257169364066","C14H17F2N3O6","[M + H]+",8,4.78783413412425e-09,46.5561997559689,0,46.5561997559689,"11",NA,NA,NA,NA,NA,NA,NA,NA,"844252164953396065"
"844252257169364067","C11H21F2N3O6S","[M + H]+",9,3.63765606052129e-09,46.2814611456824,0,46.2814611456824,"11",NA,NA,NA,NA,NA,NA,NA,NA,"844252164953396065"
"844252257169364068","C20H15N3O4","[M + H]+",10,1.17616620293686e-09,45.1523817793873,0,45.1523817793873,"11",NA,NA,NA,NA,NA,NA,NA,NA,"844252164953396065"
"844252277327189113","C17H19N3O4S","[M + H]+",1,0.827968158232464,161.359783549433,5.13396702215864,156.225816527274,"12","IXEQEYRTSRFZEO","CC1=CN=C(C(=C1OC)C)CS(=O)(=O)C2=NC3=C(N2)C=C(C=C3)OC","Omeprazole-d3 Sulfone",2.7485034,1,-11.1172474936183,0.976377952755906,0,"844252164961784674"
"844252277327189113","C17H19N3O4S","[M + H]+",1,0.827968158232464,161.359783549433,5.13396702215864,156.225816527274,"12","QZVDQETYNOBUPJ","CC1=C[N+](=C(C(=C1OC)C)CS(=O)C2=NC3=C(N2)C=C(C=C3)OC)[O-]","Omeprazole-N-oxide",2.1600971,2,-33.5553242717582,0.923076923076923,Inf,"844252164961784674"
"844252277327189113","C17H19N3O4S","[M + H]+",1,0.827968158232464,161.359783549433,5.13396702215864,156.225816527274,"12","CMZHQFXXAAIBKE","CC1=C(C(=CN=C1CS(=O)C2=NC3=C(N2)C=C(C=C3)OC)CO)OC",NA,1.6791414,3,-78.2256286251256,0.868613138686131,NA,"844252164961784674"
"844252277327189113","C17H19N3O4S","[M + H]+",1,0.827968158232464,161.359783549433,5.13396702215864,156.225816527274,"12","IGVYIWUGJPECAJ","CC1=CN=C(C(=C1OC)CO)CS(=O)C2=NC3=C(N2)C=C(C=C3)OC","3-Hydroxyomeprazole",1.6791414,4,-86.4468734341685,0.856115107913669,NA,"844252164961784674"
"844252277327189113","C17H19N3O4S","[M + H]+",1,0.827968158232464,161.359783549433,5.13396702215864,156.225816527274,"12","VPFSKKMDDDYYOJ","CC1=CN=C(C(=C1OC)C)CS(=O)C2=NC3=C(N2)C=CC(=C3O)OC","5-methoxy-2-[(R)-(4-methoxy-3,5-dimethylpyridin-2-yl)methylsulfinyl]-1H-benzimidazol-4-ol",2.1978552,5,-209.761235166125,0.697986577181208,NA,"844252164961784674"
"844252277327189113","C17H19N3O4S","[M + H]+",1,0.827968158232464,161.359783549433,5.13396702215864,156.225816527274,"12","NRTYCXOOEJJVDJ","COC1=C(C=C(C=C1)NC(=O)CSC2=NC3=C(CCC3)C(=O)N2)OC","N-(3,4-dimethoxyphenyl)-2-[(4-oxo-4,5,6,7-tetrahydro-3H-cyclopenta[d]pyrimidin-2-yl)thio]acetamide",1.7,6,-317.55596528519,0.348717948717949,NA,"844252164961784674"
"844252277327189113","C17H19N3O4S","[M + H]+",1,0.827968158232464,161.359783549433,5.13396702215864,156.225816527274,"12","NJXRFXGANNWYRK","CC1=CC=C(C=C1)N(CC2=NCCN2)C3=CC(=CC=C3)OS(=O)(=O)O","[3-[N-(4,5-dihydro-1H-imidazol-2-ylmethyl)-4-methylanilino]phenyl] hydrogen sulfate",2,7,-380.771741129976,0.257309941520468,NA,"844252164961784674"
"844252277327189113","C17H19N3O4S","[M + H]+",1,0.827968158232464,161.359783549433,5.13396702215864,156.225816527274,"12","MQQOMKBMLHBDFG","CC1=NC=CC(=C1)NS(=O)(=O)C2=C(N=CC(=C2)C3=CCOCC3)OC","5-[3,6-dihydro-2H-pyran-4-yl]-2-methoxy-N-[2-methylpyridin-4-yl]pyridine-3-sulfonamide",1,8,-401.501998229613,0.339181286549708,NA,"844252164961784674"
"844252277327189113","C17H19N3O4S","[M + H]+",1,0.827968158232464,161.359783549433,5.13396702215864,156.225816527274,"12","NVAYQDCPVGCOHV","C1CC(N(S(=O)(=O)C1)CC2=CC=C(C=C2)C3=CC=NC=C3)C(=O)NO","(3S)-N-hydroxy-1,1-dioxo-2-[(4-pyridin-4-ylphenyl)methyl]thiazinane-3-carboxamide",0.9,9,-538.340647393988,0.216216216216216,NA,"844252164961784674"
"844252277327189113","C17H19N3O4S","[M + H]+",1,0.827968158232464,161.359783549433,5.13396702215864,156.225816527274,"12","JHQLDSNFXOLZMD","C1CC1C(=O)N2CC3(C2)C4CN(CCN4C(=O)O3)C(=O)C5=CC=CS5","1'-(Cyclopropanecarbonyl)-7-(thiophene-2-carbonyl)spiro[5,6,8,8a-tetrahydro-[1,3]oxazolo[3,4-a]pyrazine-1,3'-azetidine]-3-one",0.5,10,-551.31713552114,0.135964912280702,NA,"844252164961784674"
"844252277327189113","C17H19N3O4S","[M + H]+",1,0.827968158232464,161.359783549433,5.13396702215864,156.225816527274,"12","FPMHRRFSGYKNIU","COC1=CC=C(C=C1)CN2CC3C(C2)OC4=C(C=CC=N4)S(=O)(=O)N3","5-[(4-methoxyphenyl)methyl]-2-oxa-9λ⁶-thia-5,8,14-triazatricyclo[8.4.0.0³,⁷]tetradeca-1(10),11,13-triene-9,9-dione",1.3,11,-560.892845761403,0.28448275862069,NA,"844252164961784674"
"844252277327189113","C17H19N3O4S","[M + H]+",1,0.827968158232464,161.359783549433,5.13396702215864,156.225816527274,"12","HBLRAJANJGAMFQ","CC(C)CNC(=O)CC1=CSC(=N1)NC(=O)C2=CC3=C(C=C2)OCO3","N-(4-(2-(isobutylamino)-2-oxoethyl)thiazol-2-yl)benzo[d][1,3]dioxole-5-carboxamide",2.5,12,-575.614417413037,0.182186234817814,NA,"844252164961784674"
"844252277327189113","C17H19N3O4S","[M + H]+",1,0.827968158232464,161.359783549433,5.13396702215864,156.225816527274,"12","ILAMKVUHWSQJHY","COC(=O)C1=CC=C(C=C1)OCC2N(CCS2)C(=O)CN3C=CN=C3","Methyl 4-((3-(1H-imidazol-1-ylacetyl)-2-thiazolidinyl)methoxy)benzoate",1.7,13,-576.447609572148,0.195744680851064,NA,"844252164961784674"
"844252277327189113","C17H19N3O4S","[M + H]+",1,0.827968158232464,161.359783549433,5.13396702215864,156.225816527274,"12","FZECHKJQHUVANE","CC1(C(N2C(S1)C(C2=O)NC(=O)C(C3=CC=CC=C3)N=C)C(=O)O)C","6-{[1-hydroxy-2-(methylideneamino)-2-phenylethylidene]amino}-3,3-dimethyl-7-oxo-4-thia-1-azabicyclo[3.2.0]heptane-2-carboxylic acid",1.2664139,15,-608.628524903295,0.118959107806691,NA,"844252164961784674"
"844252277327189113","C17H19N3O4S","[M + H]+",1,0.827968158232464,161.359783549433,5.13396702215864,156.225816527274,"12","IVXQTEPGJVXVMS","CCOC1=CC=C(C=C1)NC(=S)NN=C(C)C2=C(C(=C(C=C2)O)O)O","1-(4-ethoxyphenyl)-3-[(E)-1-(2,3,4-trihydroxyphenyl)ethylideneamino]thiourea",2.7,16,-673.454864620388,0.204761904761905,NA,"844252164961784674"
"844252277331383418","C14H20FN3O5S","[M + H]+",2,0.172031841767459,159.788488438263,5.54863365188891,154.239854786374,"12","GGHVBHNNEHVTBO","C1=CC(=CC=C1CNNC(=S)NC2C(C(C(C(O2)CO)O)O)O)F","1-[(4-fluorophenyl)methylamino]-3-[(2R,3R,4S,5S,6R)-3,4,5-trihydroxy-6-(hydroxymethyl)oxan-2-yl]thiourea",-0.8,14,-607.454660577792,0.180952380952381,NA,"844252164961784674"
"844252277331383419","C15H13F2N7O2","[M + H]+",3,6.20539587988382e-14,131.137792045857,2.88926096747594,128.248531078382,"12",NA,NA,NA,NA,NA,NA,NA,NA,"844252164961784674"
"844252277331383420","C20H15N3O4","[M + H]+",4,1.46531440093809e-14,129.694442656686,0,129.694442656686,"12",NA,NA,NA,NA,NA,NA,NA,NA,"844252164961784674"
"844252277331383421","C13H19N3O9","[M + H]+",5,1.32249532449368e-17,122.684137899501,1.9370086986027,120.747129200898,"12",NA,NA,NA,NA,NA,NA,NA,NA,"844252164961784674"
"844252277331383422","C12H19F4N3O3S","[M + H]+",6,3.95909555199113e-23,109.965122595365,5.28399841056478,104.681124184801,"12",NA,NA,NA,NA,NA,NA,NA,NA,"844252164961784674"
"844252277331383423","C10H16FN9O3S","[M + H]+",7,2.72140135240009e-24,107.287668849878,4.35988448748991,102.927784362388,"12",NA,NA,NA,NA,NA,NA,NA,NA,"844252164961784674"
"844252277331383424","C13H22N4O4PS","[M + H]+",8,8.58780670618537e-25,106.134280178492,5.93513354000813,100.199146638484,"12",NA,NA,NA,NA,NA,NA,NA,NA,"844252164961784674"
"844252277331383425","C14H21N2O7S","[M + H]+",9,7.66946271684422e-25,106.02118336913,5.16752453629907,100.85365883283,"12",NA,NA,NA,NA,NA,NA,NA,NA,"844252164961784674"
"844252277331383426","C22H16FNO3","[M + H]+",10,5.72978105089624e-25,105.729614125143,0,105.729614125143,"12",NA,NA,NA,NA,NA,NA,NA,NA,"844252164961784674"
"844252230963352567","C17H19N3O4S","[M + H]+",1,0.979675066581694,132.853914181423,5.6143281787618,127.239586002662,"13","QZVDQETYNOBUPJ","CC1=C[N+](=C(C(=C1OC)C)CS(=O)C2=NC3=C(N2)C=C(C=C3)OC)[O-]","Omeprazole-N-oxide",2.1600971,1,-21.7546293606589,0.930232558139535,0,"844252164965978979"
"844252230963352567","C17H19N3O4S","[M + H]+",1,0.979675066581694,132.853914181423,5.6143281787618,127.239586002662,"13","IXEQEYRTSRFZEO","CC1=CN=C(C(=C1OC)C)CS(=O)(=O)C2=NC3=C(N2)C=C(C=C3)OC","Omeprazole-d3 Sulfone",2.7485034,2,-24.007184659784,0.937984496124031,Inf,"844252164965978979"
"844252230963352567","C17H19N3O4S","[M + H]+",1,0.979675066581694,132.853914181423,5.6143281787618,127.239586002662,"13","CMZHQFXXAAIBKE","CC1=C(C(=CN=C1CS(=O)C2=NC3=C(N2)C=C(C=C3)OC)CO)OC",NA,1.6791414,3,-26.0189830346128,0.931818181818182,NA,"844252164965978979"
"844252230963352567","C17H19N3O4S","[M + H]+",1,0.979675066581694,132.853914181423,5.6143281787618,127.239586002662,"13","IGVYIWUGJPECAJ","CC1=CN=C(C(=C1OC)CO)CS(=O)C2=NC3=C(N2)C=C(C=C3)OC","3-Hydroxyomeprazole",1.6791414,4,-31.8606816844259,0.917910447761194,NA,"844252164965978979"
"844252230963352567","C17H19N3O4S","[M + H]+",1,0.979675066581694,132.853914181423,5.6143281787618,127.239586002662,"13","VPFSKKMDDDYYOJ","CC1=CN=C(C(=C1OC)C)CS(=O)C2=NC3=C(N2)C=CC(=C3O)OC","5-methoxy-2-[(R)-(4-methoxy-3,5-dimethylpyridin-2-yl)methylsulfinyl]-1H-benzimidazol-4-ol",2.1978552,5,-247.184155624912,0.714285714285714,NA,"844252164965978979"
"844252230963352567","C17H19N3O4S","[M + H]+",1,0.979675066581694,132.853914181423,5.6143281787618,127.239586002662,"13","NRTYCXOOEJJVDJ","COC1=C(C=C(C=C1)NC(=O)CSC2=NC3=C(CCC3)C(=O)N2)OC","N-(3,4-dimethoxyphenyl)-2-[(4-oxo-4,5,6,7-tetrahydro-3H-cyclopenta[d]pyrimidin-2-yl)thio]acetamide",1.7,6,-419.30572114835,0.350515463917526,NA,"844252164965978979"
"844252230963352567","C17H19N3O4S","[M + H]+",1,0.979675066581694,132.853914181423,5.6143281787618,127.239586002662,"13","NJXRFXGANNWYRK","CC1=CC=C(C=C1)N(CC2=NCCN2)C3=CC(=CC=C3)OS(=O)(=O)O","[3-[N-(4,5-dihydro-1H-imidazol-2-ylmethyl)-4-methylanilino]phenyl] hydrogen sulfate",2,7,-547.825394472123,0.244186046511628,NA,"844252164965978979"
"844252230963352567","C17H19N3O4S","[M + H]+",1,0.979675066581694,132.853914181423,5.6143281787618,127.239586002662,"13","MQQOMKBMLHBDFG","CC1=NC=CC(=C1)NS(=O)(=O)C2=C(N=CC(=C2)C3=CCOCC3)OC","5-[3,6-dihydro-2H-pyran-4-yl]-2-methoxy-N-[2-methylpyridin-4-yl]pyridine-3-sulfonamide",1,8,-556.935473219076,0.317919075144509,NA,"844252164965978979"
"844252230963352567","C17H19N3O4S","[M + H]+",1,0.979675066581694,132.853914181423,5.6143281787618,127.239586002662,"13","HBLRAJANJGAMFQ","CC(C)CNC(=O)CC1=CSC(=N1)NC(=O)C2=CC3=C(C=C2)OCO3","N-(4-(2-(isobutylamino)-2-oxoethyl)thiazol-2-yl)benzo[d][1,3]dioxole-5-carboxamide",2.5,9,-576.97309056752,0.178137651821862,NA,"844252164965978979"
"844252230963352567","C17H19N3O4S","[M + H]+",1,0.979675066581694,132.853914181423,5.6143281787618,127.239586002662,"13","JHQLDSNFXOLZMD","C1CC1C(=O)N2CC3(C2)C4CN(CCN4C(=O)O3)C(=O)C5=CC=CS5","1'-(Cyclopropanecarbonyl)-7-(thiophene-2-carbonyl)spiro[5,6,8,8a-tetrahydro-[1,3]oxazolo[3,4-a]pyrazine-1,3'-azetidine]-3-one",0.5,10,-603.93144027203,0.126637554585153,NA,"844252164965978979"
"844252230963352567","C17H19N3O4S","[M + H]+",1,0.979675066581694,132.853914181423,5.6143281787618,127.239586002662,"13","ILAMKVUHWSQJHY","COC(=O)C1=CC=C(C=C1)OCC2N(CCS2)C(=O)CN3C=CN=C3","Methyl 4-((3-(1H-imidazol-1-ylacetyl)-2-thiazolidinyl)methoxy)benzoate",1.7,11,-623.002057416532,0.191489361702128,NA,"844252164965978979"
"844252230963352567","C17H19N3O4S","[M + H]+",1,0.979675066581694,132.853914181423,5.6143281787618,127.239586002662,"13","FZECHKJQHUVANE","CC1(C(N2C(S1)C(C2=O)NC(=O)C(C3=CC=CC=C3)N=C)C(=O)O)C","6-{[1-hydroxy-2-(methylideneamino)-2-phenylethylidene]amino}-3,3-dimethyl-7-oxo-4-thia-1-azabicyclo[3.2.0]heptane-2-carboxylic acid",1.2664139,12,-641.568526779828,0.111111111111111,NA,"844252164965978979"
"844252230963352567","C17H19N3O4S","[M + H]+",1,0.979675066581694,132.853914181423,5.6143281787618,127.239586002662,"13","NVAYQDCPVGCOHV","C1CC(N(S(=O)(=O)C1)CC2=CC=C(C=C2)C3=CC=NC=C3)C(=O)NO","(3S)-N-hydroxy-1,1-dioxo-2-[(4-pyridin-4-ylphenyl)methyl]thiazinane-3-carboxamide",0.9,13,-644.111709811554,0.200892857142857,NA,"844252164965978979"
"844252230963352567","C17H19N3O4S","[M + H]+",1,0.979675066581694,132.853914181423,5.6143281787618,127.239586002662,"13","FPMHRRFSGYKNIU","COC1=CC=C(C=C1)CN2CC3C(C2)OC4=C(C=CC=N4)S(=O)(=O)N3","5-[(4-methoxyphenyl)methyl]-2-oxa-9λ⁶-thia-5,8,14-triazatricyclo[8.4.0.0³,⁷]tetradeca-1(10),11,13-triene-9,9-dione",1.3,14,-689.988662018019,0.274678111587983,NA,"844252164965978979"
"844252230963352567","C17H19N3O4S","[M + H]+",1,0.979675066581694,132.853914181423,5.6143281787618,127.239586002662,"13","IVXQTEPGJVXVMS","CCOC1=CC=C(C=C1)NC(=S)NN=C(C)C2=C(C(=C(C=C2)O)O)O","1-(4-ethoxyphenyl)-3-[(E)-1-(2,3,4-trihydroxyphenyl)ethylideneamino]thiourea",2.7,15,-731.805136458068,0.211538461538462,NA,"844252164965978979"
"844252230963352568","C14H20FN3O5S","[M + H]+",2,0.0203249334018599,128.978541608218,5.40696619614405,123.571575412074,"13","GGHVBHNNEHVTBO","C1=CC(=CC=C1CNNC(=S)NC2C(C(C(C(O2)CO)O)O)O)F","1-[(4-fluorophenyl)methylamino]-3-[(2R,3R,4S,5S,6R)-3,4,5-trihydroxy-6-(hydroxymethyl)oxan-2-yl]thiourea",-0.8,16,-788.945994057541,0.1440329218107,NA,"844252164965978979"
"844252230963352569","C15H13F2N7O2","[M + H]+",3,1.64438020931645e-11,108.043376026267,3.21050188174337,104.832874144524,"13",NA,NA,NA,NA,NA,NA,NA,NA,"844252164965978979"
"844252230963352570","C19H17F2NO4","[M + H]+",4,1.47243299950849e-15,98.7225882478482,1.27016586392354,97.4524223839247,"13",NA,NA,NA,NA,NA,NA,NA,NA,"844252164965978979"
"844252230963352571","C16H19N3O5Si","[M + H]+",5,4.75411624236916e-16,97.5920978406545,2.90853992994915,94.6835579107054,"13",NA,NA,NA,NA,NA,NA,NA,NA,"844252164965978979"
"844252230963352572","C13H20FN3O6Si","[M + H]+",6,9.96805090482665e-17,96.029886996391,4.73577740168937,91.2941095947016,"13",NA,NA,NA,NA,NA,NA,NA,NA,"844252164965978979"
"844252230963352573","C14H17F2N3O6","[M + H]+",7,7.68101072884274e-17,95.7692530713528,3.07687201538687,92.692381055966,"13",NA,NA,NA,NA,NA,NA,NA,NA,"844252164965978979"
"844252230963352574","C11H18F3N3O7","[M + H]+",8,3.90703167689986e-18,92.7906947583101,1.45177107437951,91.3389236839306,"13",NA,NA,NA,NA,NA,NA,NA,NA,"844252164965978979"
"844252230963352575","C9H15N9O7","[M + H]+",9,2.65155708707871e-18,92.4030638820107,0.668094680679865,91.7349692013308,"13",NA,NA,NA,NA,NA,NA,NA,NA,"844252164965978979"
"844252230963352576","C15H24NO5PS","[M + H]+",10,2.07999588298825e-18,92.1602827489191,5.1630393475689,86.9972434013502,"13",NA,NA,NA,NA,NA,NA,NA,NA,"844252164965978979"
"844252233249248257","C17H19N3O4S","[M + H]+",1,0.768660029664766,118.846339794956,0,118.846339794956,"14","QZVDQETYNOBUPJ","CC1=C[N+](=C(C(=C1OC)C)CS(=O)C2=NC3=C(N2)C=C(C=C3)OC)[O-]","Omeprazole-N-oxide",2.1600971,1,-19.0814753154583,0.9375,0,"844252164970173284"
"844252233249248257","C17H19N3O4S","[M + H]+",1,0.768660029664766,118.846339794956,0,118.846339794956,"14","IXEQEYRTSRFZEO","CC1=CN=C(C(=C1OC)C)CS(=O)(=O)C2=NC3=C(N2)C=C(C=C3)OC","Omeprazole-d3 Sulfone",2.7485034,2,-22.9898598701885,0.9453125,Inf,"844252164970173284"
"844252233249248257","C17H19N3O4S","[M + H]+",1,0.768660029664766,118.846339794956,0,118.846339794956,"14","CMZHQFXXAAIBKE","CC1=C(C(=CN=C1CS(=O)C2=NC3=C(N2)C=C(C=C3)OC)CO)OC",NA,1.6791414,3,-28.1834115832647,0.924242424242424,NA,"844252164970173284"
"844252233249248257","C17H19N3O4S","[M + H]+",1,0.768660029664766,118.846339794956,0,118.846339794956,"14","IGVYIWUGJPECAJ","CC1=CN=C(C(=C1OC)CO)CS(=O)C2=NC3=C(N2)C=C(C=C3)OC","3-Hydroxyomeprazole",1.6791414,4,-32.8879076103669,0.91044776119403,NA,"844252164970173284"
"844252233249248257","C17H19N3O4S","[M + H]+",1,0.768660029664766,118.846339794956,0,118.846339794956,"14","VPFSKKMDDDYYOJ","CC1=CN=C(C(=C1OC)C)CS(=O)C2=NC3=C(N2)C=CC(=C3O)OC","5-methoxy-2-[(R)-(4-methoxy-3,5-dimethylpyridin-2-yl)methylsulfinyl]-1H-benzimidazol-4-ol",2.1978552,5,-244.558658758669,0.719178082191781,NA,"844252164970173284"
"844252233249248257","C17H19N3O4S","[M + H]+",1,0.768660029664766,118.846339794956,0,118.846339794956,"14","NRTYCXOOEJJVDJ","COC1=C(C=C(C=C1)NC(=O)CSC2=NC3=C(CCC3)C(=O)N2)OC","N-(3,4-dimethoxyphenyl)-2-[(4-oxo-4,5,6,7-tetrahydro-3H-cyclopenta[d]pyrimidin-2-yl)thio]acetamide",1.7,6,-377.65941771218,0.352331606217617,NA,"844252164970173284"
"844252233249248257","C17H19N3O4S","[M + H]+",1,0.768660029664766,118.846339794956,0,118.846339794956,"14","MQQOMKBMLHBDFG","CC1=NC=CC(=C1)NS(=O)(=O)C2=C(N=CC(=C2)C3=CCOCC3)OC","5-[3,6-dihydro-2H-pyran-4-yl]-2-methoxy-N-[2-methylpyridin-4-yl]pyridine-3-sulfonamide",1,7,-488.478056195567,0.319767441860465,NA,"844252164970173284"
"844252233249248257","C17H19N3O4S","[M + H]+",1,0.768660029664766,118.846339794956,0,118.846339794956,"14","NJXRFXGANNWYRK","CC1=CC=C(C=C1)N(CC2=NCCN2)C3=CC(=CC=C3)OS(=O)(=O)O","[3-[N-(4,5-dihydro-1H-imidazol-2-ylmethyl)-4-methylanilino]phenyl] hydrogen sulfate",2,8,-511.220999122156,0.245614035087719,NA,"844252164970173284"
"844252233249248257","C17H19N3O4S","[M + H]+",1,0.768660029664766,118.846339794956,0,118.846339794956,"14","HBLRAJANJGAMFQ","CC(C)CNC(=O)CC1=CSC(=N1)NC(=O)C2=CC3=C(C=C2)OCO3","N-(4-(2-(isobutylamino)-2-oxoethyl)thiazol-2-yl)benzo[d][1,3]dioxole-5-carboxamide",2.5,10,-567.642480315782,0.178861788617886,NA,"844252164970173284"
"844252233249248257","C17H19N3O4S","[M + H]+",1,0.768660029664766,118.846339794956,0,118.846339794956,"14","JHQLDSNFXOLZMD","C1CC1C(=O)N2CC3(C2)C4CN(CCN4C(=O)O3)C(=O)C5=CC=CS5","1'-(Cyclopropanecarbonyl)-7-(thiophene-2-carbonyl)spiro[5,6,8,8a-tetrahydro-[1,3]oxazolo[3,4-a]pyrazine-1,3'-azetidine]-3-one",0.5,11,-583.967631943262,0.12719298245614,NA,"844252164970173284"
"844252233249248257","C17H19N3O4S","[M + H]+",1,0.768660029664766,118.846339794956,0,118.846339794956,"14","ILAMKVUHWSQJHY","COC(=O)C1=CC=C(C=C1)OCC2N(CCS2)C(=O)CN3C=CN=C3","Methyl 4-((3-(1H-imidazol-1-ylacetyl)-2-thiazolidinyl)methoxy)benzoate",1.7,12,-600.437753948633,0.192307692307692,NA,"844252164970173284"
"844252233249248257","C17H19N3O4S","[M + H]+",1,0.768660029664766,118.846339794956,0,118.846339794956,"14","NVAYQDCPVGCOHV","C1CC(N(S(=O)(=O)C1)CC2=CC=C(C=C2)C3=CC=NC=C3)C(=O)NO","(3S)-N-hydroxy-1,1-dioxo-2-[(4-pyridin-4-ylphenyl)methyl]thiazinane-3-carboxamide",0.9,13,-604.885163460598,0.201793721973094,NA,"844252164970173284"
"844252233249248257","C17H19N3O4S","[M + H]+",1,0.768660029664766,118.846339794956,0,118.846339794956,"14","FZECHKJQHUVANE","CC1(C(N2C(S1)C(C2=O)NC(=O)C(C3=CC=CC=C3)N=C)C(=O)O)C","6-{[1-hydroxy-2-(methylideneamino)-2-phenylethylidene]amino}-3,3-dimethyl-7-oxo-4-thia-1-azabicyclo[3.2.0]heptane-2-carboxylic acid",1.2664139,14,-636.860942037368,0.111524163568773,NA,"844252164970173284"
"844252233249248257","C17H19N3O4S","[M + H]+",1,0.768660029664766,118.846339794956,0,118.846339794956,"14","FPMHRRFSGYKNIU","COC1=CC=C(C=C1)CN2CC3C(C2)OC4=C(C=CC=N4)S(=O)(=O)N3","5-[(4-methoxyphenyl)methyl]-2-oxa-9λ⁶-thia-5,8,14-triazatricyclo[8.4.0.0³,⁷]tetradeca-1(10),11,13-triene-9,9-dione",1.3,15,-646.51115568861,0.275862068965517,NA,"844252164970173284"
"844252233249248257","C17H19N3O4S","[M + H]+",1,0.768660029664766,118.846339794956,0,118.846339794956,"14","IVXQTEPGJVXVMS","CCOC1=CC=C(C=C1)NC(=S)NN=C(C)C2=C(C(=C(C=C2)O)O)O","1-(4-ethoxyphenyl)-3-[(E)-1-(2,3,4-trihydroxyphenyl)ethylideneamino]thiourea",2.7,17,-699.598994625371,0.21256038647343,NA,"844252164970173284"
"844252233249248258","C14H20FN3O5S","[M + H]+",2,0.216883092873832,117.581049483116,0,117.581049483116,"14","GGHVBHNNEHVTBO","C1=CC(=CC=C1CNNC(=S)NC2C(C(C(C(O2)CO)O)O)O)F","1-[(4-fluorophenyl)methylamino]-3-[(2R,3R,4S,5S,6R)-3,4,5-trihydroxy-6-(hydroxymethyl)oxan-2-yl]thiourea",-0.8,16,-687.0091367056,0.14468085106383,NA,"844252164970173284"
"844252233249248259","C16H24ClNO4S","[M + H]+",3,0.0144455455691329,114.872077119189,0,114.872077119189,"14",NA,NA,NA,NA,NA,NA,NA,NA,"844252164970173284"
"844252233249248260","C14H22ClN4O3S","[M + H]+",4,1.12912866175117e-05,107.71796707076,0,107.71796707076,"14",NA,NA,NA,NA,NA,NA,NA,NA,"844252164970173284"
"844252233249248261","C19H17F2NO4","[M + H]+",5,3.60348929696431e-08,101.970668177496,1.69485449450225,100.275813682994,"14","AYIZPDXXYIFMQC","C1=CC=C2C(=C1)C(C3=CC=CC=C32)COC(=O)NC(CC(F)F)C(=O)O","(R)-2-(9H-Fluoren-9-ylmethoxycarbonylamino)-4,4-difluoro-butyric acid",3.9,9,-524.690075755668,0.113636363636364,NA,"844252164970173284"
"844252233249248262","C15H13F2N7O2","[M + H]+",6,4.57074360254814e-09,99.9058563648772,1.89959540253036,98.0062609623469,"14",NA,NA,NA,NA,NA,NA,NA,NA,"844252164970173284"
"844252233249248263","C20H15N3O4","[M + H]+",7,7.8855880964046e-15,86.63570670317,1.42813372149275,85.2075729816772,"14",NA,NA,NA,NA,NA,NA,NA,NA,"844252164970173284"
"844252233249248264","C16H19N3O5Si","[M + H]+",8,2.30242812943275e-15,85.4046341758537,0,85.4046341758537,"14",NA,NA,NA,NA,NA,NA,NA,NA,"844252164970173284"
"844252233249248265","C13H19N3O9","[M + H]+",9,1.4295758309606e-15,84.9280476799028,0,84.9280476799028,"14",NA,NA,NA,NA,NA,NA,NA,NA,"844252164970173284"
"844252233249248266","C13H20FN3O6Si","[M + H]+",10,6.69890565719462e-16,84.1700289866531,0,84.1700289866531,"14",NA,NA,NA,NA,NA,NA,NA,NA,"844252164970173284"
"844252238265635861","C17H19N3O4S","[M + H]+",1,0.941675294407569,87.9750911277323,0,87.9750911277323,"15","QZVDQETYNOBUPJ","CC1=C[N+](=C(C(=C1OC)C)CS(=O)C2=NC3=C(N2)C=C(C=C3)OC)[O-]","Omeprazole-N-oxide",2.1600971,1,-20.07403141194,0.94488188976378,0,"844252164974367589"
"844252238265635861","C17H19N3O4S","[M + H]+",1,0.941675294407569,87.9750911277323,0,87.9750911277323,"15","IXEQEYRTSRFZEO","CC1=CN=C(C(=C1OC)C)CS(=O)(=O)C2=NC3=C(N2)C=C(C=C3)OC","Omeprazole-d3 Sulfone",2.7485034,2,-21.8311936763768,0.9375,Inf,"844252164974367589"
"844252238265635861","C17H19N3O4S","[M + H]+",1,0.941675294407569,87.9750911277323,0,87.9750911277323,"15","CMZHQFXXAAIBKE","CC1=C(C(=CN=C1CS(=O)C2=NC3=C(N2)C=C(C=C3)OC)CO)OC",NA,1.6791414,3,-38.347793665484,0.902255639097744,NA,"844252164974367589"
"844252238265635861","C17H19N3O4S","[M + H]+",1,0.941675294407569,87.9750911277323,0,87.9750911277323,"15","IGVYIWUGJPECAJ","CC1=CN=C(C(=C1OC)CO)CS(=O)C2=NC3=C(N2)C=C(C=C3)OC","3-Hydroxyomeprazole",1.6791414,4,-41.4202989376107,0.888888888888889,NA,"844252164974367589"
"844252238265635861","C17H19N3O4S","[M + H]+",1,0.941675294407569,87.9750911277323,0,87.9750911277323,"15","VPFSKKMDDDYYOJ","CC1=CN=C(C(=C1OC)C)CS(=O)C2=NC3=C(N2)C=CC(=C3O)OC","5-methoxy-2-[(R)-(4-methoxy-3,5-dimethylpyridin-2-yl)methylsulfinyl]-1H-benzimidazol-4-ol",2.1978552,5,-228.512013582252,0.712328767123288,NA,"844252164974367589"
"844252238265635861","C17H19N3O4S","[M + H]+",1,0.941675294407569,87.9750911277323,0,87.9750911277323,"15","NRTYCXOOEJJVDJ","COC1=C(C=C(C=C1)NC(=O)CSC2=NC3=C(CCC3)C(=O)N2)OC","N-(3,4-dimethoxyphenyl)-2-[(4-oxo-4,5,6,7-tetrahydro-3H-cyclopenta[d]pyrimidin-2-yl)thio]acetamide",1.7,7,-343.117629024993,0.347150259067358,NA,"844252164974367589"
"844252238265635861","C17H19N3O4S","[M + H]+",1,0.941675294407569,87.9750911277323,0,87.9750911277323,"15","NJXRFXGANNWYRK","CC1=CC=C(C=C1)N(CC2=NCCN2)C3=CC(=CC=C3)OS(=O)(=O)O","[3-[N-(4,5-dihydro-1H-imidazol-2-ylmethyl)-4-methylanilino]phenyl] hydrogen sulfate",2,13,-396.006200578509,0.247058823529412,NA,"844252164974367589"
"844252238265635861","C17H19N3O4S","[M + H]+",1,0.941675294407569,87.9750911277323,0,87.9750911277323,"15","MQQOMKBMLHBDFG","CC1=NC=CC(=C1)NS(=O)(=O)C2=C(N=CC(=C2)C3=CCOCC3)OC","5-[3,6-dihydro-2H-pyran-4-yl]-2-methoxy-N-[2-methylpyridin-4-yl]pyridine-3-sulfonamide",1,16,-420.465095988972,0.321637426900585,NA,"844252164974367589"
"844252238265635861","C17H19N3O4S","[M + H]+",1,0.941675294407569,87.9750911277323,0,87.9750911277323,"15","NVAYQDCPVGCOHV","C1CC(N(S(=O)(=O)C1)CC2=CC=C(C=C2)C3=CC=NC=C3)C(=O)NO","(3S)-N-hydroxy-1,1-dioxo-2-[(4-pyridin-4-ylphenyl)methyl]thiazinane-3-carboxamide",0.9,32,-580.122981264721,0.202702702702703,NA,"844252164974367589"
"844252238265635861","C17H19N3O4S","[M + H]+",1,0.941675294407569,87.9750911277323,0,87.9750911277323,"15","ILAMKVUHWSQJHY","COC(=O)C1=CC=C(C=C1)OCC2N(CCS2)C(=O)CN3C=CN=C3","Methyl 4-((3-(1H-imidazol-1-ylacetyl)-2-thiazolidinyl)methoxy)benzoate",1.7,33,-582.650620698273,0.1931330472103,NA,"844252164974367589"
"844252238265635861","C17H19N3O4S","[M + H]+",1,0.941675294407569,87.9750911277323,0,87.9750911277323,"15","JHQLDSNFXOLZMD","C1CC1C(=O)N2CC3(C2)C4CN(CCN4C(=O)O3)C(=O)C5=CC=CS5","1'-(Cyclopropanecarbonyl)-7-(thiophene-2-carbonyl)spiro[5,6,8,8a-tetrahydro-[1,3]oxazolo[3,4-a]pyrazine-1,3'-azetidine]-3-one",0.5,35,-593.075975956047,0.127753303964758,NA,"844252164974367589"
"844252238265635861","C17H19N3O4S","[M + H]+",1,0.941675294407569,87.9750911277323,0,87.9750911277323,"15","HBLRAJANJGAMFQ","CC(C)CNC(=O)CC1=CSC(=N1)NC(=O)C2=CC3=C(C=C2)OCO3","N-(4-(2-(isobutylamino)-2-oxoethyl)thiazol-2-yl)benzo[d][1,3]dioxole-5-carboxamide",2.5,37,-597.993260283551,0.179591836734694,NA,"844252164974367589"
"844252238265635861","C17H19N3O4S","[M + H]+",1,0.941675294407569,87.9750911277323,0,87.9750911277323,"15","FPMHRRFSGYKNIU","COC1=CC=C(C=C1)CN2CC3C(C2)OC4=C(C=CC=N4)S(=O)(=O)N3","5-[(4-methoxyphenyl)methyl]-2-oxa-9λ⁶-thia-5,8,14-triazatricyclo[8.4.0.0³,⁷]tetradeca-1(10),11,13-triene-9,9-dione",1.3,38,-598.16369281408,0.271551724137931,NA,"844252164974367589"
"844252238265635861","C17H19N3O4S","[M + H]+",1,0.941675294407569,87.9750911277323,0,87.9750911277323,"15","AQWQARACBBXMKO","COC(=O)C1C(C2CN3C(=O)C=CC=C3C1N2CC4=NC=CS4)CO","methyl (1R,9S,10S,11S)-10-(hydroxymethyl)-6-oxo-12-(1,3-thiazol-2-ylmethyl)-7,12-diazatricyclo[7.2.1.02,7]dodeca-2,4-diene-11-carboxylate",-0.1,39,-665.163146465365,0.205882352941176,NA,"844252164974367589"
"844252238265635861","C17H19N3O4S","[M + H]+",1,0.941675294407569,87.9750911277323,0,87.9750911277323,"15","FZECHKJQHUVANE","CC1(C(N2C(S1)C(C2=O)NC(=O)C(C3=CC=CC=C3)N=C)C(=O)O)C","6-{[1-hydroxy-2-(methylideneamino)-2-phenylethylidene]amino}-3,3-dimethyl-7-oxo-4-thia-1-azabicyclo[3.2.0]heptane-2-carboxylic acid",1.2664139,40,-674.783562767366,0.111940298507463,NA,"844252164974367589"
"844252238265635862","C14H20FN3O5S","[M + H]+",2,0.050700251541453,85.0533614826138,0,85.0533614826138,"15","GGHVBHNNEHVTBO","C1=CC(=CC=C1CNNC(=S)NC2C(C(C(C(O2)CO)O)O)O)F","1-[(4-fluorophenyl)methylamino]-3-[(2R,3R,4S,5S,6R)-3,4,5-trihydroxy-6-(hydroxymethyl)oxan-2-yl]thiourea",-0.8,36,-593.680099958564,0.153846153846154,NA,"844252164974367589"
"844252238265635863","C20H15N3O4","[M + H]+",3,0.00559086370198321,82.8485643942957,2.14585105212705,80.7027133421687,"15","OKLQCZBOAHZABU","COC1=CC=C(C=C1)N2C(=C(C(=O)NC2=O)C=C3C=NC4=CC=CC=C43)O","6-Hydroxy-5-(indol-3-ylidenemethyl)-1-(4-methoxyphenyl)pyrimidine-2,4-dione",1.8,6,-336.958253754303,0.320987654320988,NA,"844252164974367589"
"844252238265635863","C20H15N3O4","[M + H]+",3,0.00559086370198321,82.8485643942957,2.14585105212705,80.7027133421687,"15","XBESKJZOHAWRHS","COC1=CC=CC(=C1)N2C(=C(C(=O)NC2=O)C=C3C=NC4=CC=CC=C43)O","6-Hydroxy-5-(indol-3-ylidenemethyl)-1-(3-methoxyphenyl)pyrimidine-2,4-dione",1.8,9,-374.07810238372,0.320987654320988,NA,"844252164974367589"
"844252238265635863","C20H15N3O4","[M + H]+",3,0.00559086370198321,82.8485643942957,2.14585105212705,80.7027133421687,"15","MDOQJLLAKJRIGD","C1=CC2=C(C=C1O)NC=C2C3C(C(=O)NC3=O)C4=CNC5=C4C=CC(=C5)O","Dihydroarcyriarubin C",1.9,10,-380.916719015644,0.293413173652695,NA,"844252164974367589"
"844252238265635863","C20H15N3O4","[M + H]+",3,0.00559086370198321,82.8485643942957,2.14585105212705,80.7027133421687,"15","JONQCFJPPWOWOJ","C1=CC=C(C=C1)C2=C(C3=CC=CC=C3N2)CC4=NC(=C(C(=O)N4)O)C(=O)O","5,6-Dihydroxy-2-[(2-Phenyl-1h-Indol-3-Yl)methyl]pyrimidine-4-Carboxylic Acid",2.8,11,-392.708684988424,0.305084745762712,NA,"844252164974367589"
"844252238265635863","C20H15N3O4","[M + H]+",3,0.00559086370198321,82.8485643942957,2.14585105212705,80.7027133421687,"15","AOEIQEHYOZILKV","COC1=CC=CC(=C1)C(=O)NC2=CC=C(C=C2)C3=NN=C(O3)C4=CC=CO4","N-{4-[5-(furan-2-yl)-1,3,4-oxadiazol-2-yl]phenyl}-3-methoxybenzamide",3,12,-395.279700000567,0.25,NA,"844252164974367589"
"844252238265635863","C20H15N3O4","[M + H]+",3,0.00559086370198321,82.8485643942957,2.14585105212705,80.7027133421687,"15","PUDYPYSNBKKWCZ","COC1=CC=C(C=C1)N2C3=C(C=CC(=N3)C4=CC=CC=C4O)C(=O)NC2=O","7-(2-hydroxyphenyl)-1-(4-methoxyphenyl)-1H,2H,3H,4H-pyrido[2,3-d]pyrimidine-2,4-dione",2.7,14,-408.42940830674,0.305263157894737,NA,"844252164974367589"
"844252238265635863","C20H15N3O4","[M + H]+",3,0.00559086370198321,82.8485643942957,2.14585105212705,80.7027133421687,"15","QWNCUDVCMGPFRR","C1CN(C2=NC3=CC=CC=C3N21)C(=O)COC4=CC5=C(C=C4)C=CC(=O)O5","7-(2-oxo-2-{2,5,7-triazatricyclo[6.4.0.0²,⁶]dodeca-1(12),6,8,10-tetraen-5-yl}ethoxy)-2H-chromen-2-one",2.5,15,-410.720377526395,0.361809045226131,NA,"844252164974367589"
"844252238265635863","C20H15N3O4","[M + H]+",3,0.00559086370198321,82.8485643942957,2.14585105212705,80.7027133421687,"15","MUKZNQTVLXQHRH","COC1=CC(=C(C=C1)C2=C3C(=C4C=CC(=O)C=C4O3)N=C5C2=CNN5)OC","4-(2,4-dimethoxyphenyl)-1H-benzofuro[3,2-b]pyrazolo[4,3-e]pyridin-7-ol",1,17,-447.040076242315,0.333333333333333,NA,"844252164974367589"
"844252238265635863","C20H15N3O4","[M + H]+",3,0.00559086370198321,82.8485643942957,2.14585105212705,80.7027133421687,"15","QGKXNGVWALRPSW","CN1C2=CC=CC=C2C(=O)C(=C3C(=CC4=CC=C(C=C4)O)C(=O)NN3)C1=O","(3Z)-3-[(4Z)-4-[(4-hydroxyphenyl)methylidene]-5-oxopyrazolidin-3-ylidene]-1-methylquinoline-2,4-dione",2.2,18,-464.325099937432,0.239130434782609,NA,"844252164974367589"
"844252238265635863","C20H15N3O4","[M + H]+",3,0.00559086370198321,82.8485643942957,2.14585105212705,80.7027133421687,"15","XQLMMQLYXOMQKO","COC1=CC2=C(C=C1)C(=O)N3CCC4=C(C3=N2)NC5=CC6=C(C=C45)OCO6","Orisuaveoline B",2.8,19,-466.437776659283,0.353846153846154,NA,"844252164974367589"
"844252238265635863","C20H15N3O4","[M + H]+",3,0.00559086370198321,82.8485643942957,2.14585105212705,80.7027133421687,"15","IBHBIKWTFZCSOF","C1C(N=C(C2=C(C=CC3=C2C1=CN3)O)C4=CNC5=C4C=C(C=C5)O)C(=O)O","Hyrtiazepine",2.6,20,-471.737190149851,0.289617486338798,NA,"844252164974367589"
"844252238265635863","C20H15N3O4","[M + H]+",3,0.00559086370198321,82.8485643942957,2.14585105212705,80.7027133421687,"15","KRROWEKGYCWUAM","CN1C2=CC=CC=C2C(=O)C(=C3C(=CC4=CC=CC=C4O)C(=O)NN3)C1=O","(3Z)-3-[(4Z)-4-[(2-hydroxyphenyl)methylidene]-5-oxopyrazolidin-3-ylidene]-1-methylquinoline-2,4-dione",2.2,21,-472.517554651651,0.244444444444444,NA,"844252164974367589"
"844252238265635863","C20H15N3O4","[M + H]+",3,0.00559086370198321,82.8485643942957,2.14585105212705,80.7027133421687,"15","BNMWBRJGVFOWDK","CC(=O)NC1=NC(=NC2=C1C(=O)OC3=CC=CC=C32)C4=CC=C(C=C4)OC","N-[2-(4-methoxyphenyl)-5-oxo-5H-chromeno[4,3-d]pyrimidin-4-yl]acetamide",3,22,-474.4803336815,0.295918367346939,NA,"844252164974367589"
"844252238265635863","C20H15N3O4","[M + H]+",3,0.00559086370198321,82.8485643942957,2.14585105212705,80.7027133421687,"15","RZZUAVPTAVWZIS","CN1C2=CC=CC=C2C(=O)C(=C3C(=CC4=CC(=CC=C4)O)C(=O)NN3)C1=O","(3Z)-3-[(4Z)-4-[(3-hydroxyphenyl)methylidene]-5-oxopyrazolidin-3-ylidene]-1-methylquinoline-2,4-dione",2.2,23,-480.049803011709,0.243093922651934,NA,"844252164974367589"
"844252238265635863","C20H15N3O4","[M + H]+",3,0.00559086370198321,82.8485643942957,2.14585105212705,80.7027133421687,"15","FKYLJDMNMOWTMN","COC1=C(C=C(C=C1)C2=C3C(=C4C=CC(=O)C=C4O3)N=C5C2=CNN5)OC","4-(3,4-dimethoxyphenyl)-1H-benzofuro[3,2-b]pyrazolo[4,3-e]pyridin-7-ol",1,24,-492.451146769122,0.306603773584906,NA,"844252164974367589"
"844252238265635864","C19H20ClNO4","[M + H]+",4,0.000901693024798645,81.0239494665409,0,81.0239494665409,"15","IIBYAHWJQTYFKB","CC(C)(C(=O)O)OC1=CC=C(C=C1)CCNC(=O)C2=CC=C(C=C2)Cl","2-(4-{2-[(4-chlorophenyl)formamido]ethyl}phenoxy)-2-methylpropanoic acid",3.9519973,27,-501.36888004078,0.266666666666667,NA,"844252164974367589"
"844252238265635864","C19H20ClNO4","[M + H]+",4,0.000901693024798645,81.0239494665409,0,81.0239494665409,"15","UJJQITPMXKBFPK","COCC1CN(C(=O)O1)C2=CC=C(C=C2)OCCC3=CC(=CC=C3)Cl","3-(4-(2-(3-Chlorophenyl)ethoxy)phenyl)-5-(methoxymethyl)-2-oxazolidinone",3.9,28,-510.794301113735,0.300578034682081,NA,"844252164974367589"
"844252238265635864","C19H20ClNO4","[M + H]+",4,0.000901693024798645,81.0239494665409,0,81.0239494665409,"15","AIEFQKOARQRACO","COC1=C(C=C(C=C1)Cl)C(=O)NCCC2=CC=C(C=C2)CCC(=O)O","4-(2-((5-Chloro-2-methoxybenzoyl)amino)ethyl)hydrocinnamic acid",3.9219666,31,-544.007628255759,0.261111111111111,NA,"844252164974367589"
"844252238265635864","C19H20ClNO4","[M + H]+",4,0.000901693024798645,81.0239494665409,0,81.0239494665409,"15","HRPJZDTZANKXQI","CN1CCC2=C3C1CC4=CC(=C(C=C4C3=C(C(=C2Cl)O)OC)OC)O","3-chloro-1,10-dimethoxy-6-methyl-5,6,6a,7-tetrahydro-4H-dibenzo[de,g]quinoline-2,9-diol",3.3,41,-697.793612500703,0.193832599118943,NA,"844252164974367589"
"844252238265635864","C19H20ClNO4","[M + H]+",4,0.000901693024798645,81.0239494665409,0,81.0239494665409,"15","BMUQWGQUKLMRNI","CCCCOC(=O)C1C2C=CC3(C1C(=O)N(C3)C4=CC=CC=C4Cl)O2","butyl (1S,5R,6S,7S)-3-(2-chlorophenyl)-4-oxo-10-oxa-3-azatricyclo[5.2.1.01,5]dec-8-ene-6-carboxylate",2.5,42,-705.446202684828,0.234741784037559,NA,"844252164974367589"
"844252238265635864","C19H20ClNO4","[M + H]+",4,0.000901693024798645,81.0239494665409,0,81.0239494665409,"15","AEEHDSUHDMQXJG","CCOC1=CC=C(C=C1)N(CCCC(=O)O)C(=O)C2=CC=C(C=C2)Cl","BUTYRIC ACID, 4-(p-CHLORO-N-(p-ETHOXYPHENYL)BENZAMIDO)-",4.159865,44,-720.86316485778,0.218274111675127,NA,"844252164974367589"
"844252238265635864","C19H20ClNO4","[M + H]+",4,0.000901693024798645,81.0239494665409,0,81.0239494665409,"15","BRAYONMLLDRORF","CC(C)COC(=O)C1C2C=CC3(C1C(=O)N(C3)C4=CC(=CC=C4)Cl)O2","2-methylpropyl (1S,5R,6R,7R)-3-(3-chlorophenyl)-4-oxo-10-oxa-3-azatricyclo[5.2.1.01,5]dec-8-ene-6-carboxylate",2.6,45,-726.340758698411,0.244131455399061,NA,"844252164974367589"
"844252238265635865","C16H24ClNO4S","[M + H]+",5,0.000650067832573537,80.6967520469272,0,80.6967520469272,"15",NA,NA,NA,NA,NA,NA,NA,NA,"844252164974367589"
"844252238265635866","C13H19N3O9","[M + H]+",6,0.000208943770585362,79.5617405071825,0,79.5617405071825,"15","KBLOEHMGPOSANZ","CC(=O)OC1COC(C(C1OC(=O)C)OC(=O)C)NC(=O)N(C)N=O","1-methyl-1-nitroso-3-(2,3,4-tri-O-acetyl-beta-D-xylopyranosyl)urea",-0.719084,8,-355.888689367095,0.301775147928994,NA,"844252164974367589"
"844252238265635867","C15H13F2N7O2","[M + H]+",7,0.000162763957462255,79.3119763692252,2.26376186613194,77.0482145030932,"15",NA,NA,NA,NA,NA,NA,NA,NA,"844252164974367589"
"844252238265635868","C14H22ClN4O3S","[M + H]+",8,0.000110091874694827,78.9209905733619,0,78.9209905733619,"15",NA,NA,NA,NA,NA,NA,NA,NA,"844252164974367589"
"844252238265635869","C22H16FNO3","[M + H]+",9,2.96513534555785e-08,70.7014278248397,2.35840552709906,68.3430222977406,"15",NA,NA,NA,NA,NA,NA,NA,NA,"844252164974367589"
"844252238265635870","C25H15NO2","[M + H]+",10,1.94733876571422e-10,65.6757986646456,1.68406957700831,63.9917290876372,"15",NA,NA,NA,NA,NA,NA,NA,NA,"844252164974367589"
"844252234465596427","C14H20FN3O5S","[M + H]+",1,0.618657757162453,160.510152780087,5.35308184780432,155.157070932282,"16","GGHVBHNNEHVTBO","C1=CC(=CC=C1CNNC(=S)NC2C(C(C(C(O2)CO)O)O)O)F","1-[(4-fluorophenyl)methylamino]-3-[(2R,3R,4S,5S,6R)-3,4,5-trihydroxy-6-(hydroxymethyl)oxan-2-yl]thiourea",-0.8,14,-612.289479254952,0.168949771689498,NA,"844252164974367590"
"844252234465596428","C17H19N3O4S","[M + H]+",2,0.381342242836529,160.026297803731,5.42806551732329,154.598232286408,"16","IXEQEYRTSRFZEO","CC1=CN=C(C(=C1OC)C)CS(=O)(=O)C2=NC3=C(N2)C=C(C=C3)OC","Omeprazole-d3 Sulfone",2.7485034,1,-9.25986352408616,0.976377952755906,0,"844252164974367590"
"844252234465596428","C17H19N3O4S","[M + H]+",2,0.381342242836529,160.026297803731,5.42806551732329,154.598232286408,"16","QZVDQETYNOBUPJ","CC1=C[N+](=C(C(=C1OC)C)CS(=O)C2=NC3=C(N2)C=C(C=C3)OC)[O-]","Omeprazole-N-oxide",2.1600971,2,-30.1101501151195,0.923076923076923,Inf,"844252164974367590"
"844252234465596428","C17H19N3O4S","[M + H]+",2,0.381342242836529,160.026297803731,5.42806551732329,154.598232286408,"16","CMZHQFXXAAIBKE","CC1=C(C(=CN=C1CS(=O)C2=NC3=C(N2)C=C(C=C3)OC)CO)OC",NA,1.6791414,3,-65.1025747222385,0.868613138686131,NA,"844252164974367590"
"844252234465596428","C17H19N3O4S","[M + H]+",2,0.381342242836529,160.026297803731,5.42806551732329,154.598232286408,"16","IGVYIWUGJPECAJ","CC1=CN=C(C(=C1OC)CO)CS(=O)C2=NC3=C(N2)C=C(C=C3)OC","3-Hydroxyomeprazole",1.6791414,4,-76.6694593073937,0.856115107913669,NA,"844252164974367590"
"844252234465596428","C17H19N3O4S","[M + H]+",2,0.381342242836529,160.026297803731,5.42806551732329,154.598232286408,"16","VPFSKKMDDDYYOJ","CC1=CN=C(C(=C1OC)C)CS(=O)C2=NC3=C(N2)C=CC(=C3O)OC","5-methoxy-2-[(R)-(4-methoxy-3,5-dimethylpyridin-2-yl)methylsulfinyl]-1H-benzimidazol-4-ol",2.1978552,5,-223.492395381178,0.697986577181208,NA,"844252164974367590"
"844252234465596428","C17H19N3O4S","[M + H]+",2,0.381342242836529,160.026297803731,5.42806551732329,154.598232286408,"16","NRTYCXOOEJJVDJ","COC1=C(C=C(C=C1)NC(=O)CSC2=NC3=C(CCC3)C(=O)N2)OC","N-(3,4-dimethoxyphenyl)-2-[(4-oxo-4,5,6,7-tetrahydro-3H-cyclopenta[d]pyrimidin-2-yl)thio]acetamide",1.7,6,-346.355110930694,0.348717948717949,NA,"844252164974367590"
"844252234465596428","C17H19N3O4S","[M + H]+",2,0.381342242836529,160.026297803731,5.42806551732329,154.598232286408,"16","NJXRFXGANNWYRK","CC1=CC=C(C=C1)N(CC2=NCCN2)C3=CC(=CC=C3)OS(=O)(=O)O","[3-[N-(4,5-dihydro-1H-imidazol-2-ylmethyl)-4-methylanilino]phenyl] hydrogen sulfate",2,7,-422.69228443914,0.257309941520468,NA,"844252164974367590"
"844252234465596428","C17H19N3O4S","[M + H]+",2,0.381342242836529,160.026297803731,5.42806551732329,154.598232286408,"16","MQQOMKBMLHBDFG","CC1=NC=CC(=C1)NS(=O)(=O)C2=C(N=CC(=C2)C3=CCOCC3)OC","5-[3,6-dihydro-2H-pyran-4-yl]-2-methoxy-N-[2-methylpyridin-4-yl]pyridine-3-sulfonamide",1,8,-451.8224462258,0.339181286549708,NA,"844252164974367590"
"844252234465596428","C17H19N3O4S","[M + H]+",2,0.381342242836529,160.026297803731,5.42806551732329,154.598232286408,"16","JHQLDSNFXOLZMD","C1CC1C(=O)N2CC3(C2)C4CN(CCN4C(=O)O3)C(=O)C5=CC=CS5","1'-(Cyclopropanecarbonyl)-7-(thiophene-2-carbonyl)spiro[5,6,8,8a-tetrahydro-[1,3]oxazolo[3,4-a]pyrazine-1,3'-azetidine]-3-one",0.5,9,-552.961447340466,0.135964912280702,NA,"844252164974367590"
"844252234465596428","C17H19N3O4S","[M + H]+",2,0.381342242836529,160.026297803731,5.42806551732329,154.598232286408,"16","NVAYQDCPVGCOHV","C1CC(N(S(=O)(=O)C1)CC2=CC=C(C=C2)C3=CC=NC=C3)C(=O)NO","(3S)-N-hydroxy-1,1-dioxo-2-[(4-pyridin-4-ylphenyl)methyl]thiazinane-3-carboxamide",0.9,10,-559.232075155606,0.216216216216216,NA,"844252164974367590"
"844252234465596428","C17H19N3O4S","[M + H]+",2,0.381342242836529,160.026297803731,5.42806551732329,154.598232286408,"16","HBLRAJANJGAMFQ","CC(C)CNC(=O)CC1=CSC(=N1)NC(=O)C2=CC3=C(C=C2)OCO3","N-(4-(2-(isobutylamino)-2-oxoethyl)thiazol-2-yl)benzo[d][1,3]dioxole-5-carboxamide",2.5,11,-587.24509034514,0.182186234817814,NA,"844252164974367590"
"844252234465596428","C17H19N3O4S","[M + H]+",2,0.381342242836529,160.026297803731,5.42806551732329,154.598232286408,"16","FPMHRRFSGYKNIU","COC1=CC=C(C=C1)CN2CC3C(C2)OC4=C(C=CC=N4)S(=O)(=O)N3","5-[(4-methoxyphenyl)methyl]-2-oxa-9λ⁶-thia-5,8,14-triazatricyclo[8.4.0.0³,⁷]tetradeca-1(10),11,13-triene-9,9-dione",1.3,12,-588.533392160548,0.28448275862069,NA,"844252164974367590"
"844252234465596428","C17H19N3O4S","[M + H]+",2,0.381342242836529,160.026297803731,5.42806551732329,154.598232286408,"16","ILAMKVUHWSQJHY","COC(=O)C1=CC=C(C=C1)OCC2N(CCS2)C(=O)CN3C=CN=C3","Methyl 4-((3-(1H-imidazol-1-ylacetyl)-2-thiazolidinyl)methoxy)benzoate",1.7,13,-596.800437112055,0.195744680851064,NA,"844252164974367590"
"844252234465596428","C17H19N3O4S","[M + H]+",2,0.381342242836529,160.026297803731,5.42806551732329,154.598232286408,"16","FZECHKJQHUVANE","CC1(C(N2C(S1)C(C2=O)NC(=O)C(C3=CC=CC=C3)N=C)C(=O)O)C","6-{[1-hydroxy-2-(methylideneamino)-2-phenylethylidene]amino}-3,3-dimethyl-7-oxo-4-thia-1-azabicyclo[3.2.0]heptane-2-carboxylic acid",1.2664139,15,-620.584020808588,0.118959107806691,NA,"844252164974367590"
"844252234465596428","C17H19N3O4S","[M + H]+",2,0.381342242836529,160.026297803731,5.42806551732329,154.598232286408,"16","IVXQTEPGJVXVMS","CCOC1=CC=C(C=C1)NC(=S)NN=C(C)C2=C(C(=C(C=C2)O)O)O","1-(4-ethoxyphenyl)-3-[(E)-1-(2,3,4-trihydroxyphenyl)ethylideneamino]thiourea",2.7,16,-697.536687712595,0.204761904761905,NA,"844252164974367590"
"844252234465596429","C15H13F2N7O2","[M + H]+",3,1.01837266283356e-12,133.377540644354,3.17443301587041,130.203107628484,"16",NA,NA,NA,NA,NA,NA,NA,NA,"844252164974367590"
"844252234465596430","C20H15N3O4","[M + H]+",4,2.22006860361657e-16,124.946532445665,0.307022638974165,124.63950980669,"16",NA,NA,NA,NA,NA,NA,NA,NA,"844252164974367590"
"844252234465596431","C13H19N3O9","[M + H]+",5,2.12296294058844e-17,122.59922198115,1.56603578342361,121.033186197727,"16",NA,NA,NA,NA,NA,NA,NA,NA,"844252164974367590"
"844252234465596432","C11H21F2N3O6S","[M + H]+",6,1.70263854124622e-21,113.16824801367,3.3865804940974,109.781667519572,"16",NA,NA,NA,NA,NA,NA,NA,NA,"844252164974367590"
"844252234465596433","C14H21F2N3O2SSi","[M + H]+",7,2.64619729004277e-23,109.004022321301,1.73619428314777,107.267828038154,"16",NA,NA,NA,NA,NA,NA,NA,NA,"844252164974367590"
"844252234465596434","C13H20FN3O6Si","[M + H]+",8,2.39425756774711e-23,108.903971886985,4.50785983230951,104.396112054675,"16",NA,NA,NA,NA,NA,NA,NA,NA,"844252164974367590"
"844252234469790739","C15H18F3N3O2S","[M + H]+",9,9.92059244159726e-24,108.022926245224,5.17994553899837,102.842980706226,"16",NA,NA,NA,NA,NA,NA,NA,NA,"844252164974367590"
"844252234469790740","C11H20N7O3PS","[M + H]+",10,7.93183084589003e-24,107.799197488675,4.8053089661063,102.993888522569,"16",NA,NA,NA,NA,NA,NA,NA,NA,"844252164974367590"
"844252285464138893","C17H19N3O4S","[M + H]+",1,0.949829448573165,122.495500494832,0,122.495500494832,"17","QZVDQETYNOBUPJ","CC1=C[N+](=C(C(=C1OC)C)CS(=O)C2=NC3=C(N2)C=C(C=C3)OC)[O-]","Omeprazole-N-oxide",2.1600971,1,-20.1504766515488,0.9375,0,"844252164982756199"
"844252285464138893","C17H19N3O4S","[M + H]+",1,0.949829448573165,122.495500494832,0,122.495500494832,"17","IXEQEYRTSRFZEO","CC1=CN=C(C(=C1OC)C)CS(=O)(=O)C2=NC3=C(N2)C=C(C=C3)OC","Omeprazole-d3 Sulfone",2.7485034,2,-20.5818392505027,0.9453125,Inf,"844252164982756199"
"844252285464138893","C17H19N3O4S","[M + H]+",1,0.949829448573165,122.495500494832,0,122.495500494832,"17","CMZHQFXXAAIBKE","CC1=C(C(=CN=C1CS(=O)C2=NC3=C(N2)C=C(C=C3)OC)CO)OC",NA,1.6791414,3,-25.4490811534751,0.924242424242424,NA,"844252164982756199"
"844252285464138893","C17H19N3O4S","[M + H]+",1,0.949829448573165,122.495500494832,0,122.495500494832,"17","IGVYIWUGJPECAJ","CC1=CN=C(C(=C1OC)CO)CS(=O)C2=NC3=C(N2)C=C(C=C3)OC","3-Hydroxyomeprazole",1.6791414,4,-31.3773978134335,0.91044776119403,NA,"844252164982756199"
"844252285464138893","C17H19N3O4S","[M + H]+",1,0.949829448573165,122.495500494832,0,122.495500494832,"17","VPFSKKMDDDYYOJ","CC1=CN=C(C(=C1OC)C)CS(=O)C2=NC3=C(N2)C=CC(=C3O)OC","5-methoxy-2-[(R)-(4-methoxy-3,5-dimethylpyridin-2-yl)methylsulfinyl]-1H-benzimidazol-4-ol",2.1978552,5,-253.371618486614,0.719178082191781,NA,"844252164982756199"
"844252285464138893","C17H19N3O4S","[M + H]+",1,0.949829448573165,122.495500494832,0,122.495500494832,"17","NRTYCXOOEJJVDJ","COC1=C(C=C(C=C1)NC(=O)CSC2=NC3=C(CCC3)C(=O)N2)OC","N-(3,4-dimethoxyphenyl)-2-[(4-oxo-4,5,6,7-tetrahydro-3H-cyclopenta[d]pyrimidin-2-yl)thio]acetamide",1.7,6,-423.122348610016,0.352331606217617,NA,"844252164982756199"
"844252285464138893","C17H19N3O4S","[M + H]+",1,0.949829448573165,122.495500494832,0,122.495500494832,"17","NJXRFXGANNWYRK","CC1=CC=C(C=C1)N(CC2=NCCN2)C3=CC(=CC=C3)OS(=O)(=O)O","[3-[N-(4,5-dihydro-1H-imidazol-2-ylmethyl)-4-methylanilino]phenyl] hydrogen sulfate",2,7,-542.313209495831,0.245614035087719,NA,"844252164982756199"
"844252285464138893","C17H19N3O4S","[M + H]+",1,0.949829448573165,122.495500494832,0,122.495500494832,"17","MQQOMKBMLHBDFG","CC1=NC=CC(=C1)NS(=O)(=O)C2=C(N=CC(=C2)C3=CCOCC3)OC","5-[3,6-dihydro-2H-pyran-4-yl]-2-methoxy-N-[2-methylpyridin-4-yl]pyridine-3-sulfonamide",1,8,-554.568055608652,0.319767441860465,NA,"844252164982756199"
"844252285464138893","C17H19N3O4S","[M + H]+",1,0.949829448573165,122.495500494832,0,122.495500494832,"17","HBLRAJANJGAMFQ","CC(C)CNC(=O)CC1=CSC(=N1)NC(=O)C2=CC3=C(C=C2)OCO3","N-(4-(2-(isobutylamino)-2-oxoethyl)thiazol-2-yl)benzo[d][1,3]dioxole-5-carboxamide",2.5,9,-579.463749178894,0.178861788617886,NA,"844252164982756199"
"844252285464138893","C17H19N3O4S","[M + H]+",1,0.949829448573165,122.495500494832,0,122.495500494832,"17","JHQLDSNFXOLZMD","C1CC1C(=O)N2CC3(C2)C4CN(CCN4C(=O)O3)C(=O)C5=CC=CS5","1'-(Cyclopropanecarbonyl)-7-(thiophene-2-carbonyl)spiro[5,6,8,8a-tetrahydro-[1,3]oxazolo[3,4-a]pyrazine-1,3'-azetidine]-3-one",0.5,10,-604.073464201133,0.12719298245614,NA,"844252164982756199"
"844252285464138893","C17H19N3O4S","[M + H]+",1,0.949829448573165,122.495500494832,0,122.495500494832,"17","ILAMKVUHWSQJHY","COC(=O)C1=CC=C(C=C1)OCC2N(CCS2)C(=O)CN3C=CN=C3","Methyl 4-((3-(1H-imidazol-1-ylacetyl)-2-thiazolidinyl)methoxy)benzoate",1.7,11,-618.025586677051,0.192307692307692,NA,"844252164982756199"
"844252285464138893","C17H19N3O4S","[M + H]+",1,0.949829448573165,122.495500494832,0,122.495500494832,"17","NVAYQDCPVGCOHV","C1CC(N(S(=O)(=O)C1)CC2=CC=C(C=C2)C3=CC=NC=C3)C(=O)NO","(3S)-N-hydroxy-1,1-dioxo-2-[(4-pyridin-4-ylphenyl)methyl]thiazinane-3-carboxamide",0.9,12,-641.464300917812,0.201793721973094,NA,"844252164982756199"
"844252285464138893","C17H19N3O4S","[M + H]+",1,0.949829448573165,122.495500494832,0,122.495500494832,"17","FZECHKJQHUVANE","CC1(C(N2C(S1)C(C2=O)NC(=O)C(C3=CC=CC=C3)N=C)C(=O)O)C","6-{[1-hydroxy-2-(methylideneamino)-2-phenylethylidene]amino}-3,3-dimethyl-7-oxo-4-thia-1-azabicyclo[3.2.0]heptane-2-carboxylic acid",1.2664139,13,-642.045921084539,0.111524163568773,NA,"844252164982756199"
"844252285464138893","C17H19N3O4S","[M + H]+",1,0.949829448573165,122.495500494832,0,122.495500494832,"17","FPMHRRFSGYKNIU","COC1=CC=C(C=C1)CN2CC3C(C2)OC4=C(C=CC=N4)S(=O)(=O)N3","5-[(4-methoxyphenyl)methyl]-2-oxa-9λ⁶-thia-5,8,14-triazatricyclo[8.4.0.0³,⁷]tetradeca-1(10),11,13-triene-9,9-dione",1.3,14,-682.821730132848,0.275862068965517,NA,"844252164982756199"
"844252285464138893","C17H19N3O4S","[M + H]+",1,0.949829448573165,122.495500494832,0,122.495500494832,"17","IVXQTEPGJVXVMS","CCOC1=CC=C(C=C1)NC(=S)NN=C(C)C2=C(C(=C(C=C2)O)O)O","1-(4-ethoxyphenyl)-3-[(E)-1-(2,3,4-trihydroxyphenyl)ethylideneamino]thiourea",2.7,15,-729.002868657835,0.21256038647343,NA,"844252164982756199"
"844252285464138894","C14H20FN3O5S","[M + H]+",2,0.0417327700290195,119.370504726371,0,119.370504726371,"17","GGHVBHNNEHVTBO","C1=CC(=CC=C1CNNC(=S)NC2C(C(C(C(O2)CO)O)O)O)F","1-[(4-fluorophenyl)methylamino]-3-[(2R,3R,4S,5S,6R)-3,4,5-trihydroxy-6-(hydroxymethyl)oxan-2-yl]thiourea",-0.8,16,-776.870112596516,0.144628099173554,NA,"844252164982756199"
"844252285464138895","C16H24ClNO4S","[M + H]+",3,0.00840226155178181,117.767718956139,0,117.767718956139,"17",NA,NA,NA,NA,NA,NA,NA,NA,"844252164982756199"
"844252285464138896","C14H22ClN4O3S","[M + H]+",4,3.55148603772748e-05,112.301413986258,0,112.301413986258,"17",NA,NA,NA,NA,NA,NA,NA,NA,"844252164982756199"
"844252285464138897","C15H13F2N7O2","[M + H]+",5,4.96464304493733e-09,103.426048896848,2.29047793775454,101.135570959093,"17",NA,NA,NA,NA,NA,NA,NA,NA,"844252164982756199"
"844252285464138898","C19H17F2NO4","[M + H]+",6,2.09829041986809e-11,97.9596602376239,1.62742761734438,96.3322326202795,"17",NA,NA,NA,NA,NA,NA,NA,NA,"844252164982756199"
"844252285464138899","C20H15N3O4","[M + H]+",7,1.79057791300826e-14,90.8933204554122,2.0978514789498,88.7954689764624,"17",NA,NA,NA,NA,NA,NA,NA,NA,"844252164982756199"
"844252285464138900","C19H20ClNO4","[M + H]+",8,6.8208168933392e-15,89.9281761820076,0,89.9281761820076,"17",NA,NA,NA,NA,NA,NA,NA,NA,"844252164982756199"
"844252285464138901","C16H19N3O5Si","[M + H]+",9,3.62993129198909e-15,89.2974106585142,0,89.2974106585142,"17",NA,NA,NA,NA,NA,NA,NA,NA,"844252164982756199"
"844252285464138902","C14H17F2N3O6","[M + H]+",10,9.13957867837274e-16,87.9182261331946,0.718419389016371,87.1998067441783,"17",NA,NA,NA,NA,NA,NA,NA,NA,"844252164982756199"
"844252226378978285","C17H19N3O4S","[M + H]+",1,0.63116282149473,150.648630681882,5.14347874219597,145.505151939686,"18","IXEQEYRTSRFZEO","CC1=CN=C(C(=C1OC)C)CS(=O)(=O)C2=NC3=C(N2)C=C(C=C3)OC","Omeprazole-d3 Sulfone",2.7485034,1,-11.4518454076701,0.976377952755906,0,"844252164982756200"
"844252226378978285","C17H19N3O4S","[M + H]+",1,0.63116282149473,150.648630681882,5.14347874219597,145.505151939686,"18","QZVDQETYNOBUPJ","CC1=C[N+](=C(C(=C1OC)C)CS(=O)C2=NC3=C(N2)C=C(C=C3)OC)[O-]","Omeprazole-N-oxide",2.1600971,2,-30.792249511182,0.923076923076923,Inf,"844252164982756200"
"844252226378978285","C17H19N3O4S","[M + H]+",1,0.63116282149473,150.648630681882,5.14347874219597,145.505151939686,"18","CMZHQFXXAAIBKE","CC1=C(C(=CN=C1CS(=O)C2=NC3=C(N2)C=C(C=C3)OC)CO)OC",NA,1.6791414,3,-60.9613993707487,0.868613138686131,NA,"844252164982756200"
"844252226378978285","C17H19N3O4S","[M + H]+",1,0.63116282149473,150.648630681882,5.14347874219597,145.505151939686,"18","IGVYIWUGJPECAJ","CC1=CN=C(C(=C1OC)CO)CS(=O)C2=NC3=C(N2)C=C(C=C3)OC","3-Hydroxyomeprazole",1.6791414,4,-72.5195111858301,0.856115107913669,NA,"844252164982756200"
"844252226378978285","C17H19N3O4S","[M + H]+",1,0.63116282149473,150.648630681882,5.14347874219597,145.505151939686,"18","VPFSKKMDDDYYOJ","CC1=CN=C(C(=C1OC)C)CS(=O)C2=NC3=C(N2)C=CC(=C3O)OC","5-methoxy-2-[(R)-(4-methoxy-3,5-dimethylpyridin-2-yl)methylsulfinyl]-1H-benzimidazol-4-ol",2.1978552,5,-206.28660320298,0.697986577181208,NA,"844252164982756200"
"844252226378978285","C17H19N3O4S","[M + H]+",1,0.63116282149473,150.648630681882,5.14347874219597,145.505151939686,"18","NRTYCXOOEJJVDJ","COC1=C(C=C(C=C1)NC(=O)CSC2=NC3=C(CCC3)C(=O)N2)OC","N-(3,4-dimethoxyphenyl)-2-[(4-oxo-4,5,6,7-tetrahydro-3H-cyclopenta[d]pyrimidin-2-yl)thio]acetamide",1.7,6,-315.541872751438,0.348717948717949,NA,"844252164982756200"
"844252226378978285","C17H19N3O4S","[M + H]+",1,0.63116282149473,150.648630681882,5.14347874219597,145.505151939686,"18","NJXRFXGANNWYRK","CC1=CC=C(C=C1)N(CC2=NCCN2)C3=CC(=CC=C3)OS(=O)(=O)O","[3-[N-(4,5-dihydro-1H-imidazol-2-ylmethyl)-4-methylanilino]phenyl] hydrogen sulfate",2,7,-378.235738610555,0.257309941520468,NA,"844252164982756200"
"844252226378978285","C17H19N3O4S","[M + H]+",1,0.63116282149473,150.648630681882,5.14347874219597,145.505151939686,"18","MQQOMKBMLHBDFG","CC1=NC=CC(=C1)NS(=O)(=O)C2=C(N=CC(=C2)C3=CCOCC3)OC","5-[3,6-dihydro-2H-pyran-4-yl]-2-methoxy-N-[2-methylpyridin-4-yl]pyridine-3-sulfonamide",1,8,-405.46729549536,0.339181286549708,NA,"844252164982756200"
"844252226378978285","C17H19N3O4S","[M + H]+",1,0.63116282149473,150.648630681882,5.14347874219597,145.505151939686,"18","NVAYQDCPVGCOHV","C1CC(N(S(=O)(=O)C1)CC2=CC=C(C=C2)C3=CC=NC=C3)C(=O)NO","(3S)-N-hydroxy-1,1-dioxo-2-[(4-pyridin-4-ylphenyl)methyl]thiazinane-3-carboxamide",0.9,9,-538.526809868746,0.216216216216216,NA,"844252164982756200"
"844252226378978285","C17H19N3O4S","[M + H]+",1,0.63116282149473,150.648630681882,5.14347874219597,145.505151939686,"18","JHQLDSNFXOLZMD","C1CC1C(=O)N2CC3(C2)C4CN(CCN4C(=O)O3)C(=O)C5=CC=CS5","1'-(Cyclopropanecarbonyl)-7-(thiophene-2-carbonyl)spiro[5,6,8,8a-tetrahydro-[1,3]oxazolo[3,4-a]pyrazine-1,3'-azetidine]-3-one",0.5,10,-553.23639407944,0.135964912280702,NA,"844252164982756200"
"844252226378978285","C17H19N3O4S","[M + H]+",1,0.63116282149473,150.648630681882,5.14347874219597,145.505151939686,"18","FPMHRRFSGYKNIU","COC1=CC=C(C=C1)CN2CC3C(C2)OC4=C(C=CC=N4)S(=O)(=O)N3","5-[(4-methoxyphenyl)methyl]-2-oxa-9λ⁶-thia-5,8,14-triazatricyclo[8.4.0.0³,⁷]tetradeca-1(10),11,13-triene-9,9-dione",1.3,11,-568.279439427774,0.28448275862069,NA,"844252164982756200"
"844252226378978285","C17H19N3O4S","[M + H]+",1,0.63116282149473,150.648630681882,5.14347874219597,145.505151939686,"18","HBLRAJANJGAMFQ","CC(C)CNC(=O)CC1=CSC(=N1)NC(=O)C2=CC3=C(C=C2)OCO3","N-(4-(2-(isobutylamino)-2-oxoethyl)thiazol-2-yl)benzo[d][1,3]dioxole-5-carboxamide",2.5,12,-572.652792793051,0.182186234817814,NA,"844252164982756200"
"844252226378978285","C17H19N3O4S","[M + H]+",1,0.63116282149473,150.648630681882,5.14347874219597,145.505151939686,"18","ILAMKVUHWSQJHY","COC(=O)C1=CC=C(C=C1)OCC2N(CCS2)C(=O)CN3C=CN=C3","Methyl 4-((3-(1H-imidazol-1-ylacetyl)-2-thiazolidinyl)methoxy)benzoate",1.7,13,-576.859647175447,0.195744680851064,NA,"844252164982756200"
"844252226378978285","C17H19N3O4S","[M + H]+",1,0.63116282149473,150.648630681882,5.14347874219597,145.505151939686,"18","FZECHKJQHUVANE","CC1(C(N2C(S1)C(C2=O)NC(=O)C(C3=CC=CC=C3)N=C)C(=O)O)C","6-{[1-hydroxy-2-(methylideneamino)-2-phenylethylidene]amino}-3,3-dimethyl-7-oxo-4-thia-1-azabicyclo[3.2.0]heptane-2-carboxylic acid",1.2664139,15,-616.058784783856,0.118959107806691,NA,"844252164982756200"
"844252226378978285","C17H19N3O4S","[M + H]+",1,0.63116282149473,150.648630681882,5.14347874219597,145.505151939686,"18","IVXQTEPGJVXVMS","CCOC1=CC=C(C=C1)NC(=S)NN=C(C)C2=C(C(=C(C=C2)O)O)O","1-(4-ethoxyphenyl)-3-[(E)-1-(2,3,4-trihydroxyphenyl)ethylideneamino]thiourea",2.7,16,-665.633252238209,0.204761904761905,NA,"844252164982756200"
"844252226378978286","C14H20FN3O5S","[M + H]+",2,0.368837178503902,150.111422111386,5.10304020372929,145.008381907657,"18","GGHVBHNNEHVTBO","C1=CC(=CC=C1CNNC(=S)NC2C(C(C(C(O2)CO)O)O)O)F","1-[(4-fluorophenyl)methylamino]-3-[(2R,3R,4S,5S,6R)-3,4,5-trihydroxy-6-(hydroxymethyl)oxan-2-yl]thiourea",-0.8,14,-613.100669133553,0.172413793103448,NA,"844252164982756200"
"844252226378978287","C15H13F2N7O2","[M + H]+",3,1.36480998977459e-12,123.788816195763,3.17080942115194,120.618006774611,"18",NA,NA,NA,NA,NA,NA,NA,NA,"844252164982756200"
"844252226378978288","C20H15N3O4","[M + H]+",4,2.45564982300726e-15,117.468437119374,0.386983437943959,117.08145368143,"18",NA,NA,NA,NA,NA,NA,NA,NA,"844252164982756200"
"844252226378978289","C13H19N3O9","[M + H]+",5,9.46635255773184e-18,111.910034095909,1.49446400791615,110.415570087993,"18",NA,NA,NA,NA,NA,NA,NA,NA,"844252164982756200"
"844252226378978290","C15H18F3N3O2S","[M + H]+",6,1.90944009497254e-22,101.098760103595,5.19935775971886,95.8994023438764,"18",NA,NA,NA,NA,NA,NA,NA,NA,"844252164982756200"
"844252226378978291","C14H21F2N3O2SSi","[M + H]+",7,9.77004522958787e-23,100.428686050991,1.31791716898972,99.1107688820013,"18",NA,NA,NA,NA,NA,NA,NA,NA,"844252164982756200"
"844252226378978292","C12H19F4N3O3S","[M + H]+",8,6.56783885715772e-23,100.031549792823,5.04754314205812,94.9840066507648,"18",NA,NA,NA,NA,NA,NA,NA,NA,"844252164982756200"
"844252226378978293","C10H16FN9O3S","[M + H]+",9,5.55591181199063e-23,99.8642275077055,4.04988778955206,95.8143397181534,"18",NA,NA,NA,NA,NA,NA,NA,NA,"844252164982756200"
"844252226378978294","C11H20N7O3PS","[M + H]+",10,2.41618655633878e-23,99.0315554496304,4.89075190886681,94.1408035407636,"18",NA,NA,NA,NA,NA,NA,NA,NA,"844252164982756200"
"844252261531440229","C15H13F2N7O2","[M + H]+",1,0.99876942835798,103.42457184604,2.80291848089646,100.621653365144,"19",NA,NA,NA,NA,NA,NA,NA,NA,"844252164986950505"
"844252261531440230","C19H17F2NO4","[M + H]+",2,0.00112253897723731,96.633640960103,1.90437242916101,94.729268530942,"19","AYIZPDXXYIFMQC","C1=CC=C2C(=C1)C(C3=CC=CC=C32)COC(=O)NC(CC(F)F)C(=O)O","(R)-2-(9H-Fluoren-9-ylmethoxycarbonylamino)-4,4-difluoro-butyric acid",3.9,19,-473.490064817372,0.125,NA,"844252164986950505"
"844252261531440231","C20H15N3O4","[M + H]+",3,6.67519129097827e-05,93.8112755721869,1.52119875818365,92.2900768140033,"19","OKLQCZBOAHZABU","COC1=CC=C(C=C1)N2C(=C(C(=O)NC2=O)C=C3C=NC4=CC=CC=C43)O","6-Hydroxy-5-(indol-3-ylidenemethyl)-1-(4-methoxyphenyl)pyrimidine-2,4-dione",1.8,1,-275.286964761017,0.401360544217687,0,"844252164986950505"
"844252261531440231","C20H15N3O4","[M + H]+",3,6.67519129097827e-05,93.8112755721869,1.52119875818365,92.2900768140033,"19","XBESKJZOHAWRHS","COC1=CC=CC(=C1)N2C(=C(C(=O)NC2=O)C=C3C=NC4=CC=CC=C43)O","6-Hydroxy-5-(indol-3-ylidenemethyl)-1-(3-methoxyphenyl)pyrimidine-2,4-dione",1.8,2,-284.776774344023,0.391891891891892,2,"844252164986950505"
"844252261531440231","C20H15N3O4","[M + H]+",3,6.67519129097827e-05,93.8112755721869,1.52119875818365,92.2900768140033,"19","PUDYPYSNBKKWCZ","COC1=CC=C(C=C1)N2C3=C(C=CC(=N3)C4=CC=CC=C4O)C(=O)NC2=O","7-(2-hydroxyphenyl)-1-(4-methoxyphenyl)-1H,2H,3H,4H-pyrido[2,3-d]pyrimidine-2,4-dione",2.7,3,-336.895087572492,0.379310344827586,Inf,"844252164986950505"
"844252261531440231","C20H15N3O4","[M + H]+",3,6.67519129097827e-05,93.8112755721869,1.52119875818365,92.2900768140033,"19","AOEIQEHYOZILKV","COC1=CC=CC(=C1)C(=O)NC2=CC=C(C=C2)C3=NN=C(O3)C4=CC=CO4","N-{4-[5-(furan-2-yl)-1,3,4-oxadiazol-2-yl]phenyl}-3-methoxybenzamide",3,4,-353.586411749003,0.28804347826087,NA,"844252164986950505"
"844252261531440231","C20H15N3O4","[M + H]+",3,6.67519129097827e-05,93.8112755721869,1.52119875818365,92.2900768140033,"19","JONQCFJPPWOWOJ","C1=CC=C(C=C1)C2=C(C3=CC=CC=C3N2)CC4=NC(=C(C(=O)N4)O)C(=O)O","5,6-Dihydroxy-2-[(2-Phenyl-1h-Indol-3-Yl)methyl]pyrimidine-4-Carboxylic Acid",2.8,5,-356.127335335367,0.274285714285714,NA,"844252164986950505"
"844252261531440231","C20H15N3O4","[M + H]+",3,6.67519129097827e-05,93.8112755721869,1.52119875818365,92.2900768140033,"19","MDOQJLLAKJRIGD","C1=CC2=C(C=C1O)NC=C2C3C(C(=O)NC3=O)C4=CNC5=C4C=CC(=C5)O","Dihydroarcyriarubin C",1.9,6,-357.770822731277,0.32484076433121,NA,"844252164986950505"
"844252261531440231","C20H15N3O4","[M + H]+",3,6.67519129097827e-05,93.8112755721869,1.52119875818365,92.2900768140033,"19","MUKZNQTVLXQHRH","COC1=CC(=C(C=C1)C2=C3C(=C4C=CC(=O)C=C4O3)N=C5C2=CNN5)OC","4-(2,4-dimethoxyphenyl)-1H-benzofuro[3,2-b]pyrazolo[4,3-e]pyridin-7-ol",1,7,-364.172648374496,0.360824742268041,NA,"844252164986950505"
"844252261531440231","C20H15N3O4","[M + H]+",3,6.67519129097827e-05,93.8112755721869,1.52119875818365,92.2900768140033,"19","QWNCUDVCMGPFRR","C1CN(C2=NC3=CC=CC=C3N21)C(=O)COC4=CC5=C(C=C4)C=CC(=O)O5","7-(2-oxo-2-{2,5,7-triazatricyclo[6.4.0.0²,⁶]dodeca-1(12),6,8,10-tetraen-5-yl}ethoxy)-2H-chromen-2-one",2.5,8,-366.025336519016,0.362694300518135,NA,"844252164986950505"
"844252261531440231","C20H15N3O4","[M + H]+",3,6.67519129097827e-05,93.8112755721869,1.52119875818365,92.2900768140033,"19","XQLMMQLYXOMQKO","COC1=CC2=C(C=C1)C(=O)N3CCC4=C(C3=N2)NC5=CC6=C(C=C45)OCO6","Orisuaveoline B",2.8,9,-366.902603448076,0.422222222222222,NA,"844252164986950505"
"844252261531440231","C20H15N3O4","[M + H]+",3,6.67519129097827e-05,93.8112755721869,1.52119875818365,92.2900768140033,"19","BNMWBRJGVFOWDK","CC(=O)NC1=NC(=NC2=C1C(=O)OC3=CC=CC=C32)C4=CC=C(C=C4)OC","N-[2-(4-methoxyphenyl)-5-oxo-5H-chromeno[4,3-d]pyrimidin-4-yl]acetamide",3,10,-376.654592205531,0.32258064516129,NA,"844252164986950505"
"844252261531440231","C20H15N3O4","[M + H]+",3,6.67519129097827e-05,93.8112755721869,1.52119875818365,92.2900768140033,"19","KRROWEKGYCWUAM","CN1C2=CC=CC=C2C(=O)C(=C3C(=CC4=CC=CC=C4O)C(=O)NN3)C1=O","(3Z)-3-[(4Z)-4-[(2-hydroxyphenyl)methylidene]-5-oxopyrazolidin-3-ylidene]-1-methylquinoline-2,4-dione",2.2,11,-408.604480742372,0.241379310344828,NA,"844252164986950505"
"844252261531440231","C20H15N3O4","[M + H]+",3,6.67519129097827e-05,93.8112755721869,1.52119875818365,92.2900768140033,"19","RZZUAVPTAVWZIS","CN1C2=CC=CC=C2C(=O)C(=C3C(=CC4=CC(=CC=C4)O)C(=O)NN3)C1=O","(3Z)-3-[(4Z)-4-[(3-hydroxyphenyl)methylidene]-5-oxopyrazolidin-3-ylidene]-1-methylquinoline-2,4-dione",2.2,12,-414.705235158114,0.247126436781609,NA,"844252164986950505"
"844252261531440231","C20H15N3O4","[M + H]+",3,6.67519129097827e-05,93.8112755721869,1.52119875818365,92.2900768140033,"19","QGKXNGVWALRPSW","CN1C2=CC=CC=C2C(=O)C(=C3C(=CC4=CC=C(C=C4)O)C(=O)NN3)C1=O","(3Z)-3-[(4Z)-4-[(4-hydroxyphenyl)methylidene]-5-oxopyrazolidin-3-ylidene]-1-methylquinoline-2,4-dione",2.2,13,-422.170546758012,0.242937853107345,NA,"844252164986950505"
"844252261531440231","C20H15N3O4","[M + H]+",3,6.67519129097827e-05,93.8112755721869,1.52119875818365,92.2900768140033,"19","FKYLJDMNMOWTMN","COC1=C(C=C(C=C1)C2=C3C(=C4C=CC(=O)C=C4O3)N=C5C2=CNN5)OC","4-(3,4-dimethoxyphenyl)-1H-benzofuro[3,2-b]pyrazolo[4,3-e]pyridin-7-ol",1,14,-427.210863192254,0.318627450980392,NA,"844252164986950505"
"844252261531440231","C20H15N3O4","[M + H]+",3,6.67519129097827e-05,93.8112755721869,1.52119875818365,92.2900768140033,"19","BGVFJHZLNUVXJW","CN1C2=NC3=C4C=CC(=O)C=C4OC3=C(C2=CN1)C5=CC(=C(C=C5)OC)O","4-(3-hydroxy-4-methoxyphenyl)-1-methyl-1H-benzofuro[3,2-b]pyrazolo[4,3-e]pyridin-7-ol",0.8,15,-436.90889079642,0.336683417085427,NA,"844252164986950505"
"844252261531440232","C16H19N3O5Si","[M + H]+",4,3.37532718153308e-05,93.1293699727891,2.03028344741192,91.0990865253772,"19",NA,NA,NA,NA,NA,NA,NA,NA,"844252164986950505"
"844252261531440233","C13H20FN3O6Si","[M + H]+",5,3.65347297815056e-06,90.9059708335603,2.73603338199639,88.1699374515639,"19",NA,NA,NA,NA,NA,NA,NA,NA,"844252164986950505"
"844252261531440234","C14H17F2N3O6","[M + H]+",6,3.51649692775567e-06,90.8677579205929,1.67395472775441,89.1938031928385,"19",NA,NA,NA,NA,NA,NA,NA,NA,"844252164986950505"
"844252261531440235","C11H18F3N3O7","[M + H]+",7,1.47638485901857e-07,87.6973039612815,0,87.6973039612815,"19",NA,NA,NA,NA,NA,NA,NA,NA,"844252164986950505"
"844252261531440236","C13H19N3O9","[M + H]+",8,1.07641319575901e-07,87.3813419234534,0,87.3813419234534,"19",NA,NA,NA,NA,NA,NA,NA,NA,"844252164986950505"
"844252261531440237","C9H15N9O7","[M + H]+",9,9.83113862805626e-08,87.2906771909045,0,87.2906771909045,"19",NA,NA,NA,NA,NA,NA,NA,NA,"844252164986950505"
"844252261531440238","C22H16FNO3","[M + H]+",10,2.64414304014154e-09,83.6748843589389,1.97955003437481,81.6953343245641,"19",NA,NA,NA,NA,NA,NA,NA,NA,"844252164986950505"
"844252201154433939","C17H19N3O4S","[M + H]+",1,0.776350636134295,126.70140530275,0,126.70140530275,"20","QZVDQETYNOBUPJ","CC1=C[N+](=C(C(=C1OC)C)CS(=O)C2=NC3=C(N2)C=C(C=C3)OC)[O-]","Omeprazole-N-oxide",2.1600971,1,-18.5518403929738,0.9375,0,"844252164995339114"
"844252201154433939","C17H19N3O4S","[M + H]+",1,0.776350636134295,126.70140530275,0,126.70140530275,"20","CMZHQFXXAAIBKE","CC1=C(C(=CN=C1CS(=O)C2=NC3=C(N2)C=C(C=C3)OC)CO)OC",NA,1.6791414,2,-29.4528164105732,0.924242424242424,2,"844252164995339114"
"844252201154433939","C17H19N3O4S","[M + H]+",1,0.776350636134295,126.70140530275,0,126.70140530275,"20","IXEQEYRTSRFZEO","CC1=CN=C(C(=C1OC)C)CS(=O)(=O)C2=NC3=C(N2)C=C(C=C3)OC","Omeprazole-d3 Sulfone",2.7485034,3,-30.8201567319958,0.9453125,Inf,"844252164995339114"
"844252201154433939","C17H19N3O4S","[M + H]+",1,0.776350636134295,126.70140530275,0,126.70140530275,"20","IGVYIWUGJPECAJ","CC1=CN=C(C(=C1OC)CO)CS(=O)C2=NC3=C(N2)C=C(C=C3)OC","3-Hydroxyomeprazole",1.6791414,4,-34.0287570901379,0.91044776119403,NA,"844252164995339114"
"844252201154433939","C17H19N3O4S","[M + H]+",1,0.776350636134295,126.70140530275,0,126.70140530275,"20","VPFSKKMDDDYYOJ","CC1=CN=C(C(=C1OC)C)CS(=O)C2=NC3=C(N2)C=CC(=C3O)OC","5-methoxy-2-[(R)-(4-methoxy-3,5-dimethylpyridin-2-yl)methylsulfinyl]-1H-benzimidazol-4-ol",2.1978552,5,-238.386950425258,0.719178082191781,NA,"844252164995339114"
"844252201154433939","C17H19N3O4S","[M + H]+",1,0.776350636134295,126.70140530275,0,126.70140530275,"20","NRTYCXOOEJJVDJ","COC1=C(C=C(C=C1)NC(=O)CSC2=NC3=C(CCC3)C(=O)N2)OC","N-(3,4-dimethoxyphenyl)-2-[(4-oxo-4,5,6,7-tetrahydro-3H-cyclopenta[d]pyrimidin-2-yl)thio]acetamide",1.7,6,-378.517448193002,0.352331606217617,NA,"844252164995339114"
"844252201154433939","C17H19N3O4S","[M + H]+",1,0.776350636134295,126.70140530275,0,126.70140530275,"20","MQQOMKBMLHBDFG","CC1=NC=CC(=C1)NS(=O)(=O)C2=C(N=CC(=C2)C3=CCOCC3)OC","5-[3,6-dihydro-2H-pyran-4-yl]-2-methoxy-N-[2-methylpyridin-4-yl]pyridine-3-sulfonamide",1,7,-505.605855580185,0.319767441860465,NA,"844252164995339114"
"844252201154433939","C17H19N3O4S","[M + H]+",1,0.776350636134295,126.70140530275,0,126.70140530275,"20","NJXRFXGANNWYRK","CC1=CC=C(C=C1)N(CC2=NCCN2)C3=CC(=CC=C3)OS(=O)(=O)O","[3-[N-(4,5-dihydro-1H-imidazol-2-ylmethyl)-4-methylanilino]phenyl] hydrogen sulfate",2,8,-516.193436525419,0.245614035087719,NA,"844252164995339114"
"844252201154433939","C17H19N3O4S","[M + H]+",1,0.776350636134295,126.70140530275,0,126.70140530275,"20","HBLRAJANJGAMFQ","CC(C)CNC(=O)CC1=CSC(=N1)NC(=O)C2=CC3=C(C=C2)OCO3","N-(4-(2-(isobutylamino)-2-oxoethyl)thiazol-2-yl)benzo[d][1,3]dioxole-5-carboxamide",2.5,10,-576.246657992943,0.178861788617886,NA,"844252164995339114"
"844252201154433939","C17H19N3O4S","[M + H]+",1,0.776350636134295,126.70140530275,0,126.70140530275,"20","JHQLDSNFXOLZMD","C1CC1C(=O)N2CC3(C2)C4CN(CCN4C(=O)O3)C(=O)C5=CC=CS5","1'-(Cyclopropanecarbonyl)-7-(thiophene-2-carbonyl)spiro[5,6,8,8a-tetrahydro-[1,3]oxazolo[3,4-a]pyrazine-1,3'-azetidine]-3-one",0.5,11,-600.746834836476,0.12719298245614,NA,"844252164995339114"
"844252201154433939","C17H19N3O4S","[M + H]+",1,0.776350636134295,126.70140530275,0,126.70140530275,"20","ILAMKVUHWSQJHY","COC(=O)C1=CC=C(C=C1)OCC2N(CCS2)C(=O)CN3C=CN=C3","Methyl 4-((3-(1H-imidazol-1-ylacetyl)-2-thiazolidinyl)methoxy)benzoate",1.7,12,-616.538417486295,0.192307692307692,NA,"844252164995339114"
"844252201154433939","C17H19N3O4S","[M + H]+",1,0.776350636134295,126.70140530275,0,126.70140530275,"20","NVAYQDCPVGCOHV","C1CC(N(S(=O)(=O)C1)CC2=CC=C(C=C2)C3=CC=NC=C3)C(=O)NO","(3S)-N-hydroxy-1,1-dioxo-2-[(4-pyridin-4-ylphenyl)methyl]thiazinane-3-carboxamide",0.9,13,-616.930725561794,0.201793721973094,NA,"844252164995339114"
"844252201154433939","C17H19N3O4S","[M + H]+",1,0.776350636134295,126.70140530275,0,126.70140530275,"20","FZECHKJQHUVANE","CC1(C(N2C(S1)C(C2=O)NC(=O)C(C3=CC=CC=C3)N=C)C(=O)O)C","6-{[1-hydroxy-2-(methylideneamino)-2-phenylethylidene]amino}-3,3-dimethyl-7-oxo-4-thia-1-azabicyclo[3.2.0]heptane-2-carboxylic acid",1.2664139,14,-652.154413468671,0.111524163568773,NA,"844252164995339114"
"844252201154433939","C17H19N3O4S","[M + H]+",1,0.776350636134295,126.70140530275,0,126.70140530275,"20","FPMHRRFSGYKNIU","COC1=CC=C(C=C1)CN2CC3C(C2)OC4=C(C=CC=N4)S(=O)(=O)N3","5-[(4-methoxyphenyl)methyl]-2-oxa-9λ⁶-thia-5,8,14-triazatricyclo[8.4.0.0³,⁷]tetradeca-1(10),11,13-triene-9,9-dione",1.3,15,-653.230273160929,0.275862068965517,NA,"844252164995339114"
"844252201154433939","C17H19N3O4S","[M + H]+",1,0.776350636134295,126.70140530275,0,126.70140530275,"20","IVXQTEPGJVXVMS","CCOC1=CC=C(C=C1)NC(=S)NN=C(C)C2=C(C(=C(C=C2)O)O)O","1-(4-ethoxyphenyl)-3-[(E)-1-(2,3,4-trihydroxyphenyl)ethylideneamino]thiourea",2.7,17,-706.239856760958,0.21256038647343,NA,"844252164995339114"
"844252201154433940","C14H20FN3O5S","[M + H]+",2,0.212589083912339,125.40616215286,0,125.40616215286,"20","GGHVBHNNEHVTBO","C1=CC(=CC=C1CNNC(=S)NC2C(C(C(C(O2)CO)O)O)O)F","1-[(4-fluorophenyl)methylamino]-3-[(2R,3R,4S,5S,6R)-3,4,5-trihydroxy-6-(hydroxymethyl)oxan-2-yl]thiourea",-0.8,16,-692.197374860902,0.151898734177215,NA,"844252164995339114"
"844252201154433941","C16H24ClNO4S","[M + H]+",3,0.0110510080352895,122.449322682648,0,122.449322682648,"20",NA,NA,NA,NA,NA,NA,NA,NA,"844252164995339114"
"844252201154433942","C14H22ClN4O3S","[M + H]+",4,9.22229859323316e-06,115.36067006657,0,115.36067006657,"20",NA,NA,NA,NA,NA,NA,NA,NA,"844252164995339114"
"844252201154433943","C19H17F2NO4","[M + H]+",5,4.9612297429209e-08,110.135529211009,0.0537012382709972,110.081827972738,"20","AYIZPDXXYIFMQC","C1=CC=C2C(=C1)C(C3=CC=CC=C32)COC(=O)NC(CC(F)F)C(=O)O","(R)-2-(9H-Fluoren-9-ylmethoxycarbonylamino)-4,4-difluoro-butyric acid",3.9,9,-516.675067474385,0.113636363636364,NA,"844252164995339114"
"844252201154433944","C15H13F2N7O2","[M + H]+",6,7.15162378237472e-12,101.290874630338,2.73760224917057,98.5532723811672,"20",NA,NA,NA,NA,NA,NA,NA,NA,"844252164995339114"
"844252201154433945","C14H17F2N3O6","[M + H]+",7,1.41785264663913e-14,95.0675085173744,3.35721565266232,91.7102928647121,"20",NA,NA,NA,NA,NA,NA,NA,NA,"844252164995339114"
"844252201154433946","C11H18F3N3O7","[M + H]+",8,1.05089271606111e-14,94.7680050197193,2.74007037755536,92.027934642164,"20",NA,NA,NA,NA,NA,NA,NA,NA,"844252164995339114"
"844252201154433947","C16H19N3O5Si","[M + H]+",9,5.94281849412376e-15,94.1979634328017,0,94.1979634328017,"20",NA,NA,NA,NA,NA,NA,NA,NA,"844252164995339114"
"844252201154433948","C13H20FN3O6Si","[M + H]+",10,1.71400851044239e-15,92.9546147034191,0,92.9546147034191,"20",NA,NA,NA,NA,NA,NA,NA,NA,"844252164995339114"
"844252204656677799","C17H19N3O4S","[M + H]+",1,0.849929211058162,72.9112449833203,0,72.9112449833203,"21","IXEQEYRTSRFZEO","CC1=CN=C(C(=C1OC)C)CS(=O)(=O)C2=NC3=C(N2)C=C(C=C3)OC","Omeprazole-d3 Sulfone",2.7485034,1,-17.3750782737397,0.9453125,0,"844252164999533419"
"844252204656677799","C17H19N3O4S","[M + H]+",1,0.849929211058162,72.9112449833203,0,72.9112449833203,"21","QZVDQETYNOBUPJ","CC1=C[N+](=C(C(=C1OC)C)CS(=O)C2=NC3=C(N2)C=C(C=C3)OC)[O-]","Omeprazole-N-oxide",2.1600971,2,-17.8609395101498,0.9375,Inf,"844252164999533419"
"844252204656677799","C17H19N3O4S","[M + H]+",1,0.849929211058162,72.9112449833203,0,72.9112449833203,"21","CMZHQFXXAAIBKE","CC1=C(C(=CN=C1CS(=O)C2=NC3=C(N2)C=C(C=C3)OC)CO)OC",NA,1.6791414,3,-35.462977401803,0.895522388059702,NA,"844252164999533419"
"844252204656677799","C17H19N3O4S","[M + H]+",1,0.849929211058162,72.9112449833203,0,72.9112449833203,"21","IGVYIWUGJPECAJ","CC1=CN=C(C(=C1OC)CO)CS(=O)C2=NC3=C(N2)C=C(C=C3)OC","3-Hydroxyomeprazole",1.6791414,4,-39.1696189846949,0.882352941176471,NA,"844252164999533419"
"844252204656677799","C17H19N3O4S","[M + H]+",1,0.849929211058162,72.9112449833203,0,72.9112449833203,"21","VPFSKKMDDDYYOJ","CC1=CN=C(C(=C1OC)C)CS(=O)C2=NC3=C(N2)C=CC(=C3O)OC","5-methoxy-2-[(R)-(4-methoxy-3,5-dimethylpyridin-2-yl)methylsulfinyl]-1H-benzimidazol-4-ol",2.1978552,5,-233.11235575796,0.707482993197279,NA,"844252164999533419"
"844252204656677799","C17H19N3O4S","[M + H]+",1,0.849929211058162,72.9112449833203,0,72.9112449833203,"21","NRTYCXOOEJJVDJ","COC1=C(C=C(C=C1)NC(=O)CSC2=NC3=C(CCC3)C(=O)N2)OC","N-(3,4-dimethoxyphenyl)-2-[(4-oxo-4,5,6,7-tetrahydro-3H-cyclopenta[d]pyrimidin-2-yl)thio]acetamide",1.7,9,-366.640185059709,0.345360824742268,NA,"844252164999533419"
"844252204656677799","C17H19N3O4S","[M + H]+",1,0.849929211058162,72.9112449833203,0,72.9112449833203,"21","NJXRFXGANNWYRK","CC1=CC=C(C=C1)N(CC2=NCCN2)C3=CC(=CC=C3)OS(=O)(=O)O","[3-[N-(4,5-dihydro-1H-imidazol-2-ylmethyl)-4-methylanilino]phenyl] hydrogen sulfate",2,12,-418.062867798524,0.245614035087719,NA,"844252164999533419"
"844252204656677799","C17H19N3O4S","[M + H]+",1,0.849929211058162,72.9112449833203,0,72.9112449833203,"21","MQQOMKBMLHBDFG","CC1=NC=CC(=C1)NS(=O)(=O)C2=C(N=CC(=C2)C3=CCOCC3)OC","5-[3,6-dihydro-2H-pyran-4-yl]-2-methoxy-N-[2-methylpyridin-4-yl]pyridine-3-sulfonamide",1,16,-443.216487146095,0.319767441860465,NA,"844252164999533419"
"844252204656677799","C17H19N3O4S","[M + H]+",1,0.849929211058162,72.9112449833203,0,72.9112449833203,"21","JHQLDSNFXOLZMD","C1CC1C(=O)N2CC3(C2)C4CN(CCN4C(=O)O3)C(=O)C5=CC=CS5","1'-(Cyclopropanecarbonyl)-7-(thiophene-2-carbonyl)spiro[5,6,8,8a-tetrahydro-[1,3]oxazolo[3,4-a]pyrazine-1,3'-azetidine]-3-one",0.5,33,-586.922170106236,0.12719298245614,NA,"844252164999533419"
"844252204656677799","C17H19N3O4S","[M + H]+",1,0.849929211058162,72.9112449833203,0,72.9112449833203,"21","ILAMKVUHWSQJHY","COC(=O)C1=CC=C(C=C1)OCC2N(CCS2)C(=O)CN3C=CN=C3","Methyl 4-((3-(1H-imidazol-1-ylacetyl)-2-thiazolidinyl)methoxy)benzoate",1.7,34,-587.203610661397,0.192307692307692,NA,"844252164999533419"
"844252204656677799","C17H19N3O4S","[M + H]+",1,0.849929211058162,72.9112449833203,0,72.9112449833203,"21","NVAYQDCPVGCOHV","C1CC(N(S(=O)(=O)C1)CC2=CC=C(C=C2)C3=CC=NC=C3)C(=O)NO","(3S)-N-hydroxy-1,1-dioxo-2-[(4-pyridin-4-ylphenyl)methyl]thiazinane-3-carboxamide",0.9,35,-591.114135058196,0.207207207207207,NA,"844252164999533419"
"844252204656677799","C17H19N3O4S","[M + H]+",1,0.849929211058162,72.9112449833203,0,72.9112449833203,"21","HBLRAJANJGAMFQ","CC(C)CNC(=O)CC1=CSC(=N1)NC(=O)C2=CC3=C(C=C2)OCO3","N-(4-(2-(isobutylamino)-2-oxoethyl)thiazol-2-yl)benzo[d][1,3]dioxole-5-carboxamide",2.5,36,-591.133351851773,0.178861788617886,NA,"844252164999533419"
"844252204656677799","C17H19N3O4S","[M + H]+",1,0.849929211058162,72.9112449833203,0,72.9112449833203,"21","FPMHRRFSGYKNIU","COC1=CC=C(C=C1)CN2CC3C(C2)OC4=C(C=CC=N4)S(=O)(=O)N3","5-[(4-methoxyphenyl)methyl]-2-oxa-9λ⁶-thia-5,8,14-triazatricyclo[8.4.0.0³,⁷]tetradeca-1(10),11,13-triene-9,9-dione",1.3,37,-620.095538454197,0.270386266094421,NA,"844252164999533419"
"844252204656677799","C17H19N3O4S","[M + H]+",1,0.849929211058162,72.9112449833203,0,72.9112449833203,"21","FZECHKJQHUVANE","CC1(C(N2C(S1)C(C2=O)NC(=O)C(C3=CC=CC=C3)N=C)C(=O)O)C","6-{[1-hydroxy-2-(methylideneamino)-2-phenylethylidene]amino}-3,3-dimethyl-7-oxo-4-thia-1-azabicyclo[3.2.0]heptane-2-carboxylic acid",1.2664139,40,-666.052339954021,0.111524163568773,NA,"844252164999533419"
"844252204656677799","C17H19N3O4S","[M + H]+",1,0.849929211058162,72.9112449833203,0,72.9112449833203,"21","AQWQARACBBXMKO","COC(=O)C1C(C2CN3C(=O)C=CC=C3C1N2CC4=NC=CS4)CO","methyl (1R,9S,10S,11S)-10-(hydroxymethyl)-6-oxo-12-(1,3-thiazol-2-ylmethyl)-7,12-diazatricyclo[7.2.1.02,7]dodeca-2,4-diene-11-carboxylate",-0.1,44,-711.294405497281,0.205020920502092,NA,"844252164999533419"
"844252204656677800","C14H20FN3O5S","[M + H]+",2,0.143524021304062,71.1325943354497,0,71.1325943354497,"21","GGHVBHNNEHVTBO","C1=CC(=CC=C1CNNC(=S)NC2C(C(C(C(O2)CO)O)O)O)F","1-[(4-fluorophenyl)methylamino]-3-[(2R,3R,4S,5S,6R)-3,4,5-trihydroxy-6-(hydroxymethyl)oxan-2-yl]thiourea",-0.8,32,-578.460813985549,0.169642857142857,NA,"844252164999533419"
"844252204656677801","C16H24ClNO4S","[M + H]+",3,0.00379077046726323,67.4986612063612,0,67.4986612063612,"21",NA,NA,NA,NA,NA,NA,NA,NA,"844252164999533419"
"844252204656677802","C13H19N3O9","[M + H]+",4,0.00199477764870463,66.856624508259,2.21617415788687,64.6404503503721,"21","KBLOEHMGPOSANZ","CC(=O)OC1COC(C(C1OC(=O)C)OC(=O)C)NC(=O)N(C)N=O","1-methyl-1-nitroso-3-(2,3,4-tri-O-acetyl-beta-D-xylopyranosyl)urea",-0.719084,6,-359.272055138577,0.266666666666667,NA,"844252164999533419"
"844252204656677803","C15H13F2N7O2","[M + H]+",5,0.000339789137820951,65.0866618817676,2.11306293719768,62.97359894457,"21",NA,NA,NA,NA,NA,NA,NA,NA,"844252164999533419"
"844252204656677804","C20H15N3O4","[M + H]+",6,0.00029751820661916,64.9538120612629,0,64.9538120612629,"21","XBESKJZOHAWRHS","COC1=CC=CC(=C1)N2C(=C(C(=O)NC2=O)C=C3C=NC4=CC=CC=C43)O","6-Hydroxy-5-(indol-3-ylidenemethyl)-1-(3-methoxyphenyl)pyrimidine-2,4-dione",1.8,7,-364.289120091642,0.353658536585366,NA,"844252164999533419"
"844252204656677804","C20H15N3O4","[M + H]+",6,0.00029751820661916,64.9538120612629,0,64.9538120612629,"21","MDOQJLLAKJRIGD","C1=CC2=C(C=C1O)NC=C2C3C(C(=O)NC3=O)C4=CNC5=C4C=CC(=C5)O","Dihydroarcyriarubin C",1.9,8,-364.975617619388,0.341317365269461,NA,"844252164999533419"
"844252204656677804","C20H15N3O4","[M + H]+",6,0.00029751820661916,64.9538120612629,0,64.9538120612629,"21","OKLQCZBOAHZABU","COC1=CC=C(C=C1)N2C(=C(C(=O)NC2=O)C=C3C=NC4=CC=CC=C43)O","6-Hydroxy-5-(indol-3-ylidenemethyl)-1-(4-methoxyphenyl)pyrimidine-2,4-dione",1.8,10,-370.833428054514,0.345454545454545,NA,"844252164999533419"
"844252204656677804","C20H15N3O4","[M + H]+",6,0.00029751820661916,64.9538120612629,0,64.9538120612629,"21","QWNCUDVCMGPFRR","C1CN(C2=NC3=CC=CC=C3N21)C(=O)COC4=CC5=C(C=C4)C=CC(=O)O5","7-(2-oxo-2-{2,5,7-triazatricyclo[6.4.0.0²,⁶]dodeca-1(12),6,8,10-tetraen-5-yl}ethoxy)-2H-chromen-2-one",2.5,11,-383.003154267471,0.395,NA,"844252164999533419"
"844252204656677804","C20H15N3O4","[M + H]+",6,0.00029751820661916,64.9538120612629,0,64.9538120612629,"21","AOEIQEHYOZILKV","COC1=CC=CC(=C1)C(=O)NC2=CC=C(C=C2)C3=NN=C(O3)C4=CC=CO4","N-{4-[5-(furan-2-yl)-1,3,4-oxadiazol-2-yl]phenyl}-3-methoxybenzamide",3,13,-425.924924070044,0.271356783919598,NA,"844252164999533419"
"844252204656677804","C20H15N3O4","[M + H]+",6,0.00029751820661916,64.9538120612629,0,64.9538120612629,"21","JONQCFJPPWOWOJ","C1=CC=C(C=C1)C2=C(C3=CC=CC=C3N2)CC4=NC(=C(C(=O)N4)O)C(=O)O","5,6-Dihydroxy-2-[(2-Phenyl-1h-Indol-3-Yl)methyl]pyrimidine-4-Carboxylic Acid",2.8,14,-430.092366910997,0.28494623655914,NA,"844252164999533419"
"844252204656677804","C20H15N3O4","[M + H]+",6,0.00029751820661916,64.9538120612629,0,64.9538120612629,"21","PUDYPYSNBKKWCZ","COC1=CC=C(C=C1)N2C3=C(C=CC(=N3)C4=CC=CC=C4O)C(=O)NC2=O","7-(2-hydroxyphenyl)-1-(4-methoxyphenyl)-1H,2H,3H,4H-pyrido[2,3-d]pyrimidine-2,4-dione",2.7,15,-435.290136829748,0.347368421052632,NA,"844252164999533419"
"844252204656677804","C20H15N3O4","[M + H]+",6,0.00029751820661916,64.9538120612629,0,64.9538120612629,"21","XQLMMQLYXOMQKO","COC1=CC2=C(C=C1)C(=O)N3CCC4=C(C3=N2)NC5=CC6=C(C=C45)OCO6","Orisuaveoline B",2.8,17,-444.646813098188,0.394871794871795,NA,"844252164999533419"
"844252204656677804","C20H15N3O4","[M + H]+",6,0.00029751820661916,64.9538120612629,0,64.9538120612629,"21","IBHBIKWTFZCSOF","C1C(N=C(C2=C(C=CC3=C2C1=CN3)O)C4=CNC5=C4C=C(C=C5)O)C(=O)O","Hyrtiazepine",2.6,18,-453.523051338456,0.333333333333333,NA,"844252164999533419"
"844252204656677804","C20H15N3O4","[M + H]+",6,0.00029751820661916,64.9538120612629,0,64.9538120612629,"21","MUKZNQTVLXQHRH","COC1=CC(=C(C=C1)C2=C3C(=C4C=CC(=O)C=C4O3)N=C5C2=CNN5)OC","4-(2,4-dimethoxyphenyl)-1H-benzofuro[3,2-b]pyrazolo[4,3-e]pyridin-7-ol",1,19,-461.569798224776,0.352657004830918,NA,"844252164999533419"
"844252204656677804","C20H15N3O4","[M + H]+",6,0.00029751820661916,64.9538120612629,0,64.9538120612629,"21","KRROWEKGYCWUAM","CN1C2=CC=CC=C2C(=O)C(=C3C(=CC4=CC=CC=C4O)C(=O)NN3)C1=O","(3Z)-3-[(4Z)-4-[(2-hydroxyphenyl)methylidene]-5-oxopyrazolidin-3-ylidene]-1-methylquinoline-2,4-dione",2.2,20,-468.70873690077,0.260869565217391,NA,"844252164999533419"
"844252204656677804","C20H15N3O4","[M + H]+",6,0.00029751820661916,64.9538120612629,0,64.9538120612629,"21","BNMWBRJGVFOWDK","CC(=O)NC1=NC(=NC2=C1C(=O)OC3=CC=CC=C32)C4=CC=C(C=C4)OC","N-[2-(4-methoxyphenyl)-5-oxo-5H-chromeno[4,3-d]pyrimidin-4-yl]acetamide",3,21,-479.378072545338,0.323232323232323,NA,"844252164999533419"
"844252204656677804","C20H15N3O4","[M + H]+",6,0.00029751820661916,64.9538120612629,0,64.9538120612629,"21","RZZUAVPTAVWZIS","CN1C2=CC=CC=C2C(=O)C(=C3C(=CC4=CC(=CC=C4)O)C(=O)NN3)C1=O","(3Z)-3-[(4Z)-4-[(3-hydroxyphenyl)methylidene]-5-oxopyrazolidin-3-ylidene]-1-methylquinoline-2,4-dione",2.2,22,-483.578583936642,0.259459459459459,NA,"844252164999533419"
"844252204656677804","C20H15N3O4","[M + H]+",6,0.00029751820661916,64.9538120612629,0,64.9538120612629,"21","QGKXNGVWALRPSW","CN1C2=CC=CC=C2C(=O)C(=C3C(=CC4=CC=C(C=C4)O)C(=O)NN3)C1=O","(3Z)-3-[(4Z)-4-[(4-hydroxyphenyl)methylidene]-5-oxopyrazolidin-3-ylidene]-1-methylquinoline-2,4-dione",2.2,23,-485.772184457708,0.25531914893617,NA,"844252164999533419"
"844252204656677804","C20H15N3O4","[M + H]+",6,0.00029751820661916,64.9538120612629,0,64.9538120612629,"21","FKYLJDMNMOWTMN","COC1=C(C=C(C=C1)C2=C3C(=C4C=CC(=O)C=C4O3)N=C5C2=CNN5)OC","4-(3,4-dimethoxyphenyl)-1H-benzofuro[3,2-b]pyrazolo[4,3-e]pyridin-7-ol",1,26,-515.281774470314,0.319444444444444,NA,"844252164999533419"
"844252204656677805","C14H22ClN4O3S","[M + H]+",7,8.30607894670869e-05,63.6779093823681,0,63.6779093823681,"21",NA,NA,NA,NA,NA,NA,NA,NA,"844252164999533419"
"844252204656677806","C19H20ClNO4","[M + H]+",8,4.07908862993766e-05,62.9667953208728,0,62.9667953208728,"21","UJJQITPMXKBFPK","COCC1CN(C(=O)O1)C2=CC=C(C=C2)OCCC3=CC(=CC=C3)Cl","3-(4-(2-(3-Chlorophenyl)ethoxy)phenyl)-5-(methoxymethyl)-2-oxazolidinone",3.9,24,-486.518181483422,0.286516853932584,NA,"844252164999533419"
"844252204656677806","C19H20ClNO4","[M + H]+",8,4.07908862993766e-05,62.9667953208728,0,62.9667953208728,"21","IIBYAHWJQTYFKB","CC(C)(C(=O)O)OC1=CC=C(C=C1)CCNC(=O)C2=CC=C(C=C2)Cl","2-(4-{2-[(4-chlorophenyl)formamido]ethyl}phenoxy)-2-methylpropanoic acid",3.9519973,25,-499.37258855944,0.254054054054054,NA,"844252164999533419"
"844252204656677806","C19H20ClNO4","[M + H]+",8,4.07908862993766e-05,62.9667953208728,0,62.9667953208728,"21","AIEFQKOARQRACO","COC1=C(C=C(C=C1)Cl)C(=O)NCCC2=CC=C(C=C2)CCC(=O)O","4-(2-((5-Chloro-2-methoxybenzoyl)amino)ethyl)hydrocinnamic acid",3.9219666,30,-543.927728408617,0.262295081967213,NA,"844252164999533419"
"844252204656677806","C19H20ClNO4","[M + H]+",8,4.07908862993766e-05,62.9667953208728,0,62.9667953208728,"21","HRPJZDTZANKXQI","CN1CCC2=C3C1CC4=CC(=C(C=C4C3=C(C(=C2Cl)O)OC)OC)O","3-chloro-1,10-dimethoxy-6-methyl-5,6,6a,7-tetrahydro-4H-dibenzo[de,g]quinoline-2,9-diol",3.3,38,-631.469223473273,0.180257510729614,NA,"844252164999533419"
"844252204656677806","C19H20ClNO4","[M + H]+",8,4.07908862993766e-05,62.9667953208728,0,62.9667953208728,"21","BMUQWGQUKLMRNI","CCCCOC(=O)C1C2C=CC3(C1C(=O)N(C3)C4=CC=CC=C4Cl)O2","butyl (1S,5R,6S,7S)-3-(2-chlorophenyl)-4-oxo-10-oxa-3-azatricyclo[5.2.1.01,5]dec-8-ene-6-carboxylate",2.5,41,-687.059424691988,0.224770642201835,NA,"844252164999533419"
"844252204656677806","C19H20ClNO4","[M + H]+",8,4.07908862993766e-05,62.9667953208728,0,62.9667953208728,"21","BRAYONMLLDRORF","CC(C)COC(=O)C1C2C=CC3(C1C(=O)N(C3)C4=CC(=CC=C4)Cl)O2","2-methylpropyl (1S,5R,6R,7R)-3-(3-chlorophenyl)-4-oxo-10-oxa-3-azatricyclo[5.2.1.01,5]dec-8-ene-6-carboxylate",2.6,42,-700.219538147987,0.23394495412844,NA,"844252164999533419"
"844252204656677806","C19H20ClNO4","[M + H]+",8,4.07908862993766e-05,62.9667953208728,0,62.9667953208728,"21","AEEHDSUHDMQXJG","CCOC1=CC=C(C=C1)N(CCCC(=O)O)C(=O)C2=CC=C(C=C2)Cl","BUTYRIC ACID, 4-(p-CHLORO-N-(p-ETHOXYPHENYL)BENZAMIDO)-",4.159865,43,-704.485179946142,0.213930348258706,NA,"844252164999533419"
"844252204656677807","C14H17F2N3O6","[M + H]+",9,2.3734912361389e-08,55.5175284200654,3.35686603496944,52.160662385096,"21",NA,NA,NA,NA,NA,NA,NA,NA,"844252164999533419"
"844252204656677808","C11H18F3N3O7","[M + H]+",10,2.32610347253089e-08,55.4973609917298,3.13562277420301,52.3617382175268,"21",NA,NA,NA,NA,NA,NA,NA,NA,"844252164999533419"
"844252242304750623","C17H19N3O4S","[M + H]+",1,0.656354005746478,157.736699385179,4.86487695759399,152.871822427585,"22","IXEQEYRTSRFZEO","CC1=CN=C(C(=C1OC)C)CS(=O)(=O)C2=NC3=C(N2)C=C(C=C3)OC","Omeprazole-d3 Sulfone",2.7485034,1,-10.3896541335761,0.976377952755906,0,"844252165007922028"
"844252242304750623","C17H19N3O4S","[M + H]+",1,0.656354005746478,157.736699385179,4.86487695759399,152.871822427585,"22","QZVDQETYNOBUPJ","CC1=C[N+](=C(C(=C1OC)C)CS(=O)C2=NC3=C(N2)C=C(C=C3)OC)[O-]","Omeprazole-N-oxide",2.1600971,2,-30.2505453923215,0.923076923076923,Inf,"844252165007922028"
"844252242304750623","C17H19N3O4S","[M + H]+",1,0.656354005746478,157.736699385179,4.86487695759399,152.871822427585,"22","CMZHQFXXAAIBKE","CC1=C(C(=CN=C1CS(=O)C2=NC3=C(N2)C=C(C=C3)OC)CO)OC",NA,1.6791414,3,-69.0039061873367,0.868613138686131,NA,"844252165007922028"
"844252242304750623","C17H19N3O4S","[M + H]+",1,0.656354005746478,157.736699385179,4.86487695759399,152.871822427585,"22","IGVYIWUGJPECAJ","CC1=CN=C(C(=C1OC)CO)CS(=O)C2=NC3=C(N2)C=C(C=C3)OC","3-Hydroxyomeprazole",1.6791414,4,-80.6300542288362,0.856115107913669,NA,"844252165007922028"
"844252242304750623","C17H19N3O4S","[M + H]+",1,0.656354005746478,157.736699385179,4.86487695759399,152.871822427585,"22","VPFSKKMDDDYYOJ","CC1=CN=C(C(=C1OC)C)CS(=O)C2=NC3=C(N2)C=CC(=C3O)OC","5-methoxy-2-[(R)-(4-methoxy-3,5-dimethylpyridin-2-yl)methylsulfinyl]-1H-benzimidazol-4-ol",2.1978552,5,-213.842174407722,0.697986577181208,NA,"844252165007922028"
"844252242304750623","C17H19N3O4S","[M + H]+",1,0.656354005746478,157.736699385179,4.86487695759399,152.871822427585,"22","NRTYCXOOEJJVDJ","COC1=C(C=C(C=C1)NC(=O)CSC2=NC3=C(CCC3)C(=O)N2)OC","N-(3,4-dimethoxyphenyl)-2-[(4-oxo-4,5,6,7-tetrahydro-3H-cyclopenta[d]pyrimidin-2-yl)thio]acetamide",1.7,6,-324.656846006984,0.348717948717949,NA,"844252165007922028"
"844252242304750623","C17H19N3O4S","[M + H]+",1,0.656354005746478,157.736699385179,4.86487695759399,152.871822427585,"22","NJXRFXGANNWYRK","CC1=CC=C(C=C1)N(CC2=NCCN2)C3=CC(=CC=C3)OS(=O)(=O)O","[3-[N-(4,5-dihydro-1H-imidazol-2-ylmethyl)-4-methylanilino]phenyl] hydrogen sulfate",2,7,-405.76510987259,0.257309941520468,NA,"844252165007922028"
"844252242304750623","C17H19N3O4S","[M + H]+",1,0.656354005746478,157.736699385179,4.86487695759399,152.871822427585,"22","MQQOMKBMLHBDFG","CC1=NC=CC(=C1)NS(=O)(=O)C2=C(N=CC(=C2)C3=CCOCC3)OC","5-[3,6-dihydro-2H-pyran-4-yl]-2-methoxy-N-[2-methylpyridin-4-yl]pyridine-3-sulfonamide",1,8,-424.400644417538,0.339181286549708,NA,"844252165007922028"
"844252242304750623","C17H19N3O4S","[M + H]+",1,0.656354005746478,157.736699385179,4.86487695759399,152.871822427585,"22","NVAYQDCPVGCOHV","C1CC(N(S(=O)(=O)C1)CC2=CC=C(C=C2)C3=CC=NC=C3)C(=O)NO","(3S)-N-hydroxy-1,1-dioxo-2-[(4-pyridin-4-ylphenyl)methyl]thiazinane-3-carboxamide",0.9,9,-541.066413722667,0.216216216216216,NA,"844252165007922028"
"844252242304750623","C17H19N3O4S","[M + H]+",1,0.656354005746478,157.736699385179,4.86487695759399,152.871822427585,"22","JHQLDSNFXOLZMD","C1CC1C(=O)N2CC3(C2)C4CN(CCN4C(=O)O3)C(=O)C5=CC=CS5","1'-(Cyclopropanecarbonyl)-7-(thiophene-2-carbonyl)spiro[5,6,8,8a-tetrahydro-[1,3]oxazolo[3,4-a]pyrazine-1,3'-azetidine]-3-one",0.5,10,-548.046352492595,0.135964912280702,NA,"844252165007922028"
"844252242304750623","C17H19N3O4S","[M + H]+",1,0.656354005746478,157.736699385179,4.86487695759399,152.871822427585,"22","HBLRAJANJGAMFQ","CC(C)CNC(=O)CC1=CSC(=N1)NC(=O)C2=CC3=C(C=C2)OCO3","N-(4-(2-(isobutylamino)-2-oxoethyl)thiazol-2-yl)benzo[d][1,3]dioxole-5-carboxamide",2.5,11,-573.660005173058,0.182186234817814,NA,"844252165007922028"
"844252242304750623","C17H19N3O4S","[M + H]+",1,0.656354005746478,157.736699385179,4.86487695759399,152.871822427585,"22","FPMHRRFSGYKNIU","COC1=CC=C(C=C1)CN2CC3C(C2)OC4=C(C=CC=N4)S(=O)(=O)N3","5-[(4-methoxyphenyl)methyl]-2-oxa-9λ⁶-thia-5,8,14-triazatricyclo[8.4.0.0³,⁷]tetradeca-1(10),11,13-triene-9,9-dione",1.3,12,-578.29769802053,0.28448275862069,NA,"844252165007922028"
"844252242304750623","C17H19N3O4S","[M + H]+",1,0.656354005746478,157.736699385179,4.86487695759399,152.871822427585,"22","ILAMKVUHWSQJHY","COC(=O)C1=CC=C(C=C1)OCC2N(CCS2)C(=O)CN3C=CN=C3","Methyl 4-((3-(1H-imidazol-1-ylacetyl)-2-thiazolidinyl)methoxy)benzoate",1.7,13,-589.034198636627,0.195744680851064,NA,"844252165007922028"
"844252242304750623","C17H19N3O4S","[M + H]+",1,0.656354005746478,157.736699385179,4.86487695759399,152.871822427585,"22","FZECHKJQHUVANE","CC1(C(N2C(S1)C(C2=O)NC(=O)C(C3=CC=CC=C3)N=C)C(=O)O)C","6-{[1-hydroxy-2-(methylideneamino)-2-phenylethylidene]amino}-3,3-dimethyl-7-oxo-4-thia-1-azabicyclo[3.2.0]heptane-2-carboxylic acid",1.2664139,15,-614.256927209312,0.118959107806691,NA,"844252165007922028"
"844252242304750623","C17H19N3O4S","[M + H]+",1,0.656354005746478,157.736699385179,4.86487695759399,152.871822427585,"22","IVXQTEPGJVXVMS","CCOC1=CC=C(C=C1)NC(=S)NN=C(C)C2=C(C(=C(C=C2)O)O)O","1-(4-ethoxyphenyl)-3-[(E)-1-(2,3,4-trihydroxyphenyl)ethylideneamino]thiourea",2.7,16,-673.854805755923,0.204761904761905,NA,"844252165007922028"
"844252242304750624","C14H20FN3O5S","[M + H]+",2,0.343645994252598,157.089611139909,5.41748011909412,151.672131020815,"22","GGHVBHNNEHVTBO","C1=CC(=CC=C1CNNC(=S)NC2C(C(C(C(O2)CO)O)O)O)F","1-[(4-fluorophenyl)methylamino]-3-[(2R,3R,4S,5S,6R)-3,4,5-trihydroxy-6-(hydroxymethyl)oxan-2-yl]thiourea",-0.8,14,-599.434578093632,0.171296296296296,NA,"844252165007922028"
"844252242304750625","C15H13F2N7O2","[M + H]+",3,9.24214649823989e-13,130.447922332623,2.95290289564706,127.495019436976,"22",NA,NA,NA,NA,NA,NA,NA,NA,"844252165007922028"
"844252242304750626","C13H19N3O9","[M + H]+",4,1.21698659657201e-17,119.210185597413,1.91462077353786,117.295564823875,"22",NA,NA,NA,NA,NA,NA,NA,NA,"844252165007922028"
"844252242304750627","C12H19F4N3O3S","[M + H]+",5,7.21746613984856e-23,107.174801180151,5.50161921106409,101.673181969087,"22",NA,NA,NA,NA,NA,NA,NA,NA,"844252165007922028"
"844252242304750628","C10H16FN9O3S","[M + H]+",6,1.41241606206445e-23,105.543598996189,4.5857848325897,100.957814163599,"22",NA,NA,NA,NA,NA,NA,NA,NA,"844252165007922028"
"844252242304750629","C11H20N7O3PS","[M + H]+",7,1.07707879314789e-23,105.272549794341,5.32487065283716,99.9476791415043,"22",NA,NA,NA,NA,NA,NA,NA,NA,"844252165007922028"
"844252242304750630","C13H22N4O4PS","[M + H]+",8,6.08113568539473e-24,104.700903614905,5.95402652339579,98.7468770915091,"22",NA,NA,NA,NA,NA,NA,NA,NA,"844252165007922028"
"844252242304750631","C15H18F3N3O2S","[M + H]+",9,5.57640354760732e-24,104.614256189088,5.18646550022753,99.4277906888604,"22",NA,NA,NA,NA,NA,NA,NA,NA,"844252165007922028"
"844252242304750632","C14H21N2O7S","[M + H]+",10,1.48082828049586e-24,103.288313726224,5.03659841592997,98.2517153102937,"22",NA,NA,NA,NA,NA,NA,NA,NA,"844252165007922028"
"844252288425317547","C17H19N3O4S","[M + H]+",1,0.967832554204497,117.004542659665,6.02740788082109,110.977134778844,"23","IXEQEYRTSRFZEO","CC1=CN=C(C(=C1OC)C)CS(=O)(=O)C2=NC3=C(N2)C=C(C=C3)OC","Omeprazole-d3 Sulfone",2.7485034,1,-18.9524841656375,0.9453125,0,"844252165016310637"
"844252288425317547","C17H19N3O4S","[M + H]+",1,0.967832554204497,117.004542659665,6.02740788082109,110.977134778844,"23","QZVDQETYNOBUPJ","CC1=C[N+](=C(C(=C1OC)C)CS(=O)C2=NC3=C(N2)C=C(C=C3)OC)[O-]","Omeprazole-N-oxide",2.1600971,2,-20.1747881027445,0.9375,Inf,"844252165016310637"
"844252288425317547","C17H19N3O4S","[M + H]+",1,0.967832554204497,117.004542659665,6.02740788082109,110.977134778844,"23","CMZHQFXXAAIBKE","CC1=C(C(=CN=C1CS(=O)C2=NC3=C(N2)C=C(C=C3)OC)CO)OC",NA,1.6791414,3,-29.3474774758014,0.924242424242424,NA,"844252165016310637"
"844252288425317547","C17H19N3O4S","[M + H]+",1,0.967832554204497,117.004542659665,6.02740788082109,110.977134778844,"23","IGVYIWUGJPECAJ","CC1=CN=C(C(=C1OC)CO)CS(=O)C2=NC3=C(N2)C=C(C=C3)OC","3-Hydroxyomeprazole",1.6791414,4,-34.801527958479,0.91044776119403,NA,"844252165016310637"
"844252288425317547","C17H19N3O4S","[M + H]+",1,0.967832554204497,117.004542659665,6.02740788082109,110.977134778844,"23","VPFSKKMDDDYYOJ","CC1=CN=C(C(=C1OC)C)CS(=O)C2=NC3=C(N2)C=CC(=C3O)OC","5-methoxy-2-[(R)-(4-methoxy-3,5-dimethylpyridin-2-yl)methylsulfinyl]-1H-benzimidazol-4-ol",2.1978552,5,-243.555292245438,0.719178082191781,NA,"844252165016310637"
"844252288425317547","C17H19N3O4S","[M + H]+",1,0.967832554204497,117.004542659665,6.02740788082109,110.977134778844,"23","NRTYCXOOEJJVDJ","COC1=C(C=C(C=C1)NC(=O)CSC2=NC3=C(CCC3)C(=O)N2)OC","N-(3,4-dimethoxyphenyl)-2-[(4-oxo-4,5,6,7-tetrahydro-3H-cyclopenta[d]pyrimidin-2-yl)thio]acetamide",1.7,6,-405.217161412276,0.352331606217617,NA,"844252165016310637"
"844252288425317547","C17H19N3O4S","[M + H]+",1,0.967832554204497,117.004542659665,6.02740788082109,110.977134778844,"23","NJXRFXGANNWYRK","CC1=CC=C(C=C1)N(CC2=NCCN2)C3=CC(=CC=C3)OS(=O)(=O)O","[3-[N-(4,5-dihydro-1H-imidazol-2-ylmethyl)-4-methylanilino]phenyl] hydrogen sulfate",2,7,-525.546297467088,0.245614035087719,NA,"844252165016310637"
"844252288425317547","C17H19N3O4S","[M + H]+",1,0.967832554204497,117.004542659665,6.02740788082109,110.977134778844,"23","MQQOMKBMLHBDFG","CC1=NC=CC(=C1)NS(=O)(=O)C2=C(N=CC(=C2)C3=CCOCC3)OC","5-[3,6-dihydro-2H-pyran-4-yl]-2-methoxy-N-[2-methylpyridin-4-yl]pyridine-3-sulfonamide",1,8,-531.505138697201,0.319767441860465,NA,"844252165016310637"
"844252288425317547","C17H19N3O4S","[M + H]+",1,0.967832554204497,117.004542659665,6.02740788082109,110.977134778844,"23","HBLRAJANJGAMFQ","CC(C)CNC(=O)CC1=CSC(=N1)NC(=O)C2=CC3=C(C=C2)OCO3","N-(4-(2-(isobutylamino)-2-oxoethyl)thiazol-2-yl)benzo[d][1,3]dioxole-5-carboxamide",2.5,9,-569.832688775335,0.178861788617886,NA,"844252165016310637"
"844252288425317547","C17H19N3O4S","[M + H]+",1,0.967832554204497,117.004542659665,6.02740788082109,110.977134778844,"23","JHQLDSNFXOLZMD","C1CC1C(=O)N2CC3(C2)C4CN(CCN4C(=O)O3)C(=O)C5=CC=CS5","1'-(Cyclopropanecarbonyl)-7-(thiophene-2-carbonyl)spiro[5,6,8,8a-tetrahydro-[1,3]oxazolo[3,4-a]pyrazine-1,3'-azetidine]-3-one",0.5,10,-587.223188707932,0.12719298245614,NA,"844252165016310637"
"844252288425317547","C17H19N3O4S","[M + H]+",1,0.967832554204497,117.004542659665,6.02740788082109,110.977134778844,"23","ILAMKVUHWSQJHY","COC(=O)C1=CC=C(C=C1)OCC2N(CCS2)C(=O)CN3C=CN=C3","Methyl 4-((3-(1H-imidazol-1-ylacetyl)-2-thiazolidinyl)methoxy)benzoate",1.7,11,-608.028996277891,0.192307692307692,NA,"844252165016310637"
"844252288425317547","C17H19N3O4S","[M + H]+",1,0.967832554204497,117.004542659665,6.02740788082109,110.977134778844,"23","NVAYQDCPVGCOHV","C1CC(N(S(=O)(=O)C1)CC2=CC=C(C=C2)C3=CC=NC=C3)C(=O)NO","(3S)-N-hydroxy-1,1-dioxo-2-[(4-pyridin-4-ylphenyl)methyl]thiazinane-3-carboxamide",0.9,12,-620.792889111345,0.201793721973094,NA,"844252165016310637"
"844252288425317547","C17H19N3O4S","[M + H]+",1,0.967832554204497,117.004542659665,6.02740788082109,110.977134778844,"23","FZECHKJQHUVANE","CC1(C(N2C(S1)C(C2=O)NC(=O)C(C3=CC=CC=C3)N=C)C(=O)O)C","6-{[1-hydroxy-2-(methylideneamino)-2-phenylethylidene]amino}-3,3-dimethyl-7-oxo-4-thia-1-azabicyclo[3.2.0]heptane-2-carboxylic acid",1.2664139,13,-626.824934694363,0.111524163568773,NA,"844252165016310637"
"844252288425317547","C17H19N3O4S","[M + H]+",1,0.967832554204497,117.004542659665,6.02740788082109,110.977134778844,"23","FPMHRRFSGYKNIU","COC1=CC=C(C=C1)CN2CC3C(C2)OC4=C(C=CC=N4)S(=O)(=O)N3","5-[(4-methoxyphenyl)methyl]-2-oxa-9λ⁶-thia-5,8,14-triazatricyclo[8.4.0.0³,⁷]tetradeca-1(10),11,13-triene-9,9-dione",1.3,14,-662.970167847163,0.275862068965517,NA,"844252165016310637"
"844252288425317547","C17H19N3O4S","[M + H]+",1,0.967832554204497,117.004542659665,6.02740788082109,110.977134778844,"23","IVXQTEPGJVXVMS","CCOC1=CC=C(C=C1)NC(=S)NN=C(C)C2=C(C(=C(C=C2)O)O)O","1-(4-ethoxyphenyl)-3-[(E)-1-(2,3,4-trihydroxyphenyl)ethylideneamino]thiourea",2.7,15,-720.502829042131,0.21256038647343,NA,"844252165016310637"
"844252288425317548","C14H20FN3O5S","[M + H]+",2,0.0321674457797813,113.600438509062,5.42072491739612,108.179713591666,"23","GGHVBHNNEHVTBO","C1=CC(=CC=C1CNNC(=S)NC2C(C(C(C(O2)CO)O)O)O)F","1-[(4-fluorophenyl)methylamino]-3-[(2R,3R,4S,5S,6R)-3,4,5-trihydroxy-6-(hydroxymethyl)oxan-2-yl]thiourea",-0.8,16,-791.206586845694,0.14344262295082,NA,"844252165016310637"
"844252288425317549","C15H13F2N7O2","[M + H]+",3,1.55367790809009e-11,92.1494277887046,3.14401851717855,89.005409271526,"23",NA,NA,NA,NA,NA,NA,NA,NA,"844252165016310637"
"844252288425317550","C16H19N3O5Si","[M + H]+",4,1.22844567577918e-13,87.3093823306464,3.77193163808332,83.5374506925631,"23",NA,NA,NA,NA,NA,NA,NA,NA,"844252165016310637"
"844252288425317551","C13H20FN3O6Si","[M + H]+",5,3.7516667529942e-14,86.123247754312,5.2347045931987,80.8885431611133,"23",NA,NA,NA,NA,NA,NA,NA,NA,"844252165016310637"
"844252288425317552","C14H17F2N3O6","[M + H]+",6,1.70739986406813e-14,85.3360192115916,2.96577293064671,82.3702462809449,"23",NA,NA,NA,NA,NA,NA,NA,NA,"844252165016310637"
"844252288425317553","C12H24AsN5O3","[M + H]+",7,6.21578710224964e-15,84.3255548151358,2.21706569284944,82.1084891222864,"23",NA,NA,NA,NA,NA,NA,NA,NA,"844252165016310637"
"844252288425317554","C11H18F3N3O7","[M + H]+",8,5.3996255022203e-16,81.8822069593475,1.12954800113351,80.752658958214,"23",NA,NA,NA,NA,NA,NA,NA,NA,"844252165016310637"
"844252288425317555","C12H19N5O6S","[M + H]+",9,2.6000556740749e-16,81.1514102175267,2.6150964303052,78.5363137872215,"23",NA,NA,NA,NA,NA,NA,NA,NA,"844252165016310637"
"844252288425317556","C11H20N7O3PS","[M + H]+",10,2.13356954090382e-16,80.9536737774898,4.07280518753044,76.8808685899593,"23",NA,NA,NA,NA,NA,NA,NA,NA,"844252165016310637"
"844252207802405819","C17H19N3O4S","[M + H]+",1,0.633550043128876,143.212087433718,4.48057173369166,138.731515700026,"24","IXEQEYRTSRFZEO","CC1=CN=C(C(=C1OC)C)CS(=O)(=O)C2=NC3=C(N2)C=C(C=C3)OC","Omeprazole-d3 Sulfone",2.7485034,1,-12.1834655285799,0.976377952755906,0,"844252165020504942"
"844252207802405819","C17H19N3O4S","[M + H]+",1,0.633550043128876,143.212087433718,4.48057173369166,138.731515700026,"24","QZVDQETYNOBUPJ","CC1=C[N+](=C(C(=C1OC)C)CS(=O)C2=NC3=C(N2)C=C(C=C3)OC)[O-]","Omeprazole-N-oxide",2.1600971,2,-30.2859011280211,0.923076923076923,Inf,"844252165020504942"
"844252207802405819","C17H19N3O4S","[M + H]+",1,0.633550043128876,143.212087433718,4.48057173369166,138.731515700026,"24","CMZHQFXXAAIBKE","CC1=C(C(=CN=C1CS(=O)C2=NC3=C(N2)C=C(C=C3)OC)CO)OC",NA,1.6791414,3,-72.9469192513645,0.868613138686131,NA,"844252165020504942"
"844252207802405819","C17H19N3O4S","[M + H]+",1,0.633550043128876,143.212087433718,4.48057173369166,138.731515700026,"24","IGVYIWUGJPECAJ","CC1=CN=C(C(=C1OC)CO)CS(=O)C2=NC3=C(N2)C=C(C=C3)OC","3-Hydroxyomeprazole",1.6791414,4,-84.3630082066037,0.856115107913669,NA,"844252165020504942"
"844252207802405819","C17H19N3O4S","[M + H]+",1,0.633550043128876,143.212087433718,4.48057173369166,138.731515700026,"24","VPFSKKMDDDYYOJ","CC1=CN=C(C(=C1OC)C)CS(=O)C2=NC3=C(N2)C=CC(=C3O)OC","5-methoxy-2-[(R)-(4-methoxy-3,5-dimethylpyridin-2-yl)methylsulfinyl]-1H-benzimidazol-4-ol",2.1978552,5,-206.286023016474,0.697986577181208,NA,"844252165020504942"
"844252207802405819","C17H19N3O4S","[M + H]+",1,0.633550043128876,143.212087433718,4.48057173369166,138.731515700026,"24","NRTYCXOOEJJVDJ","COC1=C(C=C(C=C1)NC(=O)CSC2=NC3=C(CCC3)C(=O)N2)OC","N-(3,4-dimethoxyphenyl)-2-[(4-oxo-4,5,6,7-tetrahydro-3H-cyclopenta[d]pyrimidin-2-yl)thio]acetamide",1.7,6,-310.969446129177,0.348717948717949,NA,"844252165020504942"
"844252207802405819","C17H19N3O4S","[M + H]+",1,0.633550043128876,143.212087433718,4.48057173369166,138.731515700026,"24","NJXRFXGANNWYRK","CC1=CC=C(C=C1)N(CC2=NCCN2)C3=CC(=CC=C3)OS(=O)(=O)O","[3-[N-(4,5-dihydro-1H-imidazol-2-ylmethyl)-4-methylanilino]phenyl] hydrogen sulfate",2,7,-380.580180342979,0.257309941520468,NA,"844252165020504942"
"844252207802405819","C17H19N3O4S","[M + H]+",1,0.633550043128876,143.212087433718,4.48057173369166,138.731515700026,"24","MQQOMKBMLHBDFG","CC1=NC=CC(=C1)NS(=O)(=O)C2=C(N=CC(=C2)C3=CCOCC3)OC","5-[3,6-dihydro-2H-pyran-4-yl]-2-methoxy-N-[2-methylpyridin-4-yl]pyridine-3-sulfonamide",1,8,-401.822507477019,0.339181286549708,NA,"844252165020504942"
"844252207802405819","C17H19N3O4S","[M + H]+",1,0.633550043128876,143.212087433718,4.48057173369166,138.731515700026,"24","NVAYQDCPVGCOHV","C1CC(N(S(=O)(=O)C1)CC2=CC=C(C=C2)C3=CC=NC=C3)C(=O)NO","(3S)-N-hydroxy-1,1-dioxo-2-[(4-pyridin-4-ylphenyl)methyl]thiazinane-3-carboxamide",0.9,9,-534.103949543554,0.216216216216216,NA,"844252165020504942"
"844252207802405819","C17H19N3O4S","[M + H]+",1,0.633550043128876,143.212087433718,4.48057173369166,138.731515700026,"24","JHQLDSNFXOLZMD","C1CC1C(=O)N2CC3(C2)C4CN(CCN4C(=O)O3)C(=O)C5=CC=CS5","1'-(Cyclopropanecarbonyl)-7-(thiophene-2-carbonyl)spiro[5,6,8,8a-tetrahydro-[1,3]oxazolo[3,4-a]pyrazine-1,3'-azetidine]-3-one",0.5,10,-546.446809772965,0.135964912280702,NA,"844252165020504942"
"844252207802405819","C17H19N3O4S","[M + H]+",1,0.633550043128876,143.212087433718,4.48057173369166,138.731515700026,"24","FPMHRRFSGYKNIU","COC1=CC=C(C=C1)CN2CC3C(C2)OC4=C(C=CC=N4)S(=O)(=O)N3","5-[(4-methoxyphenyl)methyl]-2-oxa-9λ⁶-thia-5,8,14-triazatricyclo[8.4.0.0³,⁷]tetradeca-1(10),11,13-triene-9,9-dione",1.3,11,-558.36050881602,0.28448275862069,NA,"844252165020504942"
"844252207802405819","C17H19N3O4S","[M + H]+",1,0.633550043128876,143.212087433718,4.48057173369166,138.731515700026,"24","ILAMKVUHWSQJHY","COC(=O)C1=CC=C(C=C1)OCC2N(CCS2)C(=O)CN3C=CN=C3","Methyl 4-((3-(1H-imidazol-1-ylacetyl)-2-thiazolidinyl)methoxy)benzoate",1.7,12,-577.398479506276,0.195744680851064,NA,"844252165020504942"
"844252207802405819","C17H19N3O4S","[M + H]+",1,0.633550043128876,143.212087433718,4.48057173369166,138.731515700026,"24","HBLRAJANJGAMFQ","CC(C)CNC(=O)CC1=CSC(=N1)NC(=O)C2=CC3=C(C=C2)OCO3","N-(4-(2-(isobutylamino)-2-oxoethyl)thiazol-2-yl)benzo[d][1,3]dioxole-5-carboxamide",2.5,13,-584.726300038656,0.182186234817814,NA,"844252165020504942"
"844252207802405819","C17H19N3O4S","[M + H]+",1,0.633550043128876,143.212087433718,4.48057173369166,138.731515700026,"24","FZECHKJQHUVANE","CC1(C(N2C(S1)C(C2=O)NC(=O)C(C3=CC=CC=C3)N=C)C(=O)O)C","6-{[1-hydroxy-2-(methylideneamino)-2-phenylethylidene]amino}-3,3-dimethyl-7-oxo-4-thia-1-azabicyclo[3.2.0]heptane-2-carboxylic acid",1.2664139,15,-622.597231551417,0.118959107806691,NA,"844252165020504942"
"844252207802405819","C17H19N3O4S","[M + H]+",1,0.633550043128876,143.212087433718,4.48057173369166,138.731515700026,"24","IVXQTEPGJVXVMS","CCOC1=CC=C(C=C1)NC(=S)NN=C(C)C2=C(C(=C(C=C2)O)O)O","1-(4-ethoxyphenyl)-3-[(E)-1-(2,3,4-trihydroxyphenyl)ethylideneamino]thiourea",2.7,16,-679.17973014109,0.204761904761905,NA,"844252165020504942"
"844252207802405820","C14H20FN3O5S","[M + H]+",2,0.366449956870274,142.664610411074,5.22524056481206,137.439369846262,"24","GGHVBHNNEHVTBO","C1=CC(=CC=C1CNNC(=S)NC2C(C(C(C(O2)CO)O)O)O)F","1-[(4-fluorophenyl)methylamino]-3-[(2R,3R,4S,5S,6R)-3,4,5-trihydroxy-6-(hydroxymethyl)oxan-2-yl]thiourea",-0.8,14,-598.511183262274,0.170731707317073,NA,"844252165020504942"
"844252207802405821","C15H13F2N7O2","[M + H]+",3,8.5008237397375e-13,115.875060581816,2.80791345123291,113.067147130583,"24",NA,NA,NA,NA,NA,NA,NA,NA,"844252165020504942"
"844252207802405822","C13H19N3O9","[M + H]+",4,1.72677517837855e-16,107.373397843725,1.99025738348628,105.383140460239,"24",NA,NA,NA,NA,NA,NA,NA,NA,"844252165020504942"
"844252207802405823","C11H21F2N3O6S","[M + H]+",5,1.68732902583211e-20,98.1399486821056,3.99575332170876,94.1441953603968,"24",NA,NA,NA,NA,NA,NA,NA,NA,"844252165020504942"
"844252207802405824","C12H19F4N3O3S","[M + H]+",6,2.69117010896034e-22,94.0016077592903,5.44097237890796,88.5606353803824,"24",NA,NA,NA,NA,NA,NA,NA,NA,"844252165020504942"
"844252207802405825","C10H16FN9O3S","[M + H]+",7,2.55520137486163e-22,93.9497627120541,4.52162904362182,89.4281336684323,"24",NA,NA,NA,NA,NA,NA,NA,NA,"844252165020504942"
"844252207802405826","C11H20N7O3PS","[M + H]+",8,2.02361915830123e-22,93.7165192463371,5.24343773896993,88.4730815073672,"24",NA,NA,NA,NA,NA,NA,NA,NA,"844252165020504942"
"844252207802405827","C13H22N4O4PS","[M + H]+",9,7.57052044948981e-23,92.7333083991873,5.86470235381261,86.8686060453747,"24",NA,NA,NA,NA,NA,NA,NA,NA,"844252165020504942"
"844252207802405828","C15H18F3N3O2S","[M + H]+",10,4.36335337804851e-23,92.1822874676601,4.962782400582,87.2195050670781,"24",NA,NA,NA,NA,NA,NA,NA,NA,"844252165020504942"
"844252287552902305","C17H19N3O4S","[M + H]+",1,0.824111294872727,109.477631446276,4.83851009401549,104.63912135226,"25","QZVDQETYNOBUPJ","CC1=C[N+](=C(C(=C1OC)C)CS(=O)C2=NC3=C(N2)C=C(C=C3)OC)[O-]","Omeprazole-N-oxide",2.1600971,1,-21.0949548630198,0.9375,0,"844252165024699247"
"844252287552902305","C17H19N3O4S","[M + H]+",1,0.824111294872727,109.477631446276,4.83851009401549,104.63912135226,"25","IXEQEYRTSRFZEO","CC1=CN=C(C(=C1OC)C)CS(=O)(=O)C2=NC3=C(N2)C=C(C=C3)OC","Omeprazole-d3 Sulfone",2.7485034,2,-23.5464179230094,0.9453125,Inf,"844252165024699247"
"844252287552902305","C17H19N3O4S","[M + H]+",1,0.824111294872727,109.477631446276,4.83851009401549,104.63912135226,"25","CMZHQFXXAAIBKE","CC1=C(C(=CN=C1CS(=O)C2=NC3=C(N2)C=C(C=C3)OC)CO)OC",NA,1.6791414,3,-26.1709931847314,0.924242424242424,NA,"844252165024699247"
"844252287552902305","C17H19N3O4S","[M + H]+",1,0.824111294872727,109.477631446276,4.83851009401549,104.63912135226,"25","IGVYIWUGJPECAJ","CC1=CN=C(C(=C1OC)CO)CS(=O)C2=NC3=C(N2)C=C(C=C3)OC","3-Hydroxyomeprazole",1.6791414,4,-32.4942104863896,0.91044776119403,NA,"844252165024699247"
"844252287552902305","C17H19N3O4S","[M + H]+",1,0.824111294872727,109.477631446276,4.83851009401549,104.63912135226,"25","VPFSKKMDDDYYOJ","CC1=CN=C(C(=C1OC)C)CS(=O)C2=NC3=C(N2)C=CC(=C3O)OC","5-methoxy-2-[(R)-(4-methoxy-3,5-dimethylpyridin-2-yl)methylsulfinyl]-1H-benzimidazol-4-ol",2.1978552,5,-253.91658235118,0.719178082191781,NA,"844252165024699247"
"844252287552902305","C17H19N3O4S","[M + H]+",1,0.824111294872727,109.477631446276,4.83851009401549,104.63912135226,"25","NRTYCXOOEJJVDJ","COC1=C(C=C(C=C1)NC(=O)CSC2=NC3=C(CCC3)C(=O)N2)OC","N-(3,4-dimethoxyphenyl)-2-[(4-oxo-4,5,6,7-tetrahydro-3H-cyclopenta[d]pyrimidin-2-yl)thio]acetamide",1.7,6,-423.772383359967,0.352331606217617,NA,"844252165024699247"
"844252287552902305","C17H19N3O4S","[M + H]+",1,0.824111294872727,109.477631446276,4.83851009401549,104.63912135226,"25","NJXRFXGANNWYRK","CC1=CC=C(C=C1)N(CC2=NCCN2)C3=CC(=CC=C3)OS(=O)(=O)O","[3-[N-(4,5-dihydro-1H-imidazol-2-ylmethyl)-4-methylanilino]phenyl] hydrogen sulfate",2,7,-549.522274634751,0.245614035087719,NA,"844252165024699247"
"844252287552902305","C17H19N3O4S","[M + H]+",1,0.824111294872727,109.477631446276,4.83851009401549,104.63912135226,"25","MQQOMKBMLHBDFG","CC1=NC=CC(=C1)NS(=O)(=O)C2=C(N=CC(=C2)C3=CCOCC3)OC","5-[3,6-dihydro-2H-pyran-4-yl]-2-methoxy-N-[2-methylpyridin-4-yl]pyridine-3-sulfonamide",1,8,-561.085742379234,0.319767441860465,NA,"844252165024699247"
"844252287552902305","C17H19N3O4S","[M + H]+",1,0.824111294872727,109.477631446276,4.83851009401549,104.63912135226,"25","HBLRAJANJGAMFQ","CC(C)CNC(=O)CC1=CSC(=N1)NC(=O)C2=CC3=C(C=C2)OCO3","N-(4-(2-(isobutylamino)-2-oxoethyl)thiazol-2-yl)benzo[d][1,3]dioxole-5-carboxamide",2.5,9,-573.419852372623,0.178861788617886,NA,"844252165024699247"
"844252287552902305","C17H19N3O4S","[M + H]+",1,0.824111294872727,109.477631446276,4.83851009401549,104.63912135226,"25","JHQLDSNFXOLZMD","C1CC1C(=O)N2CC3(C2)C4CN(CCN4C(=O)O3)C(=O)C5=CC=CS5","1'-(Cyclopropanecarbonyl)-7-(thiophene-2-carbonyl)spiro[5,6,8,8a-tetrahydro-[1,3]oxazolo[3,4-a]pyrazine-1,3'-azetidine]-3-one",0.5,10,-600.757905423182,0.12719298245614,NA,"844252165024699247"
"844252287552902305","C17H19N3O4S","[M + H]+",1,0.824111294872727,109.477631446276,4.83851009401549,104.63912135226,"25","ILAMKVUHWSQJHY","COC(=O)C1=CC=C(C=C1)OCC2N(CCS2)C(=O)CN3C=CN=C3","Methyl 4-((3-(1H-imidazol-1-ylacetyl)-2-thiazolidinyl)methoxy)benzoate",1.7,11,-617.778124474397,0.192307692307692,NA,"844252165024699247"
"844252287552902305","C17H19N3O4S","[M + H]+",1,0.824111294872727,109.477631446276,4.83851009401549,104.63912135226,"25","FZECHKJQHUVANE","CC1(C(N2C(S1)C(C2=O)NC(=O)C(C3=CC=CC=C3)N=C)C(=O)O)C","6-{[1-hydroxy-2-(methylideneamino)-2-phenylethylidene]amino}-3,3-dimethyl-7-oxo-4-thia-1-azabicyclo[3.2.0]heptane-2-carboxylic acid",1.2664139,12,-639.26139400579,0.111524163568773,NA,"844252165024699247"
"844252287552902305","C17H19N3O4S","[M + H]+",1,0.824111294872727,109.477631446276,4.83851009401549,104.63912135226,"25","NVAYQDCPVGCOHV","C1CC(N(S(=O)(=O)C1)CC2=CC=C(C=C2)C3=CC=NC=C3)C(=O)NO","(3S)-N-hydroxy-1,1-dioxo-2-[(4-pyridin-4-ylphenyl)methyl]thiazinane-3-carboxamide",0.9,13,-647.634377605031,0.201793721973094,NA,"844252165024699247"
"844252287552902305","C17H19N3O4S","[M + H]+",1,0.824111294872727,109.477631446276,4.83851009401549,104.63912135226,"25","FPMHRRFSGYKNIU","COC1=CC=C(C=C1)CN2CC3C(C2)OC4=C(C=CC=N4)S(=O)(=O)N3","5-[(4-methoxyphenyl)methyl]-2-oxa-9λ⁶-thia-5,8,14-triazatricyclo[8.4.0.0³,⁷]tetradeca-1(10),11,13-triene-9,9-dione",1.3,14,-684.373699100094,0.275862068965517,NA,"844252165024699247"
"844252287552902305","C17H19N3O4S","[M + H]+",1,0.824111294872727,109.477631446276,4.83851009401549,104.63912135226,"25","IVXQTEPGJVXVMS","CCOC1=CC=C(C=C1)NC(=S)NN=C(C)C2=C(C(=C(C=C2)O)O)O","1-(4-ethoxyphenyl)-3-[(E)-1-(2,3,4-trihydroxyphenyl)ethylideneamino]thiourea",2.7,15,-736.309956414831,0.21256038647343,NA,"844252165024699247"
"844252287552902306","C14H20FN3O5S","[M + H]+",2,0.175888705109414,107.933177296577,6.47114790253413,101.462029394043,"25","GGHVBHNNEHVTBO","C1=CC(=CC=C1CNNC(=S)NC2C(C(C(C(O2)CO)O)O)O)F","1-[(4-fluorophenyl)methylamino]-3-[(2R,3R,4S,5S,6R)-3,4,5-trihydroxy-6-(hydroxymethyl)oxan-2-yl]thiourea",-0.8,16,-790.193436599233,0.1440329218107,NA,"844252165024699247"
"844252287552902307","C15H13F2N7O2","[M + H]+",3,1.78015582224333e-11,84.919346016,2.09059564169794,82.828750374302,"25",NA,NA,NA,NA,NA,NA,NA,NA,"844252165024699247"
"844252287552902308","C14H17F2N3O6","[M + H]+",4,1.59649767275019e-14,77.9027021114109,3.10608098600723,74.7966211254037,"25",NA,NA,NA,NA,NA,NA,NA,NA,"844252165024699247"
"844252287552902309","C10H16FN9O3S","[M + H]+",5,1.05480623190016e-14,77.4882469195731,6.88021719897559,70.6080297205975,"25",NA,NA,NA,NA,NA,NA,NA,NA,"844252165024699247"
"844252287552902310","C12H19F4N3O3S","[M + H]+",6,6.68058442919052e-15,77.0315102160865,7.54320713430539,69.4883030817811,"25",NA,NA,NA,NA,NA,NA,NA,NA,"844252165024699247"
"844252287552902311","C13H20FN3O6Si","[M + H]+",7,5.93595663907439e-15,76.9133329440654,3.49381309674207,73.4195198473233,"25",NA,NA,NA,NA,NA,NA,NA,NA,"844252165024699247"
"844252287552902312","C11H20N7O3PS","[M + H]+",8,4.54487493728641e-15,76.6463049536673,7.43734902446882,69.2089559291985,"25",NA,NA,NA,NA,NA,NA,NA,NA,"844252165024699247"
"844252287552902313","C11H18F3N3O7","[M + H]+",9,4.23030442603136e-15,76.5745787017626,2.9698640087115,73.6047146930511,"25",NA,NA,NA,NA,NA,NA,NA,NA,"844252165024699247"
"844252287552902314","C16H19N3O5Si","[M + H]+",10,4.08114752066576e-15,76.5386829469015,0,76.5386829469015,"25",NA,NA,NA,NA,NA,NA,NA,NA,"844252165024699247"
"844252204644094877","C17H19N3O4S","[M + H]+",1,0.75702144060092,64.6678713056646,0,64.6678713056646,"26","QZVDQETYNOBUPJ","CC1=C[N+](=C(C(=C1OC)C)CS(=O)C2=NC3=C(N2)C=C(C=C3)OC)[O-]","Omeprazole-N-oxide",2.1600971,1,-33.2079587250587,0.921875,0,"844252165028893552"
"844252204644094877","C17H19N3O4S","[M + H]+",1,0.75702144060092,64.6678713056646,0,64.6678713056646,"26","IXEQEYRTSRFZEO","CC1=CN=C(C(=C1OC)C)CS(=O)(=O)C2=NC3=C(N2)C=C(C=C3)OC","Omeprazole-d3 Sulfone",2.7485034,2,-34.126408213509,0.9296875,Inf,"844252165028893552"
"844252204644094877","C17H19N3O4S","[M + H]+",1,0.75702144060092,64.6678713056646,0,64.6678713056646,"26","CMZHQFXXAAIBKE","CC1=C(C(=CN=C1CS(=O)C2=NC3=C(N2)C=C(C=C3)OC)CO)OC",NA,1.6791414,3,-40.7858979743156,0.909090909090909,NA,"844252165028893552"
"844252204644094877","C17H19N3O4S","[M + H]+",1,0.75702144060092,64.6678713056646,0,64.6678713056646,"26","IGVYIWUGJPECAJ","CC1=CN=C(C(=C1OC)CO)CS(=O)C2=NC3=C(N2)C=C(C=C3)OC","3-Hydroxyomeprazole",1.6791414,4,-43.2779982548646,0.895522388059702,NA,"844252165028893552"
"844252204644094877","C17H19N3O4S","[M + H]+",1,0.75702144060092,64.6678713056646,0,64.6678713056646,"26","VPFSKKMDDDYYOJ","CC1=CN=C(C(=C1OC)C)CS(=O)C2=NC3=C(N2)C=CC(=C3O)OC","5-methoxy-2-[(R)-(4-methoxy-3,5-dimethylpyridin-2-yl)methylsulfinyl]-1H-benzimidazol-4-ol",2.1978552,5,-224.57829061806,0.717241379310345,NA,"844252165028893552"
"844252204644094877","C17H19N3O4S","[M + H]+",1,0.75702144060092,64.6678713056646,0,64.6678713056646,"26","NRTYCXOOEJJVDJ","COC1=C(C=C(C=C1)NC(=O)CSC2=NC3=C(CCC3)C(=O)N2)OC","N-(3,4-dimethoxyphenyl)-2-[(4-oxo-4,5,6,7-tetrahydro-3H-cyclopenta[d]pyrimidin-2-yl)thio]acetamide",1.7,6,-280.104059683671,0.348958333333333,NA,"844252165028893552"
"844252204644094877","C17H19N3O4S","[M + H]+",1,0.75702144060092,64.6678713056646,0,64.6678713056646,"26","NJXRFXGANNWYRK","CC1=CC=C(C=C1)N(CC2=NCCN2)C3=CC(=CC=C3)OS(=O)(=O)O","[3-[N-(4,5-dihydro-1H-imidazol-2-ylmethyl)-4-methylanilino]phenyl] hydrogen sulfate",2,7,-417.89157021568,0.248520710059172,NA,"844252165028893552"
"844252204644094877","C17H19N3O4S","[M + H]+",1,0.75702144060092,64.6678713056646,0,64.6678713056646,"26","MQQOMKBMLHBDFG","CC1=NC=CC(=C1)NS(=O)(=O)C2=C(N=CC(=C2)C3=CCOCC3)OC","5-[3,6-dihydro-2H-pyran-4-yl]-2-methoxy-N-[2-methylpyridin-4-yl]pyridine-3-sulfonamide",1,8,-449.060830248497,0.323529411764706,NA,"844252165028893552"
"844252204644094877","C17H19N3O4S","[M + H]+",1,0.75702144060092,64.6678713056646,0,64.6678713056646,"26","HBLRAJANJGAMFQ","CC(C)CNC(=O)CC1=CSC(=N1)NC(=O)C2=CC3=C(C=C2)OCO3","N-(4-(2-(isobutylamino)-2-oxoethyl)thiazol-2-yl)benzo[d][1,3]dioxole-5-carboxamide",2.5,10,-581.112923919579,0.180327868852459,NA,"844252165028893552"
"844252204644094877","C17H19N3O4S","[M + H]+",1,0.75702144060092,64.6678713056646,0,64.6678713056646,"26","ILAMKVUHWSQJHY","COC(=O)C1=CC=C(C=C1)OCC2N(CCS2)C(=O)CN3C=CN=C3","Methyl 4-((3-(1H-imidazol-1-ylacetyl)-2-thiazolidinyl)methoxy)benzoate",1.7,11,-591.630671937448,0.193965517241379,NA,"844252165028893552"
"844252204644094877","C17H19N3O4S","[M + H]+",1,0.75702144060092,64.6678713056646,0,64.6678713056646,"26","NVAYQDCPVGCOHV","C1CC(N(S(=O)(=O)C1)CC2=CC=C(C=C2)C3=CC=NC=C3)C(=O)NO","(3S)-N-hydroxy-1,1-dioxo-2-[(4-pyridin-4-ylphenyl)methyl]thiazinane-3-carboxamide",0.9,12,-602.029372008909,0.203619909502262,NA,"844252165028893552"
"844252204644094877","C17H19N3O4S","[M + H]+",1,0.75702144060092,64.6678713056646,0,64.6678713056646,"26","FPMHRRFSGYKNIU","COC1=CC=C(C=C1)CN2CC3C(C2)OC4=C(C=CC=N4)S(=O)(=O)N3","5-[(4-methoxyphenyl)methyl]-2-oxa-9λ⁶-thia-5,8,14-triazatricyclo[8.4.0.0³,⁷]tetradeca-1(10),11,13-triene-9,9-dione",1.3,13,-614.069365156134,0.272727272727273,NA,"844252165028893552"
"844252204644094877","C17H19N3O4S","[M + H]+",1,0.75702144060092,64.6678713056646,0,64.6678713056646,"26","JHQLDSNFXOLZMD","C1CC1C(=O)N2CC3(C2)C4CN(CCN4C(=O)O3)C(=O)C5=CC=CS5","1'-(Cyclopropanecarbonyl)-7-(thiophene-2-carbonyl)spiro[5,6,8,8a-tetrahydro-[1,3]oxazolo[3,4-a]pyrazine-1,3'-azetidine]-3-one",0.5,14,-616.830846337587,0.128318584070796,NA,"844252165028893552"
"844252204644094877","C17H19N3O4S","[M + H]+",1,0.75702144060092,64.6678713056646,0,64.6678713056646,"26","IVXQTEPGJVXVMS","CCOC1=CC=C(C=C1)NC(=S)NN=C(C)C2=C(C(=C(C=C2)O)O)O","1-(4-ethoxyphenyl)-3-[(E)-1-(2,3,4-trihydroxyphenyl)ethylideneamino]thiourea",2.7,15,-658.768425241678,0.214634146341463,NA,"844252165028893552"
"844252204644094877","C17H19N3O4S","[M + H]+",1,0.75702144060092,64.6678713056646,0,64.6678713056646,"26","FZECHKJQHUVANE","CC1(C(N2C(S1)C(C2=O)NC(=O)C(C3=CC=CC=C3)N=C)C(=O)O)C","6-{[1-hydroxy-2-(methylideneamino)-2-phenylethylidene]amino}-3,3-dimethyl-7-oxo-4-thia-1-azabicyclo[3.2.0]heptane-2-carboxylic acid",1.2664139,16,-706.30466561795,0.112359550561798,NA,"844252165028893552"
"844252204644094878","C14H20FN3O5S","[M + H]+",2,0.230572123789642,63.4790434444762,0,63.4790434444762,"26","GGHVBHNNEHVTBO","C1=CC(=CC=C1CNNC(=S)NC2C(C(C(C(O2)CO)O)O)O)F","1-[(4-fluorophenyl)methylamino]-3-[(2R,3R,4S,5S,6R)-3,4,5-trihydroxy-6-(hydroxymethyl)oxan-2-yl]thiourea",-0.8,9,-538.535061073152,0.206185567010309,NA,"844252165028893552"
"844252204644094879","C16H24ClNO4S","[M + H]+",3,0.0110719440128271,60.442894071727,0,60.442894071727,"26",NA,NA,NA,NA,NA,NA,NA,NA,"844252165028893552"
"844252204644094880","C14H22ClN4O3S","[M + H]+",4,0.000866840124135197,57.8955790090757,0,57.8955790090757,"26",NA,NA,NA,NA,NA,NA,NA,NA,"844252165028893552"
"844252204644094881","C15H13F2N7O2","[M + H]+",5,0.000387972146452375,57.0916580000799,2.71150198889895,54.3801560111809,"26",NA,NA,NA,NA,NA,NA,NA,NA,"844252165028893552"
"844252204644094882","C14H17F2N3O6","[M + H]+",6,2.44331016247189e-05,54.3266632874075,3.43866235018398,50.8880009372235,"26",NA,NA,NA,NA,NA,NA,NA,NA,"844252165028893552"
"844252204644094883","C11H18F3N3O7","[M + H]+",7,1.61589545482216e-05,53.9131988077294,2.46551137534274,51.4476874323866,"26",NA,NA,NA,NA,NA,NA,NA,NA,"844252165028893552"
"844252204644094884","C9H15N9O7","[M + H]+",8,1.19031090269053e-05,53.6075240792868,1.89913076662442,51.7083933126624,"26",NA,NA,NA,NA,NA,NA,NA,NA,"844252165028893552"
"844252204644094885","C14H16BClN6O3","[M + H]+",9,1.18520453969421e-05,53.6032249105504,0,53.6032249105504,"26",NA,NA,NA,NA,NA,NA,NA,NA,"844252165028893552"
"844252204644094886","C11H19BN4O7S","[M + H]+",10,2.93788645200071e-06,52.2084148794725,0,52.2084148794725,"26",NA,NA,NA,NA,NA,NA,NA,NA,"844252165028893552"
"844252287208969367","C17H19N3O4S","[M + H]+",1,0.903767721682834,141.939348390858,5.26845004478417,136.670898346074,"27","IXEQEYRTSRFZEO","CC1=CN=C(C(=C1OC)C)CS(=O)(=O)C2=NC3=C(N2)C=C(C=C3)OC","Omeprazole-d3 Sulfone",2.7485034,1,-16.540472689555,0.968503937007874,0,"844252165033087857"
"844252287208969367","C17H19N3O4S","[M + H]+",1,0.903767721682834,141.939348390858,5.26845004478417,136.670898346074,"27","QZVDQETYNOBUPJ","CC1=C[N+](=C(C(=C1OC)C)CS(=O)C2=NC3=C(N2)C=C(C=C3)OC)[O-]","Omeprazole-N-oxide",2.1600971,2,-36.1138522096869,0.915384615384615,Inf,"844252165033087857"
"844252287208969367","C17H19N3O4S","[M + H]+",1,0.903767721682834,141.939348390858,5.26845004478417,136.670898346074,"27","CMZHQFXXAAIBKE","CC1=C(C(=CN=C1CS(=O)C2=NC3=C(N2)C=C(C=C3)OC)CO)OC",NA,1.6791414,3,-74.00820582399,0.861313868613139,NA,"844252165033087857"
"844252287208969367","C17H19N3O4S","[M + H]+",1,0.903767721682834,141.939348390858,5.26845004478417,136.670898346074,"27","IGVYIWUGJPECAJ","CC1=CN=C(C(=C1OC)CO)CS(=O)C2=NC3=C(N2)C=C(C=C3)OC","3-Hydroxyomeprazole",1.6791414,4,-85.2403975451418,0.848920863309353,NA,"844252165033087857"
"844252287208969367","C17H19N3O4S","[M + H]+",1,0.903767721682834,141.939348390858,5.26845004478417,136.670898346074,"27","VPFSKKMDDDYYOJ","CC1=CN=C(C(=C1OC)C)CS(=O)C2=NC3=C(N2)C=CC(=C3O)OC","5-methoxy-2-[(R)-(4-methoxy-3,5-dimethylpyridin-2-yl)methylsulfinyl]-1H-benzimidazol-4-ol",2.1978552,5,-202.378686511838,0.702702702702703,NA,"844252165033087857"
"844252287208969367","C17H19N3O4S","[M + H]+",1,0.903767721682834,141.939348390858,5.26845004478417,136.670898346074,"27","NRTYCXOOEJJVDJ","COC1=C(C=C(C=C1)NC(=O)CSC2=NC3=C(CCC3)C(=O)N2)OC","N-(3,4-dimethoxyphenyl)-2-[(4-oxo-4,5,6,7-tetrahydro-3H-cyclopenta[d]pyrimidin-2-yl)thio]acetamide",1.7,6,-295.821071771166,0.350515463917526,NA,"844252165033087857"
"844252287208969367","C17H19N3O4S","[M + H]+",1,0.903767721682834,141.939348390858,5.26845004478417,136.670898346074,"27","NJXRFXGANNWYRK","CC1=CC=C(C=C1)N(CC2=NCCN2)C3=CC(=CC=C3)OS(=O)(=O)O","[3-[N-(4,5-dihydro-1H-imidazol-2-ylmethyl)-4-methylanilino]phenyl] hydrogen sulfate",2,7,-348.678687792715,0.258823529411765,NA,"844252165033087857"
"844252287208969367","C17H19N3O4S","[M + H]+",1,0.903767721682834,141.939348390858,5.26845004478417,136.670898346074,"27","MQQOMKBMLHBDFG","CC1=NC=CC(=C1)NS(=O)(=O)C2=C(N=CC(=C2)C3=CCOCC3)OC","5-[3,6-dihydro-2H-pyran-4-yl]-2-methoxy-N-[2-methylpyridin-4-yl]pyridine-3-sulfonamide",1,8,-367.942528848811,0.341176470588235,NA,"844252165033087857"
"844252287208969367","C17H19N3O4S","[M + H]+",1,0.903767721682834,141.939348390858,5.26845004478417,136.670898346074,"27","NVAYQDCPVGCOHV","C1CC(N(S(=O)(=O)C1)CC2=CC=C(C=C2)C3=CC=NC=C3)C(=O)NO","(3S)-N-hydroxy-1,1-dioxo-2-[(4-pyridin-4-ylphenyl)methyl]thiazinane-3-carboxamide",0.9,9,-527.065463160545,0.217194570135747,NA,"844252165033087857"
"844252287208969367","C17H19N3O4S","[M + H]+",1,0.903767721682834,141.939348390858,5.26845004478417,136.670898346074,"27","JHQLDSNFXOLZMD","C1CC1C(=O)N2CC3(C2)C4CN(CCN4C(=O)O3)C(=O)C5=CC=CS5","1'-(Cyclopropanecarbonyl)-7-(thiophene-2-carbonyl)spiro[5,6,8,8a-tetrahydro-[1,3]oxazolo[3,4-a]pyrazine-1,3'-azetidine]-3-one",0.5,10,-543.242174508278,0.136563876651982,NA,"844252165033087857"
"844252287208969367","C17H19N3O4S","[M + H]+",1,0.903767721682834,141.939348390858,5.26845004478417,136.670898346074,"27","FPMHRRFSGYKNIU","COC1=CC=C(C=C1)CN2CC3C(C2)OC4=C(C=CC=N4)S(=O)(=O)N3","5-[(4-methoxyphenyl)methyl]-2-oxa-9λ⁶-thia-5,8,14-triazatricyclo[8.4.0.0³,⁷]tetradeca-1(10),11,13-triene-9,9-dione",1.3,11,-543.792016296096,0.285714285714286,NA,"844252165033087857"
"844252287208969367","C17H19N3O4S","[M + H]+",1,0.903767721682834,141.939348390858,5.26845004478417,136.670898346074,"27","HBLRAJANJGAMFQ","CC(C)CNC(=O)CC1=CSC(=N1)NC(=O)C2=CC3=C(C=C2)OCO3","N-(4-(2-(isobutylamino)-2-oxoethyl)thiazol-2-yl)benzo[d][1,3]dioxole-5-carboxamide",2.5,12,-572.282428557224,0.182926829268293,NA,"844252165033087857"
"844252287208969367","C17H19N3O4S","[M + H]+",1,0.903767721682834,141.939348390858,5.26845004478417,136.670898346074,"27","ILAMKVUHWSQJHY","COC(=O)C1=CC=C(C=C1)OCC2N(CCS2)C(=O)CN3C=CN=C3","Methyl 4-((3-(1H-imidazol-1-ylacetyl)-2-thiazolidinyl)methoxy)benzoate",1.7,13,-576.851724278884,0.196581196581197,NA,"844252165033087857"
"844252287208969367","C17H19N3O4S","[M + H]+",1,0.903767721682834,141.939348390858,5.26845004478417,136.670898346074,"27","FZECHKJQHUVANE","CC1(C(N2C(S1)C(C2=O)NC(=O)C(C3=CC=CC=C3)N=C)C(=O)O)C","6-{[1-hydroxy-2-(methylideneamino)-2-phenylethylidene]amino}-3,3-dimethyl-7-oxo-4-thia-1-azabicyclo[3.2.0]heptane-2-carboxylic acid",1.2664139,15,-626.126388782849,0.119402985074627,NA,"844252165033087857"
"844252287208969367","C17H19N3O4S","[M + H]+",1,0.903767721682834,141.939348390858,5.26845004478417,136.670898346074,"27","IVXQTEPGJVXVMS","CCOC1=CC=C(C=C1)NC(=S)NN=C(C)C2=C(C(=C(C=C2)O)O)O","1-(4-ethoxyphenyl)-3-[(E)-1-(2,3,4-trihydroxyphenyl)ethylideneamino]thiourea",2.7,16,-666.007575543085,0.205741626794258,NA,"844252165033087857"
"844252287208969368","C14H20FN3O5S","[M + H]+",2,0.0962322783170704,139.699540843357,5.10522494334073,134.594315900017,"27","GGHVBHNNEHVTBO","C1=CC(=CC=C1CNNC(=S)NC2C(C(C(C(O2)CO)O)O)O)F","1-[(4-fluorophenyl)methylamino]-3-[(2R,3R,4S,5S,6R)-3,4,5-trihydroxy-6-(hydroxymethyl)oxan-2-yl]thiourea",-0.8,14,-589.532016346111,0.179487179487179,NA,"844252165033087857"
"844252287208969369","C15H13F2N7O2","[M + H]+",3,9.22887824384991e-14,112.026677493007,3.21284074509461,108.813836747912,"27",NA,NA,NA,NA,NA,NA,NA,NA,"844252165033087857"
"844252287208969370","C20H15N3O4","[M + H]+",4,3.31270082467597e-15,108.699518708386,0.446680128468083,108.252838579918,"27",NA,NA,NA,NA,NA,NA,NA,NA,"844252165033087857"
"844252287208969371","C13H19N3O9","[M + H]+",5,6.49866191533326e-18,102.465595910143,1.50315484580468,100.962441064338,"27",NA,NA,NA,NA,NA,NA,NA,NA,"844252165033087857"
"844252287208969372","C11H21F2N3O6S","[M + H]+",6,1.98121127378651e-21,94.3699527467288,3.06691115732175,91.303041589407,"27",NA,NA,NA,NA,NA,NA,NA,NA,"844252165033087857"
"844252287208969373","C22H16FNO3","[M + H]+",7,1.65263000440297e-21,94.1886122956277,0,94.1886122956277,"27",NA,NA,NA,NA,NA,NA,NA,NA,"844252165033087857"
"844252287208969374","C19H17F2NO4","[M + H]+",8,4.06516299694713e-22,92.786113081482,1.28497177518022,91.5011413063018,"27",NA,NA,NA,NA,NA,NA,NA,NA,"844252165033087857"
"844252287208969375","C14H21F2N3O2SSi","[M + H]+",9,6.44957772507585e-23,90.9450888083261,1.79319145986543,89.1518973484607,"27",NA,NA,NA,NA,NA,NA,NA,NA,"844252165033087857"
"844252287208969376","C25H15NO2","[M + H]+",10,3.41262366850792e-23,90.3085555483523,0,90.3085555483523,"27",NA,NA,NA,NA,NA,NA,NA,NA,"844252165033087857"
"844252218594350031","C17H19N3O4S","[M + H]+",1,0.961645779376252,124.734253482876,5.76078255231014,118.973470930566,"28","IXEQEYRTSRFZEO","CC1=CN=C(C(=C1OC)C)CS(=O)(=O)C2=NC3=C(N2)C=C(C=C3)OC","Omeprazole-d3 Sulfone",2.7485034,1,-18.2543889217469,0.9453125,0,"844252165037282162"
"844252218594350031","C17H19N3O4S","[M + H]+",1,0.961645779376252,124.734253482876,5.76078255231014,118.973470930566,"28","QZVDQETYNOBUPJ","CC1=C[N+](=C(C(=C1OC)C)CS(=O)C2=NC3=C(N2)C=C(C=C3)OC)[O-]","Omeprazole-N-oxide",2.1600971,2,-18.4530973884526,0.9375,Inf,"844252165037282162"
"844252218594350031","C17H19N3O4S","[M + H]+",1,0.961645779376252,124.734253482876,5.76078255231014,118.973470930566,"28","CMZHQFXXAAIBKE","CC1=C(C(=CN=C1CS(=O)C2=NC3=C(N2)C=C(C=C3)OC)CO)OC",NA,1.6791414,3,-29.2992348010428,0.924242424242424,NA,"844252165037282162"
"844252218594350031","C17H19N3O4S","[M + H]+",1,0.961645779376252,124.734253482876,5.76078255231014,118.973470930566,"28","IGVYIWUGJPECAJ","CC1=CN=C(C(=C1OC)CO)CS(=O)C2=NC3=C(N2)C=C(C=C3)OC","3-Hydroxyomeprazole",1.6791414,4,-35.525397230981,0.91044776119403,NA,"844252165037282162"
"844252218594350031","C17H19N3O4S","[M + H]+",1,0.961645779376252,124.734253482876,5.76078255231014,118.973470930566,"28","VPFSKKMDDDYYOJ","CC1=CN=C(C(=C1OC)C)CS(=O)C2=NC3=C(N2)C=CC(=C3O)OC","5-methoxy-2-[(R)-(4-methoxy-3,5-dimethylpyridin-2-yl)methylsulfinyl]-1H-benzimidazol-4-ol",2.1978552,5,-247.273474018055,0.719178082191781,NA,"844252165037282162"
"844252218594350031","C17H19N3O4S","[M + H]+",1,0.961645779376252,124.734253482876,5.76078255231014,118.973470930566,"28","NRTYCXOOEJJVDJ","COC1=C(C=C(C=C1)NC(=O)CSC2=NC3=C(CCC3)C(=O)N2)OC","N-(3,4-dimethoxyphenyl)-2-[(4-oxo-4,5,6,7-tetrahydro-3H-cyclopenta[d]pyrimidin-2-yl)thio]acetamide",1.7,6,-408.552789306559,0.352331606217617,NA,"844252165037282162"
"844252218594350031","C17H19N3O4S","[M + H]+",1,0.961645779376252,124.734253482876,5.76078255231014,118.973470930566,"28","NJXRFXGANNWYRK","CC1=CC=C(C=C1)N(CC2=NCCN2)C3=CC(=CC=C3)OS(=O)(=O)O","[3-[N-(4,5-dihydro-1H-imidazol-2-ylmethyl)-4-methylanilino]phenyl] hydrogen sulfate",2,7,-534.021014492146,0.245614035087719,NA,"844252165037282162"
"844252218594350031","C17H19N3O4S","[M + H]+",1,0.961645779376252,124.734253482876,5.76078255231014,118.973470930566,"28","MQQOMKBMLHBDFG","CC1=NC=CC(=C1)NS(=O)(=O)C2=C(N=CC(=C2)C3=CCOCC3)OC","5-[3,6-dihydro-2H-pyran-4-yl]-2-methoxy-N-[2-methylpyridin-4-yl]pyridine-3-sulfonamide",1,8,-541.64117705181,0.319767441860465,NA,"844252165037282162"
"844252218594350031","C17H19N3O4S","[M + H]+",1,0.961645779376252,124.734253482876,5.76078255231014,118.973470930566,"28","HBLRAJANJGAMFQ","CC(C)CNC(=O)CC1=CSC(=N1)NC(=O)C2=CC3=C(C=C2)OCO3","N-(4-(2-(isobutylamino)-2-oxoethyl)thiazol-2-yl)benzo[d][1,3]dioxole-5-carboxamide",2.5,9,-570.171672979029,0.178861788617886,NA,"844252165037282162"
"844252218594350031","C17H19N3O4S","[M + H]+",1,0.961645779376252,124.734253482876,5.76078255231014,118.973470930566,"28","JHQLDSNFXOLZMD","C1CC1C(=O)N2CC3(C2)C4CN(CCN4C(=O)O3)C(=O)C5=CC=CS5","1'-(Cyclopropanecarbonyl)-7-(thiophene-2-carbonyl)spiro[5,6,8,8a-tetrahydro-[1,3]oxazolo[3,4-a]pyrazine-1,3'-azetidine]-3-one",0.5,10,-590.974578040927,0.12719298245614,NA,"844252165037282162"
"844252218594350031","C17H19N3O4S","[M + H]+",1,0.961645779376252,124.734253482876,5.76078255231014,118.973470930566,"28","ILAMKVUHWSQJHY","COC(=O)C1=CC=C(C=C1)OCC2N(CCS2)C(=O)CN3C=CN=C3","Methyl 4-((3-(1H-imidazol-1-ylacetyl)-2-thiazolidinyl)methoxy)benzoate",1.7,11,-610.116545470172,0.192307692307692,NA,"844252165037282162"
"844252218594350031","C17H19N3O4S","[M + H]+",1,0.961645779376252,124.734253482876,5.76078255231014,118.973470930566,"28","FZECHKJQHUVANE","CC1(C(N2C(S1)C(C2=O)NC(=O)C(C3=CC=CC=C3)N=C)C(=O)O)C","6-{[1-hydroxy-2-(methylideneamino)-2-phenylethylidene]amino}-3,3-dimethyl-7-oxo-4-thia-1-azabicyclo[3.2.0]heptane-2-carboxylic acid",1.2664139,12,-636.670661524465,0.111524163568773,NA,"844252165037282162"
"844252218594350031","C17H19N3O4S","[M + H]+",1,0.961645779376252,124.734253482876,5.76078255231014,118.973470930566,"28","NVAYQDCPVGCOHV","C1CC(N(S(=O)(=O)C1)CC2=CC=C(C=C2)C3=CC=NC=C3)C(=O)NO","(3S)-N-hydroxy-1,1-dioxo-2-[(4-pyridin-4-ylphenyl)methyl]thiazinane-3-carboxamide",0.9,13,-637.657070426868,0.201793721973094,NA,"844252165037282162"
"844252218594350031","C17H19N3O4S","[M + H]+",1,0.961645779376252,124.734253482876,5.76078255231014,118.973470930566,"28","FPMHRRFSGYKNIU","COC1=CC=C(C=C1)CN2CC3C(C2)OC4=C(C=CC=N4)S(=O)(=O)N3","5-[(4-methoxyphenyl)methyl]-2-oxa-9λ⁶-thia-5,8,14-triazatricyclo[8.4.0.0³,⁷]tetradeca-1(10),11,13-triene-9,9-dione",1.3,14,-673.098161190169,0.275862068965517,NA,"844252165037282162"
"844252218594350031","C17H19N3O4S","[M + H]+",1,0.961645779376252,124.734253482876,5.76078255231014,118.973470930566,"28","IVXQTEPGJVXVMS","CCOC1=CC=C(C=C1)NC(=S)NN=C(C)C2=C(C(=C(C=C2)O)O)O","1-(4-ethoxyphenyl)-3-[(E)-1-(2,3,4-trihydroxyphenyl)ethylideneamino]thiourea",2.7,15,-736.718134471872,0.21256038647343,NA,"844252165037282162"
"844252218594350032","C14H20FN3O5S","[M + H]+",2,0.0383542204118368,121.512471884334,5.43214127104026,116.080330613294,"28","GGHVBHNNEHVTBO","C1=CC(=CC=C1CNNC(=S)NC2C(C(C(C(O2)CO)O)O)O)F","1-[(4-fluorophenyl)methylamino]-3-[(2R,3R,4S,5S,6R)-3,4,5-trihydroxy-6-(hydroxymethyl)oxan-2-yl]thiourea",-0.8,16,-750.979588849179,0.144628099173554,NA,"844252165037282162"
"844252218594350033","C15H13F2N7O2","[M + H]+",3,2.11909171347941e-10,102.498499221606,3.20541920775667,99.2930800138494,"28",NA,NA,NA,NA,NA,NA,NA,NA,"844252165037282162"
"844252218594350034","C16H19N3O5Si","[M + H]+",4,1.5038782725567e-15,90.6426334832474,3.24521145683439,87.397422026413,"28",NA,NA,NA,NA,NA,NA,NA,NA,"844252165037282162"
"844252218594350035","C13H20FN3O6Si","[M + H]+",5,4.74696153511886e-16,89.4895058403502,4.8286838440327,84.6608219963175,"28",NA,NA,NA,NA,NA,NA,NA,NA,"844252165037282162"
"844252218594350036","C19H17F2NO4","[M + H]+",6,3.09254264292826e-16,89.0609947181349,1.57007433397384,87.490920384161,"28",NA,NA,NA,NA,NA,NA,NA,NA,"844252165037282162"
"844252218594350037","C14H17F2N3O6","[M + H]+",7,3.04138442975471e-16,89.0443139200788,2.80056617765411,86.2437477424247,"28",NA,NA,NA,NA,NA,NA,NA,NA,"844252165037282162"
"844252218594350038","C20H15N3O4","[M + H]+",8,1.52818593710899e-17,86.053497380738,0.580838272053981,85.472659108684,"28",NA,NA,NA,NA,NA,NA,NA,NA,"844252165037282162"
"844252218594350039","C15H24NO5PS","[M + H]+",9,1.28007529385241e-17,85.8763349103309,5.17048827924606,80.7058466310849,"28",NA,NA,NA,NA,NA,NA,NA,NA,"844252165037282162"
"844252218594350040","C10H16FN9O3S","[M + H]+",10,1.20660865425094e-17,85.8172296702335,3.39084296040404,82.4263867098294,"28",NA,NA,NA,NA,NA,NA,NA,NA,"844252165037282162"
"844252248852059187","C17H19N3O4S","[M + H]+",1,0.907334299574227,125.681138122834,3.80859310322145,121.872545019612,"29","QZVDQETYNOBUPJ","CC1=C[N+](=C(C(=C1OC)C)CS(=O)C2=NC3=C(N2)C=C(C=C3)OC)[O-]","Omeprazole-N-oxide",2.1600971,1,-18.1096657992171,0.94488188976378,0,"844252165041476467"
"844252248852059187","C17H19N3O4S","[M + H]+",1,0.907334299574227,125.681138122834,3.80859310322145,121.872545019612,"29","IXEQEYRTSRFZEO","CC1=CN=C(C(=C1OC)C)CS(=O)(=O)C2=NC3=C(N2)C=C(C=C3)OC","Omeprazole-d3 Sulfone",2.7485034,2,-21.5247587696742,0.9375,Inf,"844252165041476467"
"844252248852059187","C17H19N3O4S","[M + H]+",1,0.907334299574227,125.681138122834,3.80859310322145,121.872545019612,"29","CMZHQFXXAAIBKE","CC1=C(C(=CN=C1CS(=O)C2=NC3=C(N2)C=C(C=C3)OC)CO)OC",NA,1.6791414,3,-36.9625431365992,0.902255639097744,NA,"844252165041476467"
"844252248852059187","C17H19N3O4S","[M + H]+",1,0.907334299574227,125.681138122834,3.80859310322145,121.872545019612,"29","IGVYIWUGJPECAJ","CC1=CN=C(C(=C1OC)CO)CS(=O)C2=NC3=C(N2)C=C(C=C3)OC","3-Hydroxyomeprazole",1.6791414,4,-39.4495583396257,0.888888888888889,NA,"844252165041476467"
"844252248852059187","C17H19N3O4S","[M + H]+",1,0.907334299574227,125.681138122834,3.80859310322145,121.872545019612,"29","VPFSKKMDDDYYOJ","CC1=CN=C(C(=C1OC)C)CS(=O)C2=NC3=C(N2)C=CC(=C3O)OC","5-methoxy-2-[(R)-(4-methoxy-3,5-dimethylpyridin-2-yl)methylsulfinyl]-1H-benzimidazol-4-ol",2.1978552,5,-225.485197394271,0.712328767123288,NA,"844252165041476467"
"844252248852059187","C17H19N3O4S","[M + H]+",1,0.907334299574227,125.681138122834,3.80859310322145,121.872545019612,"29","NRTYCXOOEJJVDJ","COC1=C(C=C(C=C1)NC(=O)CSC2=NC3=C(CCC3)C(=O)N2)OC","N-(3,4-dimethoxyphenyl)-2-[(4-oxo-4,5,6,7-tetrahydro-3H-cyclopenta[d]pyrimidin-2-yl)thio]acetamide",1.7,8,-349.830128251253,0.347150259067358,NA,"844252165041476467"
"844252248852059187","C17H19N3O4S","[M + H]+",1,0.907334299574227,125.681138122834,3.80859310322145,121.872545019612,"29","MQQOMKBMLHBDFG","CC1=NC=CC(=C1)NS(=O)(=O)C2=C(N=CC(=C2)C3=CCOCC3)OC","5-[3,6-dihydro-2H-pyran-4-yl]-2-methoxy-N-[2-methylpyridin-4-yl]pyridine-3-sulfonamide",1,18,-438.218353851884,0.321637426900585,NA,"844252165041476467"
"844252248852059187","C17H19N3O4S","[M + H]+",1,0.907334299574227,125.681138122834,3.80859310322145,121.872545019612,"29","NJXRFXGANNWYRK","CC1=CC=C(C=C1)N(CC2=NCCN2)C3=CC(=CC=C3)OS(=O)(=O)O","[3-[N-(4,5-dihydro-1H-imidazol-2-ylmethyl)-4-methylanilino]phenyl] hydrogen sulfate",2,19,-443.499938657466,0.247058823529412,NA,"844252165041476467"
"844252248852059187","C17H19N3O4S","[M + H]+",1,0.907334299574227,125.681138122834,3.80859310322145,121.872545019612,"29","NVAYQDCPVGCOHV","C1CC(N(S(=O)(=O)C1)CC2=CC=C(C=C2)C3=CC=NC=C3)C(=O)NO","(3S)-N-hydroxy-1,1-dioxo-2-[(4-pyridin-4-ylphenyl)methyl]thiazinane-3-carboxamide",0.9,30,-590.602152456736,0.202702702702703,NA,"844252165041476467"
"844252248852059187","C17H19N3O4S","[M + H]+",1,0.907334299574227,125.681138122834,3.80859310322145,121.872545019612,"29","ILAMKVUHWSQJHY","COC(=O)C1=CC=C(C=C1)OCC2N(CCS2)C(=O)CN3C=CN=C3","Methyl 4-((3-(1H-imidazol-1-ylacetyl)-2-thiazolidinyl)methoxy)benzoate",1.7,31,-597.059530003872,0.1931330472103,NA,"844252165041476467"
"844252248852059187","C17H19N3O4S","[M + H]+",1,0.907334299574227,125.681138122834,3.80859310322145,121.872545019612,"29","HBLRAJANJGAMFQ","CC(C)CNC(=O)CC1=CSC(=N1)NC(=O)C2=CC3=C(C=C2)OCO3","N-(4-(2-(isobutylamino)-2-oxoethyl)thiazol-2-yl)benzo[d][1,3]dioxole-5-carboxamide",2.5,32,-597.91245803154,0.179591836734694,NA,"844252165041476467"
"844252248852059187","C17H19N3O4S","[M + H]+",1,0.907334299574227,125.681138122834,3.80859310322145,121.872545019612,"29","JHQLDSNFXOLZMD","C1CC1C(=O)N2CC3(C2)C4CN(CCN4C(=O)O3)C(=O)C5=CC=CS5","1'-(Cyclopropanecarbonyl)-7-(thiophene-2-carbonyl)spiro[5,6,8,8a-tetrahydro-[1,3]oxazolo[3,4-a]pyrazine-1,3'-azetidine]-3-one",0.5,34,-603.837079782027,0.127753303964758,NA,"844252165041476467"
"844252248852059187","C17H19N3O4S","[M + H]+",1,0.907334299574227,125.681138122834,3.80859310322145,121.872545019612,"29","FPMHRRFSGYKNIU","COC1=CC=C(C=C1)CN2CC3C(C2)OC4=C(C=CC=N4)S(=O)(=O)N3","5-[(4-methoxyphenyl)methyl]-2-oxa-9λ⁶-thia-5,8,14-triazatricyclo[8.4.0.0³,⁷]tetradeca-1(10),11,13-triene-9,9-dione",1.3,35,-609.400448444833,0.271551724137931,NA,"844252165041476467"
"844252248852059187","C17H19N3O4S","[M + H]+",1,0.907334299574227,125.681138122834,3.80859310322145,121.872545019612,"29","AQWQARACBBXMKO","COC(=O)C1C(C2CN3C(=O)C=CC=C3C1N2CC4=NC=CS4)CO","methyl (1R,9S,10S,11S)-10-(hydroxymethyl)-6-oxo-12-(1,3-thiazol-2-ylmethyl)-7,12-diazatricyclo[7.2.1.02,7]dodeca-2,4-diene-11-carboxylate",-0.1,36,-680.185487413033,0.205882352941176,NA,"844252165041476467"
"844252248852059187","C17H19N3O4S","[M + H]+",1,0.907334299574227,125.681138122834,3.80859310322145,121.872545019612,"29","FZECHKJQHUVANE","CC1(C(N2C(S1)C(C2=O)NC(=O)C(C3=CC=CC=C3)N=C)C(=O)O)C","6-{[1-hydroxy-2-(methylideneamino)-2-phenylethylidene]amino}-3,3-dimethyl-7-oxo-4-thia-1-azabicyclo[3.2.0]heptane-2-carboxylic acid",1.2664139,37,-684.359281320472,0.111940298507463,NA,"844252165041476467"
"844252248852059188","C14H20FN3O5S","[M + H]+",2,0.0926654004862297,123.399622324478,5.22596753095814,118.17365479352,"29","GGHVBHNNEHVTBO","C1=CC(=CC=C1CNNC(=S)NC2C(C(C(C(O2)CO)O)O)O)F","1-[(4-fluorophenyl)methylamino]-3-[(2R,3R,4S,5S,6R)-3,4,5-trihydroxy-6-(hydroxymethyl)oxan-2-yl]thiourea",-0.8,33,-599.278984495675,0.137339055793991,NA,"844252165041476467"
"844252248852059189","C13H19N3O9","[M + H]+",3,2.06461993409921e-07,110.385232949581,2.1751069062523,108.210126043328,"29","KBLOEHMGPOSANZ","CC(=O)OC1COC(C(C1OC(=O)C)OC(=O)C)NC(=O)N(C)N=O","1-methyl-1-nitroso-3-(2,3,4-tri-O-acetyl-beta-D-xylopyranosyl)urea",-0.719084,10,-354.549201207608,0.291925465838509,NA,"844252165041476467"
"844252248852059190","C20H15N3O4","[M + H]+",4,8.2504528615511e-08,109.467969789546,0,109.467969789546,"29","XBESKJZOHAWRHS","COC1=CC=CC(=C1)N2C(=C(C(=O)NC2=O)C=C3C=NC4=CC=CC=C43)O","6-Hydroxy-5-(indol-3-ylidenemethyl)-1-(3-methoxyphenyl)pyrimidine-2,4-dione",1.8,6,-327.381765096246,0.333333333333333,NA,"844252165041476467"
"844252248852059190","C20H15N3O4","[M + H]+",4,8.2504528615511e-08,109.467969789546,0,109.467969789546,"29","OKLQCZBOAHZABU","COC1=CC=C(C=C1)N2C(=C(C(=O)NC2=O)C=C3C=NC4=CC=CC=C43)O","6-Hydroxy-5-(indol-3-ylidenemethyl)-1-(4-methoxyphenyl)pyrimidine-2,4-dione",1.8,7,-327.53711189418,0.325153374233129,NA,"844252165041476467"
"844252248852059190","C20H15N3O4","[M + H]+",4,8.2504528615511e-08,109.467969789546,0,109.467969789546,"29","MDOQJLLAKJRIGD","C1=CC2=C(C=C1O)NC=C2C3C(C(=O)NC3=O)C4=CNC5=C4C=CC(=C5)O","Dihydroarcyriarubin C",1.9,9,-349.934243705428,0.321212121212121,NA,"844252165041476467"
"844252248852059190","C20H15N3O4","[M + H]+",4,8.2504528615511e-08,109.467969789546,0,109.467969789546,"29","AOEIQEHYOZILKV","COC1=CC=CC(=C1)C(=O)NC2=CC=C(C=C2)C3=NN=C(O3)C4=CC=CO4","N-{4-[5-(furan-2-yl)-1,3,4-oxadiazol-2-yl]phenyl}-3-methoxybenzamide",3,11,-369.039537281189,0.253807106598985,NA,"844252165041476467"
"844252248852059190","C20H15N3O4","[M + H]+",4,8.2504528615511e-08,109.467969789546,0,109.467969789546,"29","PUDYPYSNBKKWCZ","COC1=CC=C(C=C1)N2C3=C(C=CC(=N3)C4=CC=CC=C4O)C(=O)NC2=O","7-(2-hydroxyphenyl)-1-(4-methoxyphenyl)-1H,2H,3H,4H-pyrido[2,3-d]pyrimidine-2,4-dione",2.7,12,-376.617966210622,0.329787234042553,NA,"844252165041476467"
"844252248852059190","C20H15N3O4","[M + H]+",4,8.2504528615511e-08,109.467969789546,0,109.467969789546,"29","MUKZNQTVLXQHRH","COC1=CC(=C(C=C1)C2=C3C(=C4C=CC(=O)C=C4O3)N=C5C2=CNN5)OC","4-(2,4-dimethoxyphenyl)-1H-benzofuro[3,2-b]pyrazolo[4,3-e]pyridin-7-ol",1,13,-398.836316912759,0.343137254901961,NA,"844252165041476467"
"844252248852059190","C20H15N3O4","[M + H]+",4,8.2504528615511e-08,109.467969789546,0,109.467969789546,"29","JONQCFJPPWOWOJ","C1=CC=C(C=C1)C2=C(C3=CC=CC=C3N2)CC4=NC(=C(C(=O)N4)O)C(=O)O","5,6-Dihydroxy-2-[(2-Phenyl-1h-Indol-3-Yl)methyl]pyrimidine-4-Carboxylic Acid",2.8,14,-398.922693181315,0.294444444444444,NA,"844252165041476467"
"844252248852059190","C20H15N3O4","[M + H]+",4,8.2504528615511e-08,109.467969789546,0,109.467969789546,"29","QWNCUDVCMGPFRR","C1CN(C2=NC3=CC=CC=C3N21)C(=O)COC4=CC5=C(C=C4)C=CC(=O)O5","7-(2-oxo-2-{2,5,7-triazatricyclo[6.4.0.0²,⁶]dodeca-1(12),6,8,10-tetraen-5-yl}ethoxy)-2H-chromen-2-one",2.5,15,-403.966542821031,0.358208955223881,NA,"844252165041476467"
"844252248852059190","C20H15N3O4","[M + H]+",4,8.2504528615511e-08,109.467969789546,0,109.467969789546,"29","XQLMMQLYXOMQKO","COC1=CC2=C(C=C1)C(=O)N3CCC4=C(C3=N2)NC5=CC6=C(C=C45)OCO6","Orisuaveoline B",2.8,16,-405.964044068184,0.385416666666667,NA,"844252165041476467"
"844252248852059190","C20H15N3O4","[M + H]+",4,8.2504528615511e-08,109.467969789546,0,109.467969789546,"29","IBHBIKWTFZCSOF","C1C(N=C(C2=C(C=CC3=C2C1=CN3)O)C4=CNC5=C4C=C(C=C5)O)C(=O)O","Hyrtiazepine",2.6,17,-408.714659280222,0.300546448087432,NA,"844252165041476467"
"844252248852059190","C20H15N3O4","[M + H]+",4,8.2504528615511e-08,109.467969789546,0,109.467969789546,"29","BNMWBRJGVFOWDK","CC(=O)NC1=NC(=NC2=C1C(=O)OC3=CC=CC=C32)C4=CC=C(C=C4)OC","N-[2-(4-methoxyphenyl)-5-oxo-5H-chromeno[4,3-d]pyrimidin-4-yl]acetamide",3,20,-453.994217581826,0.299492385786802,NA,"844252165041476467"
"844252248852059190","C20H15N3O4","[M + H]+",4,8.2504528615511e-08,109.467969789546,0,109.467969789546,"29","BGVFJHZLNUVXJW","CN1C2=NC3=C4C=CC(=O)C=C4OC3=C(C2=CN1)C5=CC(=C(C=C5)OC)O","4-(3-hydroxy-4-methoxyphenyl)-1-methyl-1H-benzofuro[3,2-b]pyrazolo[4,3-e]pyridin-7-ol",0.8,21,-455.324787119978,0.320574162679426,NA,"844252165041476467"
"844252248852059190","C20H15N3O4","[M + H]+",4,8.2504528615511e-08,109.467969789546,0,109.467969789546,"29","XYTIIGQTGFATNQ","CN1C2=NC3=C4C(=CC(=O)C=C4OC3=C(C2=CN1)C5=CC=C(C=C5)OC)O","4-(4-methoxyphenyl)-1-methyl-1H-benzofuro[3,2-b]pyrazolo[4,3-e]pyridine-7,9-diol",0.6,22,-460.406889822262,0.321951219512195,NA,"844252165041476467"
"844252248852059190","C20H15N3O4","[M + H]+",4,8.2504528615511e-08,109.467969789546,0,109.467969789546,"29","FKYLJDMNMOWTMN","COC1=C(C=C(C=C1)C2=C3C(=C4C=CC(=O)C=C4O3)N=C5C2=CNN5)OC","4-(3,4-dimethoxyphenyl)-1H-benzofuro[3,2-b]pyrazolo[4,3-e]pyridin-7-ol",1,23,-471.049009062361,0.309859154929577,NA,"844252165041476467"
"844252248852059190","C20H15N3O4","[M + H]+",4,8.2504528615511e-08,109.467969789546,0,109.467969789546,"29","UBCBRRGIEWAJCQ","CC1=C2C(=C3C(=C(C4=CNN(C4=N3)C)C5=CC(=C(C=C5)O)O)O2)C=CC1=O","4-(7-hydroxy-1,6-dimethyl-1H-benzofuro[3,2-b]pyrazolo[4,3-e]pyridin-4-yl)benzene-1,2-diol",0.9,24,-473.904973512363,0.306930693069307,NA,"844252165041476467"
"844252248852059191","C15H13F2N7O2","[M + H]+",5,1.0972950842499e-08,107.450549835542,2.12712429370393,105.323425541838,"29",NA,NA,NA,NA,NA,NA,NA,NA,"844252165041476467"
"844252248852059192","C22H16FNO3","[M + H]+",6,4.5822078913152e-14,95.0643720947386,0,95.0643720947386,"29",NA,NA,NA,NA,NA,NA,NA,NA,"844252165041476467"
"844252248852059193","C19H17F2NO4","[M + H]+",7,1.38683627081882e-14,93.8692162292448,0,93.8692162292448,"29",NA,NA,NA,NA,NA,NA,NA,NA,"844252165041476467"
"844252248852059194","C11H20N7O3PS","[M + H]+",8,8.32032788029634e-15,93.3583077101845,4.93159261339327,88.4267150967912,"29",NA,NA,NA,NA,NA,NA,NA,NA,"844252165041476467"
"844252248852059195","C25H15NO2","[M + H]+",9,5.94394894864156e-16,90.7193946731018,0,90.7193946731018,"29",NA,NA,NA,NA,NA,NA,NA,NA,"844252165041476467"
"844252248852059196","C10H16FN9O3S","[M + H]+",10,4.27120884531539e-16,90.3889178435665,4.29522668855957,86.0936911550069,"29",NA,NA,NA,NA,NA,NA,NA,NA,"844252165041476467"
"844252221949793251","C17H19N3O4S","[M + H]+",1,0.871775949597257,146.071372363018,5.17460676504398,140.896765597974,"30","IXEQEYRTSRFZEO","CC1=CN=C(C(=C1OC)C)CS(=O)(=O)C2=NC3=C(N2)C=C(C=C3)OC","Omeprazole-d3 Sulfone",2.7485034,1,-19.8050516325833,0.968503937007874,0,"844252165041476468"
"844252221949793251","C17H19N3O4S","[M + H]+",1,0.871775949597257,146.071372363018,5.17460676504398,140.896765597974,"30","QZVDQETYNOBUPJ","CC1=C[N+](=C(C(=C1OC)C)CS(=O)C2=NC3=C(N2)C=C(C=C3)OC)[O-]","Omeprazole-N-oxide",2.1600971,2,-39.7230548058089,0.915384615384615,Inf,"844252165041476468"
"844252221949793251","C17H19N3O4S","[M + H]+",1,0.871775949597257,146.071372363018,5.17460676504398,140.896765597974,"30","CMZHQFXXAAIBKE","CC1=C(C(=CN=C1CS(=O)C2=NC3=C(N2)C=C(C=C3)OC)CO)OC",NA,1.6791414,3,-85.6667626120664,0.861313868613139,NA,"844252165041476468"
"844252221949793251","C17H19N3O4S","[M + H]+",1,0.871775949597257,146.071372363018,5.17460676504398,140.896765597974,"30","IGVYIWUGJPECAJ","CC1=CN=C(C(=C1OC)CO)CS(=O)C2=NC3=C(N2)C=C(C=C3)OC","3-Hydroxyomeprazole",1.6791414,4,-90.9959471034082,0.848920863309353,NA,"844252165041476468"
"844252221949793251","C17H19N3O4S","[M + H]+",1,0.871775949597257,146.071372363018,5.17460676504398,140.896765597974,"30","VPFSKKMDDDYYOJ","CC1=CN=C(C(=C1OC)C)CS(=O)C2=NC3=C(N2)C=CC(=C3O)OC","5-methoxy-2-[(R)-(4-methoxy-3,5-dimethylpyridin-2-yl)methylsulfinyl]-1H-benzimidazol-4-ol",2.1978552,5,-201.896896944017,0.702702702702703,NA,"844252165041476468"
"844252221949793251","C17H19N3O4S","[M + H]+",1,0.871775949597257,146.071372363018,5.17460676504398,140.896765597974,"30","NRTYCXOOEJJVDJ","COC1=C(C=C(C=C1)NC(=O)CSC2=NC3=C(CCC3)C(=O)N2)OC","N-(3,4-dimethoxyphenyl)-2-[(4-oxo-4,5,6,7-tetrahydro-3H-cyclopenta[d]pyrimidin-2-yl)thio]acetamide",1.7,6,-273.08198538748,0.350515463917526,NA,"844252165041476468"
"844252221949793251","C17H19N3O4S","[M + H]+",1,0.871775949597257,146.071372363018,5.17460676504398,140.896765597974,"30","NJXRFXGANNWYRK","CC1=CC=C(C=C1)N(CC2=NCCN2)C3=CC(=CC=C3)OS(=O)(=O)O","[3-[N-(4,5-dihydro-1H-imidazol-2-ylmethyl)-4-methylanilino]phenyl] hydrogen sulfate",2,7,-342.328004933351,0.258823529411765,NA,"844252165041476468"
"844252221949793251","C17H19N3O4S","[M + H]+",1,0.871775949597257,146.071372363018,5.17460676504398,140.896765597974,"30","MQQOMKBMLHBDFG","CC1=NC=CC(=C1)NS(=O)(=O)C2=C(N=CC(=C2)C3=CCOCC3)OC","5-[3,6-dihydro-2H-pyran-4-yl]-2-methoxy-N-[2-methylpyridin-4-yl]pyridine-3-sulfonamide",1,8,-352.218116686952,0.341176470588235,NA,"844252165041476468"
"844252221949793251","C17H19N3O4S","[M + H]+",1,0.871775949597257,146.071372363018,5.17460676504398,140.896765597974,"30","NVAYQDCPVGCOHV","C1CC(N(S(=O)(=O)C1)CC2=CC=C(C=C2)C3=CC=NC=C3)C(=O)NO","(3S)-N-hydroxy-1,1-dioxo-2-[(4-pyridin-4-ylphenyl)methyl]thiazinane-3-carboxamide",0.9,9,-536.966455545533,0.217194570135747,NA,"844252165041476468"
"844252221949793251","C17H19N3O4S","[M + H]+",1,0.871775949597257,146.071372363018,5.17460676504398,140.896765597974,"30","FPMHRRFSGYKNIU","COC1=CC=C(C=C1)CN2CC3C(C2)OC4=C(C=CC=N4)S(=O)(=O)N3","5-[(4-methoxyphenyl)methyl]-2-oxa-9λ⁶-thia-5,8,14-triazatricyclo[8.4.0.0³,⁷]tetradeca-1(10),11,13-triene-9,9-dione",1.3,10,-552.575649766578,0.285714285714286,NA,"844252165041476468"
"844252221949793251","C17H19N3O4S","[M + H]+",1,0.871775949597257,146.071372363018,5.17460676504398,140.896765597974,"30","JHQLDSNFXOLZMD","C1CC1C(=O)N2CC3(C2)C4CN(CCN4C(=O)O3)C(=O)C5=CC=CS5","1'-(Cyclopropanecarbonyl)-7-(thiophene-2-carbonyl)spiro[5,6,8,8a-tetrahydro-[1,3]oxazolo[3,4-a]pyrazine-1,3'-azetidine]-3-one",0.5,11,-552.623168263127,0.136563876651982,NA,"844252165041476468"
"844252221949793251","C17H19N3O4S","[M + H]+",1,0.871775949597257,146.071372363018,5.17460676504398,140.896765597974,"30","HBLRAJANJGAMFQ","CC(C)CNC(=O)CC1=CSC(=N1)NC(=O)C2=CC3=C(C=C2)OCO3","N-(4-(2-(isobutylamino)-2-oxoethyl)thiazol-2-yl)benzo[d][1,3]dioxole-5-carboxamide",2.5,12,-561.004281602979,0.182926829268293,NA,"844252165041476468"
"844252221949793251","C17H19N3O4S","[M + H]+",1,0.871775949597257,146.071372363018,5.17460676504398,140.896765597974,"30","ILAMKVUHWSQJHY","COC(=O)C1=CC=C(C=C1)OCC2N(CCS2)C(=O)CN3C=CN=C3","Methyl 4-((3-(1H-imidazol-1-ylacetyl)-2-thiazolidinyl)methoxy)benzoate",1.7,13,-571.055193940841,0.196581196581197,NA,"844252165041476468"
"844252221949793251","C17H19N3O4S","[M + H]+",1,0.871775949597257,146.071372363018,5.17460676504398,140.896765597974,"30","FZECHKJQHUVANE","CC1(C(N2C(S1)C(C2=O)NC(=O)C(C3=CC=CC=C3)N=C)C(=O)O)C","6-{[1-hydroxy-2-(methylideneamino)-2-phenylethylidene]amino}-3,3-dimethyl-7-oxo-4-thia-1-azabicyclo[3.2.0]heptane-2-carboxylic acid",1.2664139,15,-631.021194068939,0.119402985074627,NA,"844252165041476468"
"844252221949793251","C17H19N3O4S","[M + H]+",1,0.871775949597257,146.071372363018,5.17460676504398,140.896765597974,"30","IVXQTEPGJVXVMS","CCOC1=CC=C(C=C1)NC(=S)NN=C(C)C2=C(C(=C(C=C2)O)O)O","1-(4-ethoxyphenyl)-3-[(E)-1-(2,3,4-trihydroxyphenyl)ethylideneamino]thiourea",2.7,16,-668.344534961646,0.205741626794258,NA,"844252165041476468"
"844252221949793252","C14H20FN3O5S","[M + H]+",2,0.128224050402602,144.154619038194,5.27527582186948,138.879343216325,"30","GGHVBHNNEHVTBO","C1=CC(=CC=C1CNNC(=S)NC2C(C(C(C(O2)CO)O)O)O)F","1-[(4-fluorophenyl)methylamino]-3-[(2R,3R,4S,5S,6R)-3,4,5-trihydroxy-6-(hydroxymethyl)oxan-2-yl]thiourea",-0.8,14,-597.621504952853,0.177664974619289,NA,"844252165041476468"
"844252221949793253","C15H13F2N7O2","[M + H]+",3,1.38531031277925e-13,116.600913147809,3.16924138142445,113.431671766385,"30",NA,NA,NA,NA,NA,NA,NA,NA,"844252165041476468"
"844252221949793254","C20H15N3O4","[M + H]+",4,2.38359635704377e-15,112.538429216277,0.110268540524996,112.428160675752,"30",NA,NA,NA,NA,NA,NA,NA,NA,"844252165041476468"
"844252221949793255","C13H19N3O9","[M + H]+",5,3.23095264492602e-18,105.934840546007,1.70306371084419,104.231776835162,"30",NA,NA,NA,NA,NA,NA,NA,NA,"844252165041476468"
"844252221949793256","C11H21F2N3O6S","[M + H]+",6,3.77314116108785e-21,99.1822160905352,3.45816015726605,95.7240559332692,"30",NA,NA,NA,NA,NA,NA,NA,NA,"844252165041476468"
"844252221949793257","C12H19F4N3O3S","[M + H]+",7,8.18125169433406e-23,95.3509832085532,5.00147451316808,90.3495086953851,"30",NA,NA,NA,NA,NA,NA,NA,NA,"844252165041476468"
"844252221949793258","C14H21F2N3O2SSi","[M + H]+",8,5.86143689340425e-23,95.0175328279615,1.13069862053364,93.8868342074279,"30",NA,NA,NA,NA,NA,NA,NA,NA,"844252165041476468"
"844252221949793259","C13H22N4O4PS","[M + H]+",9,2.41595085897261e-23,94.131230990814,5.78339456140801,88.347836429406,"30",NA,NA,NA,NA,NA,NA,NA,NA,"844252165041476468"
"844252221949793260","C15H18F3N3O2S","[M + H]+",10,2.32523470886016e-23,94.0929590347691,5.07926859323821,89.0136904415309,"30",NA,NA,NA,NA,NA,NA,NA,NA,"844252165041476468"
