"formulaId","molecularFormula","adduct","rank.x","siriusScoreNormalized","siriusScore","isotopeScore","treeScore","xcms_fts","inchiKey","smiles","structureName","xlogP","rank.y","csiScore","tanimotoSimilarity","mcesDistToTopHit","sirius_fts"
"844261067442979079","C15H13F2N7O2","[M + H]+",1,0.990764614878384,71.4005693625123,3.39972677549514,68.0008425870171,"1",NA,NA,NA,NA,NA,NA,NA,NA,"844260778254103794"
"844261067442979080","C20H15N3O4","[M + H]+",2,0.00625439533814992,66.3353768499073,1.05996941807283,65.2754074318345,"1","XBESKJZOHAWRHS","COC1=CC=CC(=C1)N2C(=C(C(=O)NC2=O)C=C3C=NC4=CC=CC=C43)O","6-Hydroxy-5-(indol-3-ylidenemethyl)-1-(3-methoxyphenyl)pyrimidine-2,4-dione",1.8,1,-298.838434294128,0.463235294117647,0,"844260778254103794"
"844261067442979080","C20H15N3O4","[M + H]+",2,0.00625439533814992,66.3353768499073,1.05996941807283,65.2754074318345,"1","OKLQCZBOAHZABU","COC1=CC=C(C=C1)N2C(=C(C(=O)NC2=O)C=C3C=NC4=CC=CC=C43)O","6-Hydroxy-5-(indol-3-ylidenemethyl)-1-(4-methoxyphenyl)pyrimidine-2,4-dione",1.8,2,-324.738842981566,0.431654676258993,2,"844260778254103794"
"844261067442979080","C20H15N3O4","[M + H]+",2,0.00625439533814992,66.3353768499073,1.05996941807283,65.2754074318345,"1","PUDYPYSNBKKWCZ","COC1=CC=C(C=C1)N2C3=C(C=CC(=N3)C4=CC=CC=C4O)C(=O)NC2=O","7-(2-hydroxyphenyl)-1-(4-methoxyphenyl)-1H,2H,3H,4H-pyrido[2,3-d]pyrimidine-2,4-dione",2.7,3,-334.353809182639,0.420731707317073,Inf,"844260778254103794"
"844261067442979080","C20H15N3O4","[M + H]+",2,0.00625439533814992,66.3353768499073,1.05996941807283,65.2754074318345,"1","MUKZNQTVLXQHRH","COC1=CC(=C(C=C1)C2=C3C(=C4C=CC(=O)C=C4O3)N=C5C2=CNN5)OC","4-(2,4-dimethoxyphenyl)-1H-benzofuro[3,2-b]pyrazolo[4,3-e]pyridin-7-ol",1,4,-339.483762058782,0.367021276595745,NA,"844260778254103794"
"844261067442979080","C20H15N3O4","[M + H]+",2,0.00625439533814992,66.3353768499073,1.05996941807283,65.2754074318345,"1","AOEIQEHYOZILKV","COC1=CC=CC(=C1)C(=O)NC2=CC=C(C=C2)C3=NN=C(O3)C4=CC=CO4","N-{4-[5-(furan-2-yl)-1,3,4-oxadiazol-2-yl]phenyl}-3-methoxybenzamide",3,5,-344.027305322419,0.314285714285714,NA,"844260778254103794"
"844261067442979080","C20H15N3O4","[M + H]+",2,0.00625439533814992,66.3353768499073,1.05996941807283,65.2754074318345,"1","JONQCFJPPWOWOJ","C1=CC=C(C=C1)C2=C(C3=CC=CC=C3N2)CC4=NC(=C(C(=O)N4)O)C(=O)O","5,6-Dihydroxy-2-[(2-Phenyl-1h-Indol-3-Yl)methyl]pyrimidine-4-Carboxylic Acid",2.8,6,-351.779354926171,0.367088607594937,NA,"844260778254103794"
"844261067442979080","C20H15N3O4","[M + H]+",2,0.00625439533814992,66.3353768499073,1.05996941807283,65.2754074318345,"1","XQLMMQLYXOMQKO","COC1=CC2=C(C=C1)C(=O)N3CCC4=C(C3=N2)NC5=CC6=C(C=C45)OCO6","Orisuaveoline B",2.8,7,-355.491135685448,0.414772727272727,NA,"844260778254103794"
"844261067442979080","C20H15N3O4","[M + H]+",2,0.00625439533814992,66.3353768499073,1.05996941807283,65.2754074318345,"1","MDOQJLLAKJRIGD","C1=CC2=C(C=C1O)NC=C2C3C(C(=O)NC3=O)C4=CNC5=C4C=CC(=C5)O","Dihydroarcyriarubin C",1.9,8,-372.766332708244,0.348993288590604,NA,"844260778254103794"
"844261067442979080","C20H15N3O4","[M + H]+",2,0.00625439533814992,66.3353768499073,1.05996941807283,65.2754074318345,"1","RZZUAVPTAVWZIS","CN1C2=CC=CC=C2C(=O)C(=C3C(=CC4=CC(=CC=C4)O)C(=O)NN3)C1=O","(3Z)-3-[(4Z)-4-[(3-hydroxyphenyl)methylidene]-5-oxopyrazolidin-3-ylidene]-1-methylquinoline-2,4-dione",2.2,9,-382.149482200135,0.320754716981132,NA,"844260778254103794"
"844261067442979080","C20H15N3O4","[M + H]+",2,0.00625439533814992,66.3353768499073,1.05996941807283,65.2754074318345,"1","KRROWEKGYCWUAM","CN1C2=CC=CC=C2C(=O)C(=C3C(=CC4=CC=CC=C4O)C(=O)NN3)C1=O","(3Z)-3-[(4Z)-4-[(2-hydroxyphenyl)methylidene]-5-oxopyrazolidin-3-ylidene]-1-methylquinoline-2,4-dione",2.2,10,-382.155237244756,0.331210191082803,NA,"844260778254103794"
"844261067442979080","C20H15N3O4","[M + H]+",2,0.00625439533814992,66.3353768499073,1.05996941807283,65.2754074318345,"1","QWNCUDVCMGPFRR","C1CN(C2=NC3=CC=CC=C3N21)C(=O)COC4=CC5=C(C=C4)C=CC(=O)O5","7-(2-oxo-2-{2,5,7-triazatricyclo[6.4.0.0²,⁶]dodeca-1(12),6,8,10-tetraen-5-yl}ethoxy)-2H-chromen-2-one",2.5,11,-386.005831684633,0.391304347826087,NA,"844260778254103794"
"844261067442979080","C20H15N3O4","[M + H]+",2,0.00625439533814992,66.3353768499073,1.05996941807283,65.2754074318345,"1","BNMWBRJGVFOWDK","CC(=O)NC1=NC(=NC2=C1C(=O)OC3=CC=CC=C32)C4=CC=C(C=C4)OC","N-[2-(4-methoxyphenyl)-5-oxo-5H-chromeno[4,3-d]pyrimidin-4-yl]acetamide",3,12,-386.402588302573,0.373563218390805,NA,"844260778254103794"
"844261067442979080","C20H15N3O4","[M + H]+",2,0.00625439533814992,66.3353768499073,1.05996941807283,65.2754074318345,"1","BGVFJHZLNUVXJW","CN1C2=NC3=C4C=CC(=O)C=C4OC3=C(C2=CN1)C5=CC(=C(C=C5)OC)O","4-(3-hydroxy-4-methoxyphenyl)-1-methyl-1H-benzofuro[3,2-b]pyrazolo[4,3-e]pyridin-7-ol",0.8,13,-397.515894220579,0.363157894736842,NA,"844260778254103794"
"844261067442979080","C20H15N3O4","[M + H]+",2,0.00625439533814992,66.3353768499073,1.05996941807283,65.2754074318345,"1","YPFGTXACUAVDOJ","CN1C2=NC3=C4C=CC(=O)C=C4OC3=C(C2=CN1)C5=CC(=C(C=C5)O)OC","4-(4-hydroxy-3-methoxyphenyl)-1-methyl-1H-benzofuro[3,2-b]pyrazolo[4,3-e]pyridin-7-ol",0.8,14,-401.291667985511,0.363636363636364,NA,"844260778254103794"
"844261067442979080","C20H15N3O4","[M + H]+",2,0.00625439533814992,66.3353768499073,1.05996941807283,65.2754074318345,"1","FKYLJDMNMOWTMN","COC1=C(C=C(C=C1)C2=C3C(=C4C=CC(=O)C=C4O3)N=C5C2=CNN5)OC","4-(3,4-dimethoxyphenyl)-1H-benzofuro[3,2-b]pyrazolo[4,3-e]pyridin-7-ol",1,15,-403.426450131339,0.343589743589744,NA,"844260778254103794"
"844261067442979081","C14H17F2N3O6","[M + H]+",3,0.00143712063530277,64.8647339322061,2.62694337904463,62.2377905531615,"1",NA,NA,NA,NA,NA,NA,NA,NA,"844260778254103794"
"844261067442979082","C12H14F3N7O3","[M + H]+",4,0.000647517119597649,64.0674823329974,1.78638010487095,62.2811022281265,"1",NA,NA,NA,NA,NA,NA,NA,NA,"844260778254103794"
"844261067442979083","C11H18F3N3O7","[M + H]+",5,0.000446228267733867,63.6951677323921,0.73949548811216,62.95567224428,"1",NA,NA,NA,NA,NA,NA,NA,NA,"844260778254103794"
"844261067442979084","C9H15N9O7","[M + H]+",6,0.000332553734660534,63.4011385552806,0.147750225862304,63.2533883294183,"1",NA,NA,NA,NA,NA,NA,NA,NA,"844260778254103794"
"844261067442979085","C17H16FN3O5","[M + H]+",7,8.91297843215059e-05,62.0844306585606,2.69139286172748,59.3930377968331,"1",NA,NA,NA,NA,NA,NA,NA,NA,"844260778254103794"
"844261067442979086","C19H17F2NO4","[M + H]+",8,1.56886028230224e-05,60.3472716141369,1.87340148737644,58.4738701267604,"1",NA,NA,NA,NA,NA,NA,NA,NA,"844260778254103794"
"844261067442979087","C12H22F2NO7P","[M + H]+",9,5.92551137211484e-06,59.3736040910671,0.963799801923435,58.4098042891436,"1",NA,NA,NA,NA,NA,NA,NA,NA,"844260778254103794"
"844261067442979088","C18H20NO5P","[M + H]+",10,3.90032076849358e-06,58.9553958983253,3.12623230468678,55.8291635936385,"1",NA,NA,NA,NA,NA,NA,NA,NA,"844260778254103794"
"844260976430774316","C15H13F2N7O2","[M + H]+",1,0.980300797489597,71.848869143814,3.46704510257116,68.3818240412428,"2",NA,NA,NA,NA,NA,NA,NA,NA,"844260778304435443"
"844260976430774317","C14H17F2N3O6","[M + H]+",2,0.00654443669410899,66.8396250120896,2.73479549522424,64.1048295168654,"2",NA,NA,NA,NA,NA,NA,NA,NA,"844260778304435443"
"844260976430774318","C20H15N3O4","[M + H]+",3,0.00327037537176065,66.1459144539391,1.18504677353491,64.9608676804042,"2","XBESKJZOHAWRHS","COC1=CC=CC(=C1)N2C(=C(C(=O)NC2=O)C=C3C=NC4=CC=CC=C43)O","6-Hydroxy-5-(indol-3-ylidenemethyl)-1-(3-methoxyphenyl)pyrimidine-2,4-dione",1.8,1,-324.576256188961,0.453237410071942,0,"844260778304435443"
"844260976430774318","C20H15N3O4","[M + H]+",3,0.00327037537176065,66.1459144539391,1.18504677353491,64.9608676804042,"2","MUKZNQTVLXQHRH","COC1=CC(=C(C=C1)C2=C3C(=C4C=CC(=O)C=C4O3)N=C5C2=CNN5)OC","4-(2,4-dimethoxyphenyl)-1H-benzofuro[3,2-b]pyrazolo[4,3-e]pyridin-7-ol",1,2,-329.838281023874,0.368421052631579,Inf,"844260778304435443"
"844260976430774318","C20H15N3O4","[M + H]+",3,0.00327037537176065,66.1459144539391,1.18504677353491,64.9608676804042,"2","PUDYPYSNBKKWCZ","COC1=CC=C(C=C1)N2C3=C(C=CC(=N3)C4=CC=CC=C4O)C(=O)NC2=O","7-(2-hydroxyphenyl)-1-(4-methoxyphenyl)-1H,2H,3H,4H-pyrido[2,3-d]pyrimidine-2,4-dione",2.7,3,-330.463754536789,0.404761904761905,NA,"844260778304435443"
"844260976430774318","C20H15N3O4","[M + H]+",3,0.00327037537176065,66.1459144539391,1.18504677353491,64.9608676804042,"2","OKLQCZBOAHZABU","COC1=CC=C(C=C1)N2C(=C(C(=O)NC2=O)C=C3C=NC4=CC=CC=C43)O","6-Hydroxy-5-(indol-3-ylidenemethyl)-1-(4-methoxyphenyl)pyrimidine-2,4-dione",1.8,4,-343.462147470897,0.422535211267606,NA,"844260778304435443"
"844260976430774318","C20H15N3O4","[M + H]+",3,0.00327037537176065,66.1459144539391,1.18504677353491,64.9608676804042,"2","AOEIQEHYOZILKV","COC1=CC=CC(=C1)C(=O)NC2=CC=C(C=C2)C3=NN=C(O3)C4=CC=CO4","N-{4-[5-(furan-2-yl)-1,3,4-oxadiazol-2-yl]phenyl}-3-methoxybenzamide",3,5,-354.073587077416,0.301675977653631,NA,"844260778304435443"
"844260976430774318","C20H15N3O4","[M + H]+",3,0.00327037537176065,66.1459144539391,1.18504677353491,64.9608676804042,"2","JONQCFJPPWOWOJ","C1=CC=C(C=C1)C2=C(C3=CC=CC=C3N2)CC4=NC(=C(C(=O)N4)O)C(=O)O","5,6-Dihydroxy-2-[(2-Phenyl-1h-Indol-3-Yl)methyl]pyrimidine-4-Carboxylic Acid",2.8,6,-361.308242969754,0.360248447204969,NA,"844260778304435443"
"844260976430774318","C20H15N3O4","[M + H]+",3,0.00327037537176065,66.1459144539391,1.18504677353491,64.9608676804042,"2","MDOQJLLAKJRIGD","C1=CC2=C(C=C1O)NC=C2C3C(C(=O)NC3=O)C4=CNC5=C4C=CC(=C5)O","Dihydroarcyriarubin C",1.9,7,-375.793342053872,0.350993377483444,NA,"844260778304435443"
"844260976430774318","C20H15N3O4","[M + H]+",3,0.00327037537176065,66.1459144539391,1.18504677353491,64.9608676804042,"2","YPFGTXACUAVDOJ","CN1C2=NC3=C4C=CC(=O)C=C4OC3=C(C2=CN1)C5=CC(=C(C=C5)O)OC","4-(4-hydroxy-3-methoxyphenyl)-1-methyl-1H-benzofuro[3,2-b]pyrazolo[4,3-e]pyridin-7-ol",0.8,8,-377.888317601825,0.365079365079365,NA,"844260778304435443"
"844260976430774318","C20H15N3O4","[M + H]+",3,0.00327037537176065,66.1459144539391,1.18504677353491,64.9608676804042,"2","RZZUAVPTAVWZIS","CN1C2=CC=CC=C2C(=O)C(=C3C(=CC4=CC(=CC=C4)O)C(=O)NN3)C1=O","(3Z)-3-[(4Z)-4-[(3-hydroxyphenyl)methylidene]-5-oxopyrazolidin-3-ylidene]-1-methylquinoline-2,4-dione",2.2,9,-378.532338303675,0.314814814814815,NA,"844260778304435443"
"844260976430774318","C20H15N3O4","[M + H]+",3,0.00327037537176065,66.1459144539391,1.18504677353491,64.9608676804042,"2","XQLMMQLYXOMQKO","COC1=CC2=C(C=C1)C(=O)N3CCC4=C(C3=N2)NC5=CC6=C(C=C45)OCO6","Orisuaveoline B",2.8,10,-379.938046299629,0.407821229050279,NA,"844260778304435443"
"844260976430774318","C20H15N3O4","[M + H]+",3,0.00327037537176065,66.1459144539391,1.18504677353491,64.9608676804042,"2","KRROWEKGYCWUAM","CN1C2=CC=CC=C2C(=O)C(=C3C(=CC4=CC=CC=C4O)C(=O)NN3)C1=O","(3Z)-3-[(4Z)-4-[(2-hydroxyphenyl)methylidene]-5-oxopyrazolidin-3-ylidene]-1-methylquinoline-2,4-dione",2.2,11,-380.706526802397,0.325,NA,"844260778304435443"
"844260976430774318","C20H15N3O4","[M + H]+",3,0.00327037537176065,66.1459144539391,1.18504677353491,64.9608676804042,"2","QWNCUDVCMGPFRR","C1CN(C2=NC3=CC=CC=C3N21)C(=O)COC4=CC5=C(C=C4)C=CC(=O)O5","7-(2-oxo-2-{2,5,7-triazatricyclo[6.4.0.0²,⁶]dodeca-1(12),6,8,10-tetraen-5-yl}ethoxy)-2H-chromen-2-one",2.5,12,-383.335110098442,0.385026737967914,NA,"844260778304435443"
"844260976430774318","C20H15N3O4","[M + H]+",3,0.00327037537176065,66.1459144539391,1.18504677353491,64.9608676804042,"2","BNMWBRJGVFOWDK","CC(=O)NC1=NC(=NC2=C1C(=O)OC3=CC=CC=C32)C4=CC=C(C=C4)OC","N-[2-(4-methoxyphenyl)-5-oxo-5H-chromeno[4,3-d]pyrimidin-4-yl]acetamide",3,13,-384.088469262508,0.35195530726257,NA,"844260778304435443"
"844260976430774318","C20H15N3O4","[M + H]+",3,0.00327037537176065,66.1459144539391,1.18504677353491,64.9608676804042,"2","BGVFJHZLNUVXJW","CN1C2=NC3=C4C=CC(=O)C=C4OC3=C(C2=CN1)C5=CC(=C(C=C5)OC)O","4-(3-hydroxy-4-methoxyphenyl)-1-methyl-1H-benzofuro[3,2-b]pyrazolo[4,3-e]pyridin-7-ol",0.8,14,-386.830795717731,0.364583333333333,NA,"844260778304435443"
"844260976430774318","C20H15N3O4","[M + H]+",3,0.00327037537176065,66.1459144539391,1.18504677353491,64.9608676804042,"2","FKYLJDMNMOWTMN","COC1=C(C=C(C=C1)C2=C3C(=C4C=CC(=O)C=C4O3)N=C5C2=CNN5)OC","4-(3,4-dimethoxyphenyl)-1H-benzofuro[3,2-b]pyrazolo[4,3-e]pyridin-7-ol",1,15,-387.5346287726,0.345177664974619,NA,"844260778304435443"
"844260976430774319","C12H14F3N7O3","[M + H]+",4,0.00295809400681231,66.0455548273459,1.75677969116912,64.2887751361768,"2",NA,NA,NA,NA,NA,NA,NA,NA,"844260778304435443"
"844260976430774320","C9H15N9O7","[M + H]+",5,0.00235045638767643,65.8156191998529,0,65.8156191998529,"2",NA,NA,NA,NA,NA,NA,NA,NA,"844260778304435443"
"844260976430774321","C19H17F2NO4","[M + H]+",6,0.00224387464586335,65.7692138072161,1.72950634862172,64.0397074585944,"2","AYIZPDXXYIFMQC","C1=CC=C2C(=C1)C(C3=CC=CC=C32)COC(=O)NC(CC(F)F)C(=O)O","(R)-2-(9H-Fluoren-9-ylmethoxycarbonylamino)-4,4-difluoro-butyric acid",3.9,21,-476.740556076388,0.152046783625731,NA,"844260778304435443"
"844260976430774322","C11H18F3N3O7","[M + H]+",7,0.00175310459249946,65.5223979520499,0.753649857460181,64.7687480945897,"2",NA,NA,NA,NA,NA,NA,NA,NA,"844260778304435443"
"844260976430774323","C17H16FN3O5","[M + H]+",8,0.000433891646235739,64.1260492439267,2.82123921065439,61.3048100332723,"2",NA,NA,NA,NA,NA,NA,NA,NA,"844260778304435443"
"844260976430774324","C15H21FNO6P","[M + H]+",9,0.000111944554508565,62.7712581037358,3.23866762118476,59.5325904825511,"2",NA,NA,NA,NA,NA,NA,NA,NA,"844260778304435443"
"844260976430774325","C12H22F2NO7P","[M + H]+",10,1.90944672383929e-05,61.0026530237552,0.840101440522925,60.1625515832323,"2",NA,NA,NA,NA,NA,NA,NA,NA,"844260778304435443"
"844260967622735887","C15H13F2N7O2","[M + H]+",1,0.744018584128119,75.7009302482462,3.41603961418514,72.2848906340611,"3",NA,NA,NA,NA,NA,NA,NA,NA,"844260778317018356"
"844260967622735888","C19H17F2NO4","[M + H]+",2,0.250970798207573,74.6142008256193,1.90081752037508,72.7133833052442,"3","AYIZPDXXYIFMQC","C1=CC=C2C(=C1)C(C3=CC=CC=C32)COC(=O)NC(CC(F)F)C(=O)O","(R)-2-(9H-Fluoren-9-ylmethoxycarbonylamino)-4,4-difluoro-butyric acid",3.9,20,-472.747512086871,0.13855421686747,NA,"844260778317018356"
"844260967622735889","C12H14F3N7O3","[M + H]+",3,0.00220033846130024,69.877475429635,2.08241937868689,67.7950560509481,"3",NA,NA,NA,NA,NA,NA,NA,NA,"844260778317018356"
"844260967622735890","C14H17F2N3O6","[M + H]+",4,0.000872412120596976,68.9523708837011,2.72337666486279,66.2289942188383,"3",NA,NA,NA,NA,NA,NA,NA,NA,"844260778317018356"
"844260967622735891","C11H18F3N3O7","[M + H]+",5,0.000713491033995254,68.7512788266846,1.06968439408368,67.6815944326009,"3",NA,NA,NA,NA,NA,NA,NA,NA,"844260778317018356"
"844260967622735892","C9H15N9O7","[M + H]+",6,0.000607487300725587,68.5904402269169,0.385730022109908,68.204710204807,"3",NA,NA,NA,NA,NA,NA,NA,NA,"844260778317018356"
"844260967622735893","C15H21FNO6P","[M + H]+",7,0.000290434292332126,67.8524863185982,3.31739646931209,64.5350898492861,"3",NA,NA,NA,NA,NA,NA,NA,NA,"844260778317018356"
"844260967622735894","C13H18F2N5O3P","[M + H]+",8,0.000116807377860152,66.9416351910862,2.09005639523891,64.8515787958473,"3",NA,NA,NA,NA,NA,NA,NA,NA,"844260778317018356"
"844260967622735895","C20H15N3O4","[M + H]+",9,0.000112351888182739,66.9027447608211,0.70160574802108,66.2011390128001,"3","XBESKJZOHAWRHS","COC1=CC=CC(=C1)N2C(=C(C(=O)NC2=O)C=C3C=NC4=CC=CC=C43)O","6-Hydroxy-5-(indol-3-ylidenemethyl)-1-(3-methoxyphenyl)pyrimidine-2,4-dione",1.8,1,-290.125414318687,0.415492957746479,0,"844260778317018356"
"844260967622735895","C20H15N3O4","[M + H]+",9,0.000112351888182739,66.9027447608211,0.70160574802108,66.2011390128001,"3","OKLQCZBOAHZABU","COC1=CC=C(C=C1)N2C(=C(C(=O)NC2=O)C=C3C=NC4=CC=CC=C43)O","6-Hydroxy-5-(indol-3-ylidenemethyl)-1-(4-methoxyphenyl)pyrimidine-2,4-dione",1.8,2,-294.498403096372,0.386206896551724,2,"844260778317018356"
"844260967622735895","C20H15N3O4","[M + H]+",9,0.000112351888182739,66.9027447608211,0.70160574802108,66.2011390128001,"3","PUDYPYSNBKKWCZ","COC1=CC=C(C=C1)N2C3=C(C=CC(=N3)C4=CC=CC=C4O)C(=O)NC2=O","7-(2-hydroxyphenyl)-1-(4-methoxyphenyl)-1H,2H,3H,4H-pyrido[2,3-d]pyrimidine-2,4-dione",2.7,3,-341.399532841442,0.366279069767442,Inf,"844260778317018356"
"844260967622735895","C20H15N3O4","[M + H]+",9,0.000112351888182739,66.9027447608211,0.70160574802108,66.2011390128001,"3","JONQCFJPPWOWOJ","C1=CC=C(C=C1)C2=C(C3=CC=CC=C3N2)CC4=NC(=C(C(=O)N4)O)C(=O)O","5,6-Dihydroxy-2-[(2-Phenyl-1h-Indol-3-Yl)methyl]pyrimidine-4-Carboxylic Acid",2.8,4,-354.13423556396,0.313253012048193,NA,"844260778317018356"
"844260967622735895","C20H15N3O4","[M + H]+",9,0.000112351888182739,66.9027447608211,0.70160574802108,66.2011390128001,"3","MUKZNQTVLXQHRH","COC1=CC(=C(C=C1)C2=C3C(=C4C=CC(=O)C=C4O3)N=C5C2=CNN5)OC","4-(2,4-dimethoxyphenyl)-1H-benzofuro[3,2-b]pyrazolo[4,3-e]pyridin-7-ol",1,5,-364.125771112787,0.335051546391753,NA,"844260778317018356"
"844260967622735895","C20H15N3O4","[M + H]+",9,0.000112351888182739,66.9027447608211,0.70160574802108,66.2011390128001,"3","QWNCUDVCMGPFRR","C1CN(C2=NC3=CC=CC=C3N21)C(=O)COC4=CC5=C(C=C4)C=CC(=O)O5","7-(2-oxo-2-{2,5,7-triazatricyclo[6.4.0.0²,⁶]dodeca-1(12),6,8,10-tetraen-5-yl}ethoxy)-2H-chromen-2-one",2.5,6,-374.782085491292,0.34375,NA,"844260778317018356"
"844260967622735895","C20H15N3O4","[M + H]+",9,0.000112351888182739,66.9027447608211,0.70160574802108,66.2011390128001,"3","AOEIQEHYOZILKV","COC1=CC=CC(=C1)C(=O)NC2=CC=C(C=C2)C3=NN=C(O3)C4=CC=CO4","N-{4-[5-(furan-2-yl)-1,3,4-oxadiazol-2-yl]phenyl}-3-methoxybenzamide",3,7,-376.07165538229,0.26775956284153,NA,"844260778317018356"
"844260967622735895","C20H15N3O4","[M + H]+",9,0.000112351888182739,66.9027447608211,0.70160574802108,66.2011390128001,"3","XQLMMQLYXOMQKO","COC1=CC2=C(C=C1)C(=O)N3CCC4=C(C3=N2)NC5=CC6=C(C=C45)OCO6","Orisuaveoline B",2.8,8,-378.009616837835,0.394444444444444,NA,"844260778317018356"
"844260967622735895","C20H15N3O4","[M + H]+",9,0.000112351888182739,66.9027447608211,0.70160574802108,66.2011390128001,"3","MDOQJLLAKJRIGD","C1=CC2=C(C=C1O)NC=C2C3C(C(=O)NC3=O)C4=CNC5=C4C=CC(=C5)O","Dihydroarcyriarubin C",1.9,9,-379.847399148605,0.344370860927152,NA,"844260778317018356"
"844260967622735895","C20H15N3O4","[M + H]+",9,0.000112351888182739,66.9027447608211,0.70160574802108,66.2011390128001,"3","BNMWBRJGVFOWDK","CC(=O)NC1=NC(=NC2=C1C(=O)OC3=CC=CC=C32)C4=CC=C(C=C4)OC","N-[2-(4-methoxyphenyl)-5-oxo-5H-chromeno[4,3-d]pyrimidin-4-yl]acetamide",3,10,-397.108606572908,0.295698924731183,NA,"844260778317018356"
"844260967622735895","C20H15N3O4","[M + H]+",9,0.000112351888182739,66.9027447608211,0.70160574802108,66.2011390128001,"3","YPFGTXACUAVDOJ","CN1C2=NC3=C4C=CC(=O)C=C4OC3=C(C2=CN1)C5=CC(=C(C=C5)O)OC","4-(4-hydroxy-3-methoxyphenyl)-1-methyl-1H-benzofuro[3,2-b]pyrazolo[4,3-e]pyridin-7-ol",0.8,11,-413.708043315567,0.345549738219895,NA,"844260778317018356"
"844260967622735895","C20H15N3O4","[M + H]+",9,0.000112351888182739,66.9027447608211,0.70160574802108,66.2011390128001,"3","UBCBRRGIEWAJCQ","CC1=C2C(=C3C(=C(C4=CNN(C4=N3)C)C5=CC(=C(C=C5)O)O)O2)C=CC1=O","4-(7-hydroxy-1,6-dimethyl-1H-benzofuro[3,2-b]pyrazolo[4,3-e]pyridin-4-yl)benzene-1,2-diol",0.9,12,-422.032140552353,0.338709677419355,NA,"844260778317018356"
"844260967622735895","C20H15N3O4","[M + H]+",9,0.000112351888182739,66.9027447608211,0.70160574802108,66.2011390128001,"3","BGVFJHZLNUVXJW","CN1C2=NC3=C4C=CC(=O)C=C4OC3=C(C2=CN1)C5=CC(=C(C=C5)OC)O","4-(3-hydroxy-4-methoxyphenyl)-1-methyl-1H-benzofuro[3,2-b]pyrazolo[4,3-e]pyridin-7-ol",0.8,13,-422.829469166339,0.338461538461538,NA,"844260778317018356"
"844260967622735895","C20H15N3O4","[M + H]+",9,0.000112351888182739,66.9027447608211,0.70160574802108,66.2011390128001,"3","IBHBIKWTFZCSOF","C1C(N=C(C2=C(C=CC3=C2C1=CN3)O)C4=CNC5=C4C=C(C=C5)O)C(=O)O","Hyrtiazepine",2.6,14,-425.836649252838,0.311764705882353,NA,"844260778317018356"
"844260967622735895","C20H15N3O4","[M + H]+",9,0.000112351888182739,66.9027447608211,0.70160574802108,66.2011390128001,"3","KRROWEKGYCWUAM","CN1C2=CC=CC=C2C(=O)C(=C3C(=CC4=CC=CC=C4O)C(=O)NN3)C1=O","(3Z)-3-[(4Z)-4-[(2-hydroxyphenyl)methylidene]-5-oxopyrazolidin-3-ylidene]-1-methylquinoline-2,4-dione",2.2,15,-429.449315431181,0.278787878787879,NA,"844260778317018356"
"844260967622735896","C12H22F2NO7P","[M + H]+",10,4.3123447521807e-05,65.9451758312853,1.36756842249314,64.5776074087922,"3",NA,NA,NA,NA,NA,NA,NA,NA,"844260778317018356"
"844260962484713467","C15H13F2N7O2","[M + H]+",1,0.873575635724497,68.34562739372,3.27046815052805,65.0751592431919,"4",NA,NA,NA,NA,NA,NA,NA,NA,"844260778329601269"
"844260962484713468","C12H14F3N7O3","[M + H]+",2,0.0568797191928578,65.6139715272761,2.79996840433832,62.8140031229378,"4",NA,NA,NA,NA,NA,NA,NA,NA,"844260778329601269"
"844260962484713469","C9H15N9O7","[M + H]+",3,0.027506101980882,64.8874405489002,1.70755277855816,63.179887770342,"4",NA,NA,NA,NA,NA,NA,NA,NA,"844260778329601269"
"844260962484713470","C11H18F3N3O7","[M + H]+",4,0.0235739826288946,64.7331763515563,2.30308917892124,62.430087172635,"4",NA,NA,NA,NA,NA,NA,NA,NA,"844260778329601269"
"844260962484713471","C14H17F2N3O6","[M + H]+",5,0.0176870921381443,64.4458677944378,3.21598624780854,61.2298815466293,"4",NA,NA,NA,NA,NA,NA,NA,NA,"844260778329601269"
"844260962484713472","C13H18F2N5O3P","[M + H]+",6,0.000317948862925676,60.4271679610849,2.71050532901052,57.7166626320744,"4",NA,NA,NA,NA,NA,NA,NA,NA,"844260778329601269"
"844260962484713473","C17H16FN3O5","[M + H]+",7,0.000160357797380227,59.7426849518568,2.24687077656348,57.4958141752933,"4",NA,NA,NA,NA,NA,NA,NA,NA,"844260778329601269"
"844260962484713474","C20H15N3O4","[M + H]+",8,0.000113699848197155,59.3988394652839,0,59.3988394652839,"4","XBESKJZOHAWRHS","COC1=CC=CC(=C1)N2C(=C(C(=O)NC2=O)C=C3C=NC4=CC=CC=C43)O","6-Hydroxy-5-(indol-3-ylidenemethyl)-1-(3-methoxyphenyl)pyrimidine-2,4-dione",1.8,1,-329.587651157644,0.402777777777778,0,"844260778329601269"
"844260962484713474","C20H15N3O4","[M + H]+",8,0.000113699848197155,59.3988394652839,0,59.3988394652839,"4","OKLQCZBOAHZABU","COC1=CC=C(C=C1)N2C(=C(C(=O)NC2=O)C=C3C=NC4=CC=CC=C43)O","6-Hydroxy-5-(indol-3-ylidenemethyl)-1-(4-methoxyphenyl)pyrimidine-2,4-dione",1.8,2,-337.281836260868,0.383561643835616,2,"844260778329601269"
"844260962484713474","C20H15N3O4","[M + H]+",8,0.000113699848197155,59.3988394652839,0,59.3988394652839,"4","MDOQJLLAKJRIGD","C1=CC2=C(C=C1O)NC=C2C3C(C(=O)NC3=O)C4=CNC5=C4C=CC(=C5)O","Dihydroarcyriarubin C",1.9,3,-361.793672694268,0.333333333333333,Inf,"844260778329601269"
"844260962484713474","C20H15N3O4","[M + H]+",8,0.000113699848197155,59.3988394652839,0,59.3988394652839,"4","MUKZNQTVLXQHRH","COC1=CC(=C(C=C1)C2=C3C(=C4C=CC(=O)C=C4O3)N=C5C2=CNN5)OC","4-(2,4-dimethoxyphenyl)-1H-benzofuro[3,2-b]pyrazolo[4,3-e]pyridin-7-ol",1,4,-376.17900727332,0.354166666666667,NA,"844260778329601269"
"844260962484713474","C20H15N3O4","[M + H]+",8,0.000113699848197155,59.3988394652839,0,59.3988394652839,"4","JONQCFJPPWOWOJ","C1=CC=C(C=C1)C2=C(C3=CC=CC=C3N2)CC4=NC(=C(C(=O)N4)O)C(=O)O","5,6-Dihydroxy-2-[(2-Phenyl-1h-Indol-3-Yl)methyl]pyrimidine-4-Carboxylic Acid",2.8,5,-376.716123446798,0.311377245508982,NA,"844260778329601269"
"844260962484713474","C20H15N3O4","[M + H]+",8,0.000113699848197155,59.3988394652839,0,59.3988394652839,"4","PUDYPYSNBKKWCZ","COC1=CC=C(C=C1)N2C3=C(C=CC(=N3)C4=CC=CC=C4O)C(=O)NC2=O","7-(2-hydroxyphenyl)-1-(4-methoxyphenyl)-1H,2H,3H,4H-pyrido[2,3-d]pyrimidine-2,4-dione",2.7,6,-383.066442066929,0.372093023255814,NA,"844260778329601269"
"844260962484713474","C20H15N3O4","[M + H]+",8,0.000113699848197155,59.3988394652839,0,59.3988394652839,"4","AOEIQEHYOZILKV","COC1=CC=CC(=C1)C(=O)NC2=CC=C(C=C2)C3=NN=C(O3)C4=CC=CO4","N-{4-[5-(furan-2-yl)-1,3,4-oxadiazol-2-yl]phenyl}-3-methoxybenzamide",3,7,-389.697632176756,0.266304347826087,NA,"844260778329601269"
"844260962484713474","C20H15N3O4","[M + H]+",8,0.000113699848197155,59.3988394652839,0,59.3988394652839,"4","XQLMMQLYXOMQKO","COC1=CC2=C(C=C1)C(=O)N3CCC4=C(C3=N2)NC5=CC6=C(C=C45)OCO6","Orisuaveoline B",2.8,8,-399.544561750604,0.423728813559322,NA,"844260778329601269"
"844260962484713474","C20H15N3O4","[M + H]+",8,0.000113699848197155,59.3988394652839,0,59.3988394652839,"4","QWNCUDVCMGPFRR","C1CN(C2=NC3=CC=CC=C3N21)C(=O)COC4=CC5=C(C=C4)C=CC(=O)O5","7-(2-oxo-2-{2,5,7-triazatricyclo[6.4.0.0²,⁶]dodeca-1(12),6,8,10-tetraen-5-yl}ethoxy)-2H-chromen-2-one",2.5,9,-399.680742285918,0.341968911917098,NA,"844260778329601269"
"844260962484713474","C20H15N3O4","[M + H]+",8,0.000113699848197155,59.3988394652839,0,59.3988394652839,"4","IBHBIKWTFZCSOF","C1C(N=C(C2=C(C=CC3=C2C1=CN3)O)C4=CNC5=C4C=C(C=C5)O)C(=O)O","Hyrtiazepine",2.6,10,-420.374533965373,0.309941520467836,NA,"844260778329601269"
"844260962484713474","C20H15N3O4","[M + H]+",8,0.000113699848197155,59.3988394652839,0,59.3988394652839,"4","YPFGTXACUAVDOJ","CN1C2=NC3=C4C=CC(=O)C=C4OC3=C(C2=CN1)C5=CC(=C(C=C5)O)OC","4-(4-hydroxy-3-methoxyphenyl)-1-methyl-1H-benzofuro[3,2-b]pyrazolo[4,3-e]pyridin-7-ol",0.8,11,-436.277518766856,0.336787564766839,NA,"844260778329601269"
"844260962484713474","C20H15N3O4","[M + H]+",8,0.000113699848197155,59.3988394652839,0,59.3988394652839,"4","BGVFJHZLNUVXJW","CN1C2=NC3=C4C=CC(=O)C=C4OC3=C(C2=CN1)C5=CC(=C(C=C5)OC)O","4-(3-hydroxy-4-methoxyphenyl)-1-methyl-1H-benzofuro[3,2-b]pyrazolo[4,3-e]pyridin-7-ol",0.8,12,-444.623878234066,0.336734693877551,NA,"844260778329601269"
"844260962484713474","C20H15N3O4","[M + H]+",8,0.000113699848197155,59.3988394652839,0,59.3988394652839,"4","KRROWEKGYCWUAM","CN1C2=CC=CC=C2C(=O)C(=C3C(=CC4=CC=CC=C4O)C(=O)NN3)C1=O","(3Z)-3-[(4Z)-4-[(2-hydroxyphenyl)methylidene]-5-oxopyrazolidin-3-ylidene]-1-methylquinoline-2,4-dione",2.2,13,-447.070022406896,0.247058823529412,NA,"844260778329601269"
"844260962484713474","C20H15N3O4","[M + H]+",8,0.000113699848197155,59.3988394652839,0,59.3988394652839,"4","BNMWBRJGVFOWDK","CC(=O)NC1=NC(=NC2=C1C(=O)OC3=CC=CC=C32)C4=CC=C(C=C4)OC","N-[2-(4-methoxyphenyl)-5-oxo-5H-chromeno[4,3-d]pyrimidin-4-yl]acetamide",3,14,-449.167555473193,0.301075268817204,NA,"844260778329601269"
"844260962484713474","C20H15N3O4","[M + H]+",8,0.000113699848197155,59.3988394652839,0,59.3988394652839,"4","FKYLJDMNMOWTMN","COC1=C(C=C(C=C1)C2=C3C(=C4C=CC(=O)C=C4O3)N=C5C2=CNN5)OC","4-(3,4-dimethoxyphenyl)-1H-benzofuro[3,2-b]pyrazolo[4,3-e]pyridin-7-ol",1,15,-450.384707145383,0.318407960199005,NA,"844260778329601269"
"844260962484713475","C12H22F2NO7P","[M + H]+",9,8.31121628826615e-05,59.0854684552091,2.47099689844969,56.6144715567594,"4",NA,NA,NA,NA,NA,NA,NA,NA,"844260778329601269"
"844260962484713476","C19H17F2NO4","[M + H]+",10,6.06999769475952e-05,58.771220717935,1.1264849320804,57.6447357858546,"4","AYIZPDXXYIFMQC","C1=CC=C2C(=C1)C(C3=CC=CC=C32)COC(=O)NC(CC(F)F)C(=O)O","(R)-2-(9H-Fluoren-9-ylmethoxycarbonylamino)-4,4-difluoro-butyric acid",3.9,20,-489.062923065101,0.12280701754386,NA,"844260778329601269"
"844260962551822341","C15H13F2N7O2","[M + H]+",1,0.934963940812412,63.3692251480726,3.49673924474912,59.8724859033234,"5",NA,NA,NA,NA,NA,NA,NA,NA,"844260778342184182"
"844260962551822342","C12H14F3N7O3","[M + H]+",2,0.037177402822737,60.1444183112079,2.60390538044194,57.5405129307659,"5",NA,NA,NA,NA,NA,NA,NA,NA,"844260778342184182"
"844260962551822343","C11H18F3N3O7","[M + H]+",3,0.0114695834356864,58.9684157982597,1.70156135852783,57.2668544397318,"5",NA,NA,NA,NA,NA,NA,NA,NA,"844260778342184182"
"844260962551822344","C14H17F2N3O6","[M + H]+",4,0.0084120973801441,58.6583880196137,2.96531918729444,55.6930688323193,"5",NA,NA,NA,NA,NA,NA,NA,NA,"844260778342184182"
"844260962551822345","C9H15N9O7","[M + H]+",5,0.00547545178182874,58.2289919750308,0.844378983256279,57.3846129917745,"5",NA,NA,NA,NA,NA,NA,NA,NA,"844260778342184182"
"844260962551822346","C20H15N3O4","[M + H]+",6,0.000987163024791557,56.5157971043434,0.137191462768831,56.3786056415746,"5","XBESKJZOHAWRHS","COC1=CC=CC(=C1)N2C(=C(C(=O)NC2=O)C=C3C=NC4=CC=CC=C43)O","6-Hydroxy-5-(indol-3-ylidenemethyl)-1-(3-methoxyphenyl)pyrimidine-2,4-dione",1.8,1,-327.997032653125,0.397260273972603,0,"844260778342184182"
"844260962551822346","C20H15N3O4","[M + H]+",6,0.000987163024791557,56.5157971043434,0.137191462768831,56.3786056415746,"5","OKLQCZBOAHZABU","COC1=CC=C(C=C1)N2C(=C(C(=O)NC2=O)C=C3C=NC4=CC=CC=C43)O","6-Hydroxy-5-(indol-3-ylidenemethyl)-1-(4-methoxyphenyl)pyrimidine-2,4-dione",1.8,2,-332.495315434411,0.378378378378378,2,"844260778342184182"
"844260962551822346","C20H15N3O4","[M + H]+",6,0.000987163024791557,56.5157971043434,0.137191462768831,56.3786056415746,"5","JONQCFJPPWOWOJ","C1=CC=C(C=C1)C2=C(C3=CC=CC=C3N2)CC4=NC(=C(C(=O)N4)O)C(=O)O","5,6-Dihydroxy-2-[(2-Phenyl-1h-Indol-3-Yl)methyl]pyrimidine-4-Carboxylic Acid",2.8,3,-365.812492218802,0.323353293413174,Inf,"844260778342184182"
"844260962551822346","C20H15N3O4","[M + H]+",6,0.000987163024791557,56.5157971043434,0.137191462768831,56.3786056415746,"5","MDOQJLLAKJRIGD","C1=CC2=C(C=C1O)NC=C2C3C(C(=O)NC3=O)C4=CNC5=C4C=CC(=C5)O","Dihydroarcyriarubin C",1.9,4,-368.969400153949,0.337662337662338,NA,"844260778342184182"
"844260962551822346","C20H15N3O4","[M + H]+",6,0.000987163024791557,56.5157971043434,0.137191462768831,56.3786056415746,"5","AOEIQEHYOZILKV","COC1=CC=CC(=C1)C(=O)NC2=CC=C(C=C2)C3=NN=C(O3)C4=CC=CO4","N-{4-[5-(furan-2-yl)-1,3,4-oxadiazol-2-yl]phenyl}-3-methoxybenzamide",3,5,-370.293278783438,0.263440860215054,NA,"844260778342184182"
"844260962551822346","C20H15N3O4","[M + H]+",6,0.000987163024791557,56.5157971043434,0.137191462768831,56.3786056415746,"5","MUKZNQTVLXQHRH","COC1=CC(=C(C=C1)C2=C3C(=C4C=CC(=O)C=C4O3)N=C5C2=CNN5)OC","4-(2,4-dimethoxyphenyl)-1H-benzofuro[3,2-b]pyrazolo[4,3-e]pyridin-7-ol",1,6,-375.979051009528,0.350515463917526,NA,"844260778342184182"
"844260962551822346","C20H15N3O4","[M + H]+",6,0.000987163024791557,56.5157971043434,0.137191462768831,56.3786056415746,"5","XQLMMQLYXOMQKO","COC1=CC2=C(C=C1)C(=O)N3CCC4=C(C3=N2)NC5=CC6=C(C=C45)OCO6","Orisuaveoline B",2.8,7,-380.338875328681,0.411111111111111,NA,"844260778342184182"
"844260962551822346","C20H15N3O4","[M + H]+",6,0.000987163024791557,56.5157971043434,0.137191462768831,56.3786056415746,"5","PUDYPYSNBKKWCZ","COC1=CC=C(C=C1)N2C3=C(C=CC(=N3)C4=CC=CC=C4O)C(=O)NC2=O","7-(2-hydroxyphenyl)-1-(4-methoxyphenyl)-1H,2H,3H,4H-pyrido[2,3-d]pyrimidine-2,4-dione",2.7,8,-383.746256737746,0.367816091954023,NA,"844260778342184182"
"844260962551822346","C20H15N3O4","[M + H]+",6,0.000987163024791557,56.5157971043434,0.137191462768831,56.3786056415746,"5","QWNCUDVCMGPFRR","C1CN(C2=NC3=CC=CC=C3N21)C(=O)COC4=CC5=C(C=C4)C=CC(=O)O5","7-(2-oxo-2-{2,5,7-triazatricyclo[6.4.0.0²,⁶]dodeca-1(12),6,8,10-tetraen-5-yl}ethoxy)-2H-chromen-2-one",2.5,9,-391.279997997848,0.345360824742268,NA,"844260778342184182"
"844260962551822346","C20H15N3O4","[M + H]+",6,0.000987163024791557,56.5157971043434,0.137191462768831,56.3786056415746,"5","KRROWEKGYCWUAM","CN1C2=CC=CC=C2C(=O)C(=C3C(=CC4=CC=CC=C4O)C(=O)NN3)C1=O","(3Z)-3-[(4Z)-4-[(2-hydroxyphenyl)methylidene]-5-oxopyrazolidin-3-ylidene]-1-methylquinoline-2,4-dione",2.2,10,-405.460786402738,0.258823529411765,NA,"844260778342184182"
"844260962551822346","C20H15N3O4","[M + H]+",6,0.000987163024791557,56.5157971043434,0.137191462768831,56.3786056415746,"5","RZZUAVPTAVWZIS","CN1C2=CC=CC=C2C(=O)C(=C3C(=CC4=CC(=CC=C4)O)C(=O)NN3)C1=O","(3Z)-3-[(4Z)-4-[(3-hydroxyphenyl)methylidene]-5-oxopyrazolidin-3-ylidene]-1-methylquinoline-2,4-dione",2.2,11,-418.589549155522,0.264705882352941,NA,"844260778342184182"
"844260962551822346","C20H15N3O4","[M + H]+",6,0.000987163024791557,56.5157971043434,0.137191462768831,56.3786056415746,"5","YPFGTXACUAVDOJ","CN1C2=NC3=C4C=CC(=O)C=C4OC3=C(C2=CN1)C5=CC(=C(C=C5)O)OC","4-(4-hydroxy-3-methoxyphenyl)-1-methyl-1H-benzofuro[3,2-b]pyrazolo[4,3-e]pyridin-7-ol",0.8,12,-422.692518427015,0.34020618556701,NA,"844260778342184182"
"844260962551822346","C20H15N3O4","[M + H]+",6,0.000987163024791557,56.5157971043434,0.137191462768831,56.3786056415746,"5","IBHBIKWTFZCSOF","C1C(N=C(C2=C(C=CC3=C2C1=CN3)O)C4=CNC5=C4C=C(C=C5)O)C(=O)O","Hyrtiazepine",2.6,13,-428.49587602647,0.313953488372093,NA,"844260778342184182"
"844260962551822346","C20H15N3O4","[M + H]+",6,0.000987163024791557,56.5157971043434,0.137191462768831,56.3786056415746,"5","QGKXNGVWALRPSW","CN1C2=CC=CC=C2C(=O)C(=C3C(=CC4=CC=C(C=C4)O)C(=O)NN3)C1=O","(3Z)-3-[(4Z)-4-[(4-hydroxyphenyl)methylidene]-5-oxopyrazolidin-3-ylidene]-1-methylquinoline-2,4-dione",2.2,14,-431.308588157576,0.260115606936416,NA,"844260778342184182"
"844260962551822346","C20H15N3O4","[M + H]+",6,0.000987163024791557,56.5157971043434,0.137191462768831,56.3786056415746,"5","BGVFJHZLNUVXJW","CN1C2=NC3=C4C=CC(=O)C=C4OC3=C(C2=CN1)C5=CC(=C(C=C5)OC)O","4-(3-hydroxy-4-methoxyphenyl)-1-methyl-1H-benzofuro[3,2-b]pyrazolo[4,3-e]pyridin-7-ol",0.8,15,-434.982035054032,0.333333333333333,NA,"844260778342184182"
"844260962551822347","C19H17F2NO4","[M + H]+",7,0.000925356538991145,56.451141017326,1.69692097680463,54.7542200405214,"5","AYIZPDXXYIFMQC","C1=CC=C2C(=C1)C(C3=CC=CC=C32)COC(=O)NC(CC(F)F)C(=O)O","(R)-2-(9H-Fluoren-9-ylmethoxycarbonylamino)-4,4-difluoro-butyric acid",3.9,20,-500.612687326969,0.121387283236994,NA,"844260778342184182"
"844260962551822348","C13H18F2N5O3P","[M + H]+",8,0.000270520607277963,55.2213101840799,2.57259594317638,52.6487142409035,"5",NA,NA,NA,NA,NA,NA,NA,NA,"844260778342184182"
"844260962551822349","C17H16FN3O5","[M + H]+",9,0.000162688581044538,54.7127997341687,2.44481921569422,52.2679805184745,"5",NA,NA,NA,NA,NA,NA,NA,NA,"844260778342184182"
"844260962551822350","C12H22F2NO7P","[M + H]+",10,6.15570097190209e-05,53.7409256392477,1.94945240782304,51.7914732314246,"5",NA,NA,NA,NA,NA,NA,NA,NA,"844260778342184182"
"844260840543712743","C15H13F2N7O2","[M + H]+",1,0.855570316061755,62.2723206787373,3.19258161153586,59.0797390672015,"6","FOZXIPLAGUNHIE","CN1C(=C(C=N1)C2=NC(=NC=C2F)OC)C(=O)NC3=CC(=NC=C3F)N","N-(2-amino-5-fluoropyridin-4-yl)-4-(5-fluoro-2-methoxypyrimidin-4-yl)-2-methylpyrazole-3-carboxamide",0.4,1,-201.120972401807,0.544642857142857,0,"844260778358961399"
"844260840543712743","C15H13F2N7O2","[M + H]+",1,0.855570316061755,62.2723206787373,3.19258161153586,59.0797390672015,"6","PIKDWSFQRYHGPE","C1=CC(=C(C=C1F)F)NC(=O)NCCN2C(=O)C=CC(=N2)N3C=NC=N3","1-(2,4-difluorophenyl)-3-(2-(6-oxo-3-(1H-1,2,4-triazol-1-yl)pyridazin-1(6H)-yl)ethyl)urea",0.5,2,-235.189814731484,0.452380952380952,Inf,"844260778358961399"
"844260840543712743","C15H13F2N7O2","[M + H]+",1,0.855570316061755,62.2723206787373,3.19258161153586,59.0797390672015,"6","KMTLMRMWJDBVTB","C1=CC(=C(C=C1F)NC(=O)NCCN2C(=O)C=CC(=N2)N3C=NC=N3)F","1-(2,5-difluorophenyl)-3-(2-(6-oxo-3-(1H-1,2,4-triazol-1-yl)pyridazin-1(6H)-yl)ethyl)urea",0.5,3,-237.083833618077,0.463414634146341,NA,"844260778358961399"
"844260840543712743","C15H13F2N7O2","[M + H]+",1,0.855570316061755,62.2723206787373,3.19258161153586,59.0797390672015,"6","JINYNPTZFYTAAE","CNC1=CC2=NC3=C(C=NN13)C(=O)NCCOC4=C(C=C(C(=N4)N2)F)F",NA,1.3,5,-242.106123294329,0.503875968992248,NA,"844260778358961399"
"844260840543712743","C15H13F2N7O2","[M + H]+",1,0.855570316061755,62.2723206787373,3.19258161153586,59.0797390672015,"6","PQAMDKDZSSHTAQ","C1=CC(=C(C=C1NC(=O)NCCN2C(=O)C=CC(=N2)N3C=NC=N3)F)F","1-(3,4-difluorophenyl)-3-(2-(6-oxo-3-(1H-1,2,4-triazol-1-yl)pyridazin-1(6H)-yl)ethyl)urea",0.5,6,-243.048337867748,0.448818897637795,NA,"844260778358961399"
"844260840543712743","C15H13F2N7O2","[M + H]+",1,0.855570316061755,62.2723206787373,3.19258161153586,59.0797390672015,"6","JOXSMAKUPLSCFK","CNC1=CC2=NC3=C(C=NN13)C(=O)NCCOC4=C(C(=CC(=N4)N2)F)F",NA,1.3,7,-243.104884738646,0.5078125,NA,"844260778358961399"
"844260840543712743","C15H13F2N7O2","[M + H]+",1,0.855570316061755,62.2723206787373,3.19258161153586,59.0797390672015,"6","DOKYXQUHEBRWHL","CNC1=CC2=NC3=C(C=NN13)C(=O)NCCOC4=NC(=C(C(=C4)F)F)N2",NA,1.3,8,-243.197441590969,0.503875968992248,NA,"844260778358961399"
"844260840543712743","C15H13F2N7O2","[M + H]+",1,0.855570316061755,62.2723206787373,3.19258161153586,59.0797390672015,"6","RGLWMSKFLHMTMK","C1=CC(=C(N=C1)OC2=C(C=C(C=C2)F)F)CNC(=O)CN3C(=NN=N3)N","2-(5-amino-1H-tetrazol-1-yl)-N-{[2-(2,4-difluorophenoxy)pyridin-3-yl]methyl}acetamide",1.2,9,-247.526475079982,0.458015267175573,NA,"844260778358961399"
"844260840543712743","C15H13F2N7O2","[M + H]+",1,0.855570316061755,62.2723206787373,3.19258161153586,59.0797390672015,"6","MCSNHWJKNRXSFD","CC(C1=NC=NN1C2=NC=CC=N2)NC(=O)C3=CC(=CN=C3)OC(F)F","5-(difluoromethoxy)-N-[1-(2-pyrimidin-2-yl-1,2,4-triazol-3-yl)ethyl]pyridine-3-carboxamide",1.3,10,-248.079365241961,0.467213114754098,NA,"844260778358961399"
"844260840543712743","C15H13F2N7O2","[M + H]+",1,0.855570316061755,62.2723206787373,3.19258161153586,59.0797390672015,"6","OGXZJNBJBKZZGO","CC1=NON=C1CN2C3=C(C(=O)NC(=N3)C(C4=CC=CC=C4)(F)F)NN2","5-[difluoro(phenyl)methyl]-3-[(4-methyl-1,2,5-oxadiazol-3-yl)methyl]-2,6-dihydro-1H-triazolo[4,5-d]pyrimidin-7-one",2.6,11,-277.131131971893,0.37956204379562,NA,"844260778358961399"
"844260840543712743","C15H13F2N7O2","[M + H]+",1,0.855570316061755,62.2723206787373,3.19258161153586,59.0797390672015,"6","OIALPWCJCSMRGK","C1C2(CC1(F)F)CN(C2)C(=O)C3=CN(N=N3)C4=NN5C=CC=C5C(=O)N4","2-[4-(6,6-difluoro-2-azaspiro[3.3]heptane-2-carbonyl)triazol-1-yl]-3H-pyrrolo[2,1-f][1,2,4]triazin-4-one",0.9,16,-310.384356789166,0.394160583941606,NA,"844260778358961399"
"844260840543712743","C15H13F2N7O2","[M + H]+",1,0.855570316061755,62.2723206787373,3.19258161153586,59.0797390672015,"6","ZKLPXXGDZRZHGE","C1CC12CN(CC2(F)F)C3=CC(=NN4C3=NC=N4)C5=CNC(=O)NC5=O","5-[8-(7,7-difluoro-5-azaspiro[2.4]heptan-5-yl)-[1,2,4]triazolo[1,5-b]pyridazin-6-yl]-1H-pyrimidine-2,4-dione",0.3,23,-359.012150448751,0.359477124183007,NA,"844260778358961399"
"844260840543712743","C15H13F2N7O2","[M + H]+",1,0.855570316061755,62.2723206787373,3.19258161153586,59.0797390672015,"6","JMTPBJUZPYHNEA","C1CC12CN(CC2(F)F)C3=CC(=NN4C3=NN=C4)C5=CNC(=O)NC5=O","5-[8-(7,7-difluoro-5-azaspiro[2.4]heptan-5-yl)-[1,2,4]triazolo[4,3-b]pyridazin-6-yl]-1H-pyrimidine-2,4-dione",-0.3,25,-360.559841325642,0.357142857142857,NA,"844260778358961399"
"844260840543712743","C15H13F2N7O2","[M + H]+",1,0.855570316061755,62.2723206787373,3.19258161153586,59.0797390672015,"6","IPONHXGOODDWMS","C1CC12CN(CC2(F)F)C3=CC(=NC4=NC=NN34)C5=CNC(=O)NC5=O","5-[7-(7,7-difluoro-5-azaspiro[2.4]heptan-5-yl)-[1,2,4]triazolo[1,5-a]pyrimidin-5-yl]-1H-pyrimidine-2,4-dione",0.4,34,-379.002132439805,0.3375,NA,"844260778358961399"
"844260840543712743","C15H13F2N7O2","[M + H]+",1,0.855570316061755,62.2723206787373,3.19258161153586,59.0797390672015,"6","XCRZLFRHRAYWPB","CN1N=C(N=N1)C(=O)NC2CCC3=C2C=CC(=C3)C4=NOC(=N4)C(F)F","N-[5-[5-(difluoromethyl)-1,2,4-oxadiazol-3-yl]-2,3-dihydro-1H-inden-1-yl]-2-methyltetrazole-5-carboxamide",2.2,51,-401.835846278233,0.299363057324841,NA,"844260778358961399"
"844260840543712744","C12H14F3N7O3","[M + H]+",2,0.0997049301984916,60.122767521922,1.99613529356559,58.1266322283564,"6","CFYZNRWKQYLEBN","CN1C(=C(C(=N1)N2CC(C2)(C3=NC=NN3C)OC)[N+](=O)[O-])C(F)(F)F","5-[3-Methoxy-1-[1-methyl-4-nitro-5-(trifluoromethyl)pyrazol-3-yl]azetidin-3-yl]-1-methyl-1,2,4-triazole",0.5,4,-238.145503439658,0.413223140495868,NA,"844260778358961399"
"844260840543712744","C12H14F3N7O3","[M + H]+",2,0.0997049301984916,60.122767521922,1.99613529356559,58.1266322283564,"6","WSXZVUWPGPFFRD","CC1=NC(=NN1C2=NNC(=N2)C(F)(F)F)C(=O)NCC(C)(C)C(=O)O","2,2-dimethyl-3-[[5-methyl-1-[5-(trifluoromethyl)-1H-1,2,4-triazol-3-yl]-1,2,4-triazole-3-carbonyl]amino]propanoic acid",1.4,12,-291.480509139107,0.330935251798561,NA,"844260778358961399"
"844260840543712744","C12H14F3N7O3","[M + H]+",2,0.0997049301984916,60.122767521922,1.99613529356559,58.1266322283564,"6","WXKDRRFOSNTCKL","CC1=NC(=NN1C2=NNC(=N2)C(F)(F)F)C(=O)N(CC(=O)O)C(C)C","2-[[5-methyl-1-[5-(trifluoromethyl)-1H-1,2,4-triazol-3-yl]-1,2,4-triazole-3-carbonyl]-propan-2-ylamino]acetic acid",1.6,13,-297.60255033592,0.305555555555556,NA,"844260778358961399"
"844260840543712744","C12H14F3N7O3","[M + H]+",2,0.0997049301984916,60.122767521922,1.99613529356559,58.1266322283564,"6","PHSLFFNBMPDTLL","CC1=NC(=NN1C2=NNC(=N2)C(F)(F)F)C(=O)N(C)C(C)(C)C(=O)O","2-methyl-2-[methyl-[5-methyl-1-[5-(trifluoromethyl)-1H-1,2,4-triazol-3-yl]-1,2,4-triazole-3-carbonyl]amino]propanoic acid",1.4,14,-300.677833966459,0.292857142857143,NA,"844260778358961399"
"844260840543712744","C12H14F3N7O3","[M + H]+",2,0.0997049301984916,60.122767521922,1.99613529356559,58.1266322283564,"6","RIVMOGGKOUBILA","C1=C(C(=O)NC(=O)N1CC(F)(F)F)CNC(=O)CCCC2=NNN=N2","N-[[2,4-dioxo-1-(2,2,2-trifluoroethyl)pyrimidin-5-yl]methyl]-4-(2H-tetrazol-5-yl)butanamide",-0.2,15,-308.283359452358,0.347222222222222,NA,"844260778358961399"
"844260840543712744","C12H14F3N7O3","[M + H]+",2,0.0997049301984916,60.122767521922,1.99613529356559,58.1266322283564,"6","FWQFKNAIHMGGGE","CCCN(CC(=O)O)C(=O)C1=NN(C(=N1)C)C2=NNC(=N2)C(F)(F)F","2-[[5-methyl-1-[5-(trifluoromethyl)-1H-1,2,4-triazol-3-yl]-1,2,4-triazole-3-carbonyl]-propylamino]acetic acid",1.7,17,-311.920259646994,0.302631578947368,NA,"844260778358961399"
"844260840543712744","C12H14F3N7O3","[M + H]+",2,0.0997049301984916,60.122767521922,1.99613529356559,58.1266322283564,"6","KDGIFBZCSXNMKY","CC1=NC(=NN1C2=NNC(=N2)C(F)(F)F)C(=O)NCC(C)CC(=O)O","3-methyl-4-[[5-methyl-1-[5-(trifluoromethyl)-1H-1,2,4-triazol-3-yl]-1,2,4-triazole-3-carbonyl]amino]butanoic acid",1.3,18,-322.377986624528,0.328767123287671,NA,"844260778358961399"
"844260840543712744","C12H14F3N7O3","[M + H]+",2,0.0997049301984916,60.122767521922,1.99613529356559,58.1266322283564,"6","WLFUMOWTTXBNHH","CCC(C)(C(=O)O)NC(=O)C1=NN(C(=N1)C)C2=NNC(=N2)C(F)(F)F","2-methyl-2-[[5-methyl-1-[5-(trifluoromethyl)-1H-1,2,4-triazol-3-yl]-1,2,4-triazole-3-carbonyl]amino]butanoic acid",1.7,19,-330.670807383604,0.288590604026846,NA,"844260778358961399"
"844260840543712744","C12H14F3N7O3","[M + H]+",2,0.0997049301984916,60.122767521922,1.99613529356559,58.1266322283564,"6","HTBCVVYYGFODDC","CC1=NC(=NN1C2=NNC(=N2)C(F)(F)F)C(=O)NC(C(C)C)C(=O)O","3-methyl-2-[[5-methyl-1-[5-(trifluoromethyl)-1H-1,2,4-triazol-3-yl]-1,2,4-triazole-3-carbonyl]amino]butanoic acid",2,30,-371.445950875848,0.273885350318471,NA,"844260778358961399"
"844260840543712744","C12H14F3N7O3","[M + H]+",2,0.0997049301984916,60.122767521922,1.99613529356559,58.1266322283564,"6","IGPSHAHSHFVEGF","CC1=NC(=NN1C2=NNC(=N2)C(F)(F)F)C(=O)NCCCCC(=O)O","5-[[5-methyl-1-[5-(trifluoromethyl)-1H-1,2,4-triazol-3-yl]-1,2,4-triazole-3-carbonyl]amino]pentanoic acid",1.2,44,-392.885078132666,0.296969696969697,NA,"844260778358961399"
"844260840543712744","C12H14F3N7O3","[M + H]+",2,0.0997049301984916,60.122767521922,1.99613529356559,58.1266322283564,"6","KGFWOLWQESAWQX","CC1=NC(=NN1C2=NNC(=N2)C(F)(F)F)C(=O)NC(C)CCC(=O)O","4-[[5-methyl-1-[5-(trifluoromethyl)-1H-1,2,4-triazol-3-yl]-1,2,4-triazole-3-carbonyl]amino]pentanoic acid",1.3,58,-408.184413193004,0.2875,NA,"844260778358961399"
"844260840543712744","C12H14F3N7O3","[M + H]+",2,0.0997049301984916,60.122767521922,1.99613529356559,58.1266322283564,"6","YQALYJYBDXGRTD","CCCC(C(=O)O)NC(=O)C1=NN(C(=N1)C)C2=NNC(=N2)C(F)(F)F","2-[[5-methyl-1-[5-(trifluoromethyl)-1H-1,2,4-triazol-3-yl]-1,2,4-triazole-3-carbonyl]amino]pentanoic acid",1.9,151,-480.332537131659,0.239130434782609,NA,"844260778358961399"
"844260840543712745","C14H17F2N3O6","[M + H]+",3,0.0150363380058754,58.2310222010637,2.30807148433742,55.9229507167263,"6","WXVJJJQBBQNPFF","CC(C)(C)OC(=O)NC(CNC1=CC(=C(C=C1[N+](=O)[O-])F)F)C(=O)O","3-(4,5-Difluoro-2-nitroanilino)-2-[(2-methylpropan-2-yl)oxycarbonylamino]propanoic acid",2.8,24,-359.611066872692,0.220994475138122,NA,"844260778358961399"
"844260840543712745","C14H17F2N3O6","[M + H]+",3,0.0150363380058754,58.2310222010637,2.30807148433742,55.9229507167263,"6","DCCUFNSJKULQNP","CC(C)(C)OC(=O)NC(CNC1=CC(=C(C=C1F)[N+](=O)[O-])F)C(=O)O","(2S)-3-(2,5-difluoro-4-nitroanilino)-2-[(2-methylpropan-2-yl)oxycarbonylamino]propanoic acid",2.8,26,-360.805746485742,0.213483146067416,NA,"844260778358961399"
"844260840543712745","C14H17F2N3O6","[M + H]+",3,0.0150363380058754,58.2310222010637,2.30807148433742,55.9229507167263,"6","NYNAAGTVQZRHQO","CCCCOC(=O)OCC1=C(C(C(O1)N2C=CC(=NC2=O)N)(F)F)O","[(2R)-2-(4-amino-2-oxopyrimidin-1-yl)-3,3-difluoro-4-hydroxy-2H-furan-5-yl]methyl butyl carbonate",0.5,37,-387.207046280033,0.231638418079096,NA,"844260778358961399"
"844260840543712745","C14H17F2N3O6","[M + H]+",3,0.0150363380058754,58.2310222010637,2.30807148433742,55.9229507167263,"6","HLPCOTYSWJFYDT","CC(C)(CCC(=O)O)NC(=O)NC1=C(C=CC(=C1)[N+](=O)[O-])OC(F)F","4-[[2-(Difluoromethoxy)-5-nitrophenyl]carbamoylamino]-4-methylpentanoic acid",2.1,74,-421.750411820938,0.252747252747253,NA,"844260778358961399"
"844260840543712745","C14H17F2N3O6","[M + H]+",3,0.0150363380058754,58.2310222010637,2.30807148433742,55.9229507167263,"6","YNLFTOUVPKSGBP","CCCNC(=O)CNC(=O)C1=CC(=C(C=C1[N+](=O)[O-])OC(F)F)OC","4-(difluoromethoxy)-5-methoxy-2-nitro-N-[2-oxo-2-(propylamino)ethyl]benzamide",2.2,90,-445.097277548098,0.261538461538462,NA,"844260778358961399"
"844260840543712745","C14H17F2N3O6","[M + H]+",3,0.0150363380058754,58.2310222010637,2.30807148433742,55.9229507167263,"6","YMYJOCWHWAYWTB","CCNC(=O)C(C)NC(=O)C1=CC(=C(C=C1[N+](=O)[O-])OC(F)F)OC","4-(difluoromethoxy)-N-[1-(ethylamino)-1-oxopropan-2-yl]-5-methoxy-2-nitrobenzamide",2,102,-453.117500690417,0.252525252525253,NA,"844260778358961399"
"844260840543712745","C14H17F2N3O6","[M + H]+",3,0.0150363380058754,58.2310222010637,2.30807148433742,55.9229507167263,"6","SAPQPOWNBCHXIV","CCNC(=O)CN(C)C(=O)C1=CC(=C(C=C1[N+](=O)[O-])OC(F)F)OC","4-(difluoromethoxy)-N-[2-(ethylamino)-2-oxoethyl]-5-methoxy-N-methyl-2-nitrobenzamide",1.8,103,-453.332397914957,0.265625,NA,"844260778358961399"
"844260840543712745","C14H17F2N3O6","[M + H]+",3,0.0150363380058754,58.2310222010637,2.30807148433742,55.9229507167263,"6","OZGOYTYDOKZRNL","COC1=C(C=C(C(=C1)C(=O)NCC2CNCC2O)[N+](=O)[O-])OC(F)F","4-(difluoromethoxy)-N-[(4-hydroxypyrrolidin-3-yl)methyl]-5-methoxy-2-nitrobenzamide",1.5,170,-488.444157058208,0.245192307692308,NA,"844260778358961399"
"844260840543712745","C14H17F2N3O6","[M + H]+",3,0.0150363380058754,58.2310222010637,2.30807148433742,55.9229507167263,"6","DPZIFPKPVOPRBQ","CC(C1C(C(C(O1)N2C=CC(=NC2=O)N)(F)F)OC(=O)C)OC(=O)C","[(2R,3R,5R)-2-[(1S)-1-acetyloxyethyl]-5-(4-amino-2-oxopyrimidin-1-yl)-4,4-difluorooxolan-3-yl] acetate",-0.3,188,-496.069016529616,0.203883495145631,NA,"844260778358961399"
"844260840543712745","C14H17F2N3O6","[M + H]+",3,0.0150363380058754,58.2310222010637,2.30807148433742,55.9229507167263,"6","HSDNLXGJTHTADB","C1=CN(C(=O)N=C1N)C2C(C(C(O2)COC(=O)CCCC=O)O)(F)F","[(2R,3R,5R)-5-(4-amino-2-oxopyrimidin-1-yl)-4,4-difluoro-3-hydroxyoxolan-2-yl]methyl 5-oxopentanoate",-1.6,354,-552.607731537611,0.192825112107623,NA,"844260778358961399"
"844260840543712745","C14H17F2N3O6","[M + H]+",3,0.0150363380058754,58.2310222010637,2.30807148433742,55.9229507167263,"6","QBYZHSLKSKNBMT","C1=CN(C(=O)N=C1N)C2C(C(C(O2)CC(=O)CCCC(=O)O)O)(F)F","6-[(2R,5R)-5-(4-amino-2-oxopyrimidin-1-yl)-4,4-difluoro-3-hydroxyoxolan-2-yl]-5-oxohexanoic acid",-1.8,417,-573.92606623023,0.176724137931034,NA,"844260778358961399"
"844260840543712745","C14H17F2N3O6","[M + H]+",3,0.0150363380058754,58.2310222010637,2.30807148433742,55.9229507167263,"6","COQIKROFTRQKPD","C1=CC(=CC=C1COC(=O)NC(CCCN)(C(F)F)C(=O)O)[N+](=O)[O-]","5-Amino-2-(difluoromethyl)-2-[(4-nitrophenyl)methoxycarbonylamino]pentanoic acid",-0.9,498,-604.35240482932,0.172248803827751,NA,"844260778358961399"
"844260840543712745","C14H17F2N3O6","[M + H]+",3,0.0150363380058754,58.2310222010637,2.30807148433742,55.9229507167263,"6","JTBRAGZZOUJIOM","C1=CC(=CC=C1COC(=O)NCCCC(C(F)F)(C(=O)O)N)[N+](=O)[O-]","2-Amino-2-(difluoromethyl)-5-[(4-nitrophenyl)methoxycarbonylamino]pentanoic acid",-0.9,513,-611.956062843927,0.174528301886792,NA,"844260778358961399"
"844260840543712745","C14H17F2N3O6","[M + H]+",3,0.0150363380058754,58.2310222010637,2.30807148433742,55.9229507167263,"6","JQDFOYOLKOJNIP","C1CN(CCC1(F)F)C(=O)C2C(C(C(O2)N3C=CC(=O)NC3=O)O)O","1-[(2R,3R,4S,5S)-5-(4,4-difluoropiperidine-1-carbonyl)-3,4-dihydroxyoxolan-2-yl]pyrimidine-2,4-dione",-1,532,-621.472421907594,0.165322580645161,NA,"844260778358961399"
"844260840543712746","C11H18F3N3O7","[M + H]+",4,0.0138448584554507,58.1484663288977,0.531483585379607,57.6169827435181,"6",NA,NA,NA,NA,NA,NA,NA,NA,"844260778358961399"
"844260840543712747","C9H15N9O7","[M + H]+",5,0.0133147977589922,58.109428426031,0,58.109428426031,"6",NA,NA,NA,NA,NA,NA,NA,NA,"844260778358961399"
"844260840543712748","C19H17F2NO4","[M + H]+",6,0.00108398924931003,55.6012003811985,2.32644900505554,53.2747513761429,"6","SBPINCGTPCWQAB","CCOC(=O)C(=CC(=O)C=CC1=CC=CN1CC2=C(C=CC=C2F)F)O","ethyl (2Z,5E)-6-[1-[(2,6-difluorophenyl)methyl]pyrrol-2-yl]-2-hydroxy-4-oxo-hexa-2,5-dienoate",3.5,20,-349.255600655081,0.3,NA,"844260778358961399"
"844260840543712748","C19H17F2NO4","[M + H]+",6,0.00108398924931003,55.6012003811985,2.32644900505554,53.2747513761429,"6","RIDDUNOVYJNVRB","CCOC(=O)C(=CC(=O)C=CC1=CC=CN1CC2=CC(=CC(=C2)F)F)O","ethyl (2Z,5E)-6-[1-[(3,5-difluorophenyl)methyl]pyrrol-2-yl]-2-hydroxy-4-oxo-hexa-2,5-dienoate",3.5,21,-353.981233614941,0.294642857142857,NA,"844260778358961399"
"844260840543712748","C19H17F2NO4","[M + H]+",6,0.00108398924931003,55.6012003811985,2.32644900505554,53.2747513761429,"6","UYKLPKVIJHNFJX","CCOC(=O)C(=CC(=O)C=CC1=CC=CN1CC2=CC(=C(C=C2)F)F)O","6-[1-(3,4-Difluorobenzyl)-1H-pyrrole-2-yl]-2-hydroxy-4-oxo-2,5-hexadienoic acid ethyl ester",3.5,22,-358.756632584898,0.279661016949153,NA,"844260778358961399"
"844260840543712748","C19H17F2NO4","[M + H]+",6,0.00108398924931003,55.6012003811985,2.32644900505554,53.2747513761429,"6","AKKIYJUXSGEVIB","CCOC(=O)C(=CC(=O)C=CC1=CC=CN1CC2=C(C(=CC=C2)F)F)O","ethyl (2Z,5E)-6-[1-[(2,3-difluorophenyl)methyl]pyrrol-2-yl]-2-hydroxy-4-oxo-hexa-2,5-dienoate",3.5,27,-368.984863376809,0.283185840707965,NA,"844260778358961399"
"844260840543712748","C19H17F2NO4","[M + H]+",6,0.00108398924931003,55.6012003811985,2.32644900505554,53.2747513761429,"6","DDTGXOZZTPLBPD","CCOC(=O)C(=O)CC(=O)C=CC1=CC=CN1CC2=C(C=CC=C2F)F","ethyl (E)-6-[1-[(2,6-difluorophenyl)methyl]pyrrol-2-yl]-2,4-dioxohex-5-enoate",2.9,28,-370.674842798977,0.303571428571429,NA,"844260778358961399"
"844260840543712748","C19H17F2NO4","[M + H]+",6,0.00108398924931003,55.6012003811985,2.32644900505554,53.2747513761429,"6","MHGQLLRAEILDOW","CCOC(=O)C(=CC(=O)C=CC1=CC=CN1CC2=C(C=C(C=C2)F)F)O","ethyl (2Z,5E)-6-[1-[(2,4-difluorophenyl)methyl]pyrrol-2-yl]-2-hydroxy-4-oxo-hexa-2,5-dienoate",3.5,29,-371.066416082718,0.290598290598291,NA,"844260778358961399"
"844260840543712748","C19H17F2NO4","[M + H]+",6,0.00108398924931003,55.6012003811985,2.32644900505554,53.2747513761429,"6","ILGVZZSBGPJLHS","CCOC(=O)C(=O)CC(=O)C=CC1=CC=CN1CC2=CC(=CC(=C2)F)F","ethyl (E)-6-[1-[(3,5-difluorophenyl)methyl]pyrrol-2-yl]-2,4-dioxohex-5-enoate",2.9,31,-375.400475758835,0.298245614035088,NA,"844260778358961399"
"844260840543712748","C19H17F2NO4","[M + H]+",6,0.00108398924931003,55.6012003811985,2.32644900505554,53.2747513761429,"6","OTGVFDAHYRULEJ","CCOC(=O)C(=CC(=O)C=CC1=CC=CN1CC2=C(C=CC(=C2)F)F)O","ethyl (2Z,5E)-6-[1-[(2,5-difluorophenyl)methyl]pyrrol-2-yl]-2-hydroxy-4-oxo-hexa-2,5-dienoate",3.5,32,-375.542817466434,0.28448275862069,NA,"844260778358961399"
"844260840543712748","C19H17F2NO4","[M + H]+",6,0.00108398924931003,55.6012003811985,2.32644900505554,53.2747513761429,"6","BNRZSCLSYSVODF","CCON=C(C1=CC=CC=C1COC2=CC=C(C=C2)C=C(F)F)C(=O)O","(2Z)-2-[2-[[4-(2,2-difluoroethenyl)phenoxy]methyl]phenyl]-2-ethoxyiminoacetic acid",4.6,33,-375.638826837777,0.272727272727273,NA,"844260778358961399"
"844260840543712748","C19H17F2NO4","[M + H]+",6,0.00108398924931003,55.6012003811985,2.32644900505554,53.2747513761429,"6","ZQRINFWYYPZVQA","CCOC(=O)C(=O)CC(=O)C=CC1=CC=CN1CC2=CC(=C(C=C2)F)F","ethyl (E)-6-[1-[(3,4-difluorophenyl)methyl]pyrrol-2-yl]-2,4-dioxohex-5-enoate",2.9,35,-380.175874728793,0.283333333333333,NA,"844260778358961399"
"844260840543712748","C19H17F2NO4","[M + H]+",6,0.00108398924931003,55.6012003811985,2.32644900505554,53.2747513761429,"6","KDABXUDXVNRRDF","CC1=C(C=CC(=C1)OCC(=O)O)NC(=O)C2CC2C3=C(C=CC=C3F)F","2-[4-[[2-(2,6-Difluorophenyl)cyclopropanecarbonyl]amino]-3-methylphenoxy]acetic acid",3.1,36,-385.79539157098,0.3,NA,"844260778358961399"
"844260840543712748","C19H17F2NO4","[M + H]+",6,0.00108398924931003,55.6012003811985,2.32644900505554,53.2747513761429,"6","OCIRWFVZYGWHTE","CC1=C(C=CC(=C1)OCC(=O)O)NC(=O)C2CC2C3=C(C=C(C=C3)F)F","2-[4-[[2-(2,4-Difluorophenyl)cyclopropanecarbonyl]amino]-3-methylphenoxy]acetic acid",3.1,38,-387.230089812707,0.280575539568345,NA,"844260778358961399"
"844260840543712748","C19H17F2NO4","[M + H]+",6,0.00108398924931003,55.6012003811985,2.32644900505554,53.2747513761429,"6","PNYAPPCOZOBMJZ","CC1=CC=CC=C1NC(=O)COC(=O)C=CC2=CC=C(C=C2)OC(F)F","[2-(2-methylanilino)-2-oxoethyl] (E)-3-[4-(difluoromethoxy)phenyl]prop-2-enoate",4.4,39,-388.098911043198,0.262773722627737,NA,"844260778358961399"
"844260840543712748","C19H17F2NO4","[M + H]+",6,0.00108398924931003,55.6012003811985,2.32644900505554,53.2747513761429,"6","RJNMWPGOUKTNOK","COC(=O)C(=NOC)C1=CC=CC=C1COC2=CC=C(C=C2)C=C(F)F","Methyl 2-[2-[[4-(2,2-difluoroethenyl)phenoxy]methyl]phenyl]-2-methoxyiminoacetate",4.5,40,-389.737759991763,0.287037037037037,NA,"844260778358961399"
"844260840543712748","C19H17F2NO4","[M + H]+",6,0.00108398924931003,55.6012003811985,2.32644900505554,53.2747513761429,"6","FGULGOIZBUXLPA","CCOC(=O)C(=O)CC(=O)C=CC1=CC=CN1CC2=C(C(=CC=C2)F)F","ethyl (E)-6-[1-[(2,3-difluorophenyl)methyl]pyrrol-2-yl]-2,4-dioxohex-5-enoate",2.9,41,-390.404105520705,0.28695652173913,NA,"844260778358961399"
"844260840543712749","C13H18F2N5O3P","[M + H]+",7,0.000717144367890595,55.1880742871073,2.08618987670563,53.1018844104017,"6",NA,NA,NA,NA,NA,NA,NA,NA,"844260778358961399"
"844260840543712750","C10H19F3N5O4P","[M + H]+",8,0.000593160382804197,54.9982619393295,0,54.9982619393295,"6",NA,NA,NA,NA,NA,NA,NA,NA,"844260778358961399"
"844260840543712751","C12H22F2NO7P","[M + H]+",9,9.33037630704049e-05,53.1486575569148,1.2094874388342,51.9391701180806,"6",NA,NA,NA,NA,NA,NA,NA,NA,"844260778358961399"
"844260840543712752","C12H21N5O4P2","[M + H]+",10,2.40215605416053e-05,51.7917488998267,0.124981374148361,51.6667675256784,"6",NA,NA,NA,NA,NA,NA,NA,NA,"844260778358961399"
"844260839499331037","C15H13F2N7O2","[M + H]+",1,0.950138458062618,68.9599083309145,3.55552158722765,65.4043867436868,"7","FOZXIPLAGUNHIE","CN1C(=C(C=N1)C2=NC(=NC=C2F)OC)C(=O)NC3=CC(=NC=C3F)N","N-(2-amino-5-fluoropyridin-4-yl)-4-(5-fluoro-2-methoxypyrimidin-4-yl)-2-methylpyrazole-3-carboxamide",0.4,1,-207.34127676731,0.518518518518518,0,"844260778375738616"
"844260839499331037","C15H13F2N7O2","[M + H]+",1,0.950138458062618,68.9599083309145,3.55552158722765,65.4043867436868,"7","PIKDWSFQRYHGPE","C1=CC(=C(C=C1F)F)NC(=O)NCCN2C(=O)C=CC(=N2)N3C=NC=N3","1-(2,4-difluorophenyl)-3-(2-(6-oxo-3-(1H-1,2,4-triazol-1-yl)pyridazin-1(6H)-yl)ethyl)urea",0.5,3,-239.827838931535,0.474576271186441,NA,"844260778375738616"
"844260839499331037","C15H13F2N7O2","[M + H]+",1,0.950138458062618,68.9599083309145,3.55552158722765,65.4043867436868,"7","KMTLMRMWJDBVTB","C1=CC(=C(C=C1F)NC(=O)NCCN2C(=O)C=CC(=N2)N3C=NC=N3)F","1-(2,5-difluorophenyl)-3-(2-(6-oxo-3-(1H-1,2,4-triazol-1-yl)pyridazin-1(6H)-yl)ethyl)urea",0.5,4,-241.683781609465,0.474137931034483,NA,"844260778375738616"
"844260839499331037","C15H13F2N7O2","[M + H]+",1,0.950138458062618,68.9599083309145,3.55552158722765,65.4043867436868,"7","PQAMDKDZSSHTAQ","C1=CC(=C(C=C1NC(=O)NCCN2C(=O)C=CC(=N2)N3C=NC=N3)F)F","1-(3,4-difluorophenyl)-3-(2-(6-oxo-3-(1H-1,2,4-triazol-1-yl)pyridazin-1(6H)-yl)ethyl)urea",0.5,5,-246.4488095275,0.458333333333333,NA,"844260778375738616"
"844260839499331037","C15H13F2N7O2","[M + H]+",1,0.950138458062618,68.9599083309145,3.55552158722765,65.4043867436868,"7","MCSNHWJKNRXSFD","CC(C1=NC=NN1C2=NC=CC=N2)NC(=O)C3=CC(=CN=C3)OC(F)F","5-(difluoromethoxy)-N-[1-(2-pyrimidin-2-yl-1,2,4-triazol-3-yl)ethyl]pyridine-3-carboxamide",1.3,7,-254.689920009703,0.428571428571429,NA,"844260778375738616"
"844260839499331037","C15H13F2N7O2","[M + H]+",1,0.950138458062618,68.9599083309145,3.55552158722765,65.4043867436868,"7","JINYNPTZFYTAAE","CNC1=CC2=NC3=C(C=NN13)C(=O)NCCOC4=C(C=C(C(=N4)N2)F)F",NA,1.3,8,-256.915782169237,0.434108527131783,NA,"844260778375738616"
"844260839499331037","C15H13F2N7O2","[M + H]+",1,0.950138458062618,68.9599083309145,3.55552158722765,65.4043867436868,"7","JOXSMAKUPLSCFK","CNC1=CC2=NC3=C(C=NN13)C(=O)NCCOC4=C(C(=CC(=N4)N2)F)F",NA,1.3,9,-257.590137838218,0.4375,NA,"844260778375738616"
"844260839499331037","C15H13F2N7O2","[M + H]+",1,0.950138458062618,68.9599083309145,3.55552158722765,65.4043867436868,"7","DOKYXQUHEBRWHL","CNC1=CC2=NC3=C(C=NN13)C(=O)NCCOC4=NC(=C(C(=C4)F)F)N2",NA,1.3,10,-257.740086129907,0.434108527131783,NA,"844260778375738616"
"844260839499331037","C15H13F2N7O2","[M + H]+",1,0.950138458062618,68.9599083309145,3.55552158722765,65.4043867436868,"7","RGLWMSKFLHMTMK","C1=CC(=C(N=C1)OC2=C(C=C(C=C2)F)F)CNC(=O)CN3C(=NN=N3)N","2-(5-amino-1H-tetrazol-1-yl)-N-{[2-(2,4-difluorophenoxy)pyridin-3-yl]methyl}acetamide",1.2,14,-266.706262555338,0.433070866141732,NA,"844260778375738616"
"844260839499331037","C15H13F2N7O2","[M + H]+",1,0.950138458062618,68.9599083309145,3.55552158722765,65.4043867436868,"7","OGXZJNBJBKZZGO","CC1=NON=C1CN2C3=C(C(=O)NC(=N3)C(C4=CC=CC=C4)(F)F)NN2","5-[difluoro(phenyl)methyl]-3-[(4-methyl-1,2,5-oxadiazol-3-yl)methyl]-2,6-dihydro-1H-triazolo[4,5-d]pyrimidin-7-one",2.6,20,-272.68984511469,0.417322834645669,NA,"844260778375738616"
"844260839499331037","C15H13F2N7O2","[M + H]+",1,0.950138458062618,68.9599083309145,3.55552158722765,65.4043867436868,"7","OIALPWCJCSMRGK","C1C2(CC1(F)F)CN(C2)C(=O)C3=CN(N=N3)C4=NN5C=CC=C5C(=O)N4","2-[4-(6,6-difluoro-2-azaspiro[3.3]heptane-2-carbonyl)triazol-1-yl]-3H-pyrrolo[2,1-f][1,2,4]triazin-4-one",0.9,59,-307.600379128293,0.421875,NA,"844260778375738616"
"844260839499331037","C15H13F2N7O2","[M + H]+",1,0.950138458062618,68.9599083309145,3.55552158722765,65.4043867436868,"7","ZKLPXXGDZRZHGE","C1CC12CN(CC2(F)F)C3=CC(=NN4C3=NC=N4)C5=CNC(=O)NC5=O","5-[8-(7,7-difluoro-5-azaspiro[2.4]heptan-5-yl)-[1,2,4]triazolo[1,5-b]pyridazin-6-yl]-1H-pyrimidine-2,4-dione",0.3,148,-353.169034575148,0.363013698630137,NA,"844260778375738616"
"844260839499331037","C15H13F2N7O2","[M + H]+",1,0.950138458062618,68.9599083309145,3.55552158722765,65.4043867436868,"7","JMTPBJUZPYHNEA","C1CC12CN(CC2(F)F)C3=CC(=NN4C3=NN=C4)C5=CNC(=O)NC5=O","5-[8-(7,7-difluoro-5-azaspiro[2.4]heptan-5-yl)-[1,2,4]triazolo[4,3-b]pyridazin-6-yl]-1H-pyrimidine-2,4-dione",-0.3,150,-354.699795898738,0.360544217687075,NA,"844260778375738616"
"844260839499331037","C15H13F2N7O2","[M + H]+",1,0.950138458062618,68.9599083309145,3.55552158722765,65.4043867436868,"7","IPONHXGOODDWMS","C1CC12CN(CC2(F)F)C3=CC(=NC4=NC=NN34)C5=CNC(=O)NC5=O","5-[7-(7,7-difluoro-5-azaspiro[2.4]heptan-5-yl)-[1,2,4]triazolo[1,5-a]pyrimidin-5-yl]-1H-pyrimidine-2,4-dione",0.4,199,-372.190151760744,0.331168831168831,NA,"844260778375738616"
"844260839499331037","C15H13F2N7O2","[M + H]+",1,0.950138458062618,68.9599083309145,3.55552158722765,65.4043867436868,"7","XCRZLFRHRAYWPB","CN1N=C(N=N1)C(=O)NC2CCC3=C2C=CC(=C3)C4=NOC(=N4)C(F)F","N-[5-[5-(difluoromethyl)-1,2,4-oxadiazol-3-yl]-2,3-dihydro-1H-inden-1-yl]-2-methyltetrazole-5-carboxamide",2.2,237,-394.615936646909,0.317567567567568,NA,"844260778375738616"
"844260839499331038","C12H14F3N7O3","[M + H]+",2,0.0311061651199767,65.5407066465188,2.29265338497903,63.2480532615398,"7","CFYZNRWKQYLEBN","CN1C(=C(C(=N1)N2CC(C2)(C3=NC=NN3C)OC)[N+](=O)[O-])C(F)(F)F","5-[3-Methoxy-1-[1-methyl-4-nitro-5-(trifluoromethyl)pyrazol-3-yl]azetidin-3-yl]-1-methyl-1,2,4-triazole",0.5,17,-269.633111574632,0.434782608695652,NA,"844260778375738616"
"844260839499331038","C12H14F3N7O3","[M + H]+",2,0.0311061651199767,65.5407066465188,2.29265338497903,63.2480532615398,"7","WSXZVUWPGPFFRD","CC1=NC(=NN1C2=NNC(=N2)C(F)(F)F)C(=O)NCC(C)(C)C(=O)O","2,2-dimethyl-3-[[5-methyl-1-[5-(trifluoromethyl)-1H-1,2,4-triazol-3-yl]-1,2,4-triazole-3-carbonyl]amino]propanoic acid",1.4,51,-303.836577055278,0.345864661654135,NA,"844260778375738616"
"844260839499331038","C12H14F3N7O3","[M + H]+",2,0.0311061651199767,65.5407066465188,2.29265338497903,63.2480532615398,"7","WXKDRRFOSNTCKL","CC1=NC(=NN1C2=NNC(=N2)C(F)(F)F)C(=O)N(CC(=O)O)C(C)C","2-[[5-methyl-1-[5-(trifluoromethyl)-1H-1,2,4-triazol-3-yl]-1,2,4-triazole-3-carbonyl]-propan-2-ylamino]acetic acid",1.6,63,-311.380131352963,0.318840579710145,NA,"844260778375738616"
"844260839499331038","C12H14F3N7O3","[M + H]+",2,0.0311061651199767,65.5407066465188,2.29265338497903,63.2480532615398,"7","PHSLFFNBMPDTLL","CC1=NC(=NN1C2=NNC(=N2)C(F)(F)F)C(=O)N(C)C(C)(C)C(=O)O","2-methyl-2-[methyl-[5-methyl-1-[5-(trifluoromethyl)-1H-1,2,4-triazol-3-yl]-1,2,4-triazole-3-carbonyl]amino]propanoic acid",1.4,66,-312.63015835933,0.305970149253731,NA,"844260778375738616"
"844260839499331038","C12H14F3N7O3","[M + H]+",2,0.0311061651199767,65.5407066465188,2.29265338497903,63.2480532615398,"7","FWQFKNAIHMGGGE","CCCN(CC(=O)O)C(=O)C1=NN(C(=N1)C)C2=NNC(=N2)C(F)(F)F","2-[[5-methyl-1-[5-(trifluoromethyl)-1H-1,2,4-triazol-3-yl]-1,2,4-triazole-3-carbonyl]-propylamino]acetic acid",1.7,72,-319.436137274849,0.315068493150685,NA,"844260778375738616"
"844260839499331038","C12H14F3N7O3","[M + H]+",2,0.0311061651199767,65.5407066465188,2.29265338497903,63.2480532615398,"7","RIVMOGGKOUBILA","C1=C(C(=O)NC(=O)N1CC(F)(F)F)CNC(=O)CCCC2=NNN=N2","N-[[2,4-dioxo-1-(2,2,2-trifluoroethyl)pyrimidin-5-yl]methyl]-4-(2H-tetrazol-5-yl)butanamide",-0.2,88,-330.184555259752,0.36231884057971,NA,"844260778375738616"
"844260839499331038","C12H14F3N7O3","[M + H]+",2,0.0311061651199767,65.5407066465188,2.29265338497903,63.2480532615398,"7","KDGIFBZCSXNMKY","CC1=NC(=NN1C2=NNC(=N2)C(F)(F)F)C(=O)NCC(C)CC(=O)O","3-methyl-4-[[5-methyl-1-[5-(trifluoromethyl)-1H-1,2,4-triazol-3-yl]-1,2,4-triazole-3-carbonyl]amino]butanoic acid",1.3,97,-334.008163591408,0.342857142857143,NA,"844260778375738616"
"844260839499331038","C12H14F3N7O3","[M + H]+",2,0.0311061651199767,65.5407066465188,2.29265338497903,63.2480532615398,"7","WLFUMOWTTXBNHH","CCC(C)(C(=O)O)NC(=O)C1=NN(C(=N1)C)C2=NNC(=N2)C(F)(F)F","2-methyl-2-[[5-methyl-1-[5-(trifluoromethyl)-1H-1,2,4-triazol-3-yl]-1,2,4-triazole-3-carbonyl]amino]butanoic acid",1.7,117,-342.560576630537,0.300699300699301,NA,"844260778375738616"
"844260839499331038","C12H14F3N7O3","[M + H]+",2,0.0311061651199767,65.5407066465188,2.29265338497903,63.2480532615398,"7","HTBCVVYYGFODDC","CC1=NC(=NN1C2=NNC(=N2)C(F)(F)F)C(=O)NC(C(C)C)C(=O)O","3-methyl-2-[[5-methyl-1-[5-(trifluoromethyl)-1H-1,2,4-triazol-3-yl]-1,2,4-triazole-3-carbonyl]amino]butanoic acid",2,184,-367.414811612913,0.28476821192053,NA,"844260778375738616"
"844260839499331038","C12H14F3N7O3","[M + H]+",2,0.0311061651199767,65.5407066465188,2.29265338497903,63.2480532615398,"7","KGFWOLWQESAWQX","CC1=NC(=NN1C2=NNC(=N2)C(F)(F)F)C(=O)NC(C)CCC(=O)O","4-[[5-methyl-1-[5-(trifluoromethyl)-1H-1,2,4-triazol-3-yl]-1,2,4-triazole-3-carbonyl]amino]pentanoic acid",1.3,252,-403.047676366292,0.298701298701299,NA,"844260778375738616"
"844260839499331038","C12H14F3N7O3","[M + H]+",2,0.0311061651199767,65.5407066465188,2.29265338497903,63.2480532615398,"7","IGPSHAHSHFVEGF","CC1=NC(=NN1C2=NNC(=N2)C(F)(F)F)C(=O)NCCCCC(=O)O","5-[[5-methyl-1-[5-(trifluoromethyl)-1H-1,2,4-triazol-3-yl]-1,2,4-triazole-3-carbonyl]amino]pentanoic acid",1.2,257,-405.645869678924,0.308176100628931,NA,"844260778375738616"
"844260839499331038","C12H14F3N7O3","[M + H]+",2,0.0311061651199767,65.5407066465188,2.29265338497903,63.2480532615398,"7","YQALYJYBDXGRTD","CCCC(C(=O)O)NC(=O)C1=NN(C(=N1)C)C2=NNC(=N2)C(F)(F)F","2-[[5-methyl-1-[5-(trifluoromethyl)-1H-1,2,4-triazol-3-yl]-1,2,4-triazole-3-carbonyl]amino]pentanoic acid",1.9,312,-466.723422620064,0.247191011235955,NA,"844260778375738616"
"844260839499331039","C11H18F3N3O7","[M + H]+",3,0.00647811662173887,63.9717304349361,1.1198227837431,62.851907651193,"7",NA,NA,NA,NA,NA,NA,NA,NA,"844260778375738616"
"844260839499331040","C14H17F2N3O6","[M + H]+",4,0.00619675689213529,63.927326684893,2.75534105125587,61.1719856336371,"7","WXVJJJQBBQNPFF","CC(C)(C)OC(=O)NC(CNC1=CC(=C(C=C1[N+](=O)[O-])F)F)C(=O)O","3-(4,5-Difluoro-2-nitroanilino)-2-[(2-methylpropan-2-yl)oxycarbonylamino]propanoic acid",2.8,190,-368.62060762261,0.220430107526882,NA,"844260778375738616"
"844260839499331040","C14H17F2N3O6","[M + H]+",4,0.00619675689213529,63.927326684893,2.75534105125587,61.1719856336371,"7","DCCUFNSJKULQNP","CC(C)(C)OC(=O)NC(CNC1=CC(=C(C=C1F)[N+](=O)[O-])F)C(=O)O","(2S)-3-(2,5-difluoro-4-nitroanilino)-2-[(2-methylpropan-2-yl)oxycarbonylamino]propanoic acid",2.8,197,-370.992617197905,0.213114754098361,NA,"844260778375738616"
"844260839499331040","C14H17F2N3O6","[M + H]+",4,0.00619675689213529,63.927326684893,2.75534105125587,61.1719856336371,"7","NYNAAGTVQZRHQO","CCCCOC(=O)OCC1=C(C(C(O1)N2C=CC(=NC2=O)N)(F)F)O","[(2R)-2-(4-amino-2-oxopyrimidin-1-yl)-3,3-difluoro-4-hydroxy-2H-furan-5-yl]methyl butyl carbonate",0.5,271,-414.675560936405,0.237569060773481,NA,"844260778375738616"
"844260839499331040","C14H17F2N3O6","[M + H]+",4,0.00619675689213529,63.927326684893,2.75534105125587,61.1719856336371,"7","HLPCOTYSWJFYDT","CC(C)(CCC(=O)O)NC(=O)NC1=C(C=CC(=C1)[N+](=O)[O-])OC(F)F","4-[[2-(Difluoromethoxy)-5-nitrophenyl]carbamoylamino]-4-methylpentanoic acid",2.1,287,-428.053280946038,0.251336898395722,NA,"844260778375738616"
"844260839499331040","C14H17F2N3O6","[M + H]+",4,0.00619675689213529,63.927326684893,2.75534105125587,61.1719856336371,"7","YNLFTOUVPKSGBP","CCCNC(=O)CNC(=O)C1=CC(=C(C=C1[N+](=O)[O-])OC(F)F)OC","4-(difluoromethoxy)-5-methoxy-2-nitro-N-[2-oxo-2-(propylamino)ethyl]benzamide",2.2,305,-445.290021676705,0.266331658291457,NA,"844260778375738616"
"844260839499331040","C14H17F2N3O6","[M + H]+",4,0.00619675689213529,63.927326684893,2.75534105125587,61.1719856336371,"7","SAPQPOWNBCHXIV","CCNC(=O)CN(C)C(=O)C1=CC(=C(C=C1[N+](=O)[O-])OC(F)F)OC","4-(difluoromethoxy)-N-[2-(ethylamino)-2-oxoethyl]-5-methoxy-N-methyl-2-nitrobenzamide",1.8,308,-450.728691492795,0.270408163265306,NA,"844260778375738616"
"844260839499331040","C14H17F2N3O6","[M + H]+",4,0.00619675689213529,63.927326684893,2.75534105125587,61.1719856336371,"7","YMYJOCWHWAYWTB","CCNC(=O)C(C)NC(=O)C1=CC(=C(C=C1[N+](=O)[O-])OC(F)F)OC","4-(difluoromethoxy)-N-[1-(ethylamino)-1-oxopropan-2-yl]-5-methoxy-2-nitrobenzamide",2,310,-458.904425386401,0.257425742574257,NA,"844260778375738616"
"844260839499331040","C14H17F2N3O6","[M + H]+",4,0.00619675689213529,63.927326684893,2.75534105125587,61.1719856336371,"7","OZGOYTYDOKZRNL","COC1=C(C=C(C(=C1)C(=O)NCC2CNCC2O)[N+](=O)[O-])OC(F)F","4-(difluoromethoxy)-N-[(4-hydroxypyrrolidin-3-yl)methyl]-5-methoxy-2-nitrobenzamide",1.5,328,-496.433685107683,0.25,NA,"844260778375738616"
"844260839499331040","C14H17F2N3O6","[M + H]+",4,0.00619675689213529,63.927326684893,2.75534105125587,61.1719856336371,"7","DPZIFPKPVOPRBQ","CC(C1C(C(C(O1)N2C=CC(=NC2=O)N)(F)F)OC(=O)C)OC(=O)C","[(2R,3R,5R)-2-[(1S)-1-acetyloxyethyl]-5-(4-amino-2-oxopyrimidin-1-yl)-4,4-difluorooxolan-3-yl] acetate",-0.3,337,-528.520596363809,0.20952380952381,NA,"844260778375738616"
"844260839499331040","C14H17F2N3O6","[M + H]+",4,0.00619675689213529,63.927326684893,2.75534105125587,61.1719856336371,"7","HSDNLXGJTHTADB","C1=CN(C(=O)N=C1N)C2C(C(C(O2)COC(=O)CCCC=O)O)(F)F","[(2R,3R,5R)-5-(4-amino-2-oxopyrimidin-1-yl)-4,4-difluoro-3-hydroxyoxolan-2-yl]methyl 5-oxopentanoate",-1.6,342,-580.817809568978,0.198237885462555,NA,"844260778375738616"
"844260839499331040","C14H17F2N3O6","[M + H]+",4,0.00619675689213529,63.927326684893,2.75534105125587,61.1719856336371,"7","QBYZHSLKSKNBMT","C1=CN(C(=O)N=C1N)C2C(C(C(O2)CC(=O)CCCC(=O)O)O)(F)F","6-[(2R,5R)-5-(4-amino-2-oxopyrimidin-1-yl)-4,4-difluoro-3-hydroxyoxolan-2-yl]-5-oxohexanoic acid",-1.8,344,-595.405206272885,0.182203389830508,NA,"844260778375738616"
"844260839499331040","C14H17F2N3O6","[M + H]+",4,0.00619675689213529,63.927326684893,2.75534105125587,61.1719856336371,"7","COQIKROFTRQKPD","C1=CC(=CC=C1COC(=O)NC(CCCN)(C(F)F)C(=O)O)[N+](=O)[O-]","5-Amino-2-(difluoromethyl)-2-[(4-nitrophenyl)methoxycarbonylamino]pentanoic acid",-0.9,345,-598.636581832126,0.172897196261682,NA,"844260778375738616"
"844260839499331040","C14H17F2N3O6","[M + H]+",4,0.00619675689213529,63.927326684893,2.75534105125587,61.1719856336371,"7","JTBRAGZZOUJIOM","C1=CC(=CC=C1COC(=O)NCCCC(C(F)F)(C(=O)O)N)[N+](=O)[O-]","2-Amino-2-(difluoromethyl)-5-[(4-nitrophenyl)methoxycarbonylamino]pentanoic acid",-0.9,346,-605.019539702227,0.175115207373272,NA,"844260778375738616"
"844260839499331040","C14H17F2N3O6","[M + H]+",4,0.00619675689213529,63.927326684893,2.75534105125587,61.1719856336371,"7","JQDFOYOLKOJNIP","C1CN(CCC1(F)F)C(=O)C2C(C(C(O2)N3C=CC(=O)NC3=O)O)O","1-[(2R,3R,4S,5S)-5-(4,4-difluoropiperidine-1-carbonyl)-3,4-dihydroxyoxolan-2-yl]pyrimidine-2,4-dione",-1,348,-633.781877973373,0.170634920634921,NA,"844260778375738616"
"844260839499331041","C9H15N9O7","[M + H]+",5,0.0057749526929569,63.8568306762892,0.543943048845244,63.3128876274439,"7",NA,NA,NA,NA,NA,NA,NA,NA,"844260778375738616"
"844260839499331042","C13H18F2N5O3P","[M + H]+",6,0.000157456785276333,60.2546963740475,2.26691650617042,57.987779867877,"7",NA,NA,NA,NA,NA,NA,NA,NA,"844260778375738616"
"844260839499331043","C17H16FN3O5","[M + H]+",7,0.000105831294737289,59.8573915997828,2.63502207575203,57.2223695240308,"7","STWSEMQJSXTUDI","CCC(=O)NC1=CC(=CC=C1)NC(=O)COC2=CC(=C(C=C2)[N+](=O)[O-])F","N-[3-[[2-(3-fluoro-4-nitrophenoxy)acetyl]amino]phenyl]propanamide",2.4,2,-231.160420286731,0.414285714285714,Inf,"844260778375738616"
"844260839499331043","C17H16FN3O5","[M + H]+",7,0.000105831294737289,59.8573915997828,2.63502207575203,57.2223695240308,"7","IDPRSJFPZKEETI","COC1=CC(=C(C=C1)NC2=C(OC3=C2C=NC=C3)C(=O)NOCCO)F","3-(2-fluoro-4-methoxyanilino)-N-(2-hydroxyethoxy)furo[3,2-c]pyridine-2-carboxamide",2.4,6,-248.173976080706,0.445161290322581,NA,"844260778375738616"
"844260839499331043","C17H16FN3O5","[M + H]+",7,0.000105831294737289,59.8573915997828,2.63502207575203,57.2223695240308,"7","RWJCJODFLMNQCL","CC(=O)C1=CNC(=C1)C(=O)OCC(=O)NCC(=O)NC2=CC=C(C=C2)F","[2-[[2-(4-fluoroanilino)-2-oxoethyl]amino]-2-oxoethyl] 4-acetyl-1H-pyrrole-2-carboxylate",0.9,11,-260.980606862078,0.355828220858896,NA,"844260778375738616"
"844260839499331043","C17H16FN3O5","[M + H]+",7,0.000105831294737289,59.8573915997828,2.63502207575203,57.2223695240308,"7","YYDXSBMWJAJTEX","COC1=C(C=CC(=C1)[N+](=O)[O-])NC(=O)CCC(=O)NC2=CC=C(C=C2)F","N-(4-fluorophenyl)-N'-(2-methoxy-4-nitrophenyl)butanediamide",1.7,12,-262.383163408241,0.425531914893617,NA,"844260778375738616"
"844260839499331043","C17H16FN3O5","[M + H]+",7,0.000105831294737289,59.8573915997828,2.63502207575203,57.2223695240308,"7","HACWGNUSUGMICQ","CC(=O)C1=CN(C(=C1)C(=O)OCC(=O)NC(=O)NC2=CC=CC=C2F)C","[2-[(2-Fluorophenyl)carbamoylamino]-2-oxoethyl] 4-acetyl-1-methylpyrrole-2-carboxylate",1.7,13,-262.904201956702,0.335443037974684,NA,"844260778375738616"
"844260839499331043","C17H16FN3O5","[M + H]+",7,0.000105831294737289,59.8573915997828,2.63502207575203,57.2223695240308,"7","SUCGWEYWAUUJAC","CCOC(=O)C(C=O)NC1=CC(=C(C=C1)OC2=CC(=NC=C2)C(=O)N)F","Ethyl 2-[4-(2-carbamoylpyridin-4-yl)oxy-3-fluoroanilino]-3-oxopropanoate",1.7,15,-267.477829051321,0.393548387096774,NA,"844260778375738616"
"844260839499331043","C17H16FN3O5","[M + H]+",7,0.000105831294737289,59.8573915997828,2.63502207575203,57.2223695240308,"7","CYMSZXYMQOWREV","C1=CC(=C(C=C1CO)F)NC2=C(OC3=C2C=NC=C3)C(=O)NOCCO","3-[2-fluoro-4-(hydroxymethyl)anilino]-N-(2-hydroxyethoxy)furo[3,2-c]pyridine-2-carboxamide",1.5,16,-268.233642167804,0.379746835443038,NA,"844260778375738616"
"844260839499331043","C17H16FN3O5","[M + H]+",7,0.000105831294737289,59.8573915997828,2.63502207575203,57.2223695240308,"7","OTDXSKXENBNYTJ","CC1=C(C=CC=C1[N+](=O)[O-])NC(=O)CNC2=C(C=CC(=C2)C(=O)OC)F","Methyl 4-fluoro-3-[[2-(2-methyl-3-nitroanilino)-2-oxoethyl]amino]benzoate",3,18,-272.288711839177,0.337662337662338,NA,"844260778375738616"
"844260839499331043","C17H16FN3O5","[M + H]+",7,0.000105831294737289,59.8573915997828,2.63502207575203,57.2223695240308,"7","KJKMUGRYRXKUFY","C1COCCC1OC2=NC=C(C=C2)C(=O)NC3=CC(=C(C=C3)F)[N+](=O)[O-]","N-(4-fluoro-3-nitrophenyl)-6-((tetrahydro-2H-pyran-4-yl)oxy)nicotinamide",2.3,19,-272.404073160728,0.386075949367089,NA,"844260778375738616"
"844260839499331043","C17H16FN3O5","[M + H]+",7,0.000105831294737289,59.8573915997828,2.63502207575203,57.2223695240308,"7","JGLRTSNBLSNEIT","CN(CC(=O)NC1=CC=C(C=C1)F)C(=O)COC2=CC=CC(=C2)[N+](=O)[O-]","N-(4-fluorophenyl)-2-[methyl-[2-(3-nitrophenoxy)acetyl]amino]acetamide",2.3,21,-274.578736292644,0.37888198757764,NA,"844260778375738616"
"844260839499331043","C17H16FN3O5","[M + H]+",7,0.000105831294737289,59.8573915997828,2.63502207575203,57.2223695240308,"7","NWYRMQWBJUAJRT","CC(C(=O)NC1=CC=C(C=C1)NC(=O)C)OC2=C(C=CC(=C2)F)[N+](=O)[O-]","(2S)-N-(4-acetamidophenyl)-2-(5-fluoro-2-nitrophenoxy)propanamide",2.3,22,-276.530731117958,0.370629370629371,NA,"844260778375738616"
"844260839499331043","C17H16FN3O5","[M + H]+",7,0.000105831294737289,59.8573915997828,2.63502207575203,57.2223695240308,"7","LUPJLWJSVYKKJK","CC(=O)NNC(=O)C1=CN(C=C(C1=O)C(=O)OC)CC2=CC=C(C=C2)F","Methyl 5-(acetamidocarbamoyl)-1-[(4-fluorophenyl)methyl]-4-oxopyridine-3-carboxylate",1.5,23,-277.692053211763,0.339869281045752,NA,"844260778375738616"
"844260839499331043","C17H16FN3O5","[M + H]+",7,0.000105831294737289,59.8573915997828,2.63502207575203,57.2223695240308,"7","YYAKRAYCUMACTF","CNC(=O)CC1=CC=CC=C1NC(=O)COC2=CC(=C(C=C2)[N+](=O)[O-])F","2-[2-[[2-(3-fluoro-4-nitrophenoxy)acetyl]amino]phenyl]-N-methylacetamide",1.9,24,-278.802130482971,0.401360544217687,NA,"844260778375738616"
"844260839499331043","C17H16FN3O5","[M + H]+",7,0.000105831294737289,59.8573915997828,2.63502207575203,57.2223695240308,"7","RRUCFTLNKUTMCR","C1=CC(=O)N(C=C1)CC(=O)OCC(=O)NCC(=O)NC2=CC=C(C=C2)F","[2-[[2-(4-Fluoroanilino)-2-oxoethyl]amino]-2-oxoethyl] 2-(2-oxopyridin-1-yl)acetate",0.7,25,-281.252763229312,0.343373493975904,NA,"844260778375738616"
"844260839499331043","C17H16FN3O5","[M + H]+",7,0.000105831294737289,59.8573915997828,2.63502207575203,57.2223695240308,"7","MPKSBNAPBAIJSM","CCOC1=C(C=CC=N1)C(=O)OCC(=O)NC(=O)NC2=CC=CC=C2F","[2-[(2-Fluorophenyl)carbamoylamino]-2-oxoethyl] 2-ethoxypyridine-3-carboxylate",2.5,26,-282.134185349159,0.347560975609756,NA,"844260778375738616"
"844260839499331044","C12H22F2NO7P","[M + H]+",8,2.32396485353608e-05,58.3414051412346,1.43355871748933,56.9078464237452,"7",NA,NA,NA,NA,NA,NA,NA,NA,"844260778375738616"
"844260839499331045","C11H17N6O8","[M + H]+",9,9.68367617146099e-06,57.4659869316017,1.8629865387512,55.6030003928505,"7",NA,NA,NA,NA,NA,NA,NA,NA,"844260778375738616"
"844260839499331046","C12H21N5O4P2","[M + H]+",10,3.51268998877299e-06,56.451927455156,0.784549053602372,55.6673784015536,"7",NA,NA,NA,NA,NA,NA,NA,NA,"844260778375738616"
"844260847938270715","C17H19N3O4S","[M + H]+",1,0.546336286560734,66.5885372633082,0,66.5885372633082,"8","IXEQEYRTSRFZEO","CC1=CN=C(C(=C1OC)C)CS(=O)(=O)C2=NC3=C(N2)C=C(C=C3)OC","Omeprazole-d3 Sulfone",2.7485034,1,-15.794559853374,0.960629921259842,0,"844260778379932921"
"844260847938270715","C17H19N3O4S","[M + H]+",1,0.546336286560734,66.5885372633082,0,66.5885372633082,"8","QZVDQETYNOBUPJ","CC1=C[N+](=C(C(=C1OC)C)CS(=O)C2=NC3=C(N2)C=C(C=C3)OC)[O-]","Omeprazole-N-oxide",2.1600971,2,-19.7056459688222,0.952755905511811,Inf,"844260778379932921"
"844260847938270715","C17H19N3O4S","[M + H]+",1,0.546336286560734,66.5885372633082,0,66.5885372633082,"8","CMZHQFXXAAIBKE","CC1=C(C(=CN=C1CS(=O)C2=NC3=C(N2)C=C(C=C3)OC)CO)OC",NA,1.6791414,3,-30.1375858060521,0.924242424242424,NA,"844260778379932921"
"844260847938270715","C17H19N3O4S","[M + H]+",1,0.546336286560734,66.5885372633082,0,66.5885372633082,"8","IGVYIWUGJPECAJ","CC1=CN=C(C(=C1OC)CO)CS(=O)C2=NC3=C(N2)C=C(C=C3)OC","3-Hydroxyomeprazole",1.6791414,4,-34.7960173627305,0.91044776119403,NA,"844260778379932921"
"844260847938270715","C17H19N3O4S","[M + H]+",1,0.546336286560734,66.5885372633082,0,66.5885372633082,"8","VPFSKKMDDDYYOJ","CC1=CN=C(C(=C1OC)C)CS(=O)C2=NC3=C(N2)C=CC(=C3O)OC","5-methoxy-2-[(R)-(4-methoxy-3,5-dimethylpyridin-2-yl)methylsulfinyl]-1H-benzimidazol-4-ol",2.1978552,5,-251.878883363706,0.719178082191781,NA,"844260778379932921"
"844260847938270715","C17H19N3O4S","[M + H]+",1,0.546336286560734,66.5885372633082,0,66.5885372633082,"8","NRTYCXOOEJJVDJ","COC1=C(C=C(C=C1)NC(=O)CSC2=NC3=C(CCC3)C(=O)N2)OC","N-(3,4-dimethoxyphenyl)-2-[(4-oxo-4,5,6,7-tetrahydro-3H-cyclopenta[d]pyrimidin-2-yl)thio]acetamide",1.7,6,-377.296127499498,0.359375,NA,"844260778379932921"
"844260847938270715","C17H19N3O4S","[M + H]+",1,0.546336286560734,66.5885372633082,0,66.5885372633082,"8","NJXRFXGANNWYRK","CC1=CC=C(C=C1)N(CC2=NCCN2)C3=CC(=CC=C3)OS(=O)(=O)O","[3-[N-(4,5-dihydro-1H-imidazol-2-ylmethyl)-4-methylanilino]phenyl] hydrogen sulfate",2,7,-483.261938486722,0.245614035087719,NA,"844260778379932921"
"844260847938270715","C17H19N3O4S","[M + H]+",1,0.546336286560734,66.5885372633082,0,66.5885372633082,"8","MQQOMKBMLHBDFG","CC1=NC=CC(=C1)NS(=O)(=O)C2=C(N=CC(=C2)C3=CCOCC3)OC","5-[3,6-dihydro-2H-pyran-4-yl]-2-methoxy-N-[2-methylpyridin-4-yl]pyridine-3-sulfonamide",1,8,-510.147902462002,0.319767441860465,NA,"844260778379932921"
"844260847938270715","C17H19N3O4S","[M + H]+",1,0.546336286560734,66.5885372633082,0,66.5885372633082,"8","HBLRAJANJGAMFQ","CC(C)CNC(=O)CC1=CSC(=N1)NC(=O)C2=CC3=C(C=C2)OCO3","N-(4-(2-(isobutylamino)-2-oxoethyl)thiazol-2-yl)benzo[d][1,3]dioxole-5-carboxamide",2.5,9,-568.14470884282,0.178861788617886,NA,"844260778379932921"
"844260847938270715","C17H19N3O4S","[M + H]+",1,0.546336286560734,66.5885372633082,0,66.5885372633082,"8","JHQLDSNFXOLZMD","C1CC1C(=O)N2CC3(C2)C4CN(CCN4C(=O)O3)C(=O)C5=CC=CS5","1'-(Cyclopropanecarbonyl)-7-(thiophene-2-carbonyl)spiro[5,6,8,8a-tetrahydro-[1,3]oxazolo[3,4-a]pyrazine-1,3'-azetidine]-3-one",0.5,10,-580.29360000331,0.12719298245614,NA,"844260778379932921"
"844260847938270715","C17H19N3O4S","[M + H]+",1,0.546336286560734,66.5885372633082,0,66.5885372633082,"8","ILAMKVUHWSQJHY","COC(=O)C1=CC=C(C=C1)OCC2N(CCS2)C(=O)CN3C=CN=C3","Methyl 4-((3-(1H-imidazol-1-ylacetyl)-2-thiazolidinyl)methoxy)benzoate",1.7,11,-590.469215363953,0.192307692307692,NA,"844260778379932921"
"844260847938270715","C17H19N3O4S","[M + H]+",1,0.546336286560734,66.5885372633082,0,66.5885372633082,"8","NVAYQDCPVGCOHV","C1CC(N(S(=O)(=O)C1)CC2=CC=C(C=C2)C3=CC=NC=C3)C(=O)NO","(3S)-N-hydroxy-1,1-dioxo-2-[(4-pyridin-4-ylphenyl)methyl]thiazinane-3-carboxamide",0.9,14,-616.110694841477,0.201793721973094,NA,"844260778379932921"
"844260847938270715","C17H19N3O4S","[M + H]+",1,0.546336286560734,66.5885372633082,0,66.5885372633082,"8","FPMHRRFSGYKNIU","COC1=CC=C(C=C1)CN2CC3C(C2)OC4=C(C=CC=N4)S(=O)(=O)N3","5-[(4-methoxyphenyl)methyl]-2-oxa-9λ⁶-thia-5,8,14-triazatricyclo[8.4.0.0³,⁷]tetradeca-1(10),11,13-triene-9,9-dione",1.3,15,-631.006331898737,0.281385281385281,NA,"844260778379932921"
"844260847938270715","C17H19N3O4S","[M + H]+",1,0.546336286560734,66.5885372633082,0,66.5885372633082,"8","FZECHKJQHUVANE","CC1(C(N2C(S1)C(C2=O)NC(=O)C(C3=CC=CC=C3)N=C)C(=O)O)C","6-{[1-hydroxy-2-(methylideneamino)-2-phenylethylidene]amino}-3,3-dimethyl-7-oxo-4-thia-1-azabicyclo[3.2.0]heptane-2-carboxylic acid",1.2664139,16,-635.60644441446,0.111524163568773,NA,"844260778379932921"
"844260847938270715","C17H19N3O4S","[M + H]+",1,0.546336286560734,66.5885372633082,0,66.5885372633082,"8","IVXQTEPGJVXVMS","CCOC1=CC=C(C=C1)NC(=S)NN=C(C)C2=C(C(=C(C=C2)O)O)O","1-(4-ethoxyphenyl)-3-[(E)-1-(2,3,4-trihydroxyphenyl)ethylideneamino]thiourea",2.7,17,-706.762213959695,0.206730769230769,NA,"844260778379932921"
"844260847938270716","C14H20FN3O5S","[M + H]+",2,0.387451018048712,66.2448920034738,0,66.2448920034738,"8","GGHVBHNNEHVTBO","C1=CC(=CC=C1CNNC(=S)NC2C(C(C(C(O2)CO)O)O)O)F","1-[(4-fluorophenyl)methylamino]-3-[(2R,3R,4S,5S,6R)-3,4,5-trihydroxy-6-(hydroxymethyl)oxan-2-yl]thiourea",-0.8,12,-596.765030141953,0.182242990654206,NA,"844260778379932921"
"844260847938270717","C16H24ClNO4S","[M + H]+",3,0.0354738149282288,63.8540973843652,0,63.8540973843652,"8",NA,NA,NA,NA,NA,NA,NA,NA,"844260778379932921"
"844260847938270718","C14H23N3O4S2","[M + H]+",4,0.0302276655519764,63.6940601506233,0,63.6940601506233,"8","CJXSUHSPEFHOKZ","CN1CCN(CC1)CC2C(C(CO2)NS(=O)(=O)C3=CSC=C3)O","N-{4-hydroxy-5-[(4-methylpiperazin-1-yl)methyl]oxolan-3-yl}thiophene-3-sulfonamide",-0.4,13,-606.578494270903,0.199134199134199,NA,"844260778379932921"
"844260847938270719","C14H22ClN4O3S","[M + H]+",5,0.000252740793349524,58.9099117200439,0,58.9099117200439,"8",NA,NA,NA,NA,NA,NA,NA,NA,"844260778379932921"
"844260847938270720","C12H14F3N7O3","[M + H]+",6,0.000193188706824341,58.6412147555034,2.74849310104308,55.8927216544603,"8",NA,NA,NA,NA,NA,NA,NA,NA,"844260778379932921"
"844260847938270721","C11H18F3N3O7","[M + H]+",7,2.83516787053521e-05,56.722233530737,1.53847200505972,55.1837615256773,"8",NA,NA,NA,NA,NA,NA,NA,NA,"844260778379932921"
"844260847938270722","C9H15N9O7","[M + H]+",8,1.78377604874528e-05,56.258864874781,0.637012756732731,55.6218521180483,"8",NA,NA,NA,NA,NA,NA,NA,NA,"844260778379932921"
"844260847938270723","C14H17F2N3O6","[M + H]+",9,1.52369574109108e-05,56.101271174097,2.71358767133836,53.3876835027587,"8",NA,NA,NA,NA,NA,NA,NA,NA,"844260778379932921"
"844260847938270724","C13H18F2N5O3P","[M + H]+",10,1.21127155188591e-06,53.5692179658828,2.75674237856038,50.8124755873224,"8",NA,NA,NA,NA,NA,NA,NA,NA,"844260778379932921"
"844260832977188297","C15H13F2N7O2","[M + H]+",1,0.933231844209592,52.3619185354706,3.48939999960991,48.8725185358607,"9","FOZXIPLAGUNHIE","CN1C(=C(C=N1)C2=NC(=NC=C2F)OC)C(=O)NC3=CC(=NC=C3F)N","N-(2-amino-5-fluoropyridin-4-yl)-4-(5-fluoro-2-methoxypyrimidin-4-yl)-2-methylpyrazole-3-carboxamide",0.4,1,-186.091411636559,0.513274336283186,0,"844260778392515834"
"844260832977188297","C15H13F2N7O2","[M + H]+",1,0.933231844209592,52.3619185354706,3.48939999960991,48.8725185358607,"9","PIKDWSFQRYHGPE","C1=CC(=C(C=C1F)F)NC(=O)NCCN2C(=O)C=CC(=N2)N3C=NC=N3","1-(2,4-difluorophenyl)-3-(2-(6-oxo-3-(1H-1,2,4-triazol-1-yl)pyridazin-1(6H)-yl)ethyl)urea",0.5,2,-231.556698273272,0.471544715447154,Inf,"844260778392515834"
"844260832977188297","C15H13F2N7O2","[M + H]+",1,0.933231844209592,52.3619185354706,3.48939999960991,48.8725185358607,"9","KMTLMRMWJDBVTB","C1=CC(=C(C=C1F)NC(=O)NCCN2C(=O)C=CC(=N2)N3C=NC=N3)F","1-(2,5-difluorophenyl)-3-(2-(6-oxo-3-(1H-1,2,4-triazol-1-yl)pyridazin-1(6H)-yl)ethyl)urea",0.5,3,-232.946602830806,0.471074380165289,NA,"844260778392515834"
"844260832977188297","C15H13F2N7O2","[M + H]+",1,0.933231844209592,52.3619185354706,3.48939999960991,48.8725185358607,"9","MCSNHWJKNRXSFD","CC(C1=NC=NN1C2=NC=CC=N2)NC(=O)C3=CC(=CN=C3)OC(F)F","5-(difluoromethoxy)-N-[1-(2-pyrimidin-2-yl-1,2,4-triazol-3-yl)ethyl]pyridine-3-carboxamide",1.3,4,-234.355856539258,0.416,NA,"844260778392515834"
"844260832977188297","C15H13F2N7O2","[M + H]+",1,0.933231844209592,52.3619185354706,3.48939999960991,48.8725185358607,"9","JINYNPTZFYTAAE","CNC1=CC2=NC3=C(C=NN13)C(=O)NCCOC4=C(C=C(C(=N4)N2)F)F",NA,1.3,5,-239.505220583638,0.443609022556391,NA,"844260778392515834"
"844260832977188297","C15H13F2N7O2","[M + H]+",1,0.933231844209592,52.3619185354706,3.48939999960991,48.8725185358607,"9","PQAMDKDZSSHTAQ","C1=CC(=C(C=C1NC(=O)NCCN2C(=O)C=CC(=N2)N3C=NC=N3)F)F","1-(3,4-difluorophenyl)-3-(2-(6-oxo-3-(1H-1,2,4-triazol-1-yl)pyridazin-1(6H)-yl)ethyl)urea",0.5,6,-239.853579055407,0.456,NA,"844260778392515834"
"844260832977188297","C15H13F2N7O2","[M + H]+",1,0.933231844209592,52.3619185354706,3.48939999960991,48.8725185358607,"9","JOXSMAKUPLSCFK","CNC1=CC2=NC3=C(C=NN13)C(=O)NCCOC4=C(C(=CC(=N4)N2)F)F",NA,1.3,7,-240.009519243548,0.446969696969697,NA,"844260778392515834"
"844260832977188297","C15H13F2N7O2","[M + H]+",1,0.933231844209592,52.3619185354706,3.48939999960991,48.8725185358607,"9","DOKYXQUHEBRWHL","CNC1=CC2=NC3=C(C=NN13)C(=O)NCCOC4=NC(=C(C(=C4)F)F)N2",NA,1.3,8,-240.399578086103,0.443609022556391,NA,"844260778392515834"
"844260832977188297","C15H13F2N7O2","[M + H]+",1,0.933231844209592,52.3619185354706,3.48939999960991,48.8725185358607,"9","RGLWMSKFLHMTMK","C1=CC(=C(N=C1)OC2=C(C=C(C=C2)F)F)CNC(=O)CN3C(=NN=N3)N","2-(5-amino-1H-tetrazol-1-yl)-N-{[2-(2,4-difluorophenoxy)pyridin-3-yl]methyl}acetamide",1.2,9,-256.607161089286,0.442748091603053,NA,"844260778392515834"
"844260832977188297","C15H13F2N7O2","[M + H]+",1,0.933231844209592,52.3619185354706,3.48939999960991,48.8725185358607,"9","OGXZJNBJBKZZGO","CC1=NON=C1CN2C3=C(C(=O)NC(=N3)C(C4=CC=CC=C4)(F)F)NN2","5-[difluoro(phenyl)methyl]-3-[(4-methyl-1,2,5-oxadiazol-3-yl)methyl]-2,6-dihydro-1H-triazolo[4,5-d]pyrimidin-7-one",2.6,10,-260.974652980319,0.395522388059701,NA,"844260778392515834"
"844260832977188297","C15H13F2N7O2","[M + H]+",1,0.933231844209592,52.3619185354706,3.48939999960991,48.8725185358607,"9","OIALPWCJCSMRGK","C1C2(CC1(F)F)CN(C2)C(=O)C3=CN(N=N3)C4=NN5C=CC=C5C(=O)N4","2-[4-(6,6-difluoro-2-azaspiro[3.3]heptane-2-carbonyl)triazol-1-yl]-3H-pyrrolo[2,1-f][1,2,4]triazin-4-one",0.9,13,-301.019468770888,0.421052631578947,NA,"844260778392515834"
"844260832977188297","C15H13F2N7O2","[M + H]+",1,0.933231844209592,52.3619185354706,3.48939999960991,48.8725185358607,"9","ZKLPXXGDZRZHGE","C1CC12CN(CC2(F)F)C3=CC(=NN4C3=NC=N4)C5=CNC(=O)NC5=O","5-[8-(7,7-difluoro-5-azaspiro[2.4]heptan-5-yl)-[1,2,4]triazolo[1,5-b]pyridazin-6-yl]-1H-pyrimidine-2,4-dione",0.3,22,-352.151928622836,0.38255033557047,NA,"844260778392515834"
"844260832977188297","C15H13F2N7O2","[M + H]+",1,0.933231844209592,52.3619185354706,3.48939999960991,48.8725185358607,"9","JMTPBJUZPYHNEA","C1CC12CN(CC2(F)F)C3=CC(=NN4C3=NN=C4)C5=CNC(=O)NC5=O","5-[8-(7,7-difluoro-5-azaspiro[2.4]heptan-5-yl)-[1,2,4]triazolo[4,3-b]pyridazin-6-yl]-1H-pyrimidine-2,4-dione",-0.3,23,-353.345378002908,0.38,NA,"844260778392515834"
"844260832977188297","C15H13F2N7O2","[M + H]+",1,0.933231844209592,52.3619185354706,3.48939999960991,48.8725185358607,"9","IPONHXGOODDWMS","C1CC12CN(CC2(F)F)C3=CC(=NC4=NC=NN34)C5=CNC(=O)NC5=O","5-[7-(7,7-difluoro-5-azaspiro[2.4]heptan-5-yl)-[1,2,4]triazolo[1,5-a]pyrimidin-5-yl]-1H-pyrimidine-2,4-dione",0.4,25,-370.492626511445,0.35031847133758,NA,"844260778392515834"
"844260832977188297","C15H13F2N7O2","[M + H]+",1,0.933231844209592,52.3619185354706,3.48939999960991,48.8725185358607,"9","XCRZLFRHRAYWPB","CN1N=C(N=N1)C(=O)NC2CCC3=C2C=CC(=C3)C4=NOC(=N4)C(F)F","N-[5-[5-(difluoromethyl)-1,2,4-oxadiazol-3-yl]-2,3-dihydro-1H-inden-1-yl]-2-methyltetrazole-5-carboxamide",2.2,26,-376.872816442441,0.311688311688312,NA,"844260778392515834"
"844260832977188298","C12H14F3N7O3","[M + H]+",2,0.0380178922745674,49.1613217704771,2.03454050277064,47.1267812677064,"9","CFYZNRWKQYLEBN","CN1C(=C(C(=N1)N2CC(C2)(C3=NC=NN3C)OC)[N+](=O)[O-])C(F)(F)F","5-[3-Methoxy-1-[1-methyl-4-nitro-5-(trifluoromethyl)pyrazol-3-yl]azetidin-3-yl]-1-methyl-1,2,4-triazole",0.5,11,-262.864755381376,0.376,NA,"844260778392515834"
"844260832977188298","C12H14F3N7O3","[M + H]+",2,0.0380178922745674,49.1613217704771,2.03454050277064,47.1267812677064,"9","WSXZVUWPGPFFRD","CC1=NC(=NN1C2=NNC(=N2)C(F)(F)F)C(=O)NCC(C)(C)C(=O)O","2,2-dimethyl-3-[[5-methyl-1-[5-(trifluoromethyl)-1H-1,2,4-triazol-3-yl]-1,2,4-triazole-3-carbonyl]amino]propanoic acid",1.4,12,-297.952365725414,0.300699300699301,NA,"844260778392515834"
"844260832977188298","C12H14F3N7O3","[M + H]+",2,0.0380178922745674,49.1613217704771,2.03454050277064,47.1267812677064,"9","PHSLFFNBMPDTLL","CC1=NC(=NN1C2=NNC(=N2)C(F)(F)F)C(=O)N(C)C(C)(C)C(=O)O","2-methyl-2-[methyl-[5-methyl-1-[5-(trifluoromethyl)-1H-1,2,4-triazol-3-yl]-1,2,4-triazole-3-carbonyl]amino]propanoic acid",1.4,14,-308.480540193922,0.272727272727273,NA,"844260778392515834"
"844260832977188298","C12H14F3N7O3","[M + H]+",2,0.0380178922745674,49.1613217704771,2.03454050277064,47.1267812677064,"9","WXKDRRFOSNTCKL","CC1=NC(=NN1C2=NNC(=N2)C(F)(F)F)C(=O)N(CC(=O)O)C(C)C","2-[[5-methyl-1-[5-(trifluoromethyl)-1H-1,2,4-triazol-3-yl]-1,2,4-triazole-3-carbonyl]-propan-2-ylamino]acetic acid",1.6,15,-309.550301721272,0.285714285714286,NA,"844260778392515834"
"844260832977188298","C12H14F3N7O3","[M + H]+",2,0.0380178922745674,49.1613217704771,2.03454050277064,47.1267812677064,"9","FWQFKNAIHMGGGE","CCCN(CC(=O)O)C(=O)C1=NN(C(=N1)C)C2=NNC(=N2)C(F)(F)F","2-[[5-methyl-1-[5-(trifluoromethyl)-1H-1,2,4-triazol-3-yl]-1,2,4-triazole-3-carbonyl]-propylamino]acetic acid",1.7,16,-322.336690454864,0.275641025641026,NA,"844260778392515834"
"844260832977188298","C12H14F3N7O3","[M + H]+",2,0.0380178922745674,49.1613217704771,2.03454050277064,47.1267812677064,"9","KDGIFBZCSXNMKY","CC1=NC(=NN1C2=NNC(=N2)C(F)(F)F)C(=O)NCC(C)CC(=O)O","3-methyl-4-[[5-methyl-1-[5-(trifluoromethyl)-1H-1,2,4-triazol-3-yl]-1,2,4-triazole-3-carbonyl]amino]butanoic acid",1.3,17,-325.598816527734,0.3,NA,"844260778392515834"
"844260832977188298","C12H14F3N7O3","[M + H]+",2,0.0380178922745674,49.1613217704771,2.03454050277064,47.1267812677064,"9","WLFUMOWTTXBNHH","CCC(C)(C(=O)O)NC(=O)C1=NN(C(=N1)C)C2=NNC(=N2)C(F)(F)F","2-methyl-2-[[5-methyl-1-[5-(trifluoromethyl)-1H-1,2,4-triazol-3-yl]-1,2,4-triazole-3-carbonyl]amino]butanoic acid",1.7,18,-333.88870046999,0.261437908496732,NA,"844260778392515834"
"844260832977188298","C12H14F3N7O3","[M + H]+",2,0.0380178922745674,49.1613217704771,2.03454050277064,47.1267812677064,"9","RIVMOGGKOUBILA","C1=C(C(=O)NC(=O)N1CC(F)(F)F)CNC(=O)CCCC2=NNN=N2","N-[[2,4-dioxo-1-(2,2,2-trifluoroethyl)pyrimidin-5-yl]methyl]-4-(2H-tetrazol-5-yl)butanamide",-0.2,20,-340.928444613209,0.308724832214765,NA,"844260778392515834"
"844260832977188298","C12H14F3N7O3","[M + H]+",2,0.0380178922745674,49.1613217704771,2.03454050277064,47.1267812677064,"9","HTBCVVYYGFODDC","CC1=NC(=NN1C2=NNC(=N2)C(F)(F)F)C(=O)NC(C(C)C)C(=O)O","3-methyl-2-[[5-methyl-1-[5-(trifluoromethyl)-1H-1,2,4-triazol-3-yl]-1,2,4-triazole-3-carbonyl]amino]butanoic acid",2,24,-361.981973786541,0.248447204968944,NA,"844260778392515834"
"844260832977188298","C12H14F3N7O3","[M + H]+",2,0.0380178922745674,49.1613217704771,2.03454050277064,47.1267812677064,"9","IGPSHAHSHFVEGF","CC1=NC(=NN1C2=NNC(=N2)C(F)(F)F)C(=O)NCCCCC(=O)O","5-[[5-methyl-1-[5-(trifluoromethyl)-1H-1,2,4-triazol-3-yl]-1,2,4-triazole-3-carbonyl]amino]pentanoic acid",1.2,31,-415.712005691127,0.272189349112426,NA,"844260778392515834"
"844260832977188298","C12H14F3N7O3","[M + H]+",2,0.0380178922745674,49.1613217704771,2.03454050277064,47.1267812677064,"9","KGFWOLWQESAWQX","CC1=NC(=NN1C2=NNC(=N2)C(F)(F)F)C(=O)NC(C)CCC(=O)O","4-[[5-methyl-1-[5-(trifluoromethyl)-1H-1,2,4-triazol-3-yl]-1,2,4-triazole-3-carbonyl]amino]pentanoic acid",1.3,32,-416.344164549887,0.26219512195122,NA,"844260778392515834"
"844260832977188298","C12H14F3N7O3","[M + H]+",2,0.0380178922745674,49.1613217704771,2.03454050277064,47.1267812677064,"9","YQALYJYBDXGRTD","CCCC(C(=O)O)NC(=O)C1=NN(C(=N1)C)C2=NNC(=N2)C(F)(F)F","2-[[5-methyl-1-[5-(trifluoromethyl)-1H-1,2,4-triazol-3-yl]-1,2,4-triazole-3-carbonyl]amino]pentanoic acid",1.9,37,-477.456001169685,0.218085106382979,NA,"844260778392515834"
"844260832977188299","C11H18F3N3O7","[M + H]+",3,0.0154392714303422,48.260179228564,0.708180398242068,47.5519988303219,"9",NA,NA,NA,NA,NA,NA,NA,NA,"844260778392515834"
"844260832977188300","C14H17F2N3O6","[M + H]+",4,0.0108547253206018,47.9078653708323,2.46418127625463,45.4436840945776,"9","WXVJJJQBBQNPFF","CC(C)(C)OC(=O)NC(CNC1=CC(=C(C=C1[N+](=O)[O-])F)F)C(=O)O","3-(4,5-Difluoro-2-nitroanilino)-2-[(2-methylpropan-2-yl)oxycarbonylamino]propanoic acid",2.8,19,-340.15881362184,0.25,NA,"844260778392515834"
"844260832977188300","C14H17F2N3O6","[M + H]+",4,0.0108547253206018,47.9078653708323,2.46418127625463,45.4436840945776,"9","DCCUFNSJKULQNP","CC(C)(C)OC(=O)NC(CNC1=CC(=C(C=C1F)[N+](=O)[O-])F)C(=O)O","(2S)-3-(2,5-difluoro-4-nitroanilino)-2-[(2-methylpropan-2-yl)oxycarbonylamino]propanoic acid",2.8,21,-345.677371702905,0.242937853107345,NA,"844260778392515834"
"844260832977188300","C14H17F2N3O6","[M + H]+",4,0.0108547253206018,47.9078653708323,2.46418127625463,45.4436840945776,"9","HLPCOTYSWJFYDT","CC(C)(CCC(=O)O)NC(=O)NC1=C(C=CC(=C1)[N+](=O)[O-])OC(F)F","4-[[2-(Difluoromethoxy)-5-nitrophenyl]carbamoylamino]-4-methylpentanoic acid",2.1,29,-404.712453555093,0.26775956284153,NA,"844260778392515834"
"844260832977188300","C14H17F2N3O6","[M + H]+",4,0.0108547253206018,47.9078653708323,2.46418127625463,45.4436840945776,"9","NYNAAGTVQZRHQO","CCCCOC(=O)OCC1=C(C(C(O1)N2C=CC(=NC2=O)N)(F)F)O","[(2R)-2-(4-amino-2-oxopyrimidin-1-yl)-3,3-difluoro-4-hydroxy-2H-furan-5-yl]methyl butyl carbonate",0.5,30,-412.796042823378,0.226519337016575,NA,"844260778392515834"
"844260832977188300","C14H17F2N3O6","[M + H]+",4,0.0108547253206018,47.9078653708323,2.46418127625463,45.4436840945776,"9","YNLFTOUVPKSGBP","CCCNC(=O)CNC(=O)C1=CC(=C(C=C1[N+](=O)[O-])OC(F)F)OC","4-(difluoromethoxy)-5-methoxy-2-nitro-N-[2-oxo-2-(propylamino)ethyl]benzamide",2.2,33,-419.494105496906,0.282051282051282,NA,"844260778392515834"
"844260832977188300","C14H17F2N3O6","[M + H]+",4,0.0108547253206018,47.9078653708323,2.46418127625463,45.4436840945776,"9","SAPQPOWNBCHXIV","CCNC(=O)CN(C)C(=O)C1=CC(=C(C=C1[N+](=O)[O-])OC(F)F)OC","4-(difluoromethoxy)-N-[2-(ethylamino)-2-oxoethyl]-5-methoxy-N-methyl-2-nitrobenzamide",1.8,34,-435.831124975148,0.286458333333333,NA,"844260778392515834"
"844260832977188300","C14H17F2N3O6","[M + H]+",4,0.0108547253206018,47.9078653708323,2.46418127625463,45.4436840945776,"9","YMYJOCWHWAYWTB","CCNC(=O)C(C)NC(=O)C1=CC(=C(C=C1[N+](=O)[O-])OC(F)F)OC","4-(difluoromethoxy)-N-[1-(ethylamino)-1-oxopropan-2-yl]-5-methoxy-2-nitrobenzamide",2,35,-443.004393519976,0.266331658291457,NA,"844260778392515834"
"844260832977188300","C14H17F2N3O6","[M + H]+",4,0.0108547253206018,47.9078653708323,2.46418127625463,45.4436840945776,"9","OZGOYTYDOKZRNL","COC1=C(C=C(C(=C1)C(=O)NCC2CNCC2O)[N+](=O)[O-])OC(F)F","4-(difluoromethoxy)-N-[(4-hydroxypyrrolidin-3-yl)methyl]-5-methoxy-2-nitrobenzamide",1.5,36,-470.107224304344,0.270531400966184,NA,"844260778392515834"
"844260832977188300","C14H17F2N3O6","[M + H]+",4,0.0108547253206018,47.9078653708323,2.46418127625463,45.4436840945776,"9","DPZIFPKPVOPRBQ","CC(C1C(C(C(O1)N2C=CC(=NC2=O)N)(F)F)OC(=O)C)OC(=O)C","[(2R,3R,5R)-2-[(1S)-1-acetyloxyethyl]-5-(4-amino-2-oxopyrimidin-1-yl)-4,4-difluorooxolan-3-yl] acetate",-0.3,38,-532.714274822031,0.2,NA,"844260778392515834"
"844260832977188300","C14H17F2N3O6","[M + H]+",4,0.0108547253206018,47.9078653708323,2.46418127625463,45.4436840945776,"9","COQIKROFTRQKPD","C1=CC(=CC=C1COC(=O)NC(CCCN)(C(F)F)C(=O)O)[N+](=O)[O-]","5-Amino-2-(difluoromethyl)-2-[(4-nitrophenyl)methoxycarbonylamino]pentanoic acid",-0.9,39,-581.407822284742,0.185714285714286,NA,"844260778392515834"
"844260832977188300","C14H17F2N3O6","[M + H]+",4,0.0108547253206018,47.9078653708323,2.46418127625463,45.4436840945776,"9","JTBRAGZZOUJIOM","C1=CC(=CC=C1COC(=O)NCCCC(C(F)F)(C(=O)O)N)[N+](=O)[O-]","2-Amino-2-(difluoromethyl)-5-[(4-nitrophenyl)methoxycarbonylamino]pentanoic acid",-0.9,40,-592.963296098609,0.187793427230047,NA,"844260778392515834"
"844260832977188300","C14H17F2N3O6","[M + H]+",4,0.0108547253206018,47.9078653708323,2.46418127625463,45.4436840945776,"9","HSDNLXGJTHTADB","C1=CN(C(=O)N=C1N)C2C(C(C(O2)COC(=O)CCCC=O)O)(F)F","[(2R,3R,5R)-5-(4-amino-2-oxopyrimidin-1-yl)-4,4-difluoro-3-hydroxyoxolan-2-yl]methyl 5-oxopentanoate",-1.6,41,-601.054694403185,0.194690265486726,NA,"844260778392515834"
"844260832977188300","C14H17F2N3O6","[M + H]+",4,0.0108547253206018,47.9078653708323,2.46418127625463,45.4436840945776,"9","QBYZHSLKSKNBMT","C1=CN(C(=O)N=C1N)C2C(C(C(O2)CC(=O)CCCC(=O)O)O)(F)F","6-[(2R,5R)-5-(4-amino-2-oxopyrimidin-1-yl)-4,4-difluoro-3-hydroxyoxolan-2-yl]-5-oxohexanoic acid",-1.8,42,-613.620075003119,0.183760683760684,NA,"844260778392515834"
"844260832977188300","C14H17F2N3O6","[M + H]+",4,0.0108547253206018,47.9078653708323,2.46418127625463,45.4436840945776,"9","JQDFOYOLKOJNIP","C1CN(CCC1(F)F)C(=O)C2C(C(C(O2)N3C=CC(=O)NC3=O)O)O","1-[(2R,3R,4S,5S)-5-(4,4-difluoropiperidine-1-carbonyl)-3,4-dihydroxyoxolan-2-yl]pyrimidine-2,4-dione",-1,43,-671.637121403064,0.172,NA,"844260778392515834"
"844260832977188301","C9H15N9O7","[M + H]+",5,0.00132002881265748,45.8009184363656,0,45.8009184363656,"9",NA,NA,NA,NA,NA,NA,NA,NA,"844260778392515834"
"844260832977188302","C11H17N6O8","[M + H]+",6,0.000471977129613962,44.7724401234565,1.33459348176229,43.4378466416942,"9",NA,NA,NA,NA,NA,NA,NA,NA,"844260778392515834"
"844260832977188303","C12H22F2NO7P","[M + H]+",7,0.000446968200989411,44.7179970466095,1.0616302733238,43.6563667732857,"9",NA,NA,NA,NA,NA,NA,NA,NA,"844260778392515834"
"844260832977188304","C13H18F2N5O3P","[M + H]+",8,5.80872646272432e-05,42.6774560356175,2.07016521895032,40.6072908166672,"9",NA,NA,NA,NA,NA,NA,NA,NA,"844260778392515834"
"844260832977188305","C13H19N3O9","[M + H]+",9,3.97090255800633e-05,42.2970880996929,1.46701812212589,40.830069977567,"9",NA,NA,NA,NA,NA,NA,NA,NA,"844260778392515834"
"844260832977188306","C17H16FN3O5","[M + H]+",10,3.53921719623443e-05,42.182000257932,2.49762092231307,39.684379335619,"9",NA,NA,NA,NA,NA,NA,NA,NA,"844260778392515834"
"844260867559224887","C15H13F2N7O2","[M + H]+",1,0.996209640277342,71.4479349531533,3.10343134983255,68.3445036033208,"10","FOZXIPLAGUNHIE","CN1C(=C(C=N1)C2=NC(=NC=C2F)OC)C(=O)NC3=CC(=NC=C3F)N","N-(2-amino-5-fluoropyridin-4-yl)-4-(5-fluoro-2-methoxypyrimidin-4-yl)-2-methylpyrazole-3-carboxamide",0.4,1,-189.315742144587,0.518518518518518,0,"844260778396710139"
"844260867559224887","C15H13F2N7O2","[M + H]+",1,0.996209640277342,71.4479349531533,3.10343134983255,68.3445036033208,"10","PIKDWSFQRYHGPE","C1=CC(=C(C=C1F)F)NC(=O)NCCN2C(=O)C=CC(=N2)N3C=NC=N3","1-(2,4-difluorophenyl)-3-(2-(6-oxo-3-(1H-1,2,4-triazol-1-yl)pyridazin-1(6H)-yl)ethyl)urea",0.5,2,-224.418009674518,0.45,Inf,"844260778396710139"
"844260867559224887","C15H13F2N7O2","[M + H]+",1,0.996209640277342,71.4479349531533,3.10343134983255,68.3445036033208,"10","KMTLMRMWJDBVTB","C1=CC(=C(C=C1F)NC(=O)NCCN2C(=O)C=CC(=N2)N3C=NC=N3)F","1-(2,5-difluorophenyl)-3-(2-(6-oxo-3-(1H-1,2,4-triazol-1-yl)pyridazin-1(6H)-yl)ethyl)urea",0.5,3,-226.900615275992,0.449152542372881,NA,"844260778396710139"
"844260867559224887","C15H13F2N7O2","[M + H]+",1,0.996209640277342,71.4479349531533,3.10343134983255,68.3445036033208,"10","PQAMDKDZSSHTAQ","C1=CC(=C(C=C1NC(=O)NCCN2C(=O)C=CC(=N2)N3C=NC=N3)F)F","1-(3,4-difluorophenyl)-3-(2-(6-oxo-3-(1H-1,2,4-triazol-1-yl)pyridazin-1(6H)-yl)ethyl)urea",0.5,4,-232.769996756008,0.434426229508197,NA,"844260778396710139"
"844260867559224887","C15H13F2N7O2","[M + H]+",1,0.996209640277342,71.4479349531533,3.10343134983255,68.3445036033208,"10","JINYNPTZFYTAAE","CNC1=CC2=NC3=C(C=NN13)C(=O)NCCOC4=C(C=C(C(=N4)N2)F)F",NA,1.3,5,-235.565058789943,0.412213740458015,NA,"844260778396710139"
"844260867559224887","C15H13F2N7O2","[M + H]+",1,0.996209640277342,71.4479349531533,3.10343134983255,68.3445036033208,"10","JOXSMAKUPLSCFK","CNC1=CC2=NC3=C(C=NN13)C(=O)NCCOC4=C(C(=CC(=N4)N2)F)F",NA,1.3,6,-236.016856019341,0.415384615384615,NA,"844260778396710139"
"844260867559224887","C15H13F2N7O2","[M + H]+",1,0.996209640277342,71.4479349531533,3.10343134983255,68.3445036033208,"10","DOKYXQUHEBRWHL","CNC1=CC2=NC3=C(C=NN13)C(=O)NCCOC4=NC(=C(C(=C4)F)F)N2",NA,1.3,7,-236.328668516613,0.412213740458015,NA,"844260778396710139"
"844260867559224887","C15H13F2N7O2","[M + H]+",1,0.996209640277342,71.4479349531533,3.10343134983255,68.3445036033208,"10","MCSNHWJKNRXSFD","CC(C1=NC=NN1C2=NC=CC=N2)NC(=O)C3=CC(=CN=C3)OC(F)F","5-(difluoromethoxy)-N-[1-(2-pyrimidin-2-yl-1,2,4-triazol-3-yl)ethyl]pyridine-3-carboxamide",1.3,8,-241.705910453872,0.416666666666667,NA,"844260778396710139"
"844260867559224887","C15H13F2N7O2","[M + H]+",1,0.996209640277342,71.4479349531533,3.10343134983255,68.3445036033208,"10","RGLWMSKFLHMTMK","C1=CC(=C(N=C1)OC2=C(C=C(C=C2)F)F)CNC(=O)CN3C(=NN=N3)N","2-(5-amino-1H-tetrazol-1-yl)-N-{[2-(2,4-difluorophenoxy)pyridin-3-yl]methyl}acetamide",1.2,9,-254.354679224427,0.421875,NA,"844260778396710139"
"844260867559224887","C15H13F2N7O2","[M + H]+",1,0.996209640277342,71.4479349531533,3.10343134983255,68.3445036033208,"10","OGXZJNBJBKZZGO","CC1=NON=C1CN2C3=C(C(=O)NC(=N3)C(C4=CC=CC=C4)(F)F)NN2","5-[difluoro(phenyl)methyl]-3-[(4-methyl-1,2,5-oxadiazol-3-yl)methyl]-2,6-dihydro-1H-triazolo[4,5-d]pyrimidin-7-one",2.6,11,-271.238295252077,0.384615384615385,NA,"844260778396710139"
"844260867559224887","C15H13F2N7O2","[M + H]+",1,0.996209640277342,71.4479349531533,3.10343134983255,68.3445036033208,"10","OIALPWCJCSMRGK","C1C2(CC1(F)F)CN(C2)C(=O)C3=CN(N=N3)C4=NN5C=CC=C5C(=O)N4","2-[4-(6,6-difluoro-2-azaspiro[3.3]heptane-2-carbonyl)triazol-1-yl]-3H-pyrrolo[2,1-f][1,2,4]triazin-4-one",0.9,12,-294.585992324957,0.410852713178295,NA,"844260778396710139"
"844260867559224887","C15H13F2N7O2","[M + H]+",1,0.996209640277342,71.4479349531533,3.10343134983255,68.3445036033208,"10","ZKLPXXGDZRZHGE","C1CC12CN(CC2(F)F)C3=CC(=NN4C3=NC=N4)C5=CNC(=O)NC5=O","5-[8-(7,7-difluoro-5-azaspiro[2.4]heptan-5-yl)-[1,2,4]triazolo[1,5-b]pyridazin-6-yl]-1H-pyrimidine-2,4-dione",0.3,21,-341.434375589225,0.353741496598639,NA,"844260778396710139"
"844260867559224887","C15H13F2N7O2","[M + H]+",1,0.996209640277342,71.4479349531533,3.10343134983255,68.3445036033208,"10","JMTPBJUZPYHNEA","C1CC12CN(CC2(F)F)C3=CC(=NN4C3=NN=C4)C5=CNC(=O)NC5=O","5-[8-(7,7-difluoro-5-azaspiro[2.4]heptan-5-yl)-[1,2,4]triazolo[4,3-b]pyridazin-6-yl]-1H-pyrimidine-2,4-dione",-0.3,23,-343.364919866525,0.351351351351351,NA,"844260778396710139"
"844260867559224887","C15H13F2N7O2","[M + H]+",1,0.996209640277342,71.4479349531533,3.10343134983255,68.3445036033208,"10","IPONHXGOODDWMS","C1CC12CN(CC2(F)F)C3=CC(=NC4=NC=NN34)C5=CNC(=O)NC5=O","5-[7-(7,7-difluoro-5-azaspiro[2.4]heptan-5-yl)-[1,2,4]triazolo[1,5-a]pyrimidin-5-yl]-1H-pyrimidine-2,4-dione",0.4,31,-362.433867627739,0.32258064516129,NA,"844260778396710139"
"844260867559224887","C15H13F2N7O2","[M + H]+",1,0.996209640277342,71.4479349531533,3.10343134983255,68.3445036033208,"10","XCRZLFRHRAYWPB","CN1N=C(N=N1)C(=O)NC2CCC3=C2C=CC(=C3)C4=NOC(=N4)C(F)F","N-[5-[5-(difluoromethyl)-1,2,4-oxadiazol-3-yl]-2,3-dihydro-1H-inden-1-yl]-2-methyltetrazole-5-carboxamide",2.2,59,-397.232261221005,0.326530612244898,NA,"844260778396710139"
"844260867559224888","C12H14F3N7O3","[M + H]+",2,0.00211235079246088,65.2917786824778,1.34623050816904,63.9455481743088,"10","CFYZNRWKQYLEBN","CN1C(=C(C(=N1)N2CC(C2)(C3=NC=NN3C)OC)[N+](=O)[O-])C(F)(F)F","5-[3-Methoxy-1-[1-methyl-4-nitro-5-(trifluoromethyl)pyrazol-3-yl]azetidin-3-yl]-1-methyl-1,2,4-triazole",0.5,10,-257.835999135481,0.377952755905512,NA,"844260778396710139"
"844260867559224888","C12H14F3N7O3","[M + H]+",2,0.00211235079246088,65.2917786824778,1.34623050816904,63.9455481743088,"10","WSXZVUWPGPFFRD","CC1=NC(=NN1C2=NNC(=N2)C(F)(F)F)C(=O)NCC(C)(C)C(=O)O","2,2-dimethyl-3-[[5-methyl-1-[5-(trifluoromethyl)-1H-1,2,4-triazol-3-yl]-1,2,4-triazole-3-carbonyl]amino]propanoic acid",1.4,13,-306.162167878488,0.303448275862069,NA,"844260778396710139"
"844260867559224888","C12H14F3N7O3","[M + H]+",2,0.00211235079246088,65.2917786824778,1.34623050816904,63.9455481743088,"10","PHSLFFNBMPDTLL","CC1=NC(=NN1C2=NNC(=N2)C(F)(F)F)C(=O)N(C)C(C)(C)C(=O)O","2-methyl-2-[methyl-[5-methyl-1-[5-(trifluoromethyl)-1H-1,2,4-triazol-3-yl]-1,2,4-triazole-3-carbonyl]amino]propanoic acid",1.4,14,-310.067830752463,0.267123287671233,NA,"844260778396710139"
"844260867559224888","C12H14F3N7O3","[M + H]+",2,0.00211235079246088,65.2917786824778,1.34623050816904,63.9455481743088,"10","WXKDRRFOSNTCKL","CC1=NC(=NN1C2=NNC(=N2)C(F)(F)F)C(=O)N(CC(=O)O)C(C)C","2-[[5-methyl-1-[5-(trifluoromethyl)-1H-1,2,4-triazol-3-yl]-1,2,4-triazole-3-carbonyl]-propan-2-ylamino]acetic acid",1.6,15,-310.173358489639,0.288590604026846,NA,"844260778396710139"
"844260867559224888","C12H14F3N7O3","[M + H]+",2,0.00211235079246088,65.2917786824778,1.34623050816904,63.9455481743088,"10","FWQFKNAIHMGGGE","CCCN(CC(=O)O)C(=O)C1=NN(C(=N1)C)C2=NNC(=N2)C(F)(F)F","2-[[5-methyl-1-[5-(trifluoromethyl)-1H-1,2,4-triazol-3-yl]-1,2,4-triazole-3-carbonyl]-propylamino]acetic acid",1.7,16,-319.316637458382,0.286624203821656,NA,"844260778396710139"
"844260867559224888","C12H14F3N7O3","[M + H]+",2,0.00211235079246088,65.2917786824778,1.34623050816904,63.9455481743088,"10","RIVMOGGKOUBILA","C1=C(C(=O)NC(=O)N1CC(F)(F)F)CNC(=O)CCCC2=NNN=N2","N-[[2,4-dioxo-1-(2,2,2-trifluoroethyl)pyrimidin-5-yl]methyl]-4-(2H-tetrazol-5-yl)butanamide",-0.2,17,-334.383013288797,0.328859060402685,NA,"844260778396710139"
"844260867559224888","C12H14F3N7O3","[M + H]+",2,0.00211235079246088,65.2917786824778,1.34623050816904,63.9455481743088,"10","KDGIFBZCSXNMKY","CC1=NC(=NN1C2=NNC(=N2)C(F)(F)F)C(=O)NCC(C)CC(=O)O","3-methyl-4-[[5-methyl-1-[5-(trifluoromethyl)-1H-1,2,4-triazol-3-yl]-1,2,4-triazole-3-carbonyl]amino]butanoic acid",1.3,20,-341.298456650508,0.311258278145695,NA,"844260778396710139"
"844260867559224888","C12H14F3N7O3","[M + H]+",2,0.00211235079246088,65.2917786824778,1.34623050816904,63.9455481743088,"10","WLFUMOWTTXBNHH","CCC(C)(C(=O)O)NC(=O)C1=NN(C(=N1)C)C2=NNC(=N2)C(F)(F)F","2-methyl-2-[[5-methyl-1-[5-(trifluoromethyl)-1H-1,2,4-triazol-3-yl]-1,2,4-triazole-3-carbonyl]amino]butanoic acid",1.7,22,-342.855608038566,0.272727272727273,NA,"844260778396710139"
"844260867559224888","C12H14F3N7O3","[M + H]+",2,0.00211235079246088,65.2917786824778,1.34623050816904,63.9455481743088,"10","HTBCVVYYGFODDC","CC1=NC(=NN1C2=NNC(=N2)C(F)(F)F)C(=O)NC(C(C)C)C(=O)O","3-methyl-2-[[5-methyl-1-[5-(trifluoromethyl)-1H-1,2,4-triazol-3-yl]-1,2,4-triazole-3-carbonyl]amino]butanoic acid",2,42,-376.999774003268,0.251533742331288,NA,"844260778396710139"
"844260867559224888","C12H14F3N7O3","[M + H]+",2,0.00211235079246088,65.2917786824778,1.34623050816904,63.9455481743088,"10","IGPSHAHSHFVEGF","CC1=NC(=NN1C2=NNC(=N2)C(F)(F)F)C(=O)NCCCCC(=O)O","5-[[5-methyl-1-[5-(trifluoromethyl)-1H-1,2,4-triazol-3-yl]-1,2,4-triazole-3-carbonyl]amino]pentanoic acid",1.2,86,-421.250621259999,0.282352941176471,NA,"844260778396710139"
"844260867559224888","C12H14F3N7O3","[M + H]+",2,0.00211235079246088,65.2917786824778,1.34623050816904,63.9455481743088,"10","KGFWOLWQESAWQX","CC1=NC(=NN1C2=NNC(=N2)C(F)(F)F)C(=O)NC(C)CCC(=O)O","4-[[5-methyl-1-[5-(trifluoromethyl)-1H-1,2,4-triazol-3-yl]-1,2,4-triazole-3-carbonyl]amino]pentanoic acid",1.3,98,-429.7136945504,0.272727272727273,NA,"844260778396710139"
"844260867559224888","C12H14F3N7O3","[M + H]+",2,0.00211235079246088,65.2917786824778,1.34623050816904,63.9455481743088,"10","YQALYJYBDXGRTD","CCCC(C(=O)O)NC(=O)C1=NN(C(=N1)C)C2=NNC(=N2)C(F)(F)F","2-[[5-methyl-1-[5-(trifluoromethyl)-1H-1,2,4-triazol-3-yl]-1,2,4-triazole-3-carbonyl]amino]pentanoic acid",1.9,202,-486.49401790481,0.227513227513228,NA,"844260778396710139"
"844260867559224889","C14H17F2N3O6","[M + H]+",3,0.000628731305884816,64.0799259453095,1.68481569387173,62.3951102514378,"10","WXVJJJQBBQNPFF","CC(C)(C)OC(=O)NC(CNC1=CC(=C(C=C1[N+](=O)[O-])F)F)C(=O)O","3-(4,5-Difluoro-2-nitroanilino)-2-[(2-methylpropan-2-yl)oxycarbonylamino]propanoic acid",2.8,35,-364.389681764471,0.21505376344086,NA,"844260778396710139"
"844260867559224889","C14H17F2N3O6","[M + H]+",3,0.000628731305884816,64.0799259453095,1.68481569387173,62.3951102514378,"10","DCCUFNSJKULQNP","CC(C)(C)OC(=O)NC(CNC1=CC(=C(C=C1F)[N+](=O)[O-])F)C(=O)O","(2S)-3-(2,5-difluoro-4-nitroanilino)-2-[(2-methylpropan-2-yl)oxycarbonylamino]propanoic acid",2.8,36,-366.753673515461,0.207650273224044,NA,"844260778396710139"
"844260867559224889","C14H17F2N3O6","[M + H]+",3,0.000628731305884816,64.0799259453095,1.68481569387173,62.3951102514378,"10","NYNAAGTVQZRHQO","CCCCOC(=O)OCC1=C(C(C(O1)N2C=CC(=NC2=O)N)(F)F)O","[(2R)-2-(4-amino-2-oxopyrimidin-1-yl)-3,3-difluoro-4-hydroxy-2H-furan-5-yl]methyl butyl carbonate",0.5,77,-415.804179068215,0.232044198895028,NA,"844260778396710139"
"844260867559224889","C14H17F2N3O6","[M + H]+",3,0.000628731305884816,64.0799259453095,1.68481569387173,62.3951102514378,"10","HLPCOTYSWJFYDT","CC(C)(CCC(=O)O)NC(=O)NC1=C(C=CC(=C1)[N+](=O)[O-])OC(F)F","4-[[2-(Difluoromethoxy)-5-nitrophenyl]carbamoylamino]-4-methylpentanoic acid",2.1,96,-428.714395301549,0.245989304812834,NA,"844260778396710139"
"844260867559224889","C14H17F2N3O6","[M + H]+",3,0.000628731305884816,64.0799259453095,1.68481569387173,62.3951102514378,"10","YNLFTOUVPKSGBP","CCCNC(=O)CNC(=O)C1=CC(=C(C=C1[N+](=O)[O-])OC(F)F)OC","4-(difluoromethoxy)-5-methoxy-2-nitro-N-[2-oxo-2-(propylamino)ethyl]benzamide",2.2,110,-438.56448648128,0.261306532663317,NA,"844260778396710139"
"844260867559224889","C14H17F2N3O6","[M + H]+",3,0.000628731305884816,64.0799259453095,1.68481569387173,62.3951102514378,"10","SAPQPOWNBCHXIV","CCNC(=O)CN(C)C(=O)C1=CC(=C(C=C1[N+](=O)[O-])OC(F)F)OC","4-(difluoromethoxy)-N-[2-(ethylamino)-2-oxoethyl]-5-methoxy-N-methyl-2-nitrobenzamide",1.8,126,-448.356384661215,0.26530612244898,NA,"844260778396710139"
"844260867559224889","C14H17F2N3O6","[M + H]+",3,0.000628731305884816,64.0799259453095,1.68481569387173,62.3951102514378,"10","YMYJOCWHWAYWTB","CCNC(=O)C(C)NC(=O)C1=CC(=C(C=C1[N+](=O)[O-])OC(F)F)OC","4-(difluoromethoxy)-N-[1-(ethylamino)-1-oxopropan-2-yl]-5-methoxy-2-nitrobenzamide",2,133,-452.33329849642,0.252475247524752,NA,"844260778396710139"
"844260867559224889","C14H17F2N3O6","[M + H]+",3,0.000628731305884816,64.0799259453095,1.68481569387173,62.3951102514378,"10","OZGOYTYDOKZRNL","COC1=C(C=C(C(=C1)C(=O)NCC2CNCC2O)[N+](=O)[O-])OC(F)F","4-(difluoromethoxy)-N-[(4-hydroxypyrrolidin-3-yl)methyl]-5-methoxy-2-nitrobenzamide",1.5,221,-491.810946816567,0.245283018867925,NA,"844260778396710139"
"844260867559224889","C14H17F2N3O6","[M + H]+",3,0.000628731305884816,64.0799259453095,1.68481569387173,62.3951102514378,"10","DPZIFPKPVOPRBQ","CC(C1C(C(C(O1)N2C=CC(=NC2=O)N)(F)F)OC(=O)C)OC(=O)C","[(2R,3R,5R)-2-[(1S)-1-acetyloxyethyl]-5-(4-amino-2-oxopyrimidin-1-yl)-4,4-difluorooxolan-3-yl] acetate",-0.3,372,-534.835969279256,0.204761904761905,NA,"844260778396710139"
"844260867559224889","C14H17F2N3O6","[M + H]+",3,0.000628731305884816,64.0799259453095,1.68481569387173,62.3951102514378,"10","HSDNLXGJTHTADB","C1=CN(C(=O)N=C1N)C2C(C(C(O2)COC(=O)CCCC=O)O)(F)F","[(2R,3R,5R)-5-(4-amino-2-oxopyrimidin-1-yl)-4,4-difluoro-3-hydroxyoxolan-2-yl]methyl 5-oxopentanoate",-1.6,497,-587.980300055558,0.193832599118943,NA,"844260778396710139"
"844260867559224889","C14H17F2N3O6","[M + H]+",3,0.000628731305884816,64.0799259453095,1.68481569387173,62.3951102514378,"10","COQIKROFTRQKPD","C1=CC(=CC=C1COC(=O)NC(CCCN)(C(F)F)C(=O)O)[N+](=O)[O-]","5-Amino-2-(difluoromethyl)-2-[(4-nitrophenyl)methoxycarbonylamino]pentanoic acid",-0.9,523,-599.894620756161,0.168224299065421,NA,"844260778396710139"
"844260867559224889","C14H17F2N3O6","[M + H]+",3,0.000628731305884816,64.0799259453095,1.68481569387173,62.3951102514378,"10","JTBRAGZZOUJIOM","C1=CC(=CC=C1COC(=O)NCCCC(C(F)F)(C(=O)O)N)[N+](=O)[O-]","2-Amino-2-(difluoromethyl)-5-[(4-nitrophenyl)methoxycarbonylamino]pentanoic acid",-0.9,535,-606.27885419268,0.170506912442396,NA,"844260778396710139"
"844260867559224889","C14H17F2N3O6","[M + H]+",3,0.000628731305884816,64.0799259453095,1.68481569387173,62.3951102514378,"10","QBYZHSLKSKNBMT","C1=CN(C(=O)N=C1N)C2C(C(C(O2)CC(=O)CCCC(=O)O)O)(F)F","6-[(2R,5R)-5-(4-amino-2-oxopyrimidin-1-yl)-4,4-difluoro-3-hydroxyoxolan-2-yl]-5-oxohexanoic acid",-1.8,536,-607.394107853216,0.177966101694915,NA,"844260778396710139"
"844260867559224889","C14H17F2N3O6","[M + H]+",3,0.000628731305884816,64.0799259453095,1.68481569387173,62.3951102514378,"10","JQDFOYOLKOJNIP","C1CN(CCC1(F)F)C(=O)C2C(C(C(O2)N3C=CC(=O)NC3=O)O)O","1-[(2R,3R,4S,5S)-5-(4,4-difluoropiperidine-1-carbonyl)-3,4-dihydroxyoxolan-2-yl]pyrimidine-2,4-dione",-1,581,-652.175784325239,0.171314741035857,NA,"844260778396710139"
"844260867559224890","C11H18F3N3O7","[M + H]+",4,0.000557838110213096,63.9602907517494,0,63.9602907517494,"10",NA,NA,NA,NA,NA,NA,NA,NA,"844260778396710139"
"844260867559224891","C19H17F2NO4","[M + H]+",5,0.000317556910105774,63.3968790032267,2.47711136641946,60.9197676368073,"10","RJNMWPGOUKTNOK","COC(=O)C(=NOC)C1=CC=CC=C1COC2=CC=C(C=C2)C=C(F)F","Methyl 2-[2-[[4-(2,2-difluoroethenyl)phenoxy]methyl]phenyl]-2-methoxyiminoacetate",4.5,18,-339.479360043892,0.272727272727273,NA,"844260778396710139"
"844260867559224891","C19H17F2NO4","[M + H]+",5,0.000317556910105774,63.3968790032267,2.47711136641946,60.9197676368073,"10","SBPINCGTPCWQAB","CCOC(=O)C(=CC(=O)C=CC1=CC=CN1CC2=C(C=CC=C2F)F)O","ethyl (2Z,5E)-6-[1-[(2,6-difluorophenyl)methyl]pyrrol-2-yl]-2-hydroxy-4-oxo-hexa-2,5-dienoate",3.5,19,-339.981297599505,0.263157894736842,NA,"844260778396710139"
"844260867559224891","C19H17F2NO4","[M + H]+",5,0.000317556910105774,63.3968790032267,2.47711136641946,60.9197676368073,"10","RIDDUNOVYJNVRB","CCOC(=O)C(=CC(=O)C=CC1=CC=CN1CC2=CC(=CC(=C2)F)F)O","ethyl (2Z,5E)-6-[1-[(3,5-difluorophenyl)methyl]pyrrol-2-yl]-2-hydroxy-4-oxo-hexa-2,5-dienoate",3.5,24,-343.877608645088,0.258620689655172,NA,"844260778396710139"
"844260867559224891","C19H17F2NO4","[M + H]+",5,0.000317556910105774,63.3968790032267,2.47711136641946,60.9197676368073,"10","BNRZSCLSYSVODF","CCON=C(C1=CC=CC=C1COC2=CC=C(C=C2)C=C(F)F)C(=O)O","(2Z)-2-[2-[[4-(2,2-difluoroethenyl)phenoxy]methyl]phenyl]-2-ethoxyiminoacetic acid",4.6,25,-344.81886473224,0.247787610619469,NA,"844260778396710139"
"844260867559224891","C19H17F2NO4","[M + H]+",5,0.000317556910105774,63.3968790032267,2.47711136641946,60.9197676368073,"10","UYKLPKVIJHNFJX","CCOC(=O)C(=CC(=O)C=CC1=CC=CN1CC2=CC(=C(C=C2)F)F)O","6-[1-(3,4-Difluorobenzyl)-1H-pyrrole-2-yl]-2-hydroxy-4-oxo-2,5-hexadienoic acid ethyl ester",3.5,26,-350.462031431331,0.245901639344262,NA,"844260778396710139"
"844260867559224891","C19H17F2NO4","[M + H]+",5,0.000317556910105774,63.3968790032267,2.47711136641946,60.9197676368073,"10","DDTGXOZZTPLBPD","CCOC(=O)C(=O)CC(=O)C=CC1=CC=CN1CC2=C(C=CC=C2F)F","ethyl (E)-6-[1-[(2,6-difluorophenyl)methyl]pyrrol-2-yl]-2,4-dioxohex-5-enoate",2.9,27,-352.48422263936,0.267241379310345,NA,"844260778396710139"
"844260867559224891","C19H17F2NO4","[M + H]+",5,0.000317556910105774,63.3968790032267,2.47711136641946,60.9197676368073,"10","ILGVZZSBGPJLHS","CCOC(=O)C(=O)CC(=O)C=CC1=CC=CN1CC2=CC(=CC(=C2)F)F","ethyl (E)-6-[1-[(3,5-difluorophenyl)methyl]pyrrol-2-yl]-2,4-dioxohex-5-enoate",2.9,28,-356.380533684944,0.26271186440678,NA,"844260778396710139"
"844260867559224891","C19H17F2NO4","[M + H]+",5,0.000317556910105774,63.3968790032267,2.47711136641946,60.9197676368073,"10","AKKIYJUXSGEVIB","CCOC(=O)C(=CC(=O)C=CC1=CC=CN1CC2=C(C(=CC=C2)F)F)O","ethyl (2Z,5E)-6-[1-[(2,3-difluorophenyl)methyl]pyrrol-2-yl]-2-hydroxy-4-oxo-hexa-2,5-dienoate",3.5,29,-359.152204171847,0.258620689655172,NA,"844260778396710139"
"844260867559224891","C19H17F2NO4","[M + H]+",5,0.000317556910105774,63.3968790032267,2.47711136641946,60.9197676368073,"10","IEVMNKMWXXVBCD","CCOC(=O)C=CC1=C(C=C(C=C1F)NC(=O)OCC2=CC=CC=C2)F","Ethyl 3-[2,6-difluoro-4-(phenylmethoxycarbonylamino)phenyl]prop-2-enoate",3.8,30,-362.366436838226,0.220472440944882,NA,"844260778396710139"
"844260867559224891","C19H17F2NO4","[M + H]+",5,0.000317556910105774,63.3968790032267,2.47711136641946,60.9197676368073,"10","ZQRINFWYYPZVQA","CCOC(=O)C(=O)CC(=O)C=CC1=CC=CN1CC2=CC(=C(C=C2)F)F","ethyl (E)-6-[1-[(3,4-difluorophenyl)methyl]pyrrol-2-yl]-2,4-dioxohex-5-enoate",2.9,32,-362.964956471186,0.25,NA,"844260778396710139"
"844260867559224891","C19H17F2NO4","[M + H]+",5,0.000317556910105774,63.3968790032267,2.47711136641946,60.9197676368073,"10","OTGVFDAHYRULEJ","CCOC(=O)C(=CC(=O)C=CC1=CC=CN1CC2=C(C=CC(=C2)F)F)O","ethyl (2Z,5E)-6-[1-[(2,5-difluorophenyl)methyl]pyrrol-2-yl]-2-hydroxy-4-oxo-hexa-2,5-dienoate",3.5,33,-363.459288284136,0.25,NA,"844260778396710139"
"844260867559224891","C19H17F2NO4","[M + H]+",5,0.000317556910105774,63.3968790032267,2.47711136641946,60.9197676368073,"10","MHGQLLRAEILDOW","CCOC(=O)C(=CC(=O)C=CC1=CC=CN1CC2=C(C=C(C=C2)F)F)O","ethyl (2Z,5E)-6-[1-[(2,4-difluorophenyl)methyl]pyrrol-2-yl]-2-hydroxy-4-oxo-hexa-2,5-dienoate",3.5,34,-363.836622604936,0.245901639344262,NA,"844260778396710139"
"844260867559224891","C19H17F2NO4","[M + H]+",5,0.000317556910105774,63.3968790032267,2.47711136641946,60.9197676368073,"10","FGULGOIZBUXLPA","CCOC(=O)C(=O)CC(=O)C=CC1=CC=CN1CC2=C(C(=CC=C2)F)F","ethyl (E)-6-[1-[(2,3-difluorophenyl)methyl]pyrrol-2-yl]-2,4-dioxohex-5-enoate",2.9,37,-371.655129211702,0.26271186440678,NA,"844260778396710139"
"844260867559224891","C19H17F2NO4","[M + H]+",5,0.000317556910105774,63.3968790032267,2.47711136641946,60.9197676368073,"10","FOSKDASGVDQHNX","CC1=CC(=CC=C1)NC(=O)COC(=O)C=CC2=CC=C(C=C2)OC(F)F","[2-(3-methylanilino)-2-oxoethyl] (E)-3-[4-(difluoromethoxy)phenyl]prop-2-enoate",4.4,38,-375.079989198544,0.255474452554745,NA,"844260778396710139"
"844260867559224891","C19H17F2NO4","[M + H]+",5,0.000317556910105774,63.3968790032267,2.47711136641946,60.9197676368073,"10","OQNAPFSUZZLKIL","CC1=CC=C(C=C1)C=CC(=O)OCC(=O)NC2=CC=C(C=C2)OC(F)F","[2-[4-(difluoromethoxy)anilino]-2-oxoethyl] (E)-3-(4-methylphenyl)prop-2-enoate",4.4,39,-375.505230224667,0.288,NA,"844260778396710139"
"844260867559224892","C9H15N9O7","[M + H]+",6,0.00010844318318444,62.3224483350666,0,62.3224483350666,"10",NA,NA,NA,NA,NA,NA,NA,NA,"844260778396710139"
"844260867559224893","C10H19F3N5O4P","[M + H]+",7,3.43943964769478e-05,61.1741156145275,0,61.1741156145275,"10",NA,NA,NA,NA,NA,NA,NA,NA,"844260778396710139"
"844260867559224894","C13H18F2N5O3P","[M + H]+",8,1.79659782326621e-05,60.5247018277499,1.4631224709835,59.0615793567664,"10",NA,NA,NA,NA,NA,NA,NA,NA,"844260778396710139"
"844260867559224895","C17H16FN3O5","[M + H]+",9,1.01066391953316e-05,59.949414510491,2.20679485219841,57.7426196582926,"10",NA,NA,NA,NA,NA,NA,NA,NA,"844260778396710139"
"844260867559224896","C12H22F2NO7P","[M + H]+",10,2.71577970225098e-06,58.6353010518349,0.229723652739894,58.405577399095,"10",NA,NA,NA,NA,NA,NA,NA,NA,"844260778396710139"
"844260817454069113","C12H14F3N7O3","[M + H]+",1,0.658755853526163,55.0325697369586,2.45291422540309,52.5796555115555,"11","CFYZNRWKQYLEBN","CN1C(=C(C(=N1)N2CC(C2)(C3=NC=NN3C)OC)[N+](=O)[O-])C(F)(F)F","5-[3-Methoxy-1-[1-methyl-4-nitro-5-(trifluoromethyl)pyrazol-3-yl]azetidin-3-yl]-1-methyl-1,2,4-triazole",0.5,1,-220.803003250236,0.429752066115702,0,"844260778405098748"
"844260817454069113","C12H14F3N7O3","[M + H]+",1,0.658755853526163,55.0325697369586,2.45291422540309,52.5796555115555,"11","WSXZVUWPGPFFRD","CC1=NC(=NN1C2=NNC(=N2)C(F)(F)F)C(=O)NCC(C)(C)C(=O)O","2,2-dimethyl-3-[[5-methyl-1-[5-(trifluoromethyl)-1H-1,2,4-triazol-3-yl]-1,2,4-triazole-3-carbonyl]amino]propanoic acid",1.4,73,-306.179644296281,0.335714285714286,NA,"844260778405098748"
"844260817454069113","C12H14F3N7O3","[M + H]+",1,0.658755853526163,55.0325697369586,2.45291422540309,52.5796555115555,"11","RIVMOGGKOUBILA","C1=C(C(=O)NC(=O)N1CC(F)(F)F)CNC(=O)CCCC2=NNN=N2","N-[[2,4-dioxo-1-(2,2,2-trifluoroethyl)pyrimidin-5-yl]methyl]-4-(2H-tetrazol-5-yl)butanamide",-0.2,84,-311.437015596699,0.333333333333333,NA,"844260778405098748"
"844260817454069113","C12H14F3N7O3","[M + H]+",1,0.658755853526163,55.0325697369586,2.45291422540309,52.5796555115555,"11","PHSLFFNBMPDTLL","CC1=NC(=NN1C2=NNC(=N2)C(F)(F)F)C(=O)N(C)C(C)(C)C(=O)O","2-methyl-2-[methyl-[5-methyl-1-[5-(trifluoromethyl)-1H-1,2,4-triazol-3-yl]-1,2,4-triazole-3-carbonyl]amino]propanoic acid",1.4,122,-327.147980406875,0.297872340425532,NA,"844260778405098748"
"844260817454069113","C12H14F3N7O3","[M + H]+",1,0.658755853526163,55.0325697369586,2.45291422540309,52.5796555115555,"11","WXKDRRFOSNTCKL","CC1=NC(=NN1C2=NNC(=N2)C(F)(F)F)C(=O)N(CC(=O)O)C(C)C","2-[[5-methyl-1-[5-(trifluoromethyl)-1H-1,2,4-triazol-3-yl]-1,2,4-triazole-3-carbonyl]-propan-2-ylamino]acetic acid",1.6,126,-328.395091138718,0.310344827586207,NA,"844260778405098748"
"844260817454069113","C12H14F3N7O3","[M + H]+",1,0.658755853526163,55.0325697369586,2.45291422540309,52.5796555115555,"11","KDGIFBZCSXNMKY","CC1=NC(=NN1C2=NNC(=N2)C(F)(F)F)C(=O)NCC(C)CC(=O)O","3-methyl-4-[[5-methyl-1-[5-(trifluoromethyl)-1H-1,2,4-triazol-3-yl]-1,2,4-triazole-3-carbonyl]amino]butanoic acid",1.3,150,-334.940599350527,0.333333333333333,NA,"844260778405098748"
"844260817454069113","C12H14F3N7O3","[M + H]+",1,0.658755853526163,55.0325697369586,2.45291422540309,52.5796555115555,"11","WLFUMOWTTXBNHH","CCC(C)(C(=O)O)NC(=O)C1=NN(C(=N1)C)C2=NNC(=N2)C(F)(F)F","2-methyl-2-[[5-methyl-1-[5-(trifluoromethyl)-1H-1,2,4-triazol-3-yl]-1,2,4-triazole-3-carbonyl]amino]butanoic acid",1.7,155,-336.810208362627,0.293333333333333,NA,"844260778405098748"
"844260817454069113","C12H14F3N7O3","[M + H]+",1,0.658755853526163,55.0325697369586,2.45291422540309,52.5796555115555,"11","FWQFKNAIHMGGGE","CCCN(CC(=O)O)C(=O)C1=NN(C(=N1)C)C2=NNC(=N2)C(F)(F)F","2-[[5-methyl-1-[5-(trifluoromethyl)-1H-1,2,4-triazol-3-yl]-1,2,4-triazole-3-carbonyl]-propylamino]acetic acid",1.7,178,-347.01290327097,0.30718954248366,NA,"844260778405098748"
"844260817454069113","C12H14F3N7O3","[M + H]+",1,0.658755853526163,55.0325697369586,2.45291422540309,52.5796555115555,"11","HTBCVVYYGFODDC","CC1=NC(=NN1C2=NNC(=N2)C(F)(F)F)C(=O)NC(C(C)C)C(=O)O","3-methyl-2-[[5-methyl-1-[5-(trifluoromethyl)-1H-1,2,4-triazol-3-yl]-1,2,4-triazole-3-carbonyl]amino]butanoic acid",2,246,-381.332469512997,0.278481012658228,NA,"844260778405098748"
"844260817454069113","C12H14F3N7O3","[M + H]+",1,0.658755853526163,55.0325697369586,2.45291422540309,52.5796555115555,"11","IGPSHAHSHFVEGF","CC1=NC(=NN1C2=NNC(=N2)C(F)(F)F)C(=O)NCCCCC(=O)O","5-[[5-methyl-1-[5-(trifluoromethyl)-1H-1,2,4-triazol-3-yl]-1,2,4-triazole-3-carbonyl]amino]pentanoic acid",1.2,275,-405.654463196476,0.301204819277108,NA,"844260778405098748"
"844260817454069113","C12H14F3N7O3","[M + H]+",1,0.658755853526163,55.0325697369586,2.45291422540309,52.5796555115555,"11","KGFWOLWQESAWQX","CC1=NC(=NN1C2=NNC(=N2)C(F)(F)F)C(=O)NC(C)CCC(=O)O","4-[[5-methyl-1-[5-(trifluoromethyl)-1H-1,2,4-triazol-3-yl]-1,2,4-triazole-3-carbonyl]amino]pentanoic acid",1.3,288,-414.818352464371,0.291925465838509,NA,"844260778405098748"
"844260817454069113","C12H14F3N7O3","[M + H]+",1,0.658755853526163,55.0325697369586,2.45291422540309,52.5796555115555,"11","YQALYJYBDXGRTD","CCCC(C(=O)O)NC(=O)C1=NN(C(=N1)C)C2=NNC(=N2)C(F)(F)F","2-[[5-methyl-1-[5-(trifluoromethyl)-1H-1,2,4-triazol-3-yl]-1,2,4-triazole-3-carbonyl]amino]pentanoic acid",1.9,332,-493.464904085912,0.25,NA,"844260778405098748"
"844260817454069114","C15H13F2N7O2","[M + H]+",2,0.307334174516807,54.2701524232585,3.36383678534119,50.9063156379174,"11","FOZXIPLAGUNHIE","CN1C(=C(C=N1)C2=NC(=NC=C2F)OC)C(=O)NC3=CC(=NC=C3F)N","N-(2-amino-5-fluoropyridin-4-yl)-4-(5-fluoro-2-methoxypyrimidin-4-yl)-2-methylpyrazole-3-carboxamide",0.4,3,-228.338574937566,0.535087719298246,NA,"844260778405098748"
"844260817454069114","C15H13F2N7O2","[M + H]+",2,0.307334174516807,54.2701524232585,3.36383678534119,50.9063156379174,"11","JINYNPTZFYTAAE","CNC1=CC2=NC3=C(C=NN13)C(=O)NCCOC4=C(C=C(C(=N4)N2)F)F",NA,1.3,7,-251.930335757343,0.473684210526316,NA,"844260778405098748"
"844260817454069114","C15H13F2N7O2","[M + H]+",2,0.307334174516807,54.2701524232585,3.36383678534119,50.9063156379174,"11","JOXSMAKUPLSCFK","CNC1=CC2=NC3=C(C=NN13)C(=O)NCCOC4=C(C(=CC(=N4)N2)F)F",NA,1.3,8,-252.459481186622,0.477272727272727,NA,"844260778405098748"
"844260817454069114","C15H13F2N7O2","[M + H]+",2,0.307334174516807,54.2701524232585,3.36383678534119,50.9063156379174,"11","DOKYXQUHEBRWHL","CNC1=CC2=NC3=C(C=NN13)C(=O)NCCOC4=NC(=C(C(=C4)F)F)N2",NA,1.3,9,-252.640815541642,0.473684210526316,NA,"844260778405098748"
"844260817454069114","C15H13F2N7O2","[M + H]+",2,0.307334174516807,54.2701524232585,3.36383678534119,50.9063156379174,"11","PIKDWSFQRYHGPE","C1=CC(=C(C=C1F)F)NC(=O)NCCN2C(=O)C=CC(=N2)N3C=NC=N3","1-(2,4-difluorophenyl)-3-(2-(6-oxo-3-(1H-1,2,4-triazol-1-yl)pyridazin-1(6H)-yl)ethyl)urea",0.5,12,-255.201894255295,0.456692913385827,NA,"844260778405098748"
"844260817454069114","C15H13F2N7O2","[M + H]+",2,0.307334174516807,54.2701524232585,3.36383678534119,50.9063156379174,"11","KMTLMRMWJDBVTB","C1=CC(=C(C=C1F)NC(=O)NCCN2C(=O)C=CC(=N2)N3C=NC=N3)F","1-(2,5-difluorophenyl)-3-(2-(6-oxo-3-(1H-1,2,4-triazol-1-yl)pyridazin-1(6H)-yl)ethyl)urea",0.5,13,-257.172086044042,0.467741935483871,NA,"844260778405098748"
"844260817454069114","C15H13F2N7O2","[M + H]+",2,0.307334174516807,54.2701524232585,3.36383678534119,50.9063156379174,"11","PQAMDKDZSSHTAQ","C1=CC(=C(C=C1NC(=O)NCCN2C(=O)C=CC(=N2)N3C=NC=N3)F)F","1-(3,4-difluorophenyl)-3-(2-(6-oxo-3-(1H-1,2,4-triazol-1-yl)pyridazin-1(6H)-yl)ethyl)urea",0.5,18,-263.143602859669,0.453125,NA,"844260778405098748"
"844260817454069114","C15H13F2N7O2","[M + H]+",2,0.307334174516807,54.2701524232585,3.36383678534119,50.9063156379174,"11","MCSNHWJKNRXSFD","CC(C1=NC=NN1C2=NC=CC=N2)NC(=O)C3=CC(=CN=C3)OC(F)F","5-(difluoromethoxy)-N-[1-(2-pyrimidin-2-yl-1,2,4-triazol-3-yl)ethyl]pyridine-3-carboxamide",1.3,23,-271.006831468874,0.448,NA,"844260778405098748"
"844260817454069114","C15H13F2N7O2","[M + H]+",2,0.307334174516807,54.2701524232585,3.36383678534119,50.9063156379174,"11","RGLWMSKFLHMTMK","C1=CC(=C(N=C1)OC2=C(C=C(C=C2)F)F)CNC(=O)CN3C(=NN=N3)N","2-(5-amino-1H-tetrazol-1-yl)-N-{[2-(2,4-difluorophenoxy)pyridin-3-yl]methyl}acetamide",1.2,28,-274.337051452072,0.42962962962963,NA,"844260778405098748"
"844260817454069114","C15H13F2N7O2","[M + H]+",2,0.307334174516807,54.2701524232585,3.36383678534119,50.9063156379174,"11","OGXZJNBJBKZZGO","CC1=NON=C1CN2C3=C(C(=O)NC(=N3)C(C4=CC=CC=C4)(F)F)NN2","5-[difluoro(phenyl)methyl]-3-[(4-methyl-1,2,5-oxadiazol-3-yl)methyl]-2,6-dihydro-1H-triazolo[4,5-d]pyrimidin-7-one",2.6,58,-296.275129920055,0.425373134328358,NA,"844260778405098748"
"844260817454069114","C15H13F2N7O2","[M + H]+",2,0.307334174516807,54.2701524232585,3.36383678534119,50.9063156379174,"11","OIALPWCJCSMRGK","C1C2(CC1(F)F)CN(C2)C(=O)C3=CN(N=N3)C4=NN5C=CC=C5C(=O)N4","2-[4-(6,6-difluoro-2-azaspiro[3.3]heptane-2-carbonyl)triazol-1-yl]-3H-pyrrolo[2,1-f][1,2,4]triazin-4-one",0.9,67,-302.007994664808,0.440298507462687,NA,"844260778405098748"
"844260817454069114","C15H13F2N7O2","[M + H]+",2,0.307334174516807,54.2701524232585,3.36383678534119,50.9063156379174,"11","ZKLPXXGDZRZHGE","C1CC12CN(CC2(F)F)C3=CC(=NN4C3=NC=N4)C5=CNC(=O)NC5=O","5-[8-(7,7-difluoro-5-azaspiro[2.4]heptan-5-yl)-[1,2,4]triazolo[1,5-b]pyridazin-6-yl]-1H-pyrimidine-2,4-dione",0.3,171,-345.147761921494,0.390728476821192,NA,"844260778405098748"
"844260817454069114","C15H13F2N7O2","[M + H]+",2,0.307334174516807,54.2701524232585,3.36383678534119,50.9063156379174,"11","JMTPBJUZPYHNEA","C1CC12CN(CC2(F)F)C3=CC(=NN4C3=NN=C4)C5=CNC(=O)NC5=O","5-[8-(7,7-difluoro-5-azaspiro[2.4]heptan-5-yl)-[1,2,4]triazolo[4,3-b]pyridazin-6-yl]-1H-pyrimidine-2,4-dione",-0.3,175,-346.266721779035,0.388157894736842,NA,"844260778405098748"
"844260817454069114","C15H13F2N7O2","[M + H]+",2,0.307334174516807,54.2701524232585,3.36383678534119,50.9063156379174,"11","IPONHXGOODDWMS","C1CC12CN(CC2(F)F)C3=CC(=NC4=NC=NN34)C5=CNC(=O)NC5=O","5-[7-(7,7-difluoro-5-azaspiro[2.4]heptan-5-yl)-[1,2,4]triazolo[1,5-a]pyrimidin-5-yl]-1H-pyrimidine-2,4-dione",0.4,208,-359.014601629555,0.384615384615385,NA,"844260778405098748"
"844260817454069114","C15H13F2N7O2","[M + H]+",2,0.307334174516807,54.2701524232585,3.36383678534119,50.9063156379174,"11","XCRZLFRHRAYWPB","CN1N=C(N=N1)C(=O)NC2CCC3=C2C=CC(=C3)C4=NOC(=N4)C(F)F","N-[5-[5-(difluoromethyl)-1,2,4-oxadiazol-3-yl]-2,3-dihydro-1H-inden-1-yl]-2-methyltetrazole-5-carboxamide",2.2,284,-411.875892263633,0.312101910828025,NA,"844260778405098748"
"844260817454069115","C11H18F3N3O7","[M + H]+",3,0.0160556983877508,51.3182805776339,1.09941560263694,50.2188649749969,"11",NA,NA,NA,NA,NA,NA,NA,NA,"844260778405098748"
"844260817454069116","C14H17F2N3O6","[M + H]+",4,0.00779500781496095,50.5957002564043,2.56350407732067,48.0321961790836,"11","WXVJJJQBBQNPFF","CC(C)(C)OC(=O)NC(CNC1=CC(=C(C=C1[N+](=O)[O-])F)F)C(=O)O","3-(4,5-Difluoro-2-nitroanilino)-2-[(2-methylpropan-2-yl)oxycarbonylamino]propanoic acid",2.8,202,-354.703640094358,0.238888888888889,NA,"844260778405098748"
"844260817454069116","C14H17F2N3O6","[M + H]+",4,0.00779500781496095,50.5957002564043,2.56350407732067,48.0321961790836,"11","DCCUFNSJKULQNP","CC(C)(C)OC(=O)NC(CNC1=CC(=C(C=C1F)[N+](=O)[O-])F)C(=O)O","(2S)-3-(2,5-difluoro-4-nitroanilino)-2-[(2-methylpropan-2-yl)oxycarbonylamino]propanoic acid",2.8,209,-359.138713805639,0.224719101123595,NA,"844260778405098748"
"844260817454069116","C14H17F2N3O6","[M + H]+",4,0.00779500781496095,50.5957002564043,2.56350407732067,48.0321961790836,"11","NYNAAGTVQZRHQO","CCCCOC(=O)OCC1=C(C(C(O1)N2C=CC(=NC2=O)N)(F)F)O","[(2R)-2-(4-amino-2-oxopyrimidin-1-yl)-3,3-difluoro-4-hydroxy-2H-furan-5-yl]methyl butyl carbonate",0.5,244,-378.530444640089,0.25,NA,"844260778405098748"
"844260817454069116","C14H17F2N3O6","[M + H]+",4,0.00779500781496095,50.5957002564043,2.56350407732067,48.0321961790836,"11","HLPCOTYSWJFYDT","CC(C)(CCC(=O)O)NC(=O)NC1=C(C=CC(=C1)[N+](=O)[O-])OC(F)F","4-[[2-(Difluoromethoxy)-5-nitrophenyl]carbamoylamino]-4-methylpentanoic acid",2.1,292,-416.401253555527,0.256830601092896,NA,"844260778405098748"
"844260817454069116","C14H17F2N3O6","[M + H]+",4,0.00779500781496095,50.5957002564043,2.56350407732067,48.0321961790836,"11","YMYJOCWHWAYWTB","CCNC(=O)C(C)NC(=O)C1=CC(=C(C=C1[N+](=O)[O-])OC(F)F)OC","4-(difluoromethoxy)-N-[1-(ethylamino)-1-oxopropan-2-yl]-5-methoxy-2-nitrobenzamide",2,316,-463.506928805005,0.243781094527363,NA,"844260778405098748"
"844260817454069116","C14H17F2N3O6","[M + H]+",4,0.00779500781496095,50.5957002564043,2.56350407732067,48.0321961790836,"11","YNLFTOUVPKSGBP","CCCNC(=O)CNC(=O)C1=CC(=C(C=C1[N+](=O)[O-])OC(F)F)OC","4-(difluoromethoxy)-5-methoxy-2-nitro-N-[2-oxo-2-(propylamino)ethyl]benzamide",2.2,319,-465.809843379887,0.252525252525253,NA,"844260778405098748"
"844260817454069116","C14H17F2N3O6","[M + H]+",4,0.00779500781496095,50.5957002564043,2.56350407732067,48.0321961790836,"11","SAPQPOWNBCHXIV","CCNC(=O)CN(C)C(=O)C1=CC(=C(C=C1[N+](=O)[O-])OC(F)F)OC","4-(difluoromethoxy)-N-[2-(ethylamino)-2-oxoethyl]-5-methoxy-N-methyl-2-nitrobenzamide",1.8,321,-471.139226035829,0.256410256410256,NA,"844260778405098748"
"844260817454069116","C14H17F2N3O6","[M + H]+",4,0.00779500781496095,50.5957002564043,2.56350407732067,48.0321961790836,"11","DPZIFPKPVOPRBQ","CC(C1C(C(C(O1)N2C=CC(=NC2=O)N)(F)F)OC(=O)C)OC(=O)C","[(2R,3R,5R)-2-[(1S)-1-acetyloxyethyl]-5-(4-amino-2-oxopyrimidin-1-yl)-4,4-difluorooxolan-3-yl] acetate",-0.3,331,-492.169556095623,0.213592233009709,NA,"844260778405098748"
"844260817454069116","C14H17F2N3O6","[M + H]+",4,0.00779500781496095,50.5957002564043,2.56350407732067,48.0321961790836,"11","OZGOYTYDOKZRNL","COC1=C(C=C(C(=C1)C(=O)NCC2CNCC2O)[N+](=O)[O-])OC(F)F","4-(difluoromethoxy)-N-[(4-hydroxypyrrolidin-3-yl)methyl]-5-methoxy-2-nitrobenzamide",1.5,334,-501.628588425985,0.254807692307692,NA,"844260778405098748"
"844260817454069116","C14H17F2N3O6","[M + H]+",4,0.00779500781496095,50.5957002564043,2.56350407732067,48.0321961790836,"11","HSDNLXGJTHTADB","C1=CN(C(=O)N=C1N)C2C(C(C(O2)COC(=O)CCCC=O)O)(F)F","[(2R,3R,5R)-5-(4-amino-2-oxopyrimidin-1-yl)-4,4-difluoro-3-hydroxyoxolan-2-yl]methyl 5-oxopentanoate",-1.6,339,-550.788612291878,0.207207207207207,NA,"844260778405098748"
"844260817454069116","C14H17F2N3O6","[M + H]+",4,0.00779500781496095,50.5957002564043,2.56350407732067,48.0321961790836,"11","QBYZHSLKSKNBMT","C1=CN(C(=O)N=C1N)C2C(C(C(O2)CC(=O)CCCC(=O)O)O)(F)F","6-[(2R,5R)-5-(4-amino-2-oxopyrimidin-1-yl)-4,4-difluoro-3-hydroxyoxolan-2-yl]-5-oxohexanoic acid",-1.8,344,-571.942187615036,0.19047619047619,NA,"844260778405098748"
"844260817454069116","C14H17F2N3O6","[M + H]+",4,0.00779500781496095,50.5957002564043,2.56350407732067,48.0321961790836,"11","COQIKROFTRQKPD","C1=CC(=CC=C1COC(=O)NC(CCCN)(C(F)F)C(=O)O)[N+](=O)[O-]","5-Amino-2-(difluoromethyl)-2-[(4-nitrophenyl)methoxycarbonylamino]pentanoic acid",-0.9,346,-602.033507046621,0.170616113744076,NA,"844260778405098748"
"844260817454069116","C14H17F2N3O6","[M + H]+",4,0.00779500781496095,50.5957002564043,2.56350407732067,48.0321961790836,"11","JTBRAGZZOUJIOM","C1=CC(=CC=C1COC(=O)NCCCC(C(F)F)(C(=O)O)N)[N+](=O)[O-]","2-Amino-2-(difluoromethyl)-5-[(4-nitrophenyl)methoxycarbonylamino]pentanoic acid",-0.9,347,-610.589544586225,0.172897196261682,NA,"844260778405098748"
"844260817454069116","C14H17F2N3O6","[M + H]+",4,0.00779500781496095,50.5957002564043,2.56350407732067,48.0321961790836,"11","JQDFOYOLKOJNIP","C1CN(CCC1(F)F)C(=O)C2C(C(C(O2)N3C=CC(=O)NC3=O)O)O","1-[(2R,3R,4S,5S)-5-(4,4-difluoropiperidine-1-carbonyl)-3,4-dihydroxyoxolan-2-yl]pyrimidine-2,4-dione",-1,348,-636.084858340737,0.173387096774194,NA,"844260778405098748"
"844260817454069117","C9H15N9O7","[M + H]+",5,0.00552051328355794,50.2506875934522,0.180527163371334,50.0701604300808,"11",NA,NA,NA,NA,NA,NA,NA,NA,"844260778405098748"
"844260817454069118","C13H18F2N5O3P","[M + H]+",6,0.00366307048684325,49.8405184778733,2.47685988566466,47.3636585922086,"11",NA,NA,NA,NA,NA,NA,NA,NA,"844260778405098748"
"844260817454069119","C11H17N6O8","[M + H]+",7,0.000534004160152265,47.9148651018293,1.83300241552618,46.0818626863031,"11",NA,NA,NA,NA,NA,NA,NA,NA,"844260778405098748"
"844260817454069120","C17H16FN3O5","[M + H]+",8,0.000187603615939047,46.8687927834669,2.26879116745426,44.6000016160127,"11","STWSEMQJSXTUDI","CCC(=O)NC1=CC(=CC=C1)NC(=O)COC2=CC(=C(C=C2)[N+](=O)[O-])F","N-[3-[[2-(3-fluoro-4-nitrophenoxy)acetyl]amino]phenyl]propanamide",2.4,2,-222.528977471146,0.425373134328358,Inf,"844260778405098748"
"844260817454069120","C17H16FN3O5","[M + H]+",8,0.000187603615939047,46.8687927834669,2.26879116745426,44.6000016160127,"11","IDPRSJFPZKEETI","COC1=CC(=C(C=C1)NC2=C(OC3=C2C=NC=C3)C(=O)NOCCO)F","3-(2-fluoro-4-methoxyanilino)-N-(2-hydroxyethoxy)furo[3,2-c]pyridine-2-carboxamide",2.4,4,-235.198515973745,0.437086092715232,NA,"844260778405098748"
"844260817454069120","C17H16FN3O5","[M + H]+",8,0.000187603615939047,46.8687927834669,2.26879116745426,44.6000016160127,"11","KJKMUGRYRXKUFY","C1COCCC1OC2=NC=C(C=C2)C(=O)NC3=CC(=C(C=C3)F)[N+](=O)[O-]","N-(4-fluoro-3-nitrophenyl)-6-((tetrahydro-2H-pyran-4-yl)oxy)nicotinamide",2.3,5,-239.536902155827,0.422818791946309,NA,"844260778405098748"
"844260817454069120","C17H16FN3O5","[M + H]+",8,0.000187603615939047,46.8687927834669,2.26879116745426,44.6000016160127,"11","CYMSZXYMQOWREV","C1=CC(=C(C=C1CO)F)NC2=C(OC3=C2C=NC=C3)C(=O)NOCCO","3-[2-fluoro-4-(hydroxymethyl)anilino]-N-(2-hydroxyethoxy)furo[3,2-c]pyridine-2-carboxamide",1.5,6,-244.452720812247,0.406666666666667,NA,"844260778405098748"
"844260817454069120","C17H16FN3O5","[M + H]+",8,0.000187603615939047,46.8687927834669,2.26879116745426,44.6000016160127,"11","YYDXSBMWJAJTEX","COC1=C(C=CC(=C1)[N+](=O)[O-])NC(=O)CCC(=O)NC2=CC=C(C=C2)F","N-(4-fluorophenyl)-N'-(2-methoxy-4-nitrophenyl)butanediamide",1.7,10,-254.731706350047,0.416058394160584,NA,"844260778405098748"
"844260817454069120","C17H16FN3O5","[M + H]+",8,0.000187603615939047,46.8687927834669,2.26879116745426,44.6000016160127,"11","SUCGWEYWAUUJAC","CCOC(=O)C(C=O)NC1=CC(=C(C=C1)OC2=CC(=NC=C2)C(=O)N)F","Ethyl 2-[4-(2-carbamoylpyridin-4-yl)oxy-3-fluoroanilino]-3-oxopropanoate",1.7,11,-254.843269271897,0.412162162162162,NA,"844260778405098748"
"844260817454069120","C17H16FN3O5","[M + H]+",8,0.000187603615939047,46.8687927834669,2.26879116745426,44.6000016160127,"11","HACWGNUSUGMICQ","CC(=O)C1=CN(C(=C1)C(=O)OCC(=O)NC(=O)NC2=CC=CC=C2F)C","[2-[(2-Fluorophenyl)carbamoylamino]-2-oxoethyl] 4-acetyl-1-methylpyrrole-2-carboxylate",1.7,14,-258.712846900539,0.350993377483444,NA,"844260778405098748"
"844260817454069120","C17H16FN3O5","[M + H]+",8,0.000187603615939047,46.8687927834669,2.26879116745426,44.6000016160127,"11","RWJCJODFLMNQCL","CC(=O)C1=CNC(=C1)C(=O)OCC(=O)NCC(=O)NC2=CC=C(C=C2)F","[2-[[2-(4-fluoroanilino)-2-oxoethyl]amino]-2-oxoethyl] 4-acetyl-1H-pyrrole-2-carboxylate",0.9,15,-259.234518759369,0.371794871794872,NA,"844260778405098748"
"844260817454069120","C17H16FN3O5","[M + H]+",8,0.000187603615939047,46.8687927834669,2.26879116745426,44.6000016160127,"11","OTDXSKXENBNYTJ","CC1=C(C=CC=C1[N+](=O)[O-])NC(=O)CNC2=C(C=CC(=C2)C(=O)OC)F","Methyl 4-fluoro-3-[[2-(2-methyl-3-nitroanilino)-2-oxoethyl]amino]benzoate",3,16,-262.21772911196,0.344594594594595,NA,"844260778405098748"
"844260817454069120","C17H16FN3O5","[M + H]+",8,0.000187603615939047,46.8687927834669,2.26879116745426,44.6000016160127,"11","NWYRMQWBJUAJRT","CC(C(=O)NC1=CC=C(C=C1)NC(=O)C)OC2=C(C=CC(=C2)F)[N+](=O)[O-]","(2S)-N-(4-acetamidophenyl)-2-(5-fluoro-2-nitrophenoxy)propanamide",2.3,17,-262.546638481575,0.389705882352941,NA,"844260778405098748"
"844260817454069120","C17H16FN3O5","[M + H]+",8,0.000187603615939047,46.8687927834669,2.26879116745426,44.6000016160127,"11","JGLRTSNBLSNEIT","CN(CC(=O)NC1=CC=C(C=C1)F)C(=O)COC2=CC=CC(=C2)[N+](=O)[O-]","N-(4-fluorophenyl)-2-[methyl-[2-(3-nitrophenoxy)acetyl]amino]acetamide",2.3,19,-266.379934923826,0.378205128205128,NA,"844260778405098748"
"844260817454069120","C17H16FN3O5","[M + H]+",8,0.000187603615939047,46.8687927834669,2.26879116745426,44.6000016160127,"11","FOTIUVWEGYZSLK","C1COCCN1C2=C(C=C(C=C2)NC(=O)OC3=CC=C(C=C3)[N+](=O)[O-])F","4-Nitrophenyl (3-fluoro-4-morpholinophenyl)carbamate",2.7,20,-269.555069458098,0.375838926174497,NA,"844260778405098748"
"844260817454069120","C17H16FN3O5","[M + H]+",8,0.000187603615939047,46.8687927834669,2.26879116745426,44.6000016160127,"11","PWIQQGGREWSQNJ","C=C(C1=CC(=CC(=C1)[N+](=O)[O-])[N+](=O)[O-])NCCOCC2=CC=C(C=C2)F","1-(3,5-dinitrophenyl)-N-[2-[(4-fluorophenyl)methoxy]ethyl]ethenamine",3.6,21,-269.671551436752,0.304347826086957,NA,"844260778405098748"
"844260817454069120","C17H16FN3O5","[M + H]+",8,0.000187603615939047,46.8687927834669,2.26879116745426,44.6000016160127,"11","NQNPCYSRFRDWLH","CC1=C(C=C(C=C1)F)NC(=O)COC(=O)C2=C(C=CC(=C2)[N+](=O)[O-])NC","[2-(5-Fluoro-2-methylanilino)-2-oxoethyl] 2-(methylamino)-5-nitrobenzoate",3.5,22,-271.003874053196,0.36734693877551,NA,"844260778405098748"
"844260817454069120","C17H16FN3O5","[M + H]+",8,0.000187603615939047,46.8687927834669,2.26879116745426,44.6000016160127,"11","LUPJLWJSVYKKJK","CC(=O)NNC(=O)C1=CN(C=C(C1=O)C(=O)OC)CC2=CC=C(C=C2)F","Methyl 5-(acetamidocarbamoyl)-1-[(4-fluorophenyl)methyl]-4-oxopyridine-3-carboxylate",1.5,24,-271.460841356343,0.356164383561644,NA,"844260778405098748"
"844260817454069121","C12H22F2NO7P","[M + H]+",9,8.47746685971672e-05,46.0744582511515,1.74292990446385,44.3315283466876,"11",NA,NA,NA,NA,NA,NA,NA,NA,"844260778405098748"
"844260817454069122","C18H20NO5P","[M + H]+",10,1.40825899073071e-05,44.2794007484471,2.67997109924863,41.5994296491985,"11",NA,NA,NA,NA,NA,NA,NA,NA,"844260778405098748"
"844260811795952997","C15H13F2N7O2","[M + H]+",1,0.989156355193136,73.1864462055651,3.26574270672649,69.9207034988387,"12","FOZXIPLAGUNHIE","CN1C(=C(C=N1)C2=NC(=NC=C2F)OC)C(=O)NC3=CC(=NC=C3F)N","N-(2-amino-5-fluoropyridin-4-yl)-4-(5-fluoro-2-methoxypyrimidin-4-yl)-2-methylpyrazole-3-carboxamide",0.4,1,-194.815229967838,0.531531531531532,0,"844260778409293053"
"844260811795952997","C15H13F2N7O2","[M + H]+",1,0.989156355193136,73.1864462055651,3.26574270672649,69.9207034988387,"12","MCSNHWJKNRXSFD","CC(C1=NC=NN1C2=NC=CC=N2)NC(=O)C3=CC(=CN=C3)OC(F)F","5-(difluoromethoxy)-N-[1-(2-pyrimidin-2-yl-1,2,4-triazol-3-yl)ethyl]pyridine-3-carboxamide",1.3,3,-234.0921542068,0.430894308943089,NA,"844260778409293053"
"844260811795952997","C15H13F2N7O2","[M + H]+",1,0.989156355193136,73.1864462055651,3.26574270672649,69.9207034988387,"12","JINYNPTZFYTAAE","CNC1=CC2=NC3=C(C=NN13)C(=O)NCCOC4=C(C=C(C(=N4)N2)F)F",NA,1.3,4,-238.422303934058,0.425373134328358,NA,"844260778409293053"
"844260811795952997","C15H13F2N7O2","[M + H]+",1,0.989156355193136,73.1864462055651,3.26574270672649,69.9207034988387,"12","JOXSMAKUPLSCFK","CNC1=CC2=NC3=C(C=NN13)C(=O)NCCOC4=C(C(=CC(=N4)N2)F)F",NA,1.3,5,-238.715717125685,0.428571428571429,NA,"844260778409293053"
"844260811795952997","C15H13F2N7O2","[M + H]+",1,0.989156355193136,73.1864462055651,3.26574270672649,69.9207034988387,"12","DOKYXQUHEBRWHL","CNC1=CC2=NC3=C(C=NN13)C(=O)NCCOC4=NC(=C(C(=C4)F)F)N2",NA,1.3,6,-239.141703301851,0.425373134328358,NA,"844260778409293053"
"844260811795952997","C15H13F2N7O2","[M + H]+",1,0.989156355193136,73.1864462055651,3.26574270672649,69.9207034988387,"12","PIKDWSFQRYHGPE","C1=CC(=C(C=C1F)F)NC(=O)NCCN2C(=O)C=CC(=N2)N3C=NC=N3","1-(2,4-difluorophenyl)-3-(2-(6-oxo-3-(1H-1,2,4-triazol-1-yl)pyridazin-1(6H)-yl)ethyl)urea",0.5,7,-243.046672589039,0.417322834645669,NA,"844260778409293053"
"844260811795952997","C15H13F2N7O2","[M + H]+",1,0.989156355193136,73.1864462055651,3.26574270672649,69.9207034988387,"12","KMTLMRMWJDBVTB","C1=CC(=C(C=C1F)NC(=O)NCCN2C(=O)C=CC(=N2)N3C=NC=N3)F","1-(2,5-difluorophenyl)-3-(2-(6-oxo-3-(1H-1,2,4-triazol-1-yl)pyridazin-1(6H)-yl)ethyl)urea",0.5,8,-244.406924309309,0.42741935483871,NA,"844260778409293053"
"844260811795952997","C15H13F2N7O2","[M + H]+",1,0.989156355193136,73.1864462055651,3.26574270672649,69.9207034988387,"12","PQAMDKDZSSHTAQ","C1=CC(=C(C=C1NC(=O)NCCN2C(=O)C=CC(=N2)N3C=NC=N3)F)F","1-(3,4-difluorophenyl)-3-(2-(6-oxo-3-(1H-1,2,4-triazol-1-yl)pyridazin-1(6H)-yl)ethyl)urea",0.5,10,-250.333536478622,0.403100775193798,NA,"844260778409293053"
"844260811795952997","C15H13F2N7O2","[M + H]+",1,0.989156355193136,73.1864462055651,3.26574270672649,69.9207034988387,"12","RGLWMSKFLHMTMK","C1=CC(=C(N=C1)OC2=C(C=C(C=C2)F)F)CNC(=O)CN3C(=NN=N3)N","2-(5-amino-1H-tetrazol-1-yl)-N-{[2-(2,4-difluorophenoxy)pyridin-3-yl]methyl}acetamide",1.2,16,-267.628226747063,0.424242424242424,NA,"844260778409293053"
"844260811795952997","C15H13F2N7O2","[M + H]+",1,0.989156355193136,73.1864462055651,3.26574270672649,69.9207034988387,"12","OGXZJNBJBKZZGO","CC1=NON=C1CN2C3=C(C(=O)NC(=N3)C(C4=CC=CC=C4)(F)F)NN2","5-[difluoro(phenyl)methyl]-3-[(4-methyl-1,2,5-oxadiazol-3-yl)methyl]-2,6-dihydro-1H-triazolo[4,5-d]pyrimidin-7-one",2.6,19,-273.185972199769,0.398496240601504,NA,"844260778409293053"
"844260811795952997","C15H13F2N7O2","[M + H]+",1,0.989156355193136,73.1864462055651,3.26574270672649,69.9207034988387,"12","OIALPWCJCSMRGK","C1C2(CC1(F)F)CN(C2)C(=O)C3=CN(N=N3)C4=NN5C=CC=C5C(=O)N4","2-[4-(6,6-difluoro-2-azaspiro[3.3]heptane-2-carbonyl)triazol-1-yl]-3H-pyrrolo[2,1-f][1,2,4]triazin-4-one",0.9,29,-288.209651549787,0.402985074626866,NA,"844260778409293053"
"844260811795952997","C15H13F2N7O2","[M + H]+",1,0.989156355193136,73.1864462055651,3.26574270672649,69.9207034988387,"12","ZKLPXXGDZRZHGE","C1CC12CN(CC2(F)F)C3=CC(=NN4C3=NC=N4)C5=CNC(=O)NC5=O","5-[8-(7,7-difluoro-5-azaspiro[2.4]heptan-5-yl)-[1,2,4]triazolo[1,5-b]pyridazin-6-yl]-1H-pyrimidine-2,4-dione",0.3,83,-331.737594692525,0.366666666666667,NA,"844260778409293053"
"844260811795952997","C15H13F2N7O2","[M + H]+",1,0.989156355193136,73.1864462055651,3.26574270672649,69.9207034988387,"12","JMTPBJUZPYHNEA","C1CC12CN(CC2(F)F)C3=CC(=NN4C3=NN=C4)C5=CNC(=O)NC5=O","5-[8-(7,7-difluoro-5-azaspiro[2.4]heptan-5-yl)-[1,2,4]triazolo[4,3-b]pyridazin-6-yl]-1H-pyrimidine-2,4-dione",-0.3,87,-333.335636093686,0.364238410596026,NA,"844260778409293053"
"844260811795952997","C15H13F2N7O2","[M + H]+",1,0.989156355193136,73.1864462055651,3.26574270672649,69.9207034988387,"12","IPONHXGOODDWMS","C1CC12CN(CC2(F)F)C3=CC(=NC4=NC=NN34)C5=CNC(=O)NC5=O","5-[7-(7,7-difluoro-5-azaspiro[2.4]heptan-5-yl)-[1,2,4]triazolo[1,5-a]pyrimidin-5-yl]-1H-pyrimidine-2,4-dione",0.4,117,-348.212891800678,0.335443037974684,NA,"844260778409293053"
"844260811795952997","C15H13F2N7O2","[M + H]+",1,0.989156355193136,73.1864462055651,3.26574270672649,69.9207034988387,"12","XCRZLFRHRAYWPB","CN1N=C(N=N1)C(=O)NC2CCC3=C2C=CC(=C3)C4=NOC(=N4)C(F)F","N-[5-[5-(difluoromethyl)-1,2,4-oxadiazol-3-yl]-2,3-dihydro-1H-inden-1-yl]-2-methyltetrazole-5-carboxamide",2.2,235,-398.121110167792,0.305194805194805,NA,"844260778409293053"
"844260811795952998","C12H14F3N7O3","[M + H]+",2,0.00860075306241915,68.4414435570318,2.1480927322905,66.2933508247413,"12","CFYZNRWKQYLEBN","CN1C(=C(C(=N1)N2CC(C2)(C3=NC=NN3C)OC)[N+](=O)[O-])C(F)(F)F","5-[3-Methoxy-1-[1-methyl-4-nitro-5-(trifluoromethyl)pyrazol-3-yl]azetidin-3-yl]-1-methyl-1,2,4-triazole",0.5,11,-252.205257758533,0.403361344537815,NA,"844260778409293053"
"844260811795952998","C12H14F3N7O3","[M + H]+",2,0.00860075306241915,68.4414435570318,2.1480927322905,66.2933508247413,"12","WSXZVUWPGPFFRD","CC1=NC(=NN1C2=NNC(=N2)C(F)(F)F)C(=O)NCC(C)(C)C(=O)O","2,2-dimethyl-3-[[5-methyl-1-[5-(trifluoromethyl)-1H-1,2,4-triazol-3-yl]-1,2,4-triazole-3-carbonyl]amino]propanoic acid",1.4,28,-285.369675447235,0.330882352941176,NA,"844260778409293053"
"844260811795952998","C12H14F3N7O3","[M + H]+",2,0.00860075306241915,68.4414435570318,2.1480927322905,66.2933508247413,"12","WXKDRRFOSNTCKL","CC1=NC(=NN1C2=NNC(=N2)C(F)(F)F)C(=O)N(CC(=O)O)C(C)C","2-[[5-methyl-1-[5-(trifluoromethyl)-1H-1,2,4-triazol-3-yl]-1,2,4-triazole-3-carbonyl]-propan-2-ylamino]acetic acid",1.6,31,-289.017997390838,0.304964539007092,NA,"844260778409293053"
"844260811795952998","C12H14F3N7O3","[M + H]+",2,0.00860075306241915,68.4414435570318,2.1480927322905,66.2933508247413,"12","PHSLFFNBMPDTLL","CC1=NC(=NN1C2=NNC(=N2)C(F)(F)F)C(=O)N(C)C(C)(C)C(=O)O","2-methyl-2-[methyl-[5-methyl-1-[5-(trifluoromethyl)-1H-1,2,4-triazol-3-yl]-1,2,4-triazole-3-carbonyl]amino]propanoic acid",1.4,35,-292.276349855209,0.291970802919708,NA,"844260778409293053"
"844260811795952998","C12H14F3N7O3","[M + H]+",2,0.00860075306241915,68.4414435570318,2.1480927322905,66.2933508247413,"12","FWQFKNAIHMGGGE","CCCN(CC(=O)O)C(=O)C1=NN(C(=N1)C)C2=NNC(=N2)C(F)(F)F","2-[[5-methyl-1-[5-(trifluoromethyl)-1H-1,2,4-triazol-3-yl]-1,2,4-triazole-3-carbonyl]-propylamino]acetic acid",1.7,43,-298.753498608265,0.302013422818792,NA,"844260778409293053"
"844260811795952998","C12H14F3N7O3","[M + H]+",2,0.00860075306241915,68.4414435570318,2.1480927322905,66.2933508247413,"12","RIVMOGGKOUBILA","C1=C(C(=O)NC(=O)N1CC(F)(F)F)CNC(=O)CCCC2=NNN=N2","N-[[2,4-dioxo-1-(2,2,2-trifluoroethyl)pyrimidin-5-yl]methyl]-4-(2H-tetrazol-5-yl)butanamide",-0.2,53,-307.796081782972,0.347517730496454,NA,"844260778409293053"
"844260811795952998","C12H14F3N7O3","[M + H]+",2,0.00860075306241915,68.4414435570318,2.1480927322905,66.2933508247413,"12","KDGIFBZCSXNMKY","CC1=NC(=NN1C2=NNC(=N2)C(F)(F)F)C(=O)NCC(C)CC(=O)O","3-methyl-4-[[5-methyl-1-[5-(trifluoromethyl)-1H-1,2,4-triazol-3-yl]-1,2,4-triazole-3-carbonyl]amino]butanoic acid",1.3,64,-315.902811958445,0.328671328671329,NA,"844260778409293053"
"844260811795952998","C12H14F3N7O3","[M + H]+",2,0.00860075306241915,68.4414435570318,2.1480927322905,66.2933508247413,"12","WLFUMOWTTXBNHH","CCC(C)(C(=O)O)NC(=O)C1=NN(C(=N1)C)C2=NNC(=N2)C(F)(F)F","2-methyl-2-[[5-methyl-1-[5-(trifluoromethyl)-1H-1,2,4-triazol-3-yl]-1,2,4-triazole-3-carbonyl]amino]butanoic acid",1.7,73,-323.200054850483,0.287671232876712,NA,"844260778409293053"
"844260811795952998","C12H14F3N7O3","[M + H]+",2,0.00860075306241915,68.4414435570318,2.1480927322905,66.2933508247413,"12","HTBCVVYYGFODDC","CC1=NC(=NN1C2=NNC(=N2)C(F)(F)F)C(=O)NC(C(C)C)C(=O)O","3-methyl-2-[[5-methyl-1-[5-(trifluoromethyl)-1H-1,2,4-triazol-3-yl]-1,2,4-triazole-3-carbonyl]amino]butanoic acid",2,118,-348.651463333979,0.272727272727273,NA,"844260778409293053"
"844260811795952998","C12H14F3N7O3","[M + H]+",2,0.00860075306241915,68.4414435570318,2.1480927322905,66.2933508247413,"12","IGPSHAHSHFVEGF","CC1=NC(=NN1C2=NNC(=N2)C(F)(F)F)C(=O)NCCCCC(=O)O","5-[[5-methyl-1-[5-(trifluoromethyl)-1H-1,2,4-triazol-3-yl]-1,2,4-triazole-3-carbonyl]amino]pentanoic acid",1.2,209,-384.659129331722,0.296296296296296,NA,"844260778409293053"
"844260811795952998","C12H14F3N7O3","[M + H]+",2,0.00860075306241915,68.4414435570318,2.1480927322905,66.2933508247413,"12","KGFWOLWQESAWQX","CC1=NC(=NN1C2=NNC(=N2)C(F)(F)F)C(=O)NC(C)CCC(=O)O","4-[[5-methyl-1-[5-(trifluoromethyl)-1H-1,2,4-triazol-3-yl]-1,2,4-triazole-3-carbonyl]amino]pentanoic acid",1.3,240,-401.957258696603,0.286624203821656,NA,"844260778409293053"
"844260811795952998","C12H14F3N7O3","[M + H]+",2,0.00860075306241915,68.4414435570318,2.1480927322905,66.2933508247413,"12","YQALYJYBDXGRTD","CCCC(C(=O)O)NC(=O)C1=NN(C(=N1)C)C2=NNC(=N2)C(F)(F)F","2-[[5-methyl-1-[5-(trifluoromethyl)-1H-1,2,4-triazol-3-yl]-1,2,4-triazole-3-carbonyl]amino]pentanoic acid",1.9,304,-453.965239956556,0.237569060773481,NA,"844260778409293053"
"844260811795952999","C11H18F3N3O7","[M + H]+",3,0.000744145578906496,65.9940751994916,0.525029553697671,65.4690456457939,"12",NA,NA,NA,NA,NA,NA,NA,NA,"844260778409293053"
"844260811795953000","C9H15N9O7","[M + H]+",4,0.000714118198838396,65.9528870064564,0,65.9528870064564,"12",NA,NA,NA,NA,NA,NA,NA,NA,"844260778409293053"
"844260811795953001","C14H17F2N3O6","[M + H]+",5,0.000698297198528373,65.9304833112248,2.22941259484854,63.7010707163762,"12","WXVJJJQBBQNPFF","CC(C)(C)OC(=O)NC(CNC1=CC(=C(C=C1[N+](=O)[O-])F)F)C(=O)O","3-(4,5-Difluoro-2-nitroanilino)-2-[(2-methylpropan-2-yl)oxycarbonylamino]propanoic acid",2.8,147,-357.627119907151,0.227777777777778,NA,"844260778409293053"
"844260811795953001","C14H17F2N3O6","[M + H]+",5,0.000698297198528373,65.9304833112248,2.22941259484854,63.7010707163762,"12","DCCUFNSJKULQNP","CC(C)(C)OC(=O)NC(CNC1=CC(=C(C=C1F)[N+](=O)[O-])F)C(=O)O","(2S)-3-(2,5-difluoro-4-nitroanilino)-2-[(2-methylpropan-2-yl)oxycarbonylamino]propanoic acid",2.8,153,-360.178984329719,0.220338983050847,NA,"844260778409293053"
"844260811795953001","C14H17F2N3O6","[M + H]+",5,0.000698297198528373,65.9304833112248,2.22941259484854,63.7010707163762,"12","NYNAAGTVQZRHQO","CCCCOC(=O)OCC1=C(C(C(O1)N2C=CC(=NC2=O)N)(F)F)O","[(2R)-2-(4-amino-2-oxopyrimidin-1-yl)-3,3-difluoro-4-hydroxy-2H-furan-5-yl]methyl butyl carbonate",0.5,252,-410.362806058314,0.238636363636364,NA,"844260778409293053"
"844260811795953001","C14H17F2N3O6","[M + H]+",5,0.000698297198528373,65.9304833112248,2.22941259484854,63.7010707163762,"12","HLPCOTYSWJFYDT","CC(C)(CCC(=O)O)NC(=O)NC1=C(C=CC(=C1)[N+](=O)[O-])OC(F)F","4-[[2-(Difluoromethoxy)-5-nitrophenyl]carbamoylamino]-4-methylpentanoic acid",2.1,274,-426.49157734643,0.259668508287293,NA,"844260778409293053"
"844260811795953001","C14H17F2N3O6","[M + H]+",5,0.000698297198528373,65.9304833112248,2.22941259484854,63.7010707163762,"12","YNLFTOUVPKSGBP","CCCNC(=O)CNC(=O)C1=CC(=C(C=C1[N+](=O)[O-])OC(F)F)OC","4-(difluoromethoxy)-5-methoxy-2-nitro-N-[2-oxo-2-(propylamino)ethyl]benzamide",2.2,288,-436.737147164358,0.274611398963731,NA,"844260778409293053"
"844260811795953001","C14H17F2N3O6","[M + H]+",5,0.000698297198528373,65.9304833112248,2.22941259484854,63.7010707163762,"12","YMYJOCWHWAYWTB","CCNC(=O)C(C)NC(=O)C1=CC(=C(C=C1[N+](=O)[O-])OC(F)F)OC","4-(difluoromethoxy)-N-[1-(ethylamino)-1-oxopropan-2-yl]-5-methoxy-2-nitrobenzamide",2,300,-450.556806643322,0.26530612244898,NA,"844260778409293053"
"844260811795953001","C14H17F2N3O6","[M + H]+",5,0.000698297198528373,65.9304833112248,2.22941259484854,63.7010707163762,"12","SAPQPOWNBCHXIV","CCNC(=O)CN(C)C(=O)C1=CC(=C(C=C1[N+](=O)[O-])OC(F)F)OC","4-(difluoromethoxy)-N-[2-(ethylamino)-2-oxoethyl]-5-methoxy-N-methyl-2-nitrobenzamide",1.8,301,-450.576536948308,0.278947368421053,NA,"844260778409293053"
"844260811795953001","C14H17F2N3O6","[M + H]+",5,0.000698297198528373,65.9304833112248,2.22941259484854,63.7010707163762,"12","OZGOYTYDOKZRNL","COC1=C(C=C(C(=C1)C(=O)NCC2CNCC2O)[N+](=O)[O-])OC(F)F","4-(difluoromethoxy)-N-[(4-hydroxypyrrolidin-3-yl)methyl]-5-methoxy-2-nitrobenzamide",1.5,320,-490.890499397233,0.257281553398058,NA,"844260778409293053"
"844260811795953001","C14H17F2N3O6","[M + H]+",5,0.000698297198528373,65.9304833112248,2.22941259484854,63.7010707163762,"12","DPZIFPKPVOPRBQ","CC(C1C(C(C(O1)N2C=CC(=NC2=O)N)(F)F)OC(=O)C)OC(=O)C","[(2R,3R,5R)-2-[(1S)-1-acetyloxyethyl]-5-(4-amino-2-oxopyrimidin-1-yl)-4,4-difluorooxolan-3-yl] acetate",-0.3,336,-526.765975684014,0.209756097560976,NA,"844260778409293053"
"844260811795953001","C14H17F2N3O6","[M + H]+",5,0.000698297198528373,65.9304833112248,2.22941259484854,63.7010707163762,"12","HSDNLXGJTHTADB","C1=CN(C(=O)N=C1N)C2C(C(C(O2)COC(=O)CCCC=O)O)(F)F","[(2R,3R,5R)-5-(4-amino-2-oxopyrimidin-1-yl)-4,4-difluoro-3-hydroxyoxolan-2-yl]methyl 5-oxopentanoate",-1.6,341,-578.412382316386,0.203619909502262,NA,"844260778409293053"
"844260811795953001","C14H17F2N3O6","[M + H]+",5,0.000698297198528373,65.9304833112248,2.22941259484854,63.7010707163762,"12","COQIKROFTRQKPD","C1=CC(=CC=C1COC(=O)NC(CCCN)(C(F)F)C(=O)O)[N+](=O)[O-]","5-Amino-2-(difluoromethyl)-2-[(4-nitrophenyl)methoxycarbonylamino]pentanoic acid",-0.9,343,-589.701572109867,0.177884615384615,NA,"844260778409293053"
"844260811795953001","C14H17F2N3O6","[M + H]+",5,0.000698297198528373,65.9304833112248,2.22941259484854,63.7010707163762,"12","QBYZHSLKSKNBMT","C1=CN(C(=O)N=C1N)C2C(C(C(O2)CC(=O)CCCC(=O)O)O)(F)F","6-[(2R,5R)-5-(4-amino-2-oxopyrimidin-1-yl)-4,4-difluoro-3-hydroxyoxolan-2-yl]-5-oxohexanoic acid",-1.8,344,-595.058129264959,0.18695652173913,NA,"844260778409293053"
"844260811795953001","C14H17F2N3O6","[M + H]+",5,0.000698297198528373,65.9304833112248,2.22941259484854,63.7010707163762,"12","JTBRAGZZOUJIOM","C1=CC(=CC=C1COC(=O)NCCCC(C(F)F)(C(=O)O)N)[N+](=O)[O-]","2-Amino-2-(difluoromethyl)-5-[(4-nitrophenyl)methoxycarbonylamino]pentanoic acid",-0.9,345,-596.362083963831,0.180094786729858,NA,"844260778409293053"
"844260811795953001","C14H17F2N3O6","[M + H]+",5,0.000698297198528373,65.9304833112248,2.22941259484854,63.7010707163762,"12","JQDFOYOLKOJNIP","C1CN(CCC1(F)F)C(=O)C2C(C(C(O2)N3C=CC(=O)NC3=O)O)O","1-[(2R,3R,4S,5S)-5-(4,4-difluoropiperidine-1-carbonyl)-3,4-dihydroxyoxolan-2-yl]pyrimidine-2,4-dione",-1,348,-636.422469610293,0.17479674796748,NA,"844260778409293053"
"844260811795953002","C13H18F2N5O3P","[M + H]+",6,6.14101862239341e-05,63.4994142340321,2.21540975132605,61.2840044827061,"12",NA,NA,NA,NA,NA,NA,NA,NA,"844260778409293053"
"844260811795953003","C17H16FN3O5","[M + H]+",7,1.79480508615112e-05,62.2693200351621,2.20527302719929,60.0640470079628,"12","STWSEMQJSXTUDI","CCC(=O)NC1=CC(=CC=C1)NC(=O)COC2=CC(=C(C=C2)[N+](=O)[O-])F","N-[3-[[2-(3-fluoro-4-nitrophenoxy)acetyl]amino]phenyl]propanamide",2.4,2,-232.497066475657,0.41304347826087,Inf,"844260778409293053"
"844260811795953003","C17H16FN3O5","[M + H]+",7,1.79480508615112e-05,62.2693200351621,2.20527302719929,60.0640470079628,"12","IDPRSJFPZKEETI","COC1=CC(=C(C=C1)NC2=C(OC3=C2C=NC=C3)C(=O)NOCCO)F","3-(2-fluoro-4-methoxyanilino)-N-(2-hydroxyethoxy)furo[3,2-c]pyridine-2-carboxamide",2.4,9,-247.674740035304,0.473333333333333,NA,"844260778409293053"
"844260811795953003","C17H16FN3O5","[M + H]+",7,1.79480508615112e-05,62.2693200351621,2.20527302719929,60.0640470079628,"12","RWJCJODFLMNQCL","CC(=O)C1=CNC(=C1)C(=O)OCC(=O)NCC(=O)NC2=CC=C(C=C2)F","[2-[[2-(4-fluoroanilino)-2-oxoethyl]amino]-2-oxoethyl] 4-acetyl-1H-pyrrole-2-carboxylate",0.9,12,-260.661365959101,0.371069182389937,NA,"844260778409293053"
"844260811795953003","C17H16FN3O5","[M + H]+",7,1.79480508615112e-05,62.2693200351621,2.20527302719929,60.0640470079628,"12","HACWGNUSUGMICQ","CC(=O)C1=CN(C(=C1)C(=O)OCC(=O)NC(=O)NC2=CC=CC=C2F)C","[2-[(2-Fluorophenyl)carbamoylamino]-2-oxoethyl] 4-acetyl-1-methylpyrrole-2-carboxylate",1.7,13,-265.674069581089,0.350649350649351,NA,"844260778409293053"
"844260811795953003","C17H16FN3O5","[M + H]+",7,1.79480508615112e-05,62.2693200351621,2.20527302719929,60.0640470079628,"12","SUCGWEYWAUUJAC","CCOC(=O)C(C=O)NC1=CC(=C(C=C1)OC2=CC(=NC=C2)C(=O)N)F","Ethyl 2-[4-(2-carbamoylpyridin-4-yl)oxy-3-fluoroanilino]-3-oxopropanoate",1.7,14,-266.365385648868,0.392156862745098,NA,"844260778409293053"
"844260811795953003","C17H16FN3O5","[M + H]+",7,1.79480508615112e-05,62.2693200351621,2.20527302719929,60.0640470079628,"12","CYMSZXYMQOWREV","C1=CC(=C(C=C1CO)F)NC2=C(OC3=C2C=NC=C3)C(=O)NOCCO","3-[2-fluoro-4-(hydroxymethyl)anilino]-N-(2-hydroxyethoxy)furo[3,2-c]pyridine-2-carboxamide",1.5,15,-267.234161827707,0.405228758169935,NA,"844260778409293053"
"844260811795953003","C17H16FN3O5","[M + H]+",7,1.79480508615112e-05,62.2693200351621,2.20527302719929,60.0640470079628,"12","KJKMUGRYRXKUFY","C1COCCC1OC2=NC=C(C=C2)C(=O)NC3=CC(=C(C=C3)F)[N+](=O)[O-]","N-(4-fluoro-3-nitrophenyl)-6-((tetrahydro-2H-pyran-4-yl)oxy)nicotinamide",2.3,17,-269.484688148971,0.393548387096774,NA,"844260778409293053"
"844260811795953003","C17H16FN3O5","[M + H]+",7,1.79480508615112e-05,62.2693200351621,2.20527302719929,60.0640470079628,"12","YYDXSBMWJAJTEX","COC1=C(C=CC(=C1)[N+](=O)[O-])NC(=O)CCC(=O)NC2=CC=C(C=C2)F","N-(4-fluorophenyl)-N'-(2-methoxy-4-nitrophenyl)butanediamide",1.7,18,-271.077255139922,0.414285714285714,NA,"844260778409293053"
"844260811795953003","C17H16FN3O5","[M + H]+",7,1.79480508615112e-05,62.2693200351621,2.20527302719929,60.0640470079628,"12","OTDXSKXENBNYTJ","CC1=C(C=CC=C1[N+](=O)[O-])NC(=O)CNC2=C(C=CC(=C2)C(=O)OC)F","Methyl 4-fluoro-3-[[2-(2-methyl-3-nitroanilino)-2-oxoethyl]amino]benzoate",3,20,-275.86884946824,0.344370860927152,NA,"844260778409293053"
"844260811795953003","C17H16FN3O5","[M + H]+",7,1.79480508615112e-05,62.2693200351621,2.20527302719929,60.0640470079628,"12","NWYRMQWBJUAJRT","CC(C(=O)NC1=CC=C(C=C1)NC(=O)C)OC2=C(C=CC(=C2)F)[N+](=O)[O-]","(2S)-N-(4-acetamidophenyl)-2-(5-fluoro-2-nitrophenoxy)propanamide",2.3,21,-276.778263083908,0.378571428571429,NA,"844260778409293053"
"844260811795953003","C17H16FN3O5","[M + H]+",7,1.79480508615112e-05,62.2693200351621,2.20527302719929,60.0640470079628,"12","RRUCFTLNKUTMCR","C1=CC(=O)N(C=C1)CC(=O)OCC(=O)NCC(=O)NC2=CC=C(C=C2)F","[2-[[2-(4-Fluoroanilino)-2-oxoethyl]amino]-2-oxoethyl] 2-(2-oxopyridin-1-yl)acetate",0.7,22,-278.483626893173,0.358024691358025,NA,"844260778409293053"
"844260811795953003","C17H16FN3O5","[M + H]+",7,1.79480508615112e-05,62.2693200351621,2.20527302719929,60.0640470079628,"12","LUPJLWJSVYKKJK","CC(=O)NNC(=O)C1=CN(C=C(C1=O)C(=O)OC)CC2=CC=C(C=C2)F","Methyl 5-(acetamidocarbamoyl)-1-[(4-fluorophenyl)methyl]-4-oxopyridine-3-carboxylate",1.5,23,-278.982765106141,0.355704697986577,NA,"844260778409293053"
"844260811795953003","C17H16FN3O5","[M + H]+",7,1.79480508615112e-05,62.2693200351621,2.20527302719929,60.0640470079628,"12","JGLRTSNBLSNEIT","CN(CC(=O)NC1=CC=C(C=C1)F)C(=O)COC2=CC=CC(=C2)[N+](=O)[O-]","N-(4-fluorophenyl)-2-[methyl-[2-(3-nitrophenoxy)acetyl]amino]acetamide",2.3,24,-279.234065300757,0.360248447204969,NA,"844260778409293053"
"844260811795953003","C17H16FN3O5","[M + H]+",7,1.79480508615112e-05,62.2693200351621,2.20527302719929,60.0640470079628,"12","YYAKRAYCUMACTF","CNC(=O)CC1=CC=CC=C1NC(=O)COC2=CC(=C(C=C2)[N+](=O)[O-])F","2-[2-[[2-(3-fluoro-4-nitrophenoxy)acetyl]amino]phenyl]-N-methylacetamide",1.9,25,-283.116591631888,0.409722222222222,NA,"844260778409293053"
"844260811795953003","C17H16FN3O5","[M + H]+",7,1.79480508615112e-05,62.2693200351621,2.20527302719929,60.0640470079628,"12","FFTAAYCWQDWKEE","CCOC(=O)NC(=O)COC(=O)C1=C(N=CC=C1)NC2=CC=CC=C2F","[2-(Ethoxycarbonylamino)-2-oxoethyl] 2-(2-fluoroanilino)pyridine-3-carboxylate",3.1,26,-283.239637725884,0.354430379746835,NA,"844260778409293053"
"844260811795953004","C12H22F2NO7P","[M + H]+",8,4.67230596840089e-06,60.9234912464196,1.30189498203197,59.6215962643876,"12",NA,NA,NA,NA,NA,NA,NA,NA,"844260778409293053"
"844260811795953005","C15H21FNO6P","[M + H]+",9,1.02712169136407e-06,59.408598929231,2.87072024269153,56.5378786865394,"12",NA,NA,NA,NA,NA,NA,NA,NA,"844260778409293053"
"844260811795953006","C18H20NO5P","[M + H]+",10,4.86378270818525e-07,58.6610698904165,2.68788395527421,55.9731859351423,"12",NA,NA,NA,NA,NA,NA,NA,NA,"844260778409293053"
"844260838853408211","C17H19N3O4S","[M + H]+",1,0.607806035348923,58.6890483197719,0,58.6890483197719,"13","IXEQEYRTSRFZEO","CC1=CN=C(C(=C1OC)C)CS(=O)(=O)C2=NC3=C(N2)C=C(C=C3)OC","Omeprazole-d3 Sulfone",2.7485034,1,-14.946919053746,0.937984496124031,0,"844260778413487358"
"844260838853408211","C17H19N3O4S","[M + H]+",1,0.607806035348923,58.6890483197719,0,58.6890483197719,"13","QZVDQETYNOBUPJ","CC1=C[N+](=C(C(=C1OC)C)CS(=O)C2=NC3=C(N2)C=C(C=C3)OC)[O-]","Omeprazole-N-oxide",2.1600971,2,-22.3217359786085,0.915384615384615,Inf,"844260778413487358"
"844260838853408211","C17H19N3O4S","[M + H]+",1,0.607806035348923,58.6890483197719,0,58.6890483197719,"13","CMZHQFXXAAIBKE","CC1=C(C(=CN=C1CS(=O)C2=NC3=C(N2)C=C(C=C3)OC)CO)OC",NA,1.6791414,3,-30.0246388348378,0.917293233082707,NA,"844260778413487358"
"844260838853408211","C17H19N3O4S","[M + H]+",1,0.607806035348923,58.6890483197719,0,58.6890483197719,"13","IGVYIWUGJPECAJ","CC1=CN=C(C(=C1OC)CO)CS(=O)C2=NC3=C(N2)C=C(C=C3)OC","3-Hydroxyomeprazole",1.6791414,4,-34.4043663789128,0.903703703703704,NA,"844260778413487358"
"844260838853408211","C17H19N3O4S","[M + H]+",1,0.607806035348923,58.6890483197719,0,58.6890483197719,"13","VPFSKKMDDDYYOJ","CC1=CN=C(C(=C1OC)C)CS(=O)C2=NC3=C(N2)C=CC(=C3O)OC","5-methoxy-2-[(R)-(4-methoxy-3,5-dimethylpyridin-2-yl)methylsulfinyl]-1H-benzimidazol-4-ol",2.1978552,5,-251.299186706867,0.702702702702703,NA,"844260778413487358"
"844260838853408211","C17H19N3O4S","[M + H]+",1,0.607806035348923,58.6890483197719,0,58.6890483197719,"13","NRTYCXOOEJJVDJ","COC1=C(C=C(C=C1)NC(=O)CSC2=NC3=C(CCC3)C(=O)N2)OC","N-(3,4-dimethoxyphenyl)-2-[(4-oxo-4,5,6,7-tetrahydro-3H-cyclopenta[d]pyrimidin-2-yl)thio]acetamide",1.7,6,-369.819440556929,0.343589743589744,NA,"844260778413487358"
"844260838853408211","C17H19N3O4S","[M + H]+",1,0.607806035348923,58.6890483197719,0,58.6890483197719,"13","NJXRFXGANNWYRK","CC1=CC=C(C=C1)N(CC2=NCCN2)C3=CC(=CC=C3)OS(=O)(=O)O","[3-[N-(4,5-dihydro-1H-imidazol-2-ylmethyl)-4-methylanilino]phenyl] hydrogen sulfate",2,7,-449.142532058983,0.244186046511628,NA,"844260778413487358"
"844260838853408211","C17H19N3O4S","[M + H]+",1,0.607806035348923,58.6890483197719,0,58.6890483197719,"13","MQQOMKBMLHBDFG","CC1=NC=CC(=C1)NS(=O)(=O)C2=C(N=CC(=C2)C3=CCOCC3)OC","5-[3,6-dihydro-2H-pyran-4-yl]-2-methoxy-N-[2-methylpyridin-4-yl]pyridine-3-sulfonamide",1,8,-484.93082585117,0.325581395348837,NA,"844260778413487358"
"844260838853408211","C17H19N3O4S","[M + H]+",1,0.607806035348923,58.6890483197719,0,58.6890483197719,"13","HBLRAJANJGAMFQ","CC(C)CNC(=O)CC1=CSC(=N1)NC(=O)C2=CC3=C(C=C2)OCO3","N-(4-(2-(isobutylamino)-2-oxoethyl)thiazol-2-yl)benzo[d][1,3]dioxole-5-carboxamide",2.5,10,-567.638474219942,0.178137651821862,NA,"844260778413487358"
"844260838853408211","C17H19N3O4S","[M + H]+",1,0.607806035348923,58.6890483197719,0,58.6890483197719,"13","JHQLDSNFXOLZMD","C1CC1C(=O)N2CC3(C2)C4CN(CCN4C(=O)O3)C(=O)C5=CC=CS5","1'-(Cyclopropanecarbonyl)-7-(thiophene-2-carbonyl)spiro[5,6,8,8a-tetrahydro-[1,3]oxazolo[3,4-a]pyrazine-1,3'-azetidine]-3-one",0.5,11,-573.272321201604,0.126637554585153,NA,"844260778413487358"
"844260838853408211","C17H19N3O4S","[M + H]+",1,0.607806035348923,58.6890483197719,0,58.6890483197719,"13","ILAMKVUHWSQJHY","COC(=O)C1=CC=C(C=C1)OCC2N(CCS2)C(=O)CN3C=CN=C3","Methyl 4-((3-(1H-imidazol-1-ylacetyl)-2-thiazolidinyl)methoxy)benzoate",1.7,12,-582.10308125534,0.191489361702128,NA,"844260778413487358"
"844260838853408211","C17H19N3O4S","[M + H]+",1,0.607806035348923,58.6890483197719,0,58.6890483197719,"13","NVAYQDCPVGCOHV","C1CC(N(S(=O)(=O)C1)CC2=CC=C(C=C2)C3=CC=NC=C3)C(=O)NO","(3S)-N-hydroxy-1,1-dioxo-2-[(4-pyridin-4-ylphenyl)methyl]thiazinane-3-carboxamide",0.9,13,-605.879713695054,0.200892857142857,NA,"844260778413487358"
"844260838853408211","C17H19N3O4S","[M + H]+",1,0.607806035348923,58.6890483197719,0,58.6890483197719,"13","FPMHRRFSGYKNIU","COC1=CC=C(C=C1)CN2CC3C(C2)OC4=C(C=CC=N4)S(=O)(=O)N3","5-[(4-methoxyphenyl)methyl]-2-oxa-9λ⁶-thia-5,8,14-triazatricyclo[8.4.0.0³,⁷]tetradeca-1(10),11,13-triene-9,9-dione",1.3,14,-611.697272608602,0.274678111587983,NA,"844260778413487358"
"844260838853408211","C17H19N3O4S","[M + H]+",1,0.607806035348923,58.6890483197719,0,58.6890483197719,"13","FZECHKJQHUVANE","CC1(C(N2C(S1)C(C2=O)NC(=O)C(C3=CC=CC=C3)N=C)C(=O)O)C","6-{[1-hydroxy-2-(methylideneamino)-2-phenylethylidene]amino}-3,3-dimethyl-7-oxo-4-thia-1-azabicyclo[3.2.0]heptane-2-carboxylic acid",1.2664139,16,-637.786328509465,0.111111111111111,NA,"844260778413487358"
"844260838853408211","C17H19N3O4S","[M + H]+",1,0.607806035348923,58.6890483197719,0,58.6890483197719,"13","IVXQTEPGJVXVMS","CCOC1=CC=C(C=C1)NC(=S)NN=C(C)C2=C(C(=C(C=C2)O)O)O","1-(4-ethoxyphenyl)-3-[(E)-1-(2,3,4-trihydroxyphenyl)ethylideneamino]thiourea",2.7,17,-693.679715669819,0.211538461538462,NA,"844260778413487358"
"844260838853408212","C14H20FN3O5S","[M + H]+",2,0.34695783969544,58.1283957826398,0,58.1283957826398,"13","GGHVBHNNEHVTBO","C1=CC(=CC=C1CNNC(=S)NC2C(C(C(C(O2)CO)O)O)O)F","1-[(4-fluorophenyl)methylamino]-3-[(2R,3R,4S,5S,6R)-3,4,5-trihydroxy-6-(hydroxymethyl)oxan-2-yl]thiourea",-0.8,15,-630.638528674184,0.171806167400881,NA,"844260778413487358"
"844260838853408213","C14H23N3O4S2","[M + H]+",3,0.0290628374515104,55.6486528040263,0,55.6486528040263,"13","CJXSUHSPEFHOKZ","CN1CCN(CC1)CC2C(C(CO2)NS(=O)(=O)C3=CSC=C3)O","N-{4-hydroxy-5-[(4-methylpiperazin-1-yl)methyl]oxolan-3-yl}thiophene-3-sulfonamide",-0.4,9,-551.811341564212,0.236111111111111,NA,"844260778413487358"
"844260838853408214","C16H24ClNO4S","[M + H]+",4,0.0145753778857548,54.9585261683933,0,54.9585261683933,"13",NA,NA,NA,NA,NA,NA,NA,NA,"844260778413487358"
"844260838853408215","C15H13F2N7O2","[M + H]+",5,0.00106716907259223,52.3442019253159,3.21092504012837,49.1332768851875,"13",NA,NA,NA,NA,NA,NA,NA,NA,"844260778413487358"
"844260838853408216","C12H14F3N7O3","[M + H]+",6,0.000237045143507874,50.8396878324617,1.35551786562709,49.4841699668346,"13",NA,NA,NA,NA,NA,NA,NA,NA,"844260778413487358"
"844260838853408217","C14H22ClN4O3S","[M + H]+",7,9.19844499599761e-05,49.8930567711182,0,49.8930567711182,"13",NA,NA,NA,NA,NA,NA,NA,NA,"844260778413487358"
"844260838853408218","C9H15N9O7","[M + H]+",8,6.69075361711992e-05,49.574748839618,0,49.574748839618,"13",NA,NA,NA,NA,NA,NA,NA,NA,"844260778413487358"
"844260838853408219","C14H17F2N3O6","[M + H]+",9,5.96123235779897e-05,49.459299554669,1.81487091576253,47.6444286389065,"13",NA,NA,NA,NA,NA,NA,NA,NA,"844260778413487358"
"844260838853408220","C11H18F3N3O7","[M + H]+",10,4.91849961477613e-05,49.2670258511725,0,49.2670258511725,"13",NA,NA,NA,NA,NA,NA,NA,NA,"844260778413487358"
"844260841135109617","C15H13F2N7O2","[M + H]+",1,0.424935283501894,51.2482149763743,3.22475837309377,48.0234566032806,"14","FOZXIPLAGUNHIE","CN1C(=C(C=N1)C2=NC(=NC=C2F)OC)C(=O)NC3=CC(=NC=C3F)N","N-(2-amino-5-fluoropyridin-4-yl)-4-(5-fluoro-2-methoxypyrimidin-4-yl)-2-methylpyrazole-3-carboxamide",0.4,1,-183.618396466886,0.51304347826087,0,"844260778421875967"
"844260841135109617","C15H13F2N7O2","[M + H]+",1,0.424935283501894,51.2482149763743,3.22475837309377,48.0234566032806,"14","MCSNHWJKNRXSFD","CC(C1=NC=NN1C2=NC=CC=N2)NC(=O)C3=CC(=CN=C3)OC(F)F","5-(difluoromethoxy)-N-[1-(2-pyrimidin-2-yl-1,2,4-triazol-3-yl)ethyl]pyridine-3-carboxamide",1.3,4,-223.501160995504,0.487603305785124,NA,"844260778421875967"
"844260841135109617","C15H13F2N7O2","[M + H]+",1,0.424935283501894,51.2482149763743,3.22475837309377,48.0234566032806,"14","JINYNPTZFYTAAE","CNC1=CC2=NC3=C(C=NN13)C(=O)NCCOC4=C(C=C(C(=N4)N2)F)F",NA,1.3,5,-230.659721021861,0.466165413533835,NA,"844260778421875967"
"844260841135109617","C15H13F2N7O2","[M + H]+",1,0.424935283501894,51.2482149763743,3.22475837309377,48.0234566032806,"14","JOXSMAKUPLSCFK","CNC1=CC2=NC3=C(C=NN13)C(=O)NCCOC4=C(C(=CC(=N4)N2)F)F",NA,1.3,6,-230.891258617633,0.46969696969697,NA,"844260778421875967"
"844260841135109617","C15H13F2N7O2","[M + H]+",1,0.424935283501894,51.2482149763743,3.22475837309377,48.0234566032806,"14","DOKYXQUHEBRWHL","CNC1=CC2=NC3=C(C=NN13)C(=O)NCCOC4=NC(=C(C(=C4)F)F)N2",NA,1.3,7,-231.613900410977,0.466165413533835,NA,"844260778421875967"
"844260841135109617","C15H13F2N7O2","[M + H]+",1,0.424935283501894,51.2482149763743,3.22475837309377,48.0234566032806,"14","PIKDWSFQRYHGPE","C1=CC(=C(C=C1F)F)NC(=O)NCCN2C(=O)C=CC(=N2)N3C=NC=N3","1-(2,4-difluorophenyl)-3-(2-(6-oxo-3-(1H-1,2,4-triazol-1-yl)pyridazin-1(6H)-yl)ethyl)urea",0.5,9,-238.961341411397,0.393939393939394,NA,"844260778421875967"
"844260841135109617","C15H13F2N7O2","[M + H]+",1,0.424935283501894,51.2482149763743,3.22475837309377,48.0234566032806,"14","KMTLMRMWJDBVTB","C1=CC(=C(C=C1F)NC(=O)NCCN2C(=O)C=CC(=N2)N3C=NC=N3)F","1-(2,5-difluorophenyl)-3-(2-(6-oxo-3-(1H-1,2,4-triazol-1-yl)pyridazin-1(6H)-yl)ethyl)urea",0.5,10,-239.255758155725,0.403100775193798,NA,"844260778421875967"
"844260841135109617","C15H13F2N7O2","[M + H]+",1,0.424935283501894,51.2482149763743,3.22475837309377,48.0234566032806,"14","PQAMDKDZSSHTAQ","C1=CC(=C(C=C1NC(=O)NCCN2C(=O)C=CC(=N2)N3C=NC=N3)F)F","1-(3,4-difluorophenyl)-3-(2-(6-oxo-3-(1H-1,2,4-triazol-1-yl)pyridazin-1(6H)-yl)ethyl)urea",0.5,12,-248.556646387759,0.380597014925373,NA,"844260778421875967"
"844260841135109617","C15H13F2N7O2","[M + H]+",1,0.424935283501894,51.2482149763743,3.22475837309377,48.0234566032806,"14","RGLWMSKFLHMTMK","C1=CC(=C(N=C1)OC2=C(C=C(C=C2)F)F)CNC(=O)CN3C(=NN=N3)N","2-(5-amino-1H-tetrazol-1-yl)-N-{[2-(2,4-difluorophenoxy)pyridin-3-yl]methyl}acetamide",1.2,14,-249.096862608277,0.465648854961832,NA,"844260778421875967"
"844260841135109617","C15H13F2N7O2","[M + H]+",1,0.424935283501894,51.2482149763743,3.22475837309377,48.0234566032806,"14","OGXZJNBJBKZZGO","CC1=NON=C1CN2C3=C(C(=O)NC(=N3)C(C4=CC=CC=C4)(F)F)NN2","5-[difluoro(phenyl)methyl]-3-[(4-methyl-1,2,5-oxadiazol-3-yl)methyl]-2,6-dihydro-1H-triazolo[4,5-d]pyrimidin-7-one",2.6,34,-276.912977961795,0.366906474820144,NA,"844260778421875967"
"844260841135109617","C15H13F2N7O2","[M + H]+",1,0.424935283501894,51.2482149763743,3.22475837309377,48.0234566032806,"14","OIALPWCJCSMRGK","C1C2(CC1(F)F)CN(C2)C(=O)C3=CN(N=N3)C4=NN5C=CC=C5C(=O)N4","2-[4-(6,6-difluoro-2-azaspiro[3.3]heptane-2-carbonyl)triazol-1-yl]-3H-pyrrolo[2,1-f][1,2,4]triazin-4-one",0.9,78,-314.202098450219,0.391304347826087,NA,"844260778421875967"
"844260841135109617","C15H13F2N7O2","[M + H]+",1,0.424935283501894,51.2482149763743,3.22475837309377,48.0234566032806,"14","ZKLPXXGDZRZHGE","C1CC12CN(CC2(F)F)C3=CC(=NN4C3=NC=N4)C5=CNC(=O)NC5=O","5-[8-(7,7-difluoro-5-azaspiro[2.4]heptan-5-yl)-[1,2,4]triazolo[1,5-b]pyridazin-6-yl]-1H-pyrimidine-2,4-dione",0.3,181,-361.487490572573,0.33974358974359,NA,"844260778421875967"
"844260841135109617","C15H13F2N7O2","[M + H]+",1,0.424935283501894,51.2482149763743,3.22475837309377,48.0234566032806,"14","JMTPBJUZPYHNEA","C1CC12CN(CC2(F)F)C3=CC(=NN4C3=NN=C4)C5=CNC(=O)NC5=O","5-[8-(7,7-difluoro-5-azaspiro[2.4]heptan-5-yl)-[1,2,4]triazolo[4,3-b]pyridazin-6-yl]-1H-pyrimidine-2,4-dione",-0.3,186,-363.454138717439,0.337579617834395,NA,"844260778421875967"
"844260841135109617","C15H13F2N7O2","[M + H]+",1,0.424935283501894,51.2482149763743,3.22475837309377,48.0234566032806,"14","IPONHXGOODDWMS","C1CC12CN(CC2(F)F)C3=CC(=NC4=NC=NN34)C5=CNC(=O)NC5=O","5-[7-(7,7-difluoro-5-azaspiro[2.4]heptan-5-yl)-[1,2,4]triazolo[1,5-a]pyrimidin-5-yl]-1H-pyrimidine-2,4-dione",0.4,222,-380.5193089515,0.319018404907975,NA,"844260778421875967"
"844260841135109617","C15H13F2N7O2","[M + H]+",1,0.424935283501894,51.2482149763743,3.22475837309377,48.0234566032806,"14","XCRZLFRHRAYWPB","CN1N=C(N=N1)C(=O)NC2CCC3=C2C=CC(=C3)C4=NOC(=N4)C(F)F","N-[5-[5-(difluoromethyl)-1,2,4-oxadiazol-3-yl]-2,3-dihydro-1H-inden-1-yl]-2-methyltetrazole-5-carboxamide",2.2,361,-436.622666910054,0.273291925465839,NA,"844260778421875967"
"844260841135109618","C12H14F3N7O3","[M + H]+",2,0.322287142013229,50.9717209867164,1.7751999780633,49.1965210086531,"14","CFYZNRWKQYLEBN","CN1C(=C(C(=N1)N2CC(C2)(C3=NC=NN3C)OC)[N+](=O)[O-])C(F)(F)F","5-[3-Methoxy-1-[1-methyl-4-nitro-5-(trifluoromethyl)pyrazol-3-yl]azetidin-3-yl]-1-methyl-1,2,4-triazole",0.5,2,-214.898188197071,0.423728813559322,Inf,"844260778421875967"
"844260841135109618","C12H14F3N7O3","[M + H]+",2,0.322287142013229,50.9717209867164,1.7751999780633,49.1965210086531,"14","WSXZVUWPGPFFRD","CC1=NC(=NN1C2=NNC(=N2)C(F)(F)F)C(=O)NCC(C)(C)C(=O)O","2,2-dimethyl-3-[[5-methyl-1-[5-(trifluoromethyl)-1H-1,2,4-triazol-3-yl]-1,2,4-triazole-3-carbonyl]amino]propanoic acid",1.4,50,-294.231492853195,0.338235294117647,NA,"844260778421875967"
"844260841135109618","C12H14F3N7O3","[M + H]+",2,0.322287142013229,50.9717209867164,1.7751999780633,49.1965210086531,"14","RIVMOGGKOUBILA","C1=C(C(=O)NC(=O)N1CC(F)(F)F)CNC(=O)CCCC2=NNN=N2","N-[[2,4-dioxo-1-(2,2,2-trifluoroethyl)pyrimidin-5-yl]methyl]-4-(2H-tetrazol-5-yl)butanamide",-0.2,77,-313.577583767916,0.345070422535211,NA,"844260778421875967"
"844260841135109618","C12H14F3N7O3","[M + H]+",2,0.322287142013229,50.9717209867164,1.7751999780633,49.1965210086531,"14","PHSLFFNBMPDTLL","CC1=NC(=NN1C2=NNC(=N2)C(F)(F)F)C(=O)N(C)C(C)(C)C(=O)O","2-methyl-2-[methyl-[5-methyl-1-[5-(trifluoromethyl)-1H-1,2,4-triazol-3-yl]-1,2,4-triazole-3-carbonyl]amino]propanoic acid",1.4,80,-315.21029843338,0.299270072992701,NA,"844260778421875967"
"844260841135109618","C12H14F3N7O3","[M + H]+",2,0.322287142013229,50.9717209867164,1.7751999780633,49.1965210086531,"14","WXKDRRFOSNTCKL","CC1=NC(=NN1C2=NNC(=N2)C(F)(F)F)C(=O)N(CC(=O)O)C(C)C","2-[[5-methyl-1-[5-(trifluoromethyl)-1H-1,2,4-triazol-3-yl]-1,2,4-triazole-3-carbonyl]-propan-2-ylamino]acetic acid",1.6,94,-325.511615642342,0.312056737588652,NA,"844260778421875967"
"844260841135109618","C12H14F3N7O3","[M + H]+",2,0.322287142013229,50.9717209867164,1.7751999780633,49.1965210086531,"14","WLFUMOWTTXBNHH","CCC(C)(C(=O)O)NC(=O)C1=NN(C(=N1)C)C2=NNC(=N2)C(F)(F)F","2-methyl-2-[[5-methyl-1-[5-(trifluoromethyl)-1H-1,2,4-triazol-3-yl]-1,2,4-triazole-3-carbonyl]amino]butanoic acid",1.7,98,-329.475431722813,0.294520547945205,NA,"844260778421875967"
"844260841135109618","C12H14F3N7O3","[M + H]+",2,0.322287142013229,50.9717209867164,1.7751999780633,49.1965210086531,"14","FWQFKNAIHMGGGE","CCCN(CC(=O)O)C(=O)C1=NN(C(=N1)C)C2=NNC(=N2)C(F)(F)F","2-[[5-methyl-1-[5-(trifluoromethyl)-1H-1,2,4-triazol-3-yl]-1,2,4-triazole-3-carbonyl]-propylamino]acetic acid",1.7,126,-342.18326991906,0.308724832214765,NA,"844260778421875967"
"844260841135109618","C12H14F3N7O3","[M + H]+",2,0.322287142013229,50.9717209867164,1.7751999780633,49.1965210086531,"14","KDGIFBZCSXNMKY","CC1=NC(=NN1C2=NNC(=N2)C(F)(F)F)C(=O)NCC(C)CC(=O)O","3-methyl-4-[[5-methyl-1-[5-(trifluoromethyl)-1H-1,2,4-triazol-3-yl]-1,2,4-triazole-3-carbonyl]amino]butanoic acid",1.3,130,-342.564971634961,0.335664335664336,NA,"844260778421875967"
"844260841135109618","C12H14F3N7O3","[M + H]+",2,0.322287142013229,50.9717209867164,1.7751999780633,49.1965210086531,"14","HTBCVVYYGFODDC","CC1=NC(=NN1C2=NNC(=N2)C(F)(F)F)C(=O)NC(C(C)C)C(=O)O","3-methyl-2-[[5-methyl-1-[5-(trifluoromethyl)-1H-1,2,4-triazol-3-yl]-1,2,4-triazole-3-carbonyl]amino]butanoic acid",2,242,-386.584079726849,0.279220779220779,NA,"844260778421875967"
"844260841135109618","C12H14F3N7O3","[M + H]+",2,0.322287142013229,50.9717209867164,1.7751999780633,49.1965210086531,"14","IGPSHAHSHFVEGF","CC1=NC(=NN1C2=NNC(=N2)C(F)(F)F)C(=O)NCCCCC(=O)O","5-[[5-methyl-1-[5-(trifluoromethyl)-1H-1,2,4-triazol-3-yl]-1,2,4-triazole-3-carbonyl]amino]pentanoic acid",1.2,317,-417.868062386991,0.302469135802469,NA,"844260778421875967"
"844260841135109618","C12H14F3N7O3","[M + H]+",2,0.322287142013229,50.9717209867164,1.7751999780633,49.1965210086531,"14","KGFWOLWQESAWQX","CC1=NC(=NN1C2=NNC(=N2)C(F)(F)F)C(=O)NC(C)CCC(=O)O","4-[[5-methyl-1-[5-(trifluoromethyl)-1H-1,2,4-triazol-3-yl]-1,2,4-triazole-3-carbonyl]amino]pentanoic acid",1.3,340,-426.812064710286,0.292993630573248,NA,"844260778421875967"
"844260841135109618","C12H14F3N7O3","[M + H]+",2,0.322287142013229,50.9717209867164,1.7751999780633,49.1965210086531,"14","YQALYJYBDXGRTD","CCCC(C(=O)O)NC(=O)C1=NN(C(=N1)C)C2=NNC(=N2)C(F)(F)F","2-[[5-methyl-1-[5-(trifluoromethyl)-1H-1,2,4-triazol-3-yl]-1,2,4-triazole-3-carbonyl]amino]pentanoic acid",1.9,551,-503.614106080116,0.243093922651934,NA,"844260778421875967"
"844260841135109619","C9H15N9O7","[M + H]+",3,0.155408644835921,50.2423361591191,0,50.2423361591191,"14",NA,NA,NA,NA,NA,NA,NA,NA,"844260778421875967"
"844260841135109620","C11H18F3N3O7","[M + H]+",4,0.0534154114997123,49.1743774023493,0.0832437409870821,49.0911336613622,"14",NA,NA,NA,NA,NA,NA,NA,NA,"844260778421875967"
"844260841135109621","C13H18F2N5O3P","[M + H]+",5,0.0263049523525373,48.4660353169929,1.862554373158,46.6034809438349,"14",NA,NA,NA,NA,NA,NA,NA,NA,"844260778421875967"
"844260841135109622","C14H17F2N3O6","[M + H]+",6,0.012418379785917,47.7154557091342,2.01145113850944,45.7040045706247,"14","WXVJJJQBBQNPFF","CC(C)(C)OC(=O)NC(CNC1=CC(=C(C=C1[N+](=O)[O-])F)F)C(=O)O","3-(4,5-Difluoro-2-nitroanilino)-2-[(2-methylpropan-2-yl)oxycarbonylamino]propanoic acid",2.8,168,-356.540901512546,0.247126436781609,NA,"844260778421875967"
"844260841135109622","C14H17F2N3O6","[M + H]+",6,0.012418379785917,47.7154557091342,2.01145113850944,45.7040045706247,"14","DCCUFNSJKULQNP","CC(C)(C)OC(=O)NC(CNC1=CC(=C(C=C1F)[N+](=O)[O-])F)C(=O)O","(2S)-3-(2,5-difluoro-4-nitroanilino)-2-[(2-methylpropan-2-yl)oxycarbonylamino]propanoic acid",2.8,172,-357.737927335523,0.239766081871345,NA,"844260778421875967"
"844260841135109622","C14H17F2N3O6","[M + H]+",6,0.012418379785917,47.7154557091342,2.01145113850944,45.7040045706247,"14","NYNAAGTVQZRHQO","CCCCOC(=O)OCC1=C(C(C(O1)N2C=CC(=NC2=O)N)(F)F)O","[(2R)-2-(4-amino-2-oxopyrimidin-1-yl)-3,3-difluoro-4-hydroxy-2H-furan-5-yl]methyl butyl carbonate",0.5,262,-396.165260393533,0.244186046511628,NA,"844260778421875967"
"844260841135109622","C14H17F2N3O6","[M + H]+",6,0.012418379785917,47.7154557091342,2.01145113850944,45.7040045706247,"14","HLPCOTYSWJFYDT","CC(C)(CCC(=O)O)NC(=O)NC1=C(C=CC(=C1)[N+](=O)[O-])OC(F)F","4-[[2-(Difluoromethoxy)-5-nitrophenyl]carbamoylamino]-4-methylpentanoic acid",2.1,305,-413.315892043352,0.28,NA,"844260778421875967"
"844260841135109622","C14H17F2N3O6","[M + H]+",6,0.012418379785917,47.7154557091342,2.01145113850944,45.7040045706247,"14","YNLFTOUVPKSGBP","CCCNC(=O)CNC(=O)C1=CC(=C(C=C1[N+](=O)[O-])OC(F)F)OC","4-(difluoromethoxy)-5-methoxy-2-nitro-N-[2-oxo-2-(propylamino)ethyl]benzamide",2.2,341,-426.824275432897,0.294117647058824,NA,"844260778421875967"
"844260841135109622","C14H17F2N3O6","[M + H]+",6,0.012418379785917,47.7154557091342,2.01145113850944,45.7040045706247,"14","SAPQPOWNBCHXIV","CCNC(=O)CN(C)C(=O)C1=CC(=C(C=C1[N+](=O)[O-])OC(F)F)OC","4-(difluoromethoxy)-N-[2-(ethylamino)-2-oxoethyl]-5-methoxy-N-methyl-2-nitrobenzamide",1.8,368,-439.370622550577,0.298913043478261,NA,"844260778421875967"
"844260841135109622","C14H17F2N3O6","[M + H]+",6,0.012418379785917,47.7154557091342,2.01145113850944,45.7040045706247,"14","YMYJOCWHWAYWTB","CCNC(=O)C(C)NC(=O)C1=CC(=C(C=C1[N+](=O)[O-])OC(F)F)OC","4-(difluoromethoxy)-N-[1-(ethylamino)-1-oxopropan-2-yl]-5-methoxy-2-nitrobenzamide",2,375,-444.645536411328,0.277486910994764,NA,"844260778421875967"
"844260841135109622","C14H17F2N3O6","[M + H]+",6,0.012418379785917,47.7154557091342,2.01145113850944,45.7040045706247,"14","OZGOYTYDOKZRNL","COC1=C(C=C(C(=C1)C(=O)NCC2CNCC2O)[N+](=O)[O-])OC(F)F","4-(difluoromethoxy)-N-[(4-hydroxypyrrolidin-3-yl)methyl]-5-methoxy-2-nitrobenzamide",1.5,480,-483.876778735736,0.26865671641791,NA,"844260778421875967"
"844260841135109622","C14H17F2N3O6","[M + H]+",6,0.012418379785917,47.7154557091342,2.01145113850944,45.7040045706247,"14","DPZIFPKPVOPRBQ","CC(C1C(C(C(O1)N2C=CC(=NC2=O)N)(F)F)OC(=O)C)OC(=O)C","[(2R,3R,5R)-2-[(1S)-1-acetyloxyethyl]-5-(4-amino-2-oxopyrimidin-1-yl)-4,4-difluorooxolan-3-yl] acetate",-0.3,562,-507.921627079352,0.213930348258706,NA,"844260778421875967"
"844260841135109622","C14H17F2N3O6","[M + H]+",6,0.012418379785917,47.7154557091342,2.01145113850944,45.7040045706247,"14","HSDNLXGJTHTADB","C1=CN(C(=O)N=C1N)C2C(C(C(O2)COC(=O)CCCC=O)O)(F)F","[(2R,3R,5R)-5-(4-amino-2-oxopyrimidin-1-yl)-4,4-difluoro-3-hydroxyoxolan-2-yl]methyl 5-oxopentanoate",-1.6,746,-565.522740749097,0.201834862385321,NA,"844260778421875967"
"844260841135109622","C14H17F2N3O6","[M + H]+",6,0.012418379785917,47.7154557091342,2.01145113850944,45.7040045706247,"14","QBYZHSLKSKNBMT","C1=CN(C(=O)N=C1N)C2C(C(C(O2)CC(=O)CCCC(=O)O)O)(F)F","6-[(2R,5R)-5-(4-amino-2-oxopyrimidin-1-yl)-4,4-difluoro-3-hydroxyoxolan-2-yl]-5-oxohexanoic acid",-1.8,781,-578.478405443752,0.190265486725664,NA,"844260778421875967"
"844260841135109622","C14H17F2N3O6","[M + H]+",6,0.012418379785917,47.7154557091342,2.01145113850944,45.7040045706247,"14","COQIKROFTRQKPD","C1=CC(=CC=C1COC(=O)NC(CCCN)(C(F)F)C(=O)O)[N+](=O)[O-]","5-Amino-2-(difluoromethyl)-2-[(4-nitrophenyl)methoxycarbonylamino]pentanoic acid",-0.9,831,-602.187458256066,0.193069306930693,NA,"844260778421875967"
"844260841135109622","C14H17F2N3O6","[M + H]+",6,0.012418379785917,47.7154557091342,2.01145113850944,45.7040045706247,"14","JTBRAGZZOUJIOM","C1=CC(=CC=C1COC(=O)NCCCC(C(F)F)(C(=O)O)N)[N+](=O)[O-]","2-Amino-2-(difluoromethyl)-5-[(4-nitrophenyl)methoxycarbonylamino]pentanoic acid",-0.9,836,-608.371208803527,0.195121951219512,NA,"844260778421875967"
"844260841135109622","C14H17F2N3O6","[M + H]+",6,0.012418379785917,47.7154557091342,2.01145113850944,45.7040045706247,"14","JQDFOYOLKOJNIP","C1CN(CCC1(F)F)C(=O)C2C(C(C(O2)N3C=CC(=O)NC3=O)O)O","1-[(2R,3R,4S,5S)-5-(4,4-difluoropiperidine-1-carbonyl)-3,4-dihydroxyoxolan-2-yl]pyrimidine-2,4-dione",-1,853,-628.952836145597,0.172839506172839,NA,"844260778421875967"
"844260841135109623","C10H19F3N5O4P","[M + H]+",7,0.00258693976794474,46.1467537135028,0,46.1467537135028,"14",NA,NA,NA,NA,NA,NA,NA,NA,"844260778421875967"
"844260841135109624","C11H17N6O8","[M + H]+",8,0.00101472292507395,45.2108936881632,0.972205643491978,44.2386880446712,"14",NA,NA,NA,NA,NA,NA,NA,NA,"844260778421875967"
"844260841135109625","C19H17F2NO4","[M + H]+",9,0.000950409222698468,45.1454154667549,2.41772420300454,42.7276912637504,"14","SBPINCGTPCWQAB","CCOC(=O)C(=CC(=O)C=CC1=CC=CN1CC2=C(C=CC=C2F)F)O","ethyl (2Z,5E)-6-[1-[(2,6-difluorophenyl)methyl]pyrrol-2-yl]-2-hydroxy-4-oxo-hexa-2,5-dienoate",3.5,103,-331.410208472571,0.284552845528455,NA,"844260778421875967"
"844260841135109625","C19H17F2NO4","[M + H]+",9,0.000950409222698468,45.1454154667549,2.41772420300454,42.7276912637504,"14","RIDDUNOVYJNVRB","CCOC(=O)C(=CC(=O)C=CC1=CC=CN1CC2=CC(=CC(=C2)F)F)O","ethyl (2Z,5E)-6-[1-[(3,5-difluorophenyl)methyl]pyrrol-2-yl]-2-hydroxy-4-oxo-hexa-2,5-dienoate",3.5,113,-335.801999547604,0.28,NA,"844260778421875967"
"844260841135109625","C19H17F2NO4","[M + H]+",9,0.000950409222698468,45.1454154667549,2.41772420300454,42.7276912637504,"14","AKKIYJUXSGEVIB","CCOC(=O)C(=CC(=O)C=CC1=CC=CN1CC2=C(C(=CC=C2)F)F)O","ethyl (2Z,5E)-6-[1-[(2,3-difluorophenyl)methyl]pyrrol-2-yl]-2-hydroxy-4-oxo-hexa-2,5-dienoate",3.5,134,-344.233955196532,0.28,NA,"844260778421875967"
"844260841135109625","C19H17F2NO4","[M + H]+",9,0.000950409222698468,45.1454154667549,2.41772420300454,42.7276912637504,"14","UYKLPKVIJHNFJX","CCOC(=O)C(=CC(=O)C=CC1=CC=CN1CC2=CC(=C(C=C2)F)F)O","6-[1-(3,4-Difluorobenzyl)-1H-pyrrole-2-yl]-2-hydroxy-4-oxo-2,5-hexadienoic acid ethyl ester",3.5,148,-349.332192317418,0.276923076923077,NA,"844260778421875967"
"844260841135109625","C19H17F2NO4","[M + H]+",9,0.000950409222698468,45.1454154667549,2.41772420300454,42.7276912637504,"14","OTGVFDAHYRULEJ","CCOC(=O)C(=CC(=O)C=CC1=CC=CN1CC2=C(C=CC(=C2)F)F)O","ethyl (2Z,5E)-6-[1-[(2,5-difluorophenyl)methyl]pyrrol-2-yl]-2-hydroxy-4-oxo-hexa-2,5-dienoate",3.5,167,-356.030488089893,0.28125,NA,"844260778421875967"
"844260841135109625","C19H17F2NO4","[M + H]+",9,0.000950409222698468,45.1454154667549,2.41772420300454,42.7276912637504,"14","MHGQLLRAEILDOW","CCOC(=O)C(=CC(=O)C=CC1=CC=CN1CC2=C(C=C(C=C2)F)F)O","ethyl (2Z,5E)-6-[1-[(2,4-difluorophenyl)methyl]pyrrol-2-yl]-2-hydroxy-4-oxo-hexa-2,5-dienoate",3.5,176,-359.409542933867,0.276923076923077,NA,"844260778421875967"
"844260841135109625","C19H17F2NO4","[M + H]+",9,0.000950409222698468,45.1454154667549,2.41772420300454,42.7276912637504,"14","DDTGXOZZTPLBPD","CCOC(=O)C(=O)CC(=O)C=CC1=CC=CN1CC2=C(C=CC=C2F)F","ethyl (E)-6-[1-[(2,6-difluorophenyl)methyl]pyrrol-2-yl]-2,4-dioxohex-5-enoate",2.9,182,-361.725958669757,0.288,NA,"844260778421875967"
"844260841135109625","C19H17F2NO4","[M + H]+",9,0.000950409222698468,45.1454154667549,2.41772420300454,42.7276912637504,"14","OQNAPFSUZZLKIL","CC1=CC=C(C=C1)C=CC(=O)OCC(=O)NC2=CC=C(C=C2)OC(F)F","[2-[4-(difluoromethoxy)anilino]-2-oxoethyl] (E)-3-(4-methylphenyl)prop-2-enoate",4.4,189,-365.048833278401,0.325757575757576,NA,"844260778421875967"
"844260841135109625","C19H17F2NO4","[M + H]+",9,0.000950409222698468,45.1454154667549,2.41772420300454,42.7276912637504,"14","ILGVZZSBGPJLHS","CCOC(=O)C(=O)CC(=O)C=CC1=CC=CN1CC2=CC(=CC(=C2)F)F","ethyl (E)-6-[1-[(3,5-difluorophenyl)methyl]pyrrol-2-yl]-2,4-dioxohex-5-enoate",2.9,191,-366.11774974479,0.283464566929134,NA,"844260778421875967"
"844260841135109625","C19H17F2NO4","[M + H]+",9,0.000950409222698468,45.1454154667549,2.41772420300454,42.7276912637504,"14","FOSKDASGVDQHNX","CC1=CC(=CC=C1)NC(=O)COC(=O)C=CC2=CC=C(C=C2)OC(F)F","[2-(3-methylanilino)-2-oxoethyl] (E)-3-[4-(difluoromethoxy)phenyl]prop-2-enoate",4.4,197,-369.642034634198,0.291666666666667,NA,"844260778421875967"
"844260841135109625","C19H17F2NO4","[M + H]+",9,0.000950409222698468,45.1454154667549,2.41772420300454,42.7276912637504,"14","WLYCAMUCDZTATH","CCOC1=CC=C(C=C1)C=CC(=O)OCC(=O)NC2=C(C=CC=C2F)F","[2-(2,6-Difluoroanilino)-2-oxoethyl] 3-(4-ethoxyphenyl)prop-2-enoate",3.6,201,-371.127455999036,0.286713286713287,NA,"844260778421875967"
"844260841135109625","C19H17F2NO4","[M + H]+",9,0.000950409222698468,45.1454154667549,2.41772420300454,42.7276912637504,"14","PNYAPPCOZOBMJZ","CC1=CC=CC=C1NC(=O)COC(=O)C=CC2=CC=C(C=C2)OC(F)F","[2-(2-methylanilino)-2-oxoethyl] (E)-3-[4-(difluoromethoxy)phenyl]prop-2-enoate",4.4,204,-371.847384717379,0.287671232876712,NA,"844260778421875967"
"844260841135109625","C19H17F2NO4","[M + H]+",9,0.000950409222698468,45.1454154667549,2.41772420300454,42.7276912637504,"14","BNRZSCLSYSVODF","CCON=C(C1=CC=CC=C1COC2=CC=C(C=C2)C=C(F)F)C(=O)O","(2Z)-2-[2-[[4-(2,2-difluoroethenyl)phenoxy]methyl]phenyl]-2-ethoxyiminoacetic acid",4.6,205,-372.543910572766,0.291666666666667,NA,"844260778421875967"
"844260841135109625","C19H17F2NO4","[M + H]+",9,0.000950409222698468,45.1454154667549,2.41772420300454,42.7276912637504,"14","FGULGOIZBUXLPA","CCOC(=O)C(=O)CC(=O)C=CC1=CC=CN1CC2=C(C(=CC=C2)F)F","ethyl (E)-6-[1-[(2,3-difluorophenyl)methyl]pyrrol-2-yl]-2,4-dioxohex-5-enoate",2.9,208,-374.549705393719,0.283464566929134,NA,"844260778421875967"
"844260841135109625","C19H17F2NO4","[M + H]+",9,0.000950409222698468,45.1454154667549,2.41772420300454,42.7276912637504,"14","OCIRWFVZYGWHTE","CC1=C(C=CC(=C1)OCC(=O)O)NC(=O)C2CC2C3=C(C=C(C=C3)F)F","2-[4-[[2-(2,4-Difluorophenyl)cyclopropanecarbonyl]amino]-3-methylphenoxy]acetic acid",3.1,213,-375.842884512364,0.286666666666667,NA,"844260778421875967"
"844260841135109626","C17H16FN3O5","[M + H]+",10,0.000387457363666512,44.2481286276679,2.24166302001861,42.0064656076493,"14","STWSEMQJSXTUDI","CCC(=O)NC1=CC(=CC=C1)NC(=O)COC2=CC(=C(C=C2)[N+](=O)[O-])F","N-[3-[[2-(3-fluoro-4-nitrophenoxy)acetyl]amino]phenyl]propanamide",2.4,3,-216.668889763915,0.418439716312057,NA,"844260778421875967"
"844260841135109626","C17H16FN3O5","[M + H]+",10,0.000387457363666512,44.2481286276679,2.24166302001861,42.0064656076493,"14","IDPRSJFPZKEETI","COC1=CC(=C(C=C1)NC2=C(OC3=C2C=NC=C3)C(=O)NOCCO)F","3-(2-fluoro-4-methoxyanilino)-N-(2-hydroxyethoxy)furo[3,2-c]pyridine-2-carboxamide",2.4,8,-233.222250706102,0.458064516129032,NA,"844260778421875967"
"844260841135109626","C17H16FN3O5","[M + H]+",10,0.000387457363666512,44.2481286276679,2.24166302001861,42.0064656076493,"14","HACWGNUSUGMICQ","CC(=O)C1=CN(C(=C1)C(=O)OCC(=O)NC(=O)NC2=CC=CC=C2F)C","[2-[(2-Fluorophenyl)carbamoylamino]-2-oxoethyl] 4-acetyl-1-methylpyrrole-2-carboxylate",1.7,11,-245.329481532915,0.348101265822785,NA,"844260778421875967"
"844260841135109626","C17H16FN3O5","[M + H]+",10,0.000387457363666512,44.2481286276679,2.24166302001861,42.0064656076493,"14","YYDXSBMWJAJTEX","COC1=C(C=CC(=C1)[N+](=O)[O-])NC(=O)CCC(=O)NC2=CC=C(C=C2)F","N-(4-fluorophenyl)-N'-(2-methoxy-4-nitrophenyl)butanediamide",1.7,13,-248.637445082345,0.41958041958042,NA,"844260778421875967"
"844260841135109626","C17H16FN3O5","[M + H]+",10,0.000387457363666512,44.2481286276679,2.24166302001861,42.0064656076493,"14","QVMGSVFDTMCFGU","CC1=C(C(=CC=C1)NC(=O)NC(=O)COC2=C(C=CC(=C2)F)[N+](=O)[O-])C","N-[(2,3-dimethylphenyl)carbamoyl]-2-(5-fluoro-2-nitrophenoxy)acetamide",3.6,15,-257.817906700949,0.38,NA,"844260778421875967"
"844260841135109626","C17H16FN3O5","[M + H]+",10,0.000387457363666512,44.2481286276679,2.24166302001861,42.0064656076493,"14","CYMSZXYMQOWREV","C1=CC(=C(C=C1CO)F)NC2=C(OC3=C2C=NC=C3)C(=O)NOCCO","3-[2-fluoro-4-(hydroxymethyl)anilino]-N-(2-hydroxyethoxy)furo[3,2-c]pyridine-2-carboxamide",1.5,16,-257.845691181501,0.392405063291139,NA,"844260778421875967"
"844260841135109626","C17H16FN3O5","[M + H]+",10,0.000387457363666512,44.2481286276679,2.24166302001861,42.0064656076493,"14","XKGHFFKPXVYLAJ","CC1=C(C=C(C=C1)NC(=O)NC(=O)COC2=C(C=CC(=C2)F)[N+](=O)[O-])C","N-[(3,4-dimethylphenyl)carbamoyl]-2-(5-fluoro-2-nitrophenoxy)acetamide",3.6,17,-258.573991954665,0.384105960264901,NA,"844260778421875967"
"844260841135109626","C17H16FN3O5","[M + H]+",10,0.000387457363666512,44.2481286276679,2.24166302001861,42.0064656076493,"14","FLSATZDBPOFWDX","CC1=CC(=C(C=C1)NC(=O)NC(=O)COC2=C(C=CC(=C2)F)[N+](=O)[O-])C","N-[(2,4-dimethylphenyl)carbamoyl]-2-(5-fluoro-2-nitrophenoxy)acetamide",3.6,18,-258.791884588185,0.38,NA,"844260778421875967"
"844260841135109626","C17H16FN3O5","[M + H]+",10,0.000387457363666512,44.2481286276679,2.24166302001861,42.0064656076493,"14","OTDXSKXENBNYTJ","CC1=C(C=CC=C1[N+](=O)[O-])NC(=O)CNC2=C(C=CC(=C2)C(=O)OC)F","Methyl 4-fluoro-3-[[2-(2-methyl-3-nitroanilino)-2-oxoethyl]amino]benzoate",3,19,-260.779829057285,0.341935483870968,NA,"844260778421875967"
"844260841135109626","C17H16FN3O5","[M + H]+",10,0.000387457363666512,44.2481286276679,2.24166302001861,42.0064656076493,"14","NWYRMQWBJUAJRT","CC(C(=O)NC1=CC=C(C=C1)NC(=O)C)OC2=C(C=CC(=C2)F)[N+](=O)[O-]","(2S)-N-(4-acetamidophenyl)-2-(5-fluoro-2-nitrophenoxy)propanamide",2.3,20,-262.577782929469,0.36551724137931,NA,"844260778421875967"
"844260841135109626","C17H16FN3O5","[M + H]+",10,0.000387457363666512,44.2481286276679,2.24166302001861,42.0064656076493,"14","SUCGWEYWAUUJAC","CCOC(=O)C(C=O)NC1=CC(=C(C=C1)OC2=CC(=NC=C2)C(=O)N)F","Ethyl 2-[4-(2-carbamoylpyridin-4-yl)oxy-3-fluoroanilino]-3-oxopropanoate",1.7,21,-262.765886787209,0.397435897435897,NA,"844260778421875967"
"844260841135109626","C17H16FN3O5","[M + H]+",10,0.000387457363666512,44.2481286276679,2.24166302001861,42.0064656076493,"14","MPKSBNAPBAIJSM","CCOC1=C(C=CC=N1)C(=O)OCC(=O)NC(=O)NC2=CC=CC=C2F","[2-[(2-Fluorophenyl)carbamoylamino]-2-oxoethyl] 2-ethoxypyridine-3-carboxylate",2.5,22,-263.596228105259,0.359756097560976,NA,"844260778421875967"
"844260841135109626","C17H16FN3O5","[M + H]+",10,0.000387457363666512,44.2481286276679,2.24166302001861,42.0064656076493,"14","RWJCJODFLMNQCL","CC(=O)C1=CNC(=C1)C(=O)OCC(=O)NCC(=O)NC2=CC=C(C=C2)F","[2-[[2-(4-fluoroanilino)-2-oxoethyl]amino]-2-oxoethyl] 4-acetyl-1H-pyrrole-2-carboxylate",0.9,23,-266.738737606172,0.376543209876543,NA,"844260778421875967"
"844260841135109626","C17H16FN3O5","[M + H]+",10,0.000387457363666512,44.2481286276679,2.24166302001861,42.0064656076493,"14","YYAKRAYCUMACTF","CNC(=O)CC1=CC=CC=C1NC(=O)COC2=CC(=C(C=C2)[N+](=O)[O-])F","2-[2-[[2-(3-fluoro-4-nitrophenoxy)acetyl]amino]phenyl]-N-methylacetamide",1.9,24,-267.61634679434,0.395973154362416,NA,"844260778421875967"
"844260841135109626","C17H16FN3O5","[M + H]+",10,0.000387457363666512,44.2481286276679,2.24166302001861,42.0064656076493,"14","FFTAAYCWQDWKEE","CCOC(=O)NC(=O)COC(=O)C1=C(N=CC=C1)NC2=CC=CC=C2F","[2-(Ethoxycarbonylamino)-2-oxoethyl] 2-(2-fluoroanilino)pyridine-3-carboxylate",3.1,25,-269.755866000711,0.343558282208589,NA,"844260778421875967"
"844260803755472189","C15H13F2N7O2","[M + H]+",1,0.92469684285509,66.170551596957,3.37339174835158,62.7971598486054,"15","FOZXIPLAGUNHIE","CN1C(=C(C=N1)C2=NC(=NC=C2F)OC)C(=O)NC3=CC(=NC=C3F)N","N-(2-amino-5-fluoropyridin-4-yl)-4-(5-fluoro-2-methoxypyrimidin-4-yl)-2-methylpyrazole-3-carboxamide",0.4,1,-197.043449082583,0.526785714285714,0,"844260778426070272"
"844260803755472189","C15H13F2N7O2","[M + H]+",1,0.92469684285509,66.170551596957,3.37339174835158,62.7971598486054,"15","PIKDWSFQRYHGPE","C1=CC(=C(C=C1F)F)NC(=O)NCCN2C(=O)C=CC(=N2)N3C=NC=N3","1-(2,4-difluorophenyl)-3-(2-(6-oxo-3-(1H-1,2,4-triazol-1-yl)pyridazin-1(6H)-yl)ethyl)urea",0.5,3,-229.327465679325,0.483606557377049,NA,"844260778426070272"
"844260803755472189","C15H13F2N7O2","[M + H]+",1,0.92469684285509,66.170551596957,3.37339174835158,62.7971598486054,"15","KMTLMRMWJDBVTB","C1=CC(=C(C=C1F)NC(=O)NCCN2C(=O)C=CC(=N2)N3C=NC=N3)F","1-(2,5-difluorophenyl)-3-(2-(6-oxo-3-(1H-1,2,4-triazol-1-yl)pyridazin-1(6H)-yl)ethyl)urea",0.5,4,-231.416187441486,0.471074380165289,NA,"844260778426070272"
"844260803755472189","C15H13F2N7O2","[M + H]+",1,0.92469684285509,66.170551596957,3.37339174835158,62.7971598486054,"15","PQAMDKDZSSHTAQ","C1=CC(=C(C=C1NC(=O)NCCN2C(=O)C=CC(=N2)N3C=NC=N3)F)F","1-(3,4-difluorophenyl)-3-(2-(6-oxo-3-(1H-1,2,4-triazol-1-yl)pyridazin-1(6H)-yl)ethyl)urea",0.5,5,-236.713326404682,0.456,NA,"844260778426070272"
"844260803755472189","C15H13F2N7O2","[M + H]+",1,0.92469684285509,66.170551596957,3.37339174835158,62.7971598486054,"15","MCSNHWJKNRXSFD","CC(C1=NC=NN1C2=NC=CC=N2)NC(=O)C3=CC(=CN=C3)OC(F)F","5-(difluoromethoxy)-N-[1-(2-pyrimidin-2-yl-1,2,4-triazol-3-yl)ethyl]pyridine-3-carboxamide",1.3,6,-242.080668655245,0.42741935483871,NA,"844260778426070272"
"844260803755472189","C15H13F2N7O2","[M + H]+",1,0.92469684285509,66.170551596957,3.37339174835158,62.7971598486054,"15","JINYNPTZFYTAAE","CNC1=CC2=NC3=C(C=NN13)C(=O)NCCOC4=C(C=C(C(=N4)N2)F)F",NA,1.3,9,-247.83261411249,0.432835820895522,NA,"844260778426070272"
"844260803755472189","C15H13F2N7O2","[M + H]+",1,0.92469684285509,66.170551596957,3.37339174835158,62.7971598486054,"15","JOXSMAKUPLSCFK","CNC1=CC2=NC3=C(C=NN13)C(=O)NCCOC4=C(C(=CC(=N4)N2)F)F",NA,1.3,10,-248.312690588605,0.43609022556391,NA,"844260778426070272"
"844260803755472189","C15H13F2N7O2","[M + H]+",1,0.92469684285509,66.170551596957,3.37339174835158,62.7971598486054,"15","DOKYXQUHEBRWHL","CNC1=CC2=NC3=C(C=NN13)C(=O)NCCOC4=NC(=C(C(=C4)F)F)N2",NA,1.3,11,-248.373261566745,0.432835820895522,NA,"844260778426070272"
"844260803755472189","C15H13F2N7O2","[M + H]+",1,0.92469684285509,66.170551596957,3.37339174835158,62.7971598486054,"15","RGLWMSKFLHMTMK","C1=CC(=C(N=C1)OC2=C(C=C(C=C2)F)F)CNC(=O)CN3C(=NN=N3)N","2-(5-amino-1H-tetrazol-1-yl)-N-{[2-(2,4-difluorophenoxy)pyridin-3-yl]methyl}acetamide",1.2,20,-258.955170212824,0.453846153846154,NA,"844260778426070272"
"844260803755472189","C15H13F2N7O2","[M + H]+",1,0.92469684285509,66.170551596957,3.37339174835158,62.7971598486054,"15","OGXZJNBJBKZZGO","CC1=NON=C1CN2C3=C(C(=O)NC(=N3)C(C4=CC=CC=C4)(F)F)NN2","5-[difluoro(phenyl)methyl]-3-[(4-methyl-1,2,5-oxadiazol-3-yl)methyl]-2,6-dihydro-1H-triazolo[4,5-d]pyrimidin-7-one",2.6,30,-269.975270624869,0.395522388059701,NA,"844260778426070272"
"844260803755472189","C15H13F2N7O2","[M + H]+",1,0.92469684285509,66.170551596957,3.37339174835158,62.7971598486054,"15","OIALPWCJCSMRGK","C1C2(CC1(F)F)CN(C2)C(=O)C3=CN(N=N3)C4=NN5C=CC=C5C(=O)N4","2-[4-(6,6-difluoro-2-azaspiro[3.3]heptane-2-carbonyl)triazol-1-yl]-3H-pyrrolo[2,1-f][1,2,4]triazin-4-one",0.9,82,-303.047204756133,0.421052631578947,NA,"844260778426070272"
"844260803755472189","C15H13F2N7O2","[M + H]+",1,0.92469684285509,66.170551596957,3.37339174835158,62.7971598486054,"15","ZKLPXXGDZRZHGE","C1CC12CN(CC2(F)F)C3=CC(=NN4C3=NC=N4)C5=CNC(=O)NC5=O","5-[8-(7,7-difluoro-5-azaspiro[2.4]heptan-5-yl)-[1,2,4]triazolo[1,5-b]pyridazin-6-yl]-1H-pyrimidine-2,4-dione",0.3,264,-356.526043377583,0.373333333333333,NA,"844260778426070272"
"844260803755472189","C15H13F2N7O2","[M + H]+",1,0.92469684285509,66.170551596957,3.37339174835158,62.7971598486054,"15","JMTPBJUZPYHNEA","C1CC12CN(CC2(F)F)C3=CC(=NN4C3=NN=C4)C5=CNC(=O)NC5=O","5-[8-(7,7-difluoro-5-azaspiro[2.4]heptan-5-yl)-[1,2,4]triazolo[4,3-b]pyridazin-6-yl]-1H-pyrimidine-2,4-dione",-0.3,267,-358.098040247252,0.370860927152318,NA,"844260778426070272"
"844260803755472189","C15H13F2N7O2","[M + H]+",1,0.92469684285509,66.170551596957,3.37339174835158,62.7971598486054,"15","IPONHXGOODDWMS","C1CC12CN(CC2(F)F)C3=CC(=NC4=NC=NN34)C5=CNC(=O)NC5=O","5-[7-(7,7-difluoro-5-azaspiro[2.4]heptan-5-yl)-[1,2,4]triazolo[1,5-a]pyrimidin-5-yl]-1H-pyrimidine-2,4-dione",0.4,328,-375.236791468912,0.341772151898734,NA,"844260778426070272"
"844260803755472189","C15H13F2N7O2","[M + H]+",1,0.92469684285509,66.170551596957,3.37339174835158,62.7971598486054,"15","XCRZLFRHRAYWPB","CN1N=C(N=N1)C(=O)NC2CCC3=C2C=CC(=C3)C4=NOC(=N4)C(F)F","N-[5-[5-(difluoromethyl)-1,2,4-oxadiazol-3-yl]-2,3-dihydro-1H-inden-1-yl]-2-methyltetrazole-5-carboxamide",2.2,402,-393.847622334402,0.303225806451613,NA,"844260778426070272"
"844260803755472190","C12H14F3N7O3","[M + H]+",2,0.0373823011056732,62.9622830105582,2.61351747261782,60.3487655379404,"15","CFYZNRWKQYLEBN","CN1C(=C(C(=N1)N2CC(C2)(C3=NC=NN3C)OC)[N+](=O)[O-])C(F)(F)F","5-[3-Methoxy-1-[1-methyl-4-nitro-5-(trifluoromethyl)pyrazol-3-yl]azetidin-3-yl]-1-methyl-1,2,4-triazole",0.5,44,-279.406101690936,0.416666666666667,NA,"844260778426070272"
"844260803755472190","C12H14F3N7O3","[M + H]+",2,0.0373823011056732,62.9622830105582,2.61351747261782,60.3487655379404,"15","WSXZVUWPGPFFRD","CC1=NC(=NN1C2=NNC(=N2)C(F)(F)F)C(=O)NCC(C)(C)C(=O)O","2,2-dimethyl-3-[[5-methyl-1-[5-(trifluoromethyl)-1H-1,2,4-triazol-3-yl]-1,2,4-triazole-3-carbonyl]amino]propanoic acid",1.4,90,-305.887196376243,0.343065693430657,NA,"844260778426070272"
"844260803755472190","C12H14F3N7O3","[M + H]+",2,0.0373823011056732,62.9622830105582,2.61351747261782,60.3487655379404,"15","PHSLFFNBMPDTLL","CC1=NC(=NN1C2=NNC(=N2)C(F)(F)F)C(=O)N(C)C(C)(C)C(=O)O","2-methyl-2-[methyl-[5-methyl-1-[5-(trifluoromethyl)-1H-1,2,4-triazol-3-yl]-1,2,4-triazole-3-carbonyl]amino]propanoic acid",1.4,115,-313.782082074879,0.304347826086957,NA,"844260778426070272"
"844260803755472190","C12H14F3N7O3","[M + H]+",2,0.0373823011056732,62.9622830105582,2.61351747261782,60.3487655379404,"15","WXKDRRFOSNTCKL","CC1=NC(=NN1C2=NNC(=N2)C(F)(F)F)C(=O)N(CC(=O)O)C(C)C","2-[[5-methyl-1-[5-(trifluoromethyl)-1H-1,2,4-triazol-3-yl]-1,2,4-triazole-3-carbonyl]-propan-2-ylamino]acetic acid",1.6,118,-314.816180521046,0.307692307692308,NA,"844260778426070272"
"844260803755472190","C12H14F3N7O3","[M + H]+",2,0.0373823011056732,62.9622830105582,2.61351747261782,60.3487655379404,"15","FWQFKNAIHMGGGE","CCCN(CC(=O)O)C(=O)C1=NN(C(=N1)C)C2=NNC(=N2)C(F)(F)F","2-[[5-methyl-1-[5-(trifluoromethyl)-1H-1,2,4-triazol-3-yl]-1,2,4-triazole-3-carbonyl]-propylamino]acetic acid",1.7,148,-323.223706686251,0.304635761589404,NA,"844260778426070272"
"844260803755472190","C12H14F3N7O3","[M + H]+",2,0.0373823011056732,62.9622830105582,2.61351747261782,60.3487655379404,"15","KDGIFBZCSXNMKY","CC1=NC(=NN1C2=NNC(=N2)C(F)(F)F)C(=O)NCC(C)CC(=O)O","3-methyl-4-[[5-methyl-1-[5-(trifluoromethyl)-1H-1,2,4-triazol-3-yl]-1,2,4-triazole-3-carbonyl]amino]butanoic acid",1.3,168,-330.41004672488,0.321917808219178,NA,"844260778426070272"
"844260803755472190","C12H14F3N7O3","[M + H]+",2,0.0373823011056732,62.9622830105582,2.61351747261782,60.3487655379404,"15","WLFUMOWTTXBNHH","CCC(C)(C(=O)O)NC(=O)C1=NN(C(=N1)C)C2=NNC(=N2)C(F)(F)F","2-methyl-2-[[5-methyl-1-[5-(trifluoromethyl)-1H-1,2,4-triazol-3-yl]-1,2,4-triazole-3-carbonyl]amino]butanoic acid",1.7,185,-334.698847955906,0.299319727891156,NA,"844260778426070272"
"844260803755472190","C12H14F3N7O3","[M + H]+",2,0.0373823011056732,62.9622830105582,2.61351747261782,60.3487655379404,"15","RIVMOGGKOUBILA","C1=C(C(=O)NC(=O)N1CC(F)(F)F)CNC(=O)CCCC2=NNN=N2","N-[[2,4-dioxo-1-(2,2,2-trifluoroethyl)pyrimidin-5-yl]methyl]-4-(2H-tetrazol-5-yl)butanamide",-0.2,212,-340.846488774948,0.359154929577465,NA,"844260778426070272"
"844260803755472190","C12H14F3N7O3","[M + H]+",2,0.0373823011056732,62.9622830105582,2.61351747261782,60.3487655379404,"15","HTBCVVYYGFODDC","CC1=NC(=NN1C2=NNC(=N2)C(F)(F)F)C(=O)NC(C(C)C)C(=O)O","3-methyl-2-[[5-methyl-1-[5-(trifluoromethyl)-1H-1,2,4-triazol-3-yl]-1,2,4-triazole-3-carbonyl]amino]butanoic acid",2,272,-359.040820095968,0.275641025641026,NA,"844260778426070272"
"844260803755472190","C12H14F3N7O3","[M + H]+",2,0.0373823011056732,62.9622830105582,2.61351747261782,60.3487655379404,"15","IGPSHAHSHFVEGF","CC1=NC(=NN1C2=NNC(=N2)C(F)(F)F)C(=O)NCCCCC(=O)O","5-[[5-methyl-1-[5-(trifluoromethyl)-1H-1,2,4-triazol-3-yl]-1,2,4-triazole-3-carbonyl]amino]pentanoic acid",1.2,448,-405.607965636513,0.298780487804878,NA,"844260778426070272"
"844260803755472190","C12H14F3N7O3","[M + H]+",2,0.0373823011056732,62.9622830105582,2.61351747261782,60.3487655379404,"15","KGFWOLWQESAWQX","CC1=NC(=NN1C2=NNC(=N2)C(F)(F)F)C(=O)NC(C)CCC(=O)O","4-[[5-methyl-1-[5-(trifluoromethyl)-1H-1,2,4-triazol-3-yl]-1,2,4-triazole-3-carbonyl]amino]pentanoic acid",1.3,457,-408.565993047635,0.28125,NA,"844260778426070272"
"844260803755472190","C12H14F3N7O3","[M + H]+",2,0.0373823011056732,62.9622830105582,2.61351747261782,60.3487655379404,"15","YQALYJYBDXGRTD","CCCC(C(=O)O)NC(=O)C1=NN(C(=N1)C)C2=NNC(=N2)C(F)(F)F","2-[[5-methyl-1-[5-(trifluoromethyl)-1H-1,2,4-triazol-3-yl]-1,2,4-triazole-3-carbonyl]amino]pentanoic acid",1.9,647,-459.438306616817,0.240437158469945,NA,"844260778426070272"
"844260803755472191","C11H18F3N3O7","[M + H]+",3,0.0147699953507864,62.0336834323853,1.74257784669218,60.2911055856932,"15",NA,NA,NA,NA,NA,NA,NA,NA,"844260778426070272"
"844260803755472192","C9H15N9O7","[M + H]+",4,0.00768164832566302,61.3799198004844,0.86899754276082,60.5109222577235,"15",NA,NA,NA,NA,NA,NA,NA,NA,"844260778426070272"
"844260803755472193","C19H17F2NO4","[M + H]+",5,0.0074426192838191,61.3483084917814,1.69160663896801,59.6567018528134,"15","OCIRWFVZYGWHTE","CC1=C(C=CC(=C1)OCC(=O)O)NC(=O)C2CC2C3=C(C=C(C=C3)F)F","2-[4-[[2-(2,4-Difluorophenyl)cyclopropanecarbonyl]amino]-3-methylphenoxy]acetic acid",3.1,84,-303.976332904526,0.389312977099237,NA,"844260778426070272"
"844260803755472193","C19H17F2NO4","[M + H]+",5,0.0074426192838191,61.3483084917814,1.69160663896801,59.6567018528134,"15","QQTDRJHNDAGRNL","CC1=C(C=CC(=C1)OCC(=O)O)NC(=O)C2CC2C3=CC(=C(C=C3)F)F","2-[4-[[2-(3,4-Difluorophenyl)cyclopropanecarbonyl]amino]-3-methylphenoxy]acetic acid",3.1,86,-304.820310563852,0.362962962962963,NA,"844260778426070272"
"844260803755472193","C19H17F2NO4","[M + H]+",5,0.0074426192838191,61.3483084917814,1.69160663896801,59.6567018528134,"15","KDABXUDXVNRRDF","CC1=C(C=CC(=C1)OCC(=O)O)NC(=O)C2CC2C3=C(C=CC=C3F)F","2-[4-[[2-(2,6-Difluorophenyl)cyclopropanecarbonyl]amino]-3-methylphenoxy]acetic acid",3.1,95,-308.216037711613,0.40650406504065,NA,"844260778426070272"
"844260803755472193","C19H17F2NO4","[M + H]+",5,0.0074426192838191,61.3483084917814,1.69160663896801,59.6567018528134,"15","SEXAMOMPSDSTFZ","CC1=C(C=CC(=C1)OCC(=O)O)NC(=O)C2CC2C3=C(C=CC(=C3)F)F","2-[4-[[2-(2,5-Difluorophenyl)cyclopropanecarbonyl]amino]-3-methylphenoxy]acetic acid",3.1,113,-313.654014865466,0.393700787401575,NA,"844260778426070272"
"844260803755472193","C19H17F2NO4","[M + H]+",5,0.0074426192838191,61.3483084917814,1.69160663896801,59.6567018528134,"15","JCWOLNBBAPSLRB","CC1=C(C=CC(=C1)OCC(=O)O)NC(=O)C2CC2C3=C(C(=CC=C3)F)F","2-[4-[[2-(2,3-Difluorophenyl)cyclopropanecarbonyl]amino]-3-methylphenoxy]acetic acid",3.1,134,-319.109735940945,0.388888888888889,NA,"844260778426070272"
"844260803755472193","C19H17F2NO4","[M + H]+",5,0.0074426192838191,61.3483084917814,1.69160663896801,59.6567018528134,"15","ZPZYDSVTDVAGES","COC1=CC=C(C=C1)C(C(=O)O)NC(=O)C2CC2C3=C(C=C(C=C3)F)F","2-[[2-(2,4-Difluorophenyl)cyclopropanecarbonyl]amino]-2-(4-methoxyphenyl)acetic acid",2.9,138,-320.73552392668,0.313333333333333,NA,"844260778426070272"
"844260803755472193","C19H17F2NO4","[M + H]+",5,0.0074426192838191,61.3483084917814,1.69160663896801,59.6567018528134,"15","RUZDHNZHTBHSPL","COC1=CC=C(C=C1)C(C(=O)O)NC(=O)C2CC2C3=CC(=C(C=C3)F)F","2-[[2-(3,4-Difluorophenyl)cyclopropanecarbonyl]amino]-2-(4-methoxyphenyl)acetic acid",2.9,143,-321.80448498138,0.292207792207792,NA,"844260778426070272"
"844260803755472193","C19H17F2NO4","[M + H]+",5,0.0074426192838191,61.3483084917814,1.69160663896801,59.6567018528134,"15","SIGSTKJXPZSXHA","CN(C1=CC=C(C=C1)OCC(=O)O)C(=O)C2CC2C3=C(C=C(C=C3)F)F","2-[4-[[2-(2,4-Difluorophenyl)cyclopropanecarbonyl]-methylamino]phenoxy]acetic acid",2.9,162,-328.98714165846,0.357664233576642,NA,"844260778426070272"
"844260803755472193","C19H17F2NO4","[M + H]+",5,0.0074426192838191,61.3483084917814,1.69160663896801,59.6567018528134,"15","MTDIBLNWWGILQU","COC1=C(C=C(C=C1)C(C(=O)O)NC(=O)C2CC2C3=CC=C(C=C3)F)F","2-(3-Fluoro-4-methoxyphenyl)-2-[[2-(4-fluorophenyl)cyclopropanecarbonyl]amino]acetic acid",2.9,175,-331.929577598374,0.304635761589404,NA,"844260778426070272"
"844260803755472193","C19H17F2NO4","[M + H]+",5,0.0074426192838191,61.3483084917814,1.69160663896801,59.6567018528134,"15","KPRPSUYXSIJZEK","COCC1=CC(=CC(=C1)NC(=O)C2CC2C3=CC(=C(C=C3)F)F)C(=O)O","3-[[2-(3,4-Difluorophenyl)cyclopropanecarbonyl]amino]-5-(methoxymethyl)benzoic acid",2.3,193,-337.508274419939,0.344,NA,"844260778426070272"
"844260803755472193","C19H17F2NO4","[M + H]+",5,0.0074426192838191,61.3483084917814,1.69160663896801,59.6567018528134,"15","BKNVSEZQEVDCKS","COCC1=CC(=CC(=C1)NC(=O)C2CC2C3=C(C=C(C=C3)F)F)C(=O)O","3-[[2-(2,4-Difluorophenyl)cyclopropanecarbonyl]amino]-5-(methoxymethyl)benzoic acid",2.3,197,-338.090949447303,0.368852459016393,NA,"844260778426070272"
"844260803755472193","C19H17F2NO4","[M + H]+",5,0.0074426192838191,61.3483084917814,1.69160663896801,59.6567018528134,"15","OQNAPFSUZZLKIL","CC1=CC=C(C=C1)C=CC(=O)OCC(=O)NC2=CC=C(C=C2)OC(F)F","[2-[4-(difluoromethoxy)anilino]-2-oxoethyl] (E)-3-(4-methylphenyl)prop-2-enoate",4.4,205,-339.481410897843,0.389830508474576,NA,"844260778426070272"
"844260803755472193","C19H17F2NO4","[M + H]+",5,0.0074426192838191,61.3483084917814,1.69160663896801,59.6567018528134,"15","NDLIYEPHFDFQGW","COC1=CC=C(C=C1)OCC(=O)NCC#CCOC2=C(C=C(C=C2)F)F","N-(4-(2,4-difluorophenoxy)but-2-yn-1-yl)-2-(4-methoxyphenoxy)acetamide",3.1,209,-340.174546809897,0.37037037037037,NA,"844260778426070272"
"844260803755472193","C19H17F2NO4","[M + H]+",5,0.0074426192838191,61.3483084917814,1.69160663896801,59.6567018528134,"15","NQFDYILXGKIKAU","C1CC(C1C(=O)NC2=CC(=C(C=C2)OCC3=CC(=CC=C3)F)F)C(=O)O","2-[[3-Fluoro-4-[(3-fluorophenyl)methoxy]phenyl]carbamoyl]cyclobutane-1-carboxylic acid",2.8,210,-340.719632592967,0.328571428571429,NA,"844260778426070272"
"844260803755472193","C19H17F2NO4","[M + H]+",5,0.0074426192838191,61.3483084917814,1.69160663896801,59.6567018528134,"15","MKAGSZYEGBETED","COC1=CC=C(C=C1)C(C(=O)O)NC(=O)C2CC2C3=C(C=CC=C3F)F","2-[[2-(2,6-Difluorophenyl)cyclopropanecarbonyl]amino]-2-(4-methoxyphenyl)acetic acid",2.9,214,-340.958186864541,0.308219178082192,NA,"844260778426070272"
"844260803755472194","C14H17F2N3O6","[M + H]+",6,0.0064499839393857,61.2051632914031,2.92957429905204,58.275588992351,"15","DCCUFNSJKULQNP","CC(C)(C)OC(=O)NC(CNC1=CC(=C(C=C1F)[N+](=O)[O-])F)C(=O)O","(2S)-3-(2,5-difluoro-4-nitroanilino)-2-[(2-methylpropan-2-yl)oxycarbonylamino]propanoic acid",2.8,195,-337.836011423836,0.248520710059172,NA,"844260778426070272"
"844260803755472194","C14H17F2N3O6","[M + H]+",6,0.0064499839393857,61.2051632914031,2.92957429905204,58.275588992351,"15","WXVJJJQBBQNPFF","CC(C)(C)OC(=O)NC(CNC1=CC(=C(C=C1[N+](=O)[O-])F)F)C(=O)O","3-(4,5-Difluoro-2-nitroanilino)-2-[(2-methylpropan-2-yl)oxycarbonylamino]propanoic acid",2.8,196,-337.908052099407,0.255813953488372,NA,"844260778426070272"
"844260803755472194","C14H17F2N3O6","[M + H]+",6,0.0064499839393857,61.2051632914031,2.92957429905204,58.275588992351,"15","NYNAAGTVQZRHQO","CCCCOC(=O)OCC1=C(C(C(O1)N2C=CC(=NC2=O)N)(F)F)O","[(2R)-2-(4-amino-2-oxopyrimidin-1-yl)-3,3-difluoro-4-hydroxy-2H-furan-5-yl]methyl butyl carbonate",0.5,270,-358.305649093319,0.238372093023256,NA,"844260778426070272"
"844260803755472194","C14H17F2N3O6","[M + H]+",6,0.0064499839393857,61.2051632914031,2.92957429905204,58.275588992351,"15","HLPCOTYSWJFYDT","CC(C)(CCC(=O)O)NC(=O)NC1=C(C=CC(=C1)[N+](=O)[O-])OC(F)F","4-[[2-(Difluoromethoxy)-5-nitrophenyl]carbamoylamino]-4-methylpentanoic acid",2.1,370,-385.242414968906,0.267045454545455,NA,"844260778426070272"
"844260803755472194","C14H17F2N3O6","[M + H]+",6,0.0064499839393857,61.2051632914031,2.92957429905204,58.275588992351,"15","YNLFTOUVPKSGBP","CCCNC(=O)CNC(=O)C1=CC(=C(C=C1[N+](=O)[O-])OC(F)F)OC","4-(difluoromethoxy)-5-methoxy-2-nitro-N-[2-oxo-2-(propylamino)ethyl]benzamide",2.2,475,-414.381737579876,0.281914893617021,NA,"844260778426070272"
"844260803755472194","C14H17F2N3O6","[M + H]+",6,0.0064499839393857,61.2051632914031,2.92957429905204,58.275588992351,"15","SAPQPOWNBCHXIV","CCNC(=O)CN(C)C(=O)C1=CC(=C(C=C1[N+](=O)[O-])OC(F)F)OC","4-(difluoromethoxy)-N-[2-(ethylamino)-2-oxoethyl]-5-methoxy-N-methyl-2-nitrobenzamide",1.8,500,-421.385690868706,0.286486486486487,NA,"844260778426070272"
"844260803755472194","C14H17F2N3O6","[M + H]+",6,0.0064499839393857,61.2051632914031,2.92957429905204,58.275588992351,"15","YMYJOCWHWAYWTB","CCNC(=O)C(C)NC(=O)C1=CC(=C(C=C1[N+](=O)[O-])OC(F)F)OC","4-(difluoromethoxy)-N-[1-(ethylamino)-1-oxopropan-2-yl]-5-methoxy-2-nitrobenzamide",2,556,-436.266209404652,0.265625,NA,"844260778426070272"
"844260803755472194","C14H17F2N3O6","[M + H]+",6,0.0064499839393857,61.2051632914031,2.92957429905204,58.275588992351,"15","OZGOYTYDOKZRNL","COC1=C(C=C(C(=C1)C(=O)NCC2CNCC2O)[N+](=O)[O-])OC(F)F","4-(difluoromethoxy)-N-[(4-hydroxypyrrolidin-3-yl)methyl]-5-methoxy-2-nitrobenzamide",1.5,666,-463.599419429281,0.27,NA,"844260778426070272"
"844260803755472194","C14H17F2N3O6","[M + H]+",6,0.0064499839393857,61.2051632914031,2.92957429905204,58.275588992351,"15","DPZIFPKPVOPRBQ","CC(C1C(C(C(O1)N2C=CC(=NC2=O)N)(F)F)OC(=O)C)OC(=O)C","[(2R,3R,5R)-2-[(1S)-1-acetyloxyethyl]-5-(4-amino-2-oxopyrimidin-1-yl)-4,4-difluorooxolan-3-yl] acetate",-0.3,711,-480.573244730773,0.208955223880597,NA,"844260778426070272"
"844260803755472194","C14H17F2N3O6","[M + H]+",6,0.0064499839393857,61.2051632914031,2.92957429905204,58.275588992351,"15","HSDNLXGJTHTADB","C1=CN(C(=O)N=C1N)C2C(C(C(O2)COC(=O)CCCC=O)O)(F)F","[(2R,3R,5R)-5-(4-amino-2-oxopyrimidin-1-yl)-4,4-difluoro-3-hydroxyoxolan-2-yl]methyl 5-oxopentanoate",-1.6,822,-524.396722745932,0.202764976958525,NA,"844260778426070272"
"844260803755472194","C14H17F2N3O6","[M + H]+",6,0.0064499839393857,61.2051632914031,2.92957429905204,58.275588992351,"15","QBYZHSLKSKNBMT","C1=CN(C(=O)N=C1N)C2C(C(C(O2)CC(=O)CCCC(=O)O)O)(F)F","6-[(2R,5R)-5-(4-amino-2-oxopyrimidin-1-yl)-4,4-difluoro-3-hydroxyoxolan-2-yl]-5-oxohexanoic acid",-1.8,841,-538.36259078308,0.191111111111111,NA,"844260778426070272"
"844260803755472194","C14H17F2N3O6","[M + H]+",6,0.0064499839393857,61.2051632914031,2.92957429905204,58.275588992351,"15","COQIKROFTRQKPD","C1=CC(=CC=C1COC(=O)NC(CCCN)(C(F)F)C(=O)O)[N+](=O)[O-]","5-Amino-2-(difluoromethyl)-2-[(4-nitrophenyl)methoxycarbonylamino]pentanoic acid",-0.9,867,-560.082171819643,0.194029850746269,NA,"844260778426070272"
"844260803755472194","C14H17F2N3O6","[M + H]+",6,0.0064499839393857,61.2051632914031,2.92957429905204,58.275588992351,"15","JTBRAGZZOUJIOM","C1=CC(=CC=C1COC(=O)NCCCC(C(F)F)(C(=O)O)N)[N+](=O)[O-]","2-Amino-2-(difluoromethyl)-5-[(4-nitrophenyl)methoxycarbonylamino]pentanoic acid",-0.9,869,-561.02975265749,0.196078431372549,NA,"844260778426070272"
"844260803755472194","C14H17F2N3O6","[M + H]+",6,0.0064499839393857,61.2051632914031,2.92957429905204,58.275588992351,"15","JQDFOYOLKOJNIP","C1CN(CCC1(F)F)C(=O)C2C(C(C(O2)N3C=CC(=O)NC3=O)O)O","1-[(2R,3R,4S,5S)-5-(4,4-difluoropiperidine-1-carbonyl)-3,4-dihydroxyoxolan-2-yl]pyrimidine-2,4-dione",-1,899,-592.161188140629,0.168724279835391,NA,"844260778426070272"
"844260803755472195","C12H22F2NO7P","[M + H]+",7,0.00100683106363365,59.3478934882469,2.11161527569141,57.2362782125555,"15",NA,NA,NA,NA,NA,NA,NA,NA,"844260778426070272"
"844260803755472196","C13H18F2N5O3P","[M + H]+",8,0.000297030355861936,58.1271647135032,2.58318911094764,55.5439756025556,"15",NA,NA,NA,NA,NA,NA,NA,NA,"844260778426070272"
"844260803755472197","C13H19N3O9","[M + H]+",9,0.000127923976399885,57.2847665247289,2.10645282106901,55.1783137036599,"15","WUTMAPVFLPCUSI","CCC(C(=O)O)(N1C(=O)NC(=O)N(C1=O)C(CC)(C(=O)O)OC)OC","2-[3-(1-Carboxy-1-methoxypropyl)-2,4,6-trioxo-1,3,5-triazinan-1-yl]-2-methoxybutanoic acid",-0.2,27,-267.450488981522,0.310344827586207,NA,"844260778426070272"
"844260803755472197","C13H19N3O9","[M + H]+",9,0.000127923976399885,57.2847665247289,2.10645282106901,55.1783137036599,"15","UWFXKBYVOCFSOZ","CC(C(C(=O)O)N1C(=O)NC(=O)N(C1=O)C(C(C)OC)C(=O)O)OC","2-[3-(1-Carboxy-2-methoxypropyl)-2,4,6-trioxo-1,3,5-triazinan-1-yl]-3-methoxybutanoic acid",-1,34,-273.52700461151,0.264462809917355,NA,"844260778426070272"
"844260803755472197","C13H19N3O9","[M + H]+",9,0.000127923976399885,57.2847665247289,2.10645282106901,55.1783137036599,"15","OJTUGTVSBDQQGT","CCOCC(C(=O)O)N1C(=O)NC(=O)N(C1=O)C(COCC)C(=O)O","2-[3-(1-Carboxy-2-ethoxyethyl)-2,4,6-trioxo-1,3,5-triazinan-1-yl]-3-ethoxypropanoic acid",-1.1,43,-278.222920953339,0.247933884297521,NA,"844260778426070272"
"844260803755472197","C13H19N3O9","[M + H]+",9,0.000127923976399885,57.2847665247289,2.10645282106901,55.1783137036599,"15","QUMXCDMKVJRPLC","C1=CC(=CC=C1NC(=O)NC(C(C(C(C(CO)O)O)O)O)O)[N+](=O)[O-]","1-[(2R,3R,4R,5S)-1,2,3,4,5,6-hexahydroxyhexyl]-3-(4-nitrophenyl)urea",-2.4,68,-292.174299934404,0.308641975308642,NA,"844260778426070272"
"844260803755472197","C13H19N3O9","[M + H]+",9,0.000127923976399885,57.2847665247289,2.10645282106901,55.1783137036599,"15","ACLVVTKIENHHMC","C1=C(C=NC(=C1[N+](=O)[O-])OCCOCCOCCOCCO)[N+](=O)[O-]","2-[2-[2-[2-(3,5-Dinitropyridin-2-yl)oxyethoxy]ethoxy]ethoxy]ethanol",-0.3,88,-305.632691416892,0.358333333333333,NA,"844260778426070272"
"844260803755472197","C13H19N3O9","[M + H]+",9,0.000127923976399885,57.2847665247289,2.10645282106901,55.1783137036599,"15","UFMICMYFIBQTTN","C(CC(=O)O)C(C(=O)NC(CCC(=O)O)C(=O)NCC(=O)O)NC=O","5-[[4-Carboxy-1-(carboxymethylamino)-1-oxobutan-2-yl]amino]-4-formamido-5-oxopentanoic acid",-2.4,92,-306.256154978495,0.160377358490566,NA,"844260778426070272"
"844260803755472197","C13H19N3O9","[M + H]+",9,0.000127923976399885,57.2847665247289,2.10645282106901,55.1783137036599,"15","SROCBFQYXHEAOS","CNC(C1=CN(C(=O)NC1=O)C2C(C(C(C(O2)CO)O)O)O)C(=O)O","2-[2,4-Dioxo-1-[3,4,5-trihydroxy-6-(hydroxymethyl)oxan-2-yl]pyrimidin-5-yl]-2-(methylamino)acetic acid",-5.5,100,-309.791962822345,0.291891891891892,NA,"844260778426070272"
"844260803755472197","C13H19N3O9","[M + H]+",9,0.000127923976399885,57.2847665247289,2.10645282106901,55.1783137036599,"15","JEOVCBGQEKTLCW","COCCC(C(=O)O)N1C(=O)NC(=O)N(C1=O)C(CCOC)C(=O)O","2-[3-(1-Carboxy-3-methoxypropyl)-2,4,6-trioxo-1,3,5-triazinan-1-yl]-4-methoxybutanoic acid",-1.1,130,-317.800272541789,0.259842519685039,NA,"844260778426070272"
"844260803755472197","C13H19N3O9","[M + H]+",9,0.000127923976399885,57.2847665247289,2.10645282106901,55.1783137036599,"15","RJFNHZKFNKXPBE","C(CC(=O)OCCN1C(=O)N(C(=O)N(C1=O)CCO)CCO)C(=O)O","4-[2-[3,5-Bis(2-hydroxyethyl)-2,4,6-trioxo-1,3,5-triazinan-1-yl]ethoxy]-4-oxobutanoic acid",-2.7,161,-328.912999570927,0.229007633587786,NA,"844260778426070272"
"844260803755472197","C13H19N3O9","[M + H]+",9,0.000127923976399885,57.2847665247289,2.10645282106901,55.1783137036599,"15","GPALHKVMTSSUMT","CC(=O)OCC1(C(C(C(C(O1)N=[N+]=[N-])OC(=O)C)OC(=O)C)O)OC","[(2S,3S,4S,5S,6S)-4,5-diacetyloxy-6-azido-3-hydroxy-2-methoxyoxan-2-yl]methyl acetate",-0.1,186,-335.082224378289,0.294520547945205,NA,"844260778426070272"
"844260803755472197","C13H19N3O9","[M + H]+",9,0.000127923976399885,57.2847665247289,2.10645282106901,55.1783137036599,"15","KBLOEHMGPOSANZ","CC(=O)OC1COC(C(C1OC(=O)C)OC(=O)C)NC(=O)N(C)N=O","1-methyl-1-nitroso-3-(2,3,4-tri-O-acetyl-beta-D-xylopyranosyl)urea",-0.719084,326,-374.260682504088,0.265060240963855,0,"844260778426070272"
"844260803755472197","C13H19N3O9","[M + H]+",9,0.000127923976399885,57.2847665247289,2.10645282106901,55.1783137036599,"15","MMIVLCKYFVQJNW","C1=CC(=CC=C1NC(=O)N)OC2C(C(C(C(O2)CON(O)O)O)O)O","[4-[(2R,5S)-6-[(dihydroxyamino)oxymethyl]-3,4,5-trihydroxyoxan-2-yl]oxyphenyl]urea",-1.8767442,357,-382.09918005823,0.295180722891566,NA,"844260778426070272"
"844260803755472197","C13H19N3O9","[M + H]+",9,0.000127923976399885,57.2847665247289,2.10645282106901,55.1783137036599,"15","AEXPSFZPKNIQPO","C1C(C(OC1N2C=C(C(=O)NC2=O)N(CC(CO)O)C(=O)O)CO)O","2,3-dihydroxypropyl-[1-[(2S,5S)-4-hydroxy-5-(hydroxymethyl)oxolan-2-yl]-2,4-dioxopyrimidin-5-yl]carbamic acid",-2.779849,459,-409.057621406352,0.264248704663212,NA,"844260778426070272"
"844260803755472197","C13H19N3O9","[M + H]+",9,0.000127923976399885,57.2847665247289,2.10645282106901,55.1783137036599,"15","VELJDKSSVXYVKT","COC1=C(C=CC(=C1)C=CC(=O)NCC(CON(O)O)ON(O)O)O","(E)-N-[2,3-bis[(dihydroxyamino)oxy]propyl]-3-(4-hydroxy-3-methoxyphenyl)prop-2-enamide",-0.61363757,471,-413.294989099035,0.261363636363636,NA,"844260778426070272"
"844260803755472197","C13H19N3O9","[M + H]+",9,0.000127923976399885,57.2847665247289,2.10645282106901,55.1783137036599,"15","BVGGXJNHEBZUAZ","CC1C(C(C(C(O1)(O)ON=[N+]=[N-])(C)OC(=O)C)OC(=O)C)OC(=O)C","[(2R,3R,4S,5R,6R)-4,5-diacetyloxy-6-azidooxy-6-hydroxy-2,5-dimethyloxan-3-yl] acetate",1.1,504,-422.587459667936,0.169491525423729,NA,"844260778426070272"
"844260803755472198","C17H16FN3O5","[M + H]+",10,7.7448978114993e-05,56.7829497442846,2.32209355262945,54.4608561916551,"15","STWSEMQJSXTUDI","CCC(=O)NC1=CC(=CC=C1)NC(=O)COC2=CC(=C(C=C2)[N+](=O)[O-])F","N-[3-[[2-(3-fluoro-4-nitrophenoxy)acetyl]amino]phenyl]propanamide",2.4,2,-224.031468740211,0.437956204379562,Inf,"844260778426070272"
"844260803755472198","C17H16FN3O5","[M + H]+",10,7.7448978114993e-05,56.7829497442846,2.32209355262945,54.4608561916551,"15","IDPRSJFPZKEETI","COC1=CC(=C(C=C1)NC2=C(OC3=C2C=NC=C3)C(=O)NOCCO)F","3-(2-fluoro-4-methoxyanilino)-N-(2-hydroxyethoxy)furo[3,2-c]pyridine-2-carboxamide",2.4,7,-242.792443152077,0.438709677419355,NA,"844260778426070272"
"844260803755472198","C17H16FN3O5","[M + H]+",10,7.7448978114993e-05,56.7829497442846,2.32209355262945,54.4608561916551,"15","CYMSZXYMQOWREV","C1=CC(=C(C=C1CO)F)NC2=C(OC3=C2C=NC=C3)C(=O)NOCCO","3-[2-fluoro-4-(hydroxymethyl)anilino]-N-(2-hydroxyethoxy)furo[3,2-c]pyridine-2-carboxamide",1.5,8,-245.667754262886,0.4,NA,"844260778426070272"
"844260803755472198","C17H16FN3O5","[M + H]+",10,7.7448978114993e-05,56.7829497442846,2.32209355262945,54.4608561916551,"15","YYDXSBMWJAJTEX","COC1=C(C=CC(=C1)[N+](=O)[O-])NC(=O)CCC(=O)NC2=CC=C(C=C2)F","N-(4-fluorophenyl)-N'-(2-methoxy-4-nitrophenyl)butanediamide",1.7,12,-249.503947236046,0.418439716312057,NA,"844260778426070272"
"844260803755472198","C17H16FN3O5","[M + H]+",10,7.7448978114993e-05,56.7829497442846,2.32209355262945,54.4608561916551,"15","HACWGNUSUGMICQ","CC(=O)C1=CN(C(=C1)C(=O)OCC(=O)NC(=O)NC2=CC=CC=C2F)C","[2-[(2-Fluorophenyl)carbamoylamino]-2-oxoethyl] 4-acetyl-1-methylpyrrole-2-carboxylate",1.7,13,-250.69124039184,0.363636363636364,NA,"844260778426070272"
"844260803755472198","C17H16FN3O5","[M + H]+",10,7.7448978114993e-05,56.7829497442846,2.32209355262945,54.4608561916551,"15","PWIQQGGREWSQNJ","C=C(C1=CC(=CC(=C1)[N+](=O)[O-])[N+](=O)[O-])NCCOCC2=CC=C(C=C2)F","1-(3,5-dinitrophenyl)-N-[2-[(4-fluorophenyl)methoxy]ethyl]ethenamine",3.6,14,-253.561388036616,0.309859154929577,NA,"844260778426070272"
"844260803755472198","C17H16FN3O5","[M + H]+",10,7.7448978114993e-05,56.7829497442846,2.32209355262945,54.4608561916551,"15","XKGHFFKPXVYLAJ","CC1=C(C=C(C=C1)NC(=O)NC(=O)COC2=C(C=CC(=C2)F)[N+](=O)[O-])C","N-[(3,4-dimethylphenyl)carbamoyl]-2-(5-fluoro-2-nitrophenoxy)acetamide",3.6,15,-253.612781426956,0.401360544217687,NA,"844260778426070272"
"844260803755472198","C17H16FN3O5","[M + H]+",10,7.7448978114993e-05,56.7829497442846,2.32209355262945,54.4608561916551,"15","QVMGSVFDTMCFGU","CC1=C(C(=CC=C1)NC(=O)NC(=O)COC2=C(C=CC(=C2)F)[N+](=O)[O-])C","N-[(2,3-dimethylphenyl)carbamoyl]-2-(5-fluoro-2-nitrophenoxy)acetamide",3.6,16,-254.360721150896,0.397260273972603,NA,"844260778426070272"
"844260803755472198","C17H16FN3O5","[M + H]+",10,7.7448978114993e-05,56.7829497442846,2.32209355262945,54.4608561916551,"15","KJKMUGRYRXKUFY","C1COCCC1OC2=NC=C(C=C2)C(=O)NC3=CC(=C(C=C3)F)[N+](=O)[O-]","N-(4-fluoro-3-nitrophenyl)-6-((tetrahydro-2H-pyran-4-yl)oxy)nicotinamide",2.3,17,-256.028195514512,0.397435897435897,NA,"844260778426070272"
"844260803755472198","C17H16FN3O5","[M + H]+",10,7.7448978114993e-05,56.7829497442846,2.32209355262945,54.4608561916551,"15","FLSATZDBPOFWDX","CC1=CC(=C(C=C1)NC(=O)NC(=O)COC2=C(C=CC(=C2)F)[N+](=O)[O-])C","N-[(2,4-dimethylphenyl)carbamoyl]-2-(5-fluoro-2-nitrophenoxy)acetamide",3.6,18,-257.025436760004,0.397260273972603,NA,"844260778426070272"
"844260803755472198","C17H16FN3O5","[M + H]+",10,7.7448978114993e-05,56.7829497442846,2.32209355262945,54.4608561916551,"15","OTDXSKXENBNYTJ","CC1=C(C=CC=C1[N+](=O)[O-])NC(=O)CNC2=C(C=CC(=C2)C(=O)OC)F","Methyl 4-fluoro-3-[[2-(2-methyl-3-nitroanilino)-2-oxoethyl]amino]benzoate",3,19,-258.166206365778,0.375838926174497,NA,"844260778426070272"
"844260803755472198","C17H16FN3O5","[M + H]+",10,7.7448978114993e-05,56.7829497442846,2.32209355262945,54.4608561916551,"15","SUCGWEYWAUUJAC","CCOC(=O)C(C=O)NC1=CC(=C(C=C1)OC2=CC(=NC=C2)C(=O)N)F","Ethyl 2-[4-(2-carbamoylpyridin-4-yl)oxy-3-fluoroanilino]-3-oxopropanoate",1.7,21,-259.33566565329,0.387096774193548,NA,"844260778426070272"
"844260803755472198","C17H16FN3O5","[M + H]+",10,7.7448978114993e-05,56.7829497442846,2.32209355262945,54.4608561916551,"15","NWYRMQWBJUAJRT","CC(C(=O)NC1=CC=C(C=C1)NC(=O)C)OC2=C(C=CC(=C2)F)[N+](=O)[O-]","(2S)-N-(4-acetamidophenyl)-2-(5-fluoro-2-nitrophenoxy)propanamide",2.3,22,-259.571110730444,0.402877697841727,NA,"844260778426070272"
"844260803755472198","C17H16FN3O5","[M + H]+",10,7.7448978114993e-05,56.7829497442846,2.32209355262945,54.4608561916551,"15","RWJCJODFLMNQCL","CC(=O)C1=CNC(=C1)C(=O)OCC(=O)NCC(=O)NC2=CC=C(C=C2)F","[2-[[2-(4-fluoroanilino)-2-oxoethyl]amino]-2-oxoethyl] 4-acetyl-1H-pyrrole-2-carboxylate",0.9,23,-259.774782736791,0.392405063291139,NA,"844260778426070272"
"844260803755472198","C17H16FN3O5","[M + H]+",10,7.7448978114993e-05,56.7829497442846,2.32209355262945,54.4608561916551,"15","LUPJLWJSVYKKJK","CC(=O)NNC(=O)C1=CN(C=C(C1=O)C(=O)OC)CC2=CC=C(C=C2)F","Methyl 5-(acetamidocarbamoyl)-1-[(4-fluorophenyl)methyl]-4-oxopyridine-3-carboxylate",1.5,24,-262.412569013778,0.342105263157895,NA,"844260778426070272"
"844260862521865763","C15H13F2N7O2","[M + H]+",1,0.904576473243151,61.8186677535159,3.38804882494812,58.4306189285678,"16",NA,NA,NA,NA,NA,NA,NA,NA,"844260778430264577"
"844260862521865764","C14H17F2N3O6","[M + H]+",2,0.0373418494270202,58.6313155709883,2.56511853052823,56.06619704046,"16",NA,NA,NA,NA,NA,NA,NA,NA,"844260778430264577"
"844260862521865765","C12H14F3N7O3","[M + H]+",3,0.0274248490833829,58.3226504079833,1.91403095089685,56.4086194570865,"16",NA,NA,NA,NA,NA,NA,NA,NA,"844260778430264577"
"844260862521865766","C11H18F3N3O7","[M + H]+",4,0.0143097016009308,57.6721386455873,0.799250057684435,56.8728885879029,"16",NA,NA,NA,NA,NA,NA,NA,NA,"844260778430264577"
"844260862521865767","C9H15N9O7","[M + H]+",5,0.0124736595365736,57.5348200886081,0,57.5348200886081,"16",NA,NA,NA,NA,NA,NA,NA,NA,"844260778430264577"
"844260862521865768","C20H15N3O4","[M + H]+",6,0.00280649130194052,56.0431359608622,0.84157713937369,55.2015588214885,"16","XBESKJZOHAWRHS","COC1=CC=CC(=C1)N2C(=C(C(=O)NC2=O)C=C3C=NC4=CC=CC=C43)O","6-Hydroxy-5-(indol-3-ylidenemethyl)-1-(3-methoxyphenyl)pyrimidine-2,4-dione",1.8,1,-303.213330349912,0.446808510638298,0,"844260778430264577"
"844260862521865768","C20H15N3O4","[M + H]+",6,0.00280649130194052,56.0431359608622,0.84157713937369,55.2015588214885,"16","OKLQCZBOAHZABU","COC1=CC=C(C=C1)N2C(=C(C(=O)NC2=O)C=C3C=NC4=CC=CC=C43)O","6-Hydroxy-5-(indol-3-ylidenemethyl)-1-(4-methoxyphenyl)pyrimidine-2,4-dione",1.8,2,-311.661932783159,0.426573426573427,2,"844260778430264577"
"844260862521865768","C20H15N3O4","[M + H]+",6,0.00280649130194052,56.0431359608622,0.84157713937369,55.2015588214885,"16","MUKZNQTVLXQHRH","COC1=CC(=C(C=C1)C2=C3C(=C4C=CC(=O)C=C4O3)N=C5C2=CNN5)OC","4-(2,4-dimethoxyphenyl)-1H-benzofuro[3,2-b]pyrazolo[4,3-e]pyridin-7-ol",1,3,-332.045921555705,0.357512953367876,Inf,"844260778430264577"
"844260862521865768","C20H15N3O4","[M + H]+",6,0.00280649130194052,56.0431359608622,0.84157713937369,55.2015588214885,"16","PUDYPYSNBKKWCZ","COC1=CC=C(C=C1)N2C3=C(C=CC(=N3)C4=CC=CC=C4O)C(=O)NC2=O","7-(2-hydroxyphenyl)-1-(4-methoxyphenyl)-1H,2H,3H,4H-pyrido[2,3-d]pyrimidine-2,4-dione",2.7,4,-339.275422606475,0.4,NA,"844260778430264577"
"844260862521865768","C20H15N3O4","[M + H]+",6,0.00280649130194052,56.0431359608622,0.84157713937369,55.2015588214885,"16","JONQCFJPPWOWOJ","C1=CC=C(C=C1)C2=C(C3=CC=CC=C3N2)CC4=NC(=C(C(=O)N4)O)C(=O)O","5,6-Dihydroxy-2-[(2-Phenyl-1h-Indol-3-Yl)methyl]pyrimidine-4-Carboxylic Acid",2.8,5,-344.041722540133,0.347560975609756,NA,"844260778430264577"
"844260862521865768","C20H15N3O4","[M + H]+",6,0.00280649130194052,56.0431359608622,0.84157713937369,55.2015588214885,"16","AOEIQEHYOZILKV","COC1=CC=CC(=C1)C(=O)NC2=CC=C(C=C2)C3=NN=C(O3)C4=CC=CO4","N-{4-[5-(furan-2-yl)-1,3,4-oxadiazol-2-yl]phenyl}-3-methoxybenzamide",3,6,-351.791475518342,0.298342541436464,NA,"844260778430264577"
"844260862521865768","C20H15N3O4","[M + H]+",6,0.00280649130194052,56.0431359608622,0.84157713937369,55.2015588214885,"16","MDOQJLLAKJRIGD","C1=CC2=C(C=C1O)NC=C2C3C(C(=O)NC3=O)C4=CNC5=C4C=CC(=C5)O","Dihydroarcyriarubin C",1.9,7,-369.515718793601,0.355263157894737,NA,"844260778430264577"
"844260862521865768","C20H15N3O4","[M + H]+",6,0.00280649130194052,56.0431359608622,0.84157713937369,55.2015588214885,"16","XQLMMQLYXOMQKO","COC1=CC2=C(C=C1)C(=O)N3CCC4=C(C3=N2)NC5=CC6=C(C=C45)OCO6","Orisuaveoline B",2.8,8,-384.963771570014,0.403314917127072,NA,"844260778430264577"
"844260862521865768","C20H15N3O4","[M + H]+",6,0.00280649130194052,56.0431359608622,0.84157713937369,55.2015588214885,"16","YPFGTXACUAVDOJ","CN1C2=NC3=C4C=CC(=O)C=C4OC3=C(C2=CN1)C5=CC(=C(C=C5)O)OC","4-(4-hydroxy-3-methoxyphenyl)-1-methyl-1H-benzofuro[3,2-b]pyrazolo[4,3-e]pyridin-7-ol",0.8,9,-389.185076495571,0.354166666666667,NA,"844260778430264577"
"844260862521865768","C20H15N3O4","[M + H]+",6,0.00280649130194052,56.0431359608622,0.84157713937369,55.2015588214885,"16","BNMWBRJGVFOWDK","CC(=O)NC1=NC(=NC2=C1C(=O)OC3=CC=CC=C32)C4=CC=C(C=C4)OC","N-[2-(4-methoxyphenyl)-5-oxo-5H-chromeno[4,3-d]pyrimidin-4-yl]acetamide",3,10,-393.129655198907,0.333333333333333,NA,"844260778430264577"
"844260862521865768","C20H15N3O4","[M + H]+",6,0.00280649130194052,56.0431359608622,0.84157713937369,55.2015588214885,"16","QWNCUDVCMGPFRR","C1CN(C2=NC3=CC=CC=C3N21)C(=O)COC4=CC5=C(C=C4)C=CC(=O)O5","7-(2-oxo-2-{2,5,7-triazatricyclo[6.4.0.0²,⁶]dodeca-1(12),6,8,10-tetraen-5-yl}ethoxy)-2H-chromen-2-one",2.5,11,-396.052836977253,0.366492146596859,NA,"844260778430264577"
"844260862521865768","C20H15N3O4","[M + H]+",6,0.00280649130194052,56.0431359608622,0.84157713937369,55.2015588214885,"16","RZZUAVPTAVWZIS","CN1C2=CC=CC=C2C(=O)C(=C3C(=CC4=CC(=CC=C4)O)C(=O)NN3)C1=O","(3Z)-3-[(4Z)-4-[(3-hydroxyphenyl)methylidene]-5-oxopyrazolidin-3-ylidene]-1-methylquinoline-2,4-dione",2.2,12,-396.087000660756,0.319018404907975,NA,"844260778430264577"
"844260862521865768","C20H15N3O4","[M + H]+",6,0.00280649130194052,56.0431359608622,0.84157713937369,55.2015588214885,"16","KRROWEKGYCWUAM","CN1C2=CC=CC=C2C(=O)C(=C3C(=CC4=CC=CC=C4O)C(=O)NN3)C1=O","(3Z)-3-[(4Z)-4-[(2-hydroxyphenyl)methylidene]-5-oxopyrazolidin-3-ylidene]-1-methylquinoline-2,4-dione",2.2,13,-398.49024970415,0.312883435582822,NA,"844260778430264577"
"844260862521865768","C20H15N3O4","[M + H]+",6,0.00280649130194052,56.0431359608622,0.84157713937369,55.2015588214885,"16","UBCBRRGIEWAJCQ","CC1=C2C(=C3C(=C(C4=CNN(C4=N3)C)C5=CC(=C(C=C5)O)O)O2)C=CC1=O","4-(7-hydroxy-1,6-dimethyl-1H-benzofuro[3,2-b]pyrazolo[4,3-e]pyridin-4-yl)benzene-1,2-diol",0.9,14,-400.862268275016,0.347593582887701,NA,"844260778430264577"
"844260862521865768","C20H15N3O4","[M + H]+",6,0.00280649130194052,56.0431359608622,0.84157713937369,55.2015588214885,"16","BGVFJHZLNUVXJW","CN1C2=NC3=C4C=CC(=O)C=C4OC3=C(C2=CN1)C5=CC(=C(C=C5)OC)O","4-(3-hydroxy-4-methoxyphenyl)-1-methyl-1H-benzofuro[3,2-b]pyrazolo[4,3-e]pyridin-7-ol",0.8,15,-402.699741916022,0.353846153846154,NA,"844260778430264577"
"844260862521865769","C17H16FN3O5","[M + H]+",7,0.000700330898804876,54.6549985616683,2.56878816941993,52.0862103922483,"16",NA,NA,NA,NA,NA,NA,NA,NA,"844260778430264577"
"844260862521865770","C12H22F2NO7P","[M + H]+",8,0.000199147385019718,53.3974908045744,1.1302620877966,52.2672287167778,"16",NA,NA,NA,NA,NA,NA,NA,NA,"844260778430264577"
"844260862521865771","C13H18F2N5O3P","[M + H]+",9,6.72462032097091e-05,52.3118061847798,1.94042664094138,50.3713795438384,"16",NA,NA,NA,NA,NA,NA,NA,NA,"844260778430264577"
"844260862521865772","C15H21FNO6P","[M + H]+",10,4.33844516762517e-05,51.8735467463495,3.19053193387546,48.6830148124741,"16",NA,NA,NA,NA,NA,NA,NA,NA,"844260778430264577"
"844260810852234587","C15H13F2N7O2","[M + H]+",1,0.959465716372455,62.4371053115325,3.27077612576342,59.1663291857691,"17","FOZXIPLAGUNHIE","CN1C(=C(C=N1)C2=NC(=NC=C2F)OC)C(=O)NC3=CC(=NC=C3F)N","N-(2-amino-5-fluoropyridin-4-yl)-4-(5-fluoro-2-methoxypyrimidin-4-yl)-2-methylpyrazole-3-carboxamide",0.4,1,-186.58036948514,0.495495495495495,0,"844260778438653186"
"844260810852234587","C15H13F2N7O2","[M + H]+",1,0.959465716372455,62.4371053115325,3.27077612576342,59.1663291857691,"17","PIKDWSFQRYHGPE","C1=CC(=C(C=C1F)F)NC(=O)NCCN2C(=O)C=CC(=N2)N3C=NC=N3","1-(2,4-difluorophenyl)-3-(2-(6-oxo-3-(1H-1,2,4-triazol-1-yl)pyridazin-1(6H)-yl)ethyl)urea",0.5,2,-219.061078281919,0.454545454545455,Inf,"844260778438653186"
"844260810852234587","C15H13F2N7O2","[M + H]+",1,0.959465716372455,62.4371053115325,3.27077612576342,59.1663291857691,"17","KMTLMRMWJDBVTB","C1=CC(=C(C=C1F)NC(=O)NCCN2C(=O)C=CC(=N2)N3C=NC=N3)F","1-(2,5-difluorophenyl)-3-(2-(6-oxo-3-(1H-1,2,4-triazol-1-yl)pyridazin-1(6H)-yl)ethyl)urea",0.5,3,-220.585310943898,0.466101694915254,NA,"844260778438653186"
"844260810852234587","C15H13F2N7O2","[M + H]+",1,0.959465716372455,62.4371053115325,3.27077612576342,59.1663291857691,"17","PQAMDKDZSSHTAQ","C1=CC(=C(C=C1NC(=O)NCCN2C(=O)C=CC(=N2)N3C=NC=N3)F)F","1-(3,4-difluorophenyl)-3-(2-(6-oxo-3-(1H-1,2,4-triazol-1-yl)pyridazin-1(6H)-yl)ethyl)urea",0.5,4,-227.280059082378,0.450819672131148,NA,"844260778438653186"
"844260810852234587","C15H13F2N7O2","[M + H]+",1,0.959465716372455,62.4371053115325,3.27077612576342,59.1663291857691,"17","MCSNHWJKNRXSFD","CC(C1=NC=NN1C2=NC=CC=N2)NC(=O)C3=CC(=CN=C3)OC(F)F","5-(difluoromethoxy)-N-[1-(2-pyrimidin-2-yl-1,2,4-triazol-3-yl)ethyl]pyridine-3-carboxamide",1.3,5,-242.454611935233,0.433333333333333,NA,"844260778438653186"
"844260810852234587","C15H13F2N7O2","[M + H]+",1,0.959465716372455,62.4371053115325,3.27077612576342,59.1663291857691,"17","JINYNPTZFYTAAE","CNC1=CC2=NC3=C(C=NN13)C(=O)NCCOC4=C(C=C(C(=N4)N2)F)F",NA,1.3,6,-244.524138822886,0.416666666666667,NA,"844260778438653186"
"844260810852234587","C15H13F2N7O2","[M + H]+",1,0.959465716372455,62.4371053115325,3.27077612576342,59.1663291857691,"17","JOXSMAKUPLSCFK","CNC1=CC2=NC3=C(C=NN13)C(=O)NCCOC4=C(C(=CC(=N4)N2)F)F",NA,1.3,7,-245.304207378599,0.419847328244275,NA,"844260778438653186"
"844260810852234587","C15H13F2N7O2","[M + H]+",1,0.959465716372455,62.4371053115325,3.27077612576342,59.1663291857691,"17","DOKYXQUHEBRWHL","CNC1=CC2=NC3=C(C=NN13)C(=O)NCCOC4=NC(=C(C(=C4)F)F)N2",NA,1.3,8,-245.43517378153,0.416666666666667,NA,"844260778438653186"
"844260810852234587","C15H13F2N7O2","[M + H]+",1,0.959465716372455,62.4371053115325,3.27077612576342,59.1663291857691,"17","RGLWMSKFLHMTMK","C1=CC(=C(N=C1)OC2=C(C=C(C=C2)F)F)CNC(=O)CN3C(=NN=N3)N","2-(5-amino-1H-tetrazol-1-yl)-N-{[2-(2,4-difluorophenoxy)pyridin-3-yl]methyl}acetamide",1.2,10,-258.223683449085,0.4375,NA,"844260778438653186"
"844260810852234587","C15H13F2N7O2","[M + H]+",1,0.959465716372455,62.4371053115325,3.27077612576342,59.1663291857691,"17","OGXZJNBJBKZZGO","CC1=NON=C1CN2C3=C(C(=O)NC(=N3)C(C4=CC=CC=C4)(F)F)NN2","5-[difluoro(phenyl)methyl]-3-[(4-methyl-1,2,5-oxadiazol-3-yl)methyl]-2,6-dihydro-1H-triazolo[4,5-d]pyrimidin-7-one",2.6,11,-260.004003880991,0.4,NA,"844260778438653186"
"844260810852234587","C15H13F2N7O2","[M + H]+",1,0.959465716372455,62.4371053115325,3.27077612576342,59.1663291857691,"17","OIALPWCJCSMRGK","C1C2(CC1(F)F)CN(C2)C(=O)C3=CN(N=N3)C4=NN5C=CC=C5C(=O)N4","2-[4-(6,6-difluoro-2-azaspiro[3.3]heptane-2-carbonyl)triazol-1-yl]-3H-pyrrolo[2,1-f][1,2,4]triazin-4-one",0.9,15,-303.395694375742,0.393939393939394,NA,"844260778438653186"
"844260810852234587","C15H13F2N7O2","[M + H]+",1,0.959465716372455,62.4371053115325,3.27077612576342,59.1663291857691,"17","ZKLPXXGDZRZHGE","C1CC12CN(CC2(F)F)C3=CC(=NN4C3=NC=N4)C5=CNC(=O)NC5=O","5-[8-(7,7-difluoro-5-azaspiro[2.4]heptan-5-yl)-[1,2,4]triazolo[1,5-b]pyridazin-6-yl]-1H-pyrimidine-2,4-dione",0.3,20,-350.939598362123,0.358108108108108,NA,"844260778438653186"
"844260810852234587","C15H13F2N7O2","[M + H]+",1,0.959465716372455,62.4371053115325,3.27077612576342,59.1663291857691,"17","JMTPBJUZPYHNEA","C1CC12CN(CC2(F)F)C3=CC(=NN4C3=NN=C4)C5=CNC(=O)NC5=O","5-[8-(7,7-difluoro-5-azaspiro[2.4]heptan-5-yl)-[1,2,4]triazolo[4,3-b]pyridazin-6-yl]-1H-pyrimidine-2,4-dione",-0.3,22,-352.945435460427,0.355704697986577,NA,"844260778438653186"
"844260810852234587","C15H13F2N7O2","[M + H]+",1,0.959465716372455,62.4371053115325,3.27077612576342,59.1663291857691,"17","IPONHXGOODDWMS","C1CC12CN(CC2(F)F)C3=CC(=NC4=NC=NN34)C5=CNC(=O)NC5=O","5-[7-(7,7-difluoro-5-azaspiro[2.4]heptan-5-yl)-[1,2,4]triazolo[1,5-a]pyrimidin-5-yl]-1H-pyrimidine-2,4-dione",0.4,24,-370.937536756073,0.326923076923077,NA,"844260778438653186"
"844260810852234587","C15H13F2N7O2","[M + H]+",1,0.959465716372455,62.4371053115325,3.27077612576342,59.1663291857691,"17","XCRZLFRHRAYWPB","CN1N=C(N=N1)C(=O)NC2CCC3=C2C=CC(=C3)C4=NOC(=N4)C(F)F","N-[5-[5-(difluoromethyl)-1,2,4-oxadiazol-3-yl]-2,3-dihydro-1H-inden-1-yl]-2-methyltetrazole-5-carboxamide",2.2,27,-400.612201516421,0.322147651006711,NA,"844260778438653186"
"844260810852234588","C12H14F3N7O3","[M + H]+",2,0.0317178566785262,59.0276085518947,1.67094942894656,57.3566591229482,"17","CFYZNRWKQYLEBN","CN1C(=C(C(=N1)N2CC(C2)(C3=NC=NN3C)OC)[N+](=O)[O-])C(F)(F)F","5-[3-Methoxy-1-[1-methyl-4-nitro-5-(trifluoromethyl)pyrazol-3-yl]azetidin-3-yl]-1-methyl-1,2,4-triazole",0.5,9,-248.273464576809,0.393700787401575,NA,"844260778438653186"
"844260810852234588","C12H14F3N7O3","[M + H]+",2,0.0317178566785262,59.0276085518947,1.67094942894656,57.3566591229482,"17","WSXZVUWPGPFFRD","CC1=NC(=NN1C2=NNC(=N2)C(F)(F)F)C(=O)NCC(C)(C)C(=O)O","2,2-dimethyl-3-[[5-methyl-1-[5-(trifluoromethyl)-1H-1,2,4-triazol-3-yl]-1,2,4-triazole-3-carbonyl]amino]propanoic acid",1.4,12,-291.64033233249,0.317241379310345,NA,"844260778438653186"
"844260810852234588","C12H14F3N7O3","[M + H]+",2,0.0317178566785262,59.0276085518947,1.67094942894656,57.3566591229482,"17","WXKDRRFOSNTCKL","CC1=NC(=NN1C2=NNC(=N2)C(F)(F)F)C(=O)N(CC(=O)O)C(C)C","2-[[5-methyl-1-[5-(trifluoromethyl)-1H-1,2,4-triazol-3-yl]-1,2,4-triazole-3-carbonyl]-propan-2-ylamino]acetic acid",1.6,13,-299.594268763959,0.302013422818792,NA,"844260778438653186"
"844260810852234588","C12H14F3N7O3","[M + H]+",2,0.0317178566785262,59.0276085518947,1.67094942894656,57.3566591229482,"17","PHSLFFNBMPDTLL","CC1=NC(=NN1C2=NNC(=N2)C(F)(F)F)C(=O)N(C)C(C)(C)C(=O)O","2-methyl-2-[methyl-[5-methyl-1-[5-(trifluoromethyl)-1H-1,2,4-triazol-3-yl]-1,2,4-triazole-3-carbonyl]amino]propanoic acid",1.4,14,-301.607408814804,0.280821917808219,NA,"844260778438653186"
"844260810852234588","C12H14F3N7O3","[M + H]+",2,0.0317178566785262,59.0276085518947,1.67094942894656,57.3566591229482,"17","FWQFKNAIHMGGGE","CCCN(CC(=O)O)C(=O)C1=NN(C(=N1)C)C2=NNC(=N2)C(F)(F)F","2-[[5-methyl-1-[5-(trifluoromethyl)-1H-1,2,4-triazol-3-yl]-1,2,4-triazole-3-carbonyl]-propylamino]acetic acid",1.7,16,-309.385289026242,0.299363057324841,NA,"844260778438653186"
"844260810852234588","C12H14F3N7O3","[M + H]+",2,0.0317178566785262,59.0276085518947,1.67094942894656,57.3566591229482,"17","RIVMOGGKOUBILA","C1=C(C(=O)NC(=O)N1CC(F)(F)F)CNC(=O)CCCC2=NNN=N2","N-[[2,4-dioxo-1-(2,2,2-trifluoroethyl)pyrimidin-5-yl]methyl]-4-(2H-tetrazol-5-yl)butanamide",-0.2,17,-323.216417486251,0.342281879194631,NA,"844260778438653186"
"844260810852234588","C12H14F3N7O3","[M + H]+",2,0.0317178566785262,59.0276085518947,1.67094942894656,57.3566591229482,"17","WLFUMOWTTXBNHH","CCC(C)(C(=O)O)NC(=O)C1=NN(C(=N1)C)C2=NNC(=N2)C(F)(F)F","2-methyl-2-[[5-methyl-1-[5-(trifluoromethyl)-1H-1,2,4-triazol-3-yl]-1,2,4-triazole-3-carbonyl]amino]butanoic acid",1.7,18,-329.419523874009,0.285714285714286,NA,"844260778438653186"
"844260810852234588","C12H14F3N7O3","[M + H]+",2,0.0317178566785262,59.0276085518947,1.67094942894656,57.3566591229482,"17","KDGIFBZCSXNMKY","CC1=NC(=NN1C2=NNC(=N2)C(F)(F)F)C(=O)NCC(C)CC(=O)O","3-methyl-4-[[5-methyl-1-[5-(trifluoromethyl)-1H-1,2,4-triazol-3-yl]-1,2,4-triazole-3-carbonyl]amino]butanoic acid",1.3,19,-333.900942848007,0.315789473684211,NA,"844260778438653186"
"844260810852234588","C12H14F3N7O3","[M + H]+",2,0.0317178566785262,59.0276085518947,1.67094942894656,57.3566591229482,"17","HTBCVVYYGFODDC","CC1=NC(=NN1C2=NNC(=N2)C(F)(F)F)C(=O)NC(C(C)C)C(=O)O","3-methyl-2-[[5-methyl-1-[5-(trifluoromethyl)-1H-1,2,4-triazol-3-yl]-1,2,4-triazole-3-carbonyl]amino]butanoic acid",2,25,-372.811065632154,0.263803680981595,NA,"844260778438653186"
"844260810852234588","C12H14F3N7O3","[M + H]+",2,0.0317178566785262,59.0276085518947,1.67094942894656,57.3566591229482,"17","IGPSHAHSHFVEGF","CC1=NC(=NN1C2=NNC(=N2)C(F)(F)F)C(=O)NCCCCC(=O)O","5-[[5-methyl-1-[5-(trifluoromethyl)-1H-1,2,4-triazol-3-yl]-1,2,4-triazole-3-carbonyl]amino]pentanoic acid",1.2,29,-408.218465648472,0.294117647058824,NA,"844260778438653186"
"844260810852234588","C12H14F3N7O3","[M + H]+",2,0.0317178566785262,59.0276085518947,1.67094942894656,57.3566591229482,"17","KGFWOLWQESAWQX","CC1=NC(=NN1C2=NNC(=N2)C(F)(F)F)C(=O)NC(C)CCC(=O)O","4-[[5-methyl-1-[5-(trifluoromethyl)-1H-1,2,4-triazol-3-yl]-1,2,4-triazole-3-carbonyl]amino]pentanoic acid",1.3,33,-424.313812379873,0.27710843373494,NA,"844260778438653186"
"844260810852234588","C12H14F3N7O3","[M + H]+",2,0.0317178566785262,59.0276085518947,1.67094942894656,57.3566591229482,"17","YQALYJYBDXGRTD","CCCC(C(=O)O)NC(=O)C1=NN(C(=N1)C)C2=NNC(=N2)C(F)(F)F","2-[[5-methyl-1-[5-(trifluoromethyl)-1H-1,2,4-triazol-3-yl]-1,2,4-triazole-3-carbonyl]amino]pentanoic acid",1.9,37,-485.609415298829,0.238095238095238,NA,"844260778438653186"
"844260810852234589","C9H15N9O7","[M + H]+",3,0.00363502034373487,56.8613434350405,0,56.8613434350405,"17",NA,NA,NA,NA,NA,NA,NA,NA,"844260778438653186"
"844260810852234590","C14H17F2N3O6","[M + H]+",4,0.00316846369892449,56.7239755602961,2.11326924715514,54.610706313141,"17","WXVJJJQBBQNPFF","CC(C)(C)OC(=O)NC(CNC1=CC(=C(C=C1[N+](=O)[O-])F)F)C(=O)O","3-(4,5-Difluoro-2-nitroanilino)-2-[(2-methylpropan-2-yl)oxycarbonylamino]propanoic acid",2.8,21,-352.527206708532,0.24,NA,"844260778438653186"
"844260810852234590","C14H17F2N3O6","[M + H]+",4,0.00316846369892449,56.7239755602961,2.11326924715514,54.610706313141,"17","DCCUFNSJKULQNP","CC(C)(C)OC(=O)NC(CNC1=CC(=C(C=C1F)[N+](=O)[O-])F)C(=O)O","(2S)-3-(2,5-difluoro-4-nitroanilino)-2-[(2-methylpropan-2-yl)oxycarbonylamino]propanoic acid",2.8,23,-355.021362418411,0.232558139534884,NA,"844260778438653186"
"844260810852234590","C14H17F2N3O6","[M + H]+",4,0.00316846369892449,56.7239755602961,2.11326924715514,54.610706313141,"17","NYNAAGTVQZRHQO","CCCCOC(=O)OCC1=C(C(C(O1)N2C=CC(=NC2=O)N)(F)F)O","[(2R)-2-(4-amino-2-oxopyrimidin-1-yl)-3,3-difluoro-4-hydroxy-2H-furan-5-yl]methyl butyl carbonate",0.5,26,-399.236690033879,0.244186046511628,NA,"844260778438653186"
"844260810852234590","C14H17F2N3O6","[M + H]+",4,0.00316846369892449,56.7239755602961,2.11326924715514,54.610706313141,"17","HLPCOTYSWJFYDT","CC(C)(CCC(=O)O)NC(=O)NC1=C(C=CC(=C1)[N+](=O)[O-])OC(F)F","4-[[2-(Difluoromethoxy)-5-nitrophenyl]carbamoylamino]-4-methylpentanoic acid",2.1,30,-413.095220611752,0.272727272727273,NA,"844260778438653186"
"844260810852234590","C14H17F2N3O6","[M + H]+",4,0.00316846369892449,56.7239755602961,2.11326924715514,54.610706313141,"17","YNLFTOUVPKSGBP","CCCNC(=O)CNC(=O)C1=CC(=C(C=C1[N+](=O)[O-])OC(F)F)OC","4-(difluoromethoxy)-5-methoxy-2-nitro-N-[2-oxo-2-(propylamino)ethyl]benzamide",2.2,32,-422.532731705952,0.287234042553192,NA,"844260778438653186"
"844260810852234590","C14H17F2N3O6","[M + H]+",4,0.00316846369892449,56.7239755602961,2.11326924715514,54.610706313141,"17","SAPQPOWNBCHXIV","CCNC(=O)CN(C)C(=O)C1=CC(=C(C=C1[N+](=O)[O-])OC(F)F)OC","4-(difluoromethoxy)-N-[2-(ethylamino)-2-oxoethyl]-5-methoxy-N-methyl-2-nitrobenzamide",1.8,34,-432.515815740386,0.291891891891892,NA,"844260778438653186"
"844260810852234590","C14H17F2N3O6","[M + H]+",4,0.00316846369892449,56.7239755602961,2.11326924715514,54.610706313141,"17","YMYJOCWHWAYWTB","CCNC(=O)C(C)NC(=O)C1=CC(=C(C=C1[N+](=O)[O-])OC(F)F)OC","4-(difluoromethoxy)-N-[1-(ethylamino)-1-oxopropan-2-yl]-5-methoxy-2-nitrobenzamide",2,35,-437.299794890837,0.277486910994764,NA,"844260778438653186"
"844260810852234590","C14H17F2N3O6","[M + H]+",4,0.00316846369892449,56.7239755602961,2.11326924715514,54.610706313141,"17","OZGOYTYDOKZRNL","COC1=C(C=C(C(=C1)C(=O)NCC2CNCC2O)[N+](=O)[O-])OC(F)F","4-(difluoromethoxy)-N-[(4-hydroxypyrrolidin-3-yl)methyl]-5-methoxy-2-nitrobenzamide",1.5,36,-482.009465773872,0.26865671641791,NA,"844260778438653186"
"844260810852234590","C14H17F2N3O6","[M + H]+",4,0.00316846369892449,56.7239755602961,2.11326924715514,54.610706313141,"17","DPZIFPKPVOPRBQ","CC(C1C(C(C(O1)N2C=CC(=NC2=O)N)(F)F)OC(=O)C)OC(=O)C","[(2R,3R,5R)-2-[(1S)-1-acetyloxyethyl]-5-(4-amino-2-oxopyrimidin-1-yl)-4,4-difluorooxolan-3-yl] acetate",-0.3,38,-517.273034716975,0.213930348258706,NA,"844260778438653186"
"844260810852234590","C14H17F2N3O6","[M + H]+",4,0.00316846369892449,56.7239755602961,2.11326924715514,54.610706313141,"17","HSDNLXGJTHTADB","C1=CN(C(=O)N=C1N)C2C(C(C(O2)COC(=O)CCCC=O)O)(F)F","[(2R,3R,5R)-5-(4-amino-2-oxopyrimidin-1-yl)-4,4-difluoro-3-hydroxyoxolan-2-yl]methyl 5-oxopentanoate",-1.6,39,-569.108494583438,0.201834862385321,NA,"844260778438653186"
"844260810852234590","C14H17F2N3O6","[M + H]+",4,0.00316846369892449,56.7239755602961,2.11326924715514,54.610706313141,"17","QBYZHSLKSKNBMT","C1=CN(C(=O)N=C1N)C2C(C(C(O2)CC(=O)CCCC(=O)O)O)(F)F","6-[(2R,5R)-5-(4-amino-2-oxopyrimidin-1-yl)-4,4-difluoro-3-hydroxyoxolan-2-yl]-5-oxohexanoic acid",-1.8,40,-588.496425735439,0.185022026431718,NA,"844260778438653186"
"844260810852234590","C14H17F2N3O6","[M + H]+",4,0.00316846369892449,56.7239755602961,2.11326924715514,54.610706313141,"17","COQIKROFTRQKPD","C1=CC(=CC=C1COC(=O)NC(CCCN)(C(F)F)C(=O)O)[N+](=O)[O-]","5-Amino-2-(difluoromethyl)-2-[(4-nitrophenyl)methoxycarbonylamino]pentanoic acid",-0.9,41,-602.833769402,0.187192118226601,NA,"844260778438653186"
"844260810852234590","C14H17F2N3O6","[M + H]+",4,0.00316846369892449,56.7239755602961,2.11326924715514,54.610706313141,"17","JTBRAGZZOUJIOM","C1=CC(=CC=C1COC(=O)NCCCC(C(F)F)(C(=O)O)N)[N+](=O)[O-]","2-Amino-2-(difluoromethyl)-5-[(4-nitrophenyl)methoxycarbonylamino]pentanoic acid",-0.9,42,-611.709794717599,0.189320388349515,NA,"844260778438653186"
"844260810852234590","C14H17F2N3O6","[M + H]+",4,0.00316846369892449,56.7239755602961,2.11326924715514,54.610706313141,"17","JQDFOYOLKOJNIP","C1CN(CCC1(F)F)C(=O)C2C(C(C(O2)N3C=CC(=O)NC3=O)O)O","1-[(2R,3R,4S,5S)-5-(4,4-difluoropiperidine-1-carbonyl)-3,4-dihydroxyoxolan-2-yl]pyrimidine-2,4-dione",-1,43,-642.152976291234,0.172839506172839,NA,"844260778438653186"
"844260810852234591","C11H18F3N3O7","[M + H]+",5,0.00167212747427266,56.0848254797949,0.180751150770967,55.904074329024,"17",NA,NA,NA,NA,NA,NA,NA,NA,"844260778438653186"
"844260810852234592","C13H18F2N5O3P","[M + H]+",6,0.000214461069333031,54.0311016754077,1.74791799009709,52.2831836853106,"17",NA,NA,NA,NA,NA,NA,NA,NA,"844260778438653186"
"844260810852234593","C17H16FN3O5","[M + H]+",7,7.8255037339423e-05,53.0229466507557,2.3464835210673,50.6764631296885,"17",NA,NA,NA,NA,NA,NA,NA,NA,"844260778438653186"
"844260810852234594","C20H15N3O4","[M + H]+",8,3.80394999798675e-05,52.3015985414654,0.877374320732971,51.4242242207325,"17",NA,NA,NA,NA,NA,NA,NA,NA,"844260778438653186"
"844260810852234595","C11H17N6O8","[M + H]+",9,5.01784363600457e-06,50.2759737353006,0.904280321346456,49.3716934139542,"17",NA,NA,NA,NA,NA,NA,NA,NA,"844260778438653186"
"844260810852234596","C10H11N13O3","[M + H]+",10,3.37352544451282e-06,49.8789317719868,0.933698294797233,48.9452334771895,"17",NA,NA,NA,NA,NA,NA,NA,NA,"844260778438653186"
"844260810692851025","C15H13F2N7O2","[M + H]+",1,0.767729237871483,61.7361383778678,3.32132958089323,58.4148087969745,"18",NA,NA,NA,NA,NA,NA,NA,NA,"844260778442847491"
"844260810692851026","C14H20FN3O5S","[M + H]+",2,0.199021297354331,60.3861131026161,0,60.3861131026161,"18","GGHVBHNNEHVTBO","C1=CC(=CC=C1CNNC(=S)NC2C(C(C(C(O2)CO)O)O)O)F","1-[(4-fluorophenyl)methylamino]-3-[(2R,3R,4S,5S,6R)-3,4,5-trihydroxy-6-(hydroxymethyl)oxan-2-yl]thiourea",-0.8,17,-766.191998492121,0.151260504201681,NA,"844260778442847491"
"844260810692851027","C17H19N3O4S","[M + H]+",3,0.023550342010967,58.2518416048527,0,58.2518416048527,"18","IXEQEYRTSRFZEO","CC1=CN=C(C(=C1OC)C)CS(=O)(=O)C2=NC3=C(N2)C=C(C=C3)OC","Omeprazole-d3 Sulfone",2.7485034,1,-15.9365260052007,0.968253968253968,0,"844260778442847491"
"844260810692851027","C17H19N3O4S","[M + H]+",3,0.023550342010967,58.2518416048527,0,58.2518416048527,"18","QZVDQETYNOBUPJ","CC1=C[N+](=C(C(=C1OC)C)CS(=O)C2=NC3=C(N2)C=C(C=C3)OC)[O-]","Omeprazole-N-oxide",2.1600971,2,-19.2704946542534,0.96031746031746,Inf,"844260778442847491"
"844260810692851027","C17H19N3O4S","[M + H]+",3,0.023550342010967,58.2518416048527,0,58.2518416048527,"18","CMZHQFXXAAIBKE","CC1=C(C(=CN=C1CS(=O)C2=NC3=C(N2)C=C(C=C3)OC)CO)OC",NA,1.6791414,3,-30.4628591152914,0.916666666666667,NA,"844260778442847491"
"844260810692851027","C17H19N3O4S","[M + H]+",3,0.023550342010967,58.2518416048527,0,58.2518416048527,"18","IGVYIWUGJPECAJ","CC1=CN=C(C(=C1OC)CO)CS(=O)C2=NC3=C(N2)C=C(C=C3)OC","3-Hydroxyomeprazole",1.6791414,4,-34.9207665273144,0.902985074626866,NA,"844260778442847491"
"844260810692851027","C17H19N3O4S","[M + H]+",3,0.023550342010967,58.2518416048527,0,58.2518416048527,"18","VPFSKKMDDDYYOJ","CC1=CN=C(C(=C1OC)C)CS(=O)C2=NC3=C(N2)C=CC(=C3O)OC","5-methoxy-2-[(R)-(4-methoxy-3,5-dimethylpyridin-2-yl)methylsulfinyl]-1H-benzimidazol-4-ol",2.1978552,5,-250.784719788403,0.724137931034483,NA,"844260778442847491"
"844260810692851027","C17H19N3O4S","[M + H]+",3,0.023550342010967,58.2518416048527,0,58.2518416048527,"18","NRTYCXOOEJJVDJ","COC1=C(C=C(C=C1)NC(=O)CSC2=NC3=C(CCC3)C(=O)N2)OC","N-(3,4-dimethoxyphenyl)-2-[(4-oxo-4,5,6,7-tetrahydro-3H-cyclopenta[d]pyrimidin-2-yl)thio]acetamide",1.7,6,-370.301057876098,0.361256544502618,NA,"844260778442847491"
"844260810692851027","C17H19N3O4S","[M + H]+",3,0.023550342010967,58.2518416048527,0,58.2518416048527,"18","NJXRFXGANNWYRK","CC1=CC=C(C=C1)N(CC2=NCCN2)C3=CC(=CC=C3)OS(=O)(=O)O","[3-[N-(4,5-dihydro-1H-imidazol-2-ylmethyl)-4-methylanilino]phenyl] hydrogen sulfate",2,7,-470.98035723,0.247058823529412,NA,"844260778442847491"
"844260810692851027","C17H19N3O4S","[M + H]+",3,0.023550342010967,58.2518416048527,0,58.2518416048527,"18","MQQOMKBMLHBDFG","CC1=NC=CC(=C1)NS(=O)(=O)C2=C(N=CC(=C2)C3=CCOCC3)OC","5-[3,6-dihydro-2H-pyran-4-yl]-2-methoxy-N-[2-methylpyridin-4-yl]pyridine-3-sulfonamide",1,8,-504.471474581205,0.321637426900585,NA,"844260778442847491"
"844260810692851027","C17H19N3O4S","[M + H]+",3,0.023550342010967,58.2518416048527,0,58.2518416048527,"18","HBLRAJANJGAMFQ","CC(C)CNC(=O)CC1=CSC(=N1)NC(=O)C2=CC3=C(C=C2)OCO3","N-(4-(2-(isobutylamino)-2-oxoethyl)thiazol-2-yl)benzo[d][1,3]dioxole-5-carboxamide",2.5,9,-566.022614798067,0.179591836734694,NA,"844260778442847491"
"844260810692851027","C17H19N3O4S","[M + H]+",3,0.023550342010967,58.2518416048527,0,58.2518416048527,"18","JHQLDSNFXOLZMD","C1CC1C(=O)N2CC3(C2)C4CN(CCN4C(=O)O3)C(=O)C5=CC=CS5","1'-(Cyclopropanecarbonyl)-7-(thiophene-2-carbonyl)spiro[5,6,8,8a-tetrahydro-[1,3]oxazolo[3,4-a]pyrazine-1,3'-azetidine]-3-one",0.5,11,-580.662946747252,0.127753303964758,NA,"844260778442847491"
"844260810692851027","C17H19N3O4S","[M + H]+",3,0.023550342010967,58.2518416048527,0,58.2518416048527,"18","ILAMKVUHWSQJHY","COC(=O)C1=CC=C(C=C1)OCC2N(CCS2)C(=O)CN3C=CN=C3","Methyl 4-((3-(1H-imidazol-1-ylacetyl)-2-thiazolidinyl)methoxy)benzoate",1.7,12,-585.005316840279,0.1931330472103,NA,"844260778442847491"
"844260810692851027","C17H19N3O4S","[M + H]+",3,0.023550342010967,58.2518416048527,0,58.2518416048527,"18","NVAYQDCPVGCOHV","C1CC(N(S(=O)(=O)C1)CC2=CC=C(C=C2)C3=CC=NC=C3)C(=O)NO","(3S)-N-hydroxy-1,1-dioxo-2-[(4-pyridin-4-ylphenyl)methyl]thiazinane-3-carboxamide",0.9,13,-611.60967214419,0.202702702702703,NA,"844260778442847491"
"844260810692851027","C17H19N3O4S","[M + H]+",3,0.023550342010967,58.2518416048527,0,58.2518416048527,"18","FPMHRRFSGYKNIU","COC1=CC=C(C=C1)CN2CC3C(C2)OC4=C(C=CC=N4)S(=O)(=O)N3","5-[(4-methoxyphenyl)methyl]-2-oxa-9λ⁶-thia-5,8,14-triazatricyclo[8.4.0.0³,⁷]tetradeca-1(10),11,13-triene-9,9-dione",1.3,14,-617.39951084855,0.282608695652174,NA,"844260778442847491"
"844260810692851027","C17H19N3O4S","[M + H]+",3,0.023550342010967,58.2518416048527,0,58.2518416048527,"18","FZECHKJQHUVANE","CC1(C(N2C(S1)C(C2=O)NC(=O)C(C3=CC=CC=C3)N=C)C(=O)O)C","6-{[1-hydroxy-2-(methylideneamino)-2-phenylethylidene]amino}-3,3-dimethyl-7-oxo-4-thia-1-azabicyclo[3.2.0]heptane-2-carboxylic acid",1.2664139,15,-634.229985626386,0.111940298507463,NA,"844260778442847491"
"844260810692851027","C17H19N3O4S","[M + H]+",3,0.023550342010967,58.2518416048527,0,58.2518416048527,"18","IVXQTEPGJVXVMS","CCOC1=CC=C(C=C1)NC(=S)NN=C(C)C2=C(C(=C(C=C2)O)O)O","1-(4-ethoxyphenyl)-3-[(E)-1-(2,3,4-trihydroxyphenyl)ethylideneamino]thiourea",2.7,16,-696.574678300112,0.207729468599034,NA,"844260778442847491"
"844260810692851028","C14H23N3O4S2","[M + H]+",4,0.00454635017196636,56.60702601279,0,56.60702601279,"18","CJXSUHSPEFHOKZ","CN1CCN(CC1)CC2C(C(CO2)NS(=O)(=O)C3=CSC=C3)O","N-{4-hydroxy-5-[(4-methylpiperazin-1-yl)methyl]oxolan-3-yl}thiophene-3-sulfonamide",-0.4,10,-575.488111620142,0.201716738197425,NA,"844260778442847491"
"844260810692851029","C12H14F3N7O3","[M + H]+",5,0.00338398593602575,56.3117555474516,2.20383934720192,54.1079162002497,"18",NA,NA,NA,NA,NA,NA,NA,NA,"844260778442847491"
"844260810692851030","C16H24ClNO4S","[M + H]+",6,0.0015233160982512,55.5135908638527,0,55.5135908638527,"18",NA,NA,NA,NA,NA,NA,NA,NA,"844260778442847491"
"844260810692851031","C14H22ClN4O3S","[M + H]+",7,0.000201286260179992,53.4896740576314,0,53.4896740576314,"18",NA,NA,NA,NA,NA,NA,NA,NA,"844260778442847491"
"844260810692851032","C13H18F2N5O3P","[M + H]+",8,3.4623754152279e-05,51.7294859654534,2.2504654365569,49.4790205288965,"18",NA,NA,NA,NA,NA,NA,NA,NA,"844260778442847491"
"844260810692851033","C11H18F3N3O7","[M + H]+",9,4.56742712918529e-06,49.7038960376963,0.778366724952346,48.9255293127439,"18",NA,NA,NA,NA,NA,NA,NA,NA,"844260778442847491"
"844260810692851034","C14H17F2N3O6","[M + H]+",10,2.16911289913821e-06,48.9592642644844,2.39655905754889,46.5627052069355,"18",NA,NA,NA,NA,NA,NA,NA,NA,"844260778442847491"
"844260826396325301","C15H13F2N7O2","[M + H]+",1,0.90213401034345,64.8779372231072,3.20111710342475,61.6768201196824,"19","FOZXIPLAGUNHIE","CN1C(=C(C=N1)C2=NC(=NC=C2F)OC)C(=O)NC3=CC(=NC=C3F)N","N-(2-amino-5-fluoropyridin-4-yl)-4-(5-fluoro-2-methoxypyrimidin-4-yl)-2-methylpyrazole-3-carboxamide",0.4,1,-197.7885564844,0.5,0,"844260778447041796"
"844260826396325301","C15H13F2N7O2","[M + H]+",1,0.90213401034345,64.8779372231072,3.20111710342475,61.6768201196824,"19","PIKDWSFQRYHGPE","C1=CC(=C(C=C1F)F)NC(=O)NCCN2C(=O)C=CC(=N2)N3C=NC=N3","1-(2,4-difluorophenyl)-3-(2-(6-oxo-3-(1H-1,2,4-triazol-1-yl)pyridazin-1(6H)-yl)ethyl)urea",0.5,4,-233.273088936699,0.447154471544715,NA,"844260778447041796"
"844260826396325301","C15H13F2N7O2","[M + H]+",1,0.90213401034345,64.8779372231072,3.20111710342475,61.6768201196824,"19","KMTLMRMWJDBVTB","C1=CC(=C(C=C1F)NC(=O)NCCN2C(=O)C=CC(=N2)N3C=NC=N3)F","1-(2,5-difluorophenyl)-3-(2-(6-oxo-3-(1H-1,2,4-triazol-1-yl)pyridazin-1(6H)-yl)ethyl)urea",0.5,5,-234.928253430224,0.458333333333333,NA,"844260778447041796"
"844260826396325301","C15H13F2N7O2","[M + H]+",1,0.90213401034345,64.8779372231072,3.20111710342475,61.6768201196824,"19","PQAMDKDZSSHTAQ","C1=CC(=C(C=C1NC(=O)NCCN2C(=O)C=CC(=N2)N3C=NC=N3)F)F","1-(3,4-difluorophenyl)-3-(2-(6-oxo-3-(1H-1,2,4-triazol-1-yl)pyridazin-1(6H)-yl)ethyl)urea",0.5,6,-241.281498850292,0.443548387096774,NA,"844260778447041796"
"844260826396325301","C15H13F2N7O2","[M + H]+",1,0.90213401034345,64.8779372231072,3.20111710342475,61.6768201196824,"19","MCSNHWJKNRXSFD","CC(C1=NC=NN1C2=NC=CC=N2)NC(=O)C3=CC(=CN=C3)OC(F)F","5-(difluoromethoxy)-N-[1-(2-pyrimidin-2-yl-1,2,4-triazol-3-yl)ethyl]pyridine-3-carboxamide",1.3,7,-242.81520900625,0.403225806451613,NA,"844260778447041796"
"844260826396325301","C15H13F2N7O2","[M + H]+",1,0.90213401034345,64.8779372231072,3.20111710342475,61.6768201196824,"19","JINYNPTZFYTAAE","CNC1=CC2=NC3=C(C=NN13)C(=O)NCCOC4=C(C=C(C(=N4)N2)F)F",NA,1.3,8,-246.939535797673,0.421052631578947,NA,"844260778447041796"
"844260826396325301","C15H13F2N7O2","[M + H]+",1,0.90213401034345,64.8779372231072,3.20111710342475,61.6768201196824,"19","JOXSMAKUPLSCFK","CNC1=CC2=NC3=C(C=NN13)C(=O)NCCOC4=C(C(=CC(=N4)N2)F)F",NA,1.3,9,-247.491733858729,0.424242424242424,NA,"844260778447041796"
"844260826396325301","C15H13F2N7O2","[M + H]+",1,0.90213401034345,64.8779372231072,3.20111710342475,61.6768201196824,"19","DOKYXQUHEBRWHL","CNC1=CC2=NC3=C(C=NN13)C(=O)NCCOC4=NC(=C(C(=C4)F)F)N2",NA,1.3,10,-247.584711213841,0.421052631578947,NA,"844260778447041796"
"844260826396325301","C15H13F2N7O2","[M + H]+",1,0.90213401034345,64.8779372231072,3.20111710342475,61.6768201196824,"19","RGLWMSKFLHMTMK","C1=CC(=C(N=C1)OC2=C(C=C(C=C2)F)F)CNC(=O)CN3C(=NN=N3)N","2-(5-amino-1H-tetrazol-1-yl)-N-{[2-(2,4-difluorophenoxy)pyridin-3-yl]methyl}acetamide",1.2,13,-256.764511799768,0.430769230769231,NA,"844260778447041796"
"844260826396325301","C15H13F2N7O2","[M + H]+",1,0.90213401034345,64.8779372231072,3.20111710342475,61.6768201196824,"19","OGXZJNBJBKZZGO","CC1=NON=C1CN2C3=C(C(=O)NC(=N3)C(C4=CC=CC=C4)(F)F)NN2","5-[difluoro(phenyl)methyl]-3-[(4-methyl-1,2,5-oxadiazol-3-yl)methyl]-2,6-dihydro-1H-triazolo[4,5-d]pyrimidin-7-one",2.6,23,-270.086788373931,0.404580152671756,NA,"844260778447041796"
"844260826396325301","C15H13F2N7O2","[M + H]+",1,0.90213401034345,64.8779372231072,3.20111710342475,61.6768201196824,"19","OIALPWCJCSMRGK","C1C2(CC1(F)F)CN(C2)C(=O)C3=CN(N=N3)C4=NN5C=CC=C5C(=O)N4","2-[4-(6,6-difluoro-2-azaspiro[3.3]heptane-2-carbonyl)triazol-1-yl]-3H-pyrrolo[2,1-f][1,2,4]triazin-4-one",0.9,59,-304.187851998577,0.409090909090909,NA,"844260778447041796"
"844260826396325301","C15H13F2N7O2","[M + H]+",1,0.90213401034345,64.8779372231072,3.20111710342475,61.6768201196824,"19","ZKLPXXGDZRZHGE","C1CC12CN(CC2(F)F)C3=CC(=NN4C3=NC=N4)C5=CNC(=O)NC5=O","5-[8-(7,7-difluoro-5-azaspiro[2.4]heptan-5-yl)-[1,2,4]triazolo[1,5-b]pyridazin-6-yl]-1H-pyrimidine-2,4-dione",0.3,161,-357.617624040337,0.344370860927152,NA,"844260778447041796"
"844260826396325301","C15H13F2N7O2","[M + H]+",1,0.90213401034345,64.8779372231072,3.20111710342475,61.6768201196824,"19","JMTPBJUZPYHNEA","C1CC12CN(CC2(F)F)C3=CC(=NN4C3=NN=C4)C5=CNC(=O)NC5=O","5-[8-(7,7-difluoro-5-azaspiro[2.4]heptan-5-yl)-[1,2,4]triazolo[4,3-b]pyridazin-6-yl]-1H-pyrimidine-2,4-dione",-0.3,165,-359.009226055767,0.342105263157895,NA,"844260778447041796"
"844260826396325301","C15H13F2N7O2","[M + H]+",1,0.90213401034345,64.8779372231072,3.20111710342475,61.6768201196824,"19","IPONHXGOODDWMS","C1CC12CN(CC2(F)F)C3=CC(=NC4=NC=NN34)C5=CNC(=O)NC5=O","5-[7-(7,7-difluoro-5-azaspiro[2.4]heptan-5-yl)-[1,2,4]triazolo[1,5-a]pyrimidin-5-yl]-1H-pyrimidine-2,4-dione",0.4,193,-375.607590020797,0.33974358974359,NA,"844260778447041796"
"844260826396325301","C15H13F2N7O2","[M + H]+",1,0.90213401034345,64.8779372231072,3.20111710342475,61.6768201196824,"19","XCRZLFRHRAYWPB","CN1N=C(N=N1)C(=O)NC2CCC3=C2C=CC(=C3)C4=NOC(=N4)C(F)F","N-[5-[5-(difluoromethyl)-1,2,4-oxadiazol-3-yl]-2,3-dihydro-1H-inden-1-yl]-2-methyltetrazole-5-carboxamide",2.2,240,-399.464483420915,0.300653594771242,NA,"844260778447041796"
"844260826396325302","C14H17F2N3O6","[M + H]+",2,0.0527462608019952,62.0386670284279,1.82655031550981,60.2121167129181,"19","DCCUFNSJKULQNP","CC(C)(C)OC(=O)NC(CNC1=CC(=C(C=C1F)[N+](=O)[O-])F)C(=O)O","(2S)-3-(2,5-difluoro-4-nitroanilino)-2-[(2-methylpropan-2-yl)oxycarbonylamino]propanoic acid",2.8,168,-360.324492763837,0.214689265536723,NA,"844260778447041796"
"844260826396325302","C14H17F2N3O6","[M + H]+",2,0.0527462608019952,62.0386670284279,1.82655031550981,60.2121167129181,"19","WXVJJJQBBQNPFF","CC(C)(C)OC(=O)NC(CNC1=CC(=C(C=C1[N+](=O)[O-])F)F)C(=O)O","3-(4,5-Difluoro-2-nitroanilino)-2-[(2-methylpropan-2-yl)oxycarbonylamino]propanoic acid",2.8,172,-360.906927571107,0.222222222222222,NA,"844260778447041796"
"844260826396325302","C14H17F2N3O6","[M + H]+",2,0.0527462608019952,62.0386670284279,1.82655031550981,60.2121167129181,"19","NYNAAGTVQZRHQO","CCCCOC(=O)OCC1=C(C(C(O1)N2C=CC(=NC2=O)N)(F)F)O","[(2R)-2-(4-amino-2-oxopyrimidin-1-yl)-3,3-difluoro-4-hydroxy-2H-furan-5-yl]methyl butyl carbonate",0.5,220,-389.141672869015,0.24,NA,"844260778447041796"
"844260826396325302","C14H17F2N3O6","[M + H]+",2,0.0527462608019952,62.0386670284279,1.82655031550981,60.2121167129181,"19","HLPCOTYSWJFYDT","CC(C)(CCC(=O)O)NC(=O)NC1=C(C=CC(=C1)[N+](=O)[O-])OC(F)F","4-[[2-(Difluoromethoxy)-5-nitrophenyl]carbamoylamino]-4-methylpentanoic acid",2.1,271,-422.222781441555,0.247252747252747,NA,"844260778447041796"
"844260826396325302","C14H17F2N3O6","[M + H]+",2,0.0527462608019952,62.0386670284279,1.82655031550981,60.2121167129181,"19","YNLFTOUVPKSGBP","CCCNC(=O)CNC(=O)C1=CC(=C(C=C1[N+](=O)[O-])OC(F)F)OC","4-(difluoromethoxy)-5-methoxy-2-nitro-N-[2-oxo-2-(propylamino)ethyl]benzamide",2.2,298,-449.878840924654,0.256410256410256,NA,"844260778447041796"
"844260826396325302","C14H17F2N3O6","[M + H]+",2,0.0527462608019952,62.0386670284279,1.82655031550981,60.2121167129181,"19","YMYJOCWHWAYWTB","CCNC(=O)C(C)NC(=O)C1=CC(=C(C=C1[N+](=O)[O-])OC(F)F)OC","4-(difluoromethoxy)-N-[1-(ethylamino)-1-oxopropan-2-yl]-5-methoxy-2-nitrobenzamide",2,301,-458.025057539994,0.253807106598985,NA,"844260778447041796"
"844260826396325302","C14H17F2N3O6","[M + H]+",2,0.0527462608019952,62.0386670284279,1.82655031550981,60.2121167129181,"19","SAPQPOWNBCHXIV","CCNC(=O)CN(C)C(=O)C1=CC(=C(C=C1[N+](=O)[O-])OC(F)F)OC","4-(difluoromethoxy)-N-[2-(ethylamino)-2-oxoethyl]-5-methoxy-N-methyl-2-nitrobenzamide",1.8,311,-463.360950317113,0.260416666666667,NA,"844260778447041796"
"844260826396325302","C14H17F2N3O6","[M + H]+",2,0.0527462608019952,62.0386670284279,1.82655031550981,60.2121167129181,"19","OZGOYTYDOKZRNL","COC1=C(C=C(C(=C1)C(=O)NCC2CNCC2O)[N+](=O)[O-])OC(F)F","4-(difluoromethoxy)-N-[(4-hydroxypyrrolidin-3-yl)methyl]-5-methoxy-2-nitrobenzamide",1.5,320,-491.830716597692,0.246376811594203,NA,"844260778447041796"
"844260826396325302","C14H17F2N3O6","[M + H]+",2,0.0527462608019952,62.0386670284279,1.82655031550981,60.2121167129181,"19","DPZIFPKPVOPRBQ","CC(C1C(C(C(O1)N2C=CC(=NC2=O)N)(F)F)OC(=O)C)OC(=O)C","[(2R,3R,5R)-2-[(1S)-1-acetyloxyethyl]-5-(4-amino-2-oxopyrimidin-1-yl)-4,4-difluorooxolan-3-yl] acetate",-0.3,323,-494.331647386951,0.21078431372549,NA,"844260778447041796"
"844260826396325302","C14H17F2N3O6","[M + H]+",2,0.0527462608019952,62.0386670284279,1.82655031550981,60.2121167129181,"19","HSDNLXGJTHTADB","C1=CN(C(=O)N=C1N)C2C(C(C(O2)COC(=O)CCCC=O)O)(F)F","[(2R,3R,5R)-5-(4-amino-2-oxopyrimidin-1-yl)-4,4-difluoro-3-hydroxyoxolan-2-yl]methyl 5-oxopentanoate",-1.6,339,-554.221505145338,0.193693693693694,NA,"844260778447041796"
"844260826396325302","C14H17F2N3O6","[M + H]+",2,0.0527462608019952,62.0386670284279,1.82655031550981,60.2121167129181,"19","QBYZHSLKSKNBMT","C1=CN(C(=O)N=C1N)C2C(C(C(O2)CC(=O)CCCC(=O)O)O)(F)F","6-[(2R,5R)-5-(4-amino-2-oxopyrimidin-1-yl)-4,4-difluoro-3-hydroxyoxolan-2-yl]-5-oxohexanoic acid",-1.8,340,-573.312728589366,0.177489177489178,NA,"844260778447041796"
"844260826396325302","C14H17F2N3O6","[M + H]+",2,0.0527462608019952,62.0386670284279,1.82655031550981,60.2121167129181,"19","COQIKROFTRQKPD","C1=CC(=CC=C1COC(=O)NC(CCCN)(C(F)F)C(=O)O)[N+](=O)[O-]","5-Amino-2-(difluoromethyl)-2-[(4-nitrophenyl)methoxycarbonylamino]pentanoic acid",-0.9,343,-588.876317583084,0.173076923076923,NA,"844260778447041796"
"844260826396325302","C14H17F2N3O6","[M + H]+",2,0.0527462608019952,62.0386670284279,1.82655031550981,60.2121167129181,"19","JTBRAGZZOUJIOM","C1=CC(=CC=C1COC(=O)NCCCC(C(F)F)(C(=O)O)N)[N+](=O)[O-]","2-Amino-2-(difluoromethyl)-5-[(4-nitrophenyl)methoxycarbonylamino]pentanoic acid",-0.9,344,-597.690531570223,0.175355450236967,NA,"844260778447041796"
"844260826396325302","C14H17F2N3O6","[M + H]+",2,0.0527462608019952,62.0386670284279,1.82655031550981,60.2121167129181,"19","JQDFOYOLKOJNIP","C1CN(CCC1(F)F)C(=O)C2C(C(C(O2)N3C=CC(=O)NC3=O)O)O","1-[(2R,3R,4S,5S)-5-(4,4-difluoropiperidine-1-carbonyl)-3,4-dihydroxyoxolan-2-yl]pyrimidine-2,4-dione",-1,346,-619.518811680518,0.170731707317073,NA,"844260778447041796"
"844260826396325303","C9H15N9O7","[M + H]+",3,0.0227696002947935,61.1986004697485,0,61.1986004697485,"19",NA,NA,NA,NA,NA,NA,NA,NA,"844260778447041796"
"844260826396325304","C11H18F3N3O7","[M + H]+",4,0.0135641533612326,60.6806046745441,0,60.6806046745441,"19",NA,NA,NA,NA,NA,NA,NA,NA,"844260778447041796"
"844260826396325305","C12H14F3N7O3","[M + H]+",5,0.00462198317692831,59.6039980159182,1.38609799812949,58.2179000177887,"19","CFYZNRWKQYLEBN","CN1C(=C(C(=N1)N2CC(C2)(C3=NC=NN3C)OC)[N+](=O)[O-])C(F)(F)F","5-[3-Methoxy-1-[1-methyl-4-nitro-5-(trifluoromethyl)pyrazol-3-yl]azetidin-3-yl]-1-methyl-1,2,4-triazole",0.5,30,-281.149893567385,0.388888888888889,NA,"844260778447041796"
"844260826396325305","C12H14F3N7O3","[M + H]+",5,0.00462198317692831,59.6039980159182,1.38609799812949,58.2179000177887,"19","WSXZVUWPGPFFRD","CC1=NC(=NN1C2=NNC(=N2)C(F)(F)F)C(=O)NCC(C)(C)C(=O)O","2,2-dimethyl-3-[[5-methyl-1-[5-(trifluoromethyl)-1H-1,2,4-triazol-3-yl]-1,2,4-triazole-3-carbonyl]amino]propanoic acid",1.4,66,-311.761569209327,0.303448275862069,NA,"844260778447041796"
"844260826396325305","C12H14F3N7O3","[M + H]+",5,0.00462198317692831,59.6039980159182,1.38609799812949,58.2179000177887,"19","WXKDRRFOSNTCKL","CC1=NC(=NN1C2=NNC(=N2)C(F)(F)F)C(=O)N(CC(=O)O)C(C)C","2-[[5-methyl-1-[5-(trifluoromethyl)-1H-1,2,4-triazol-3-yl]-1,2,4-triazole-3-carbonyl]-propan-2-ylamino]acetic acid",1.6,73,-318.047758921052,0.28,NA,"844260778447041796"
"844260826396325305","C12H14F3N7O3","[M + H]+",5,0.00462198317692831,59.6039980159182,1.38609799812949,58.2179000177887,"19","PHSLFFNBMPDTLL","CC1=NC(=NN1C2=NNC(=N2)C(F)(F)F)C(=O)N(C)C(C)(C)C(=O)O","2-methyl-2-[methyl-[5-methyl-1-[5-(trifluoromethyl)-1H-1,2,4-triazol-3-yl]-1,2,4-triazole-3-carbonyl]amino]propanoic acid",1.4,76,-319.538957961599,0.267123287671233,NA,"844260778447041796"
"844260826396325305","C12H14F3N7O3","[M + H]+",5,0.00462198317692831,59.6039980159182,1.38609799812949,58.2179000177887,"19","FWQFKNAIHMGGGE","CCCN(CC(=O)O)C(=O)C1=NN(C(=N1)C)C2=NNC(=N2)C(F)(F)F","2-[[5-methyl-1-[5-(trifluoromethyl)-1H-1,2,4-triazol-3-yl]-1,2,4-triazole-3-carbonyl]-propylamino]acetic acid",1.7,84,-323.426263956918,0.278481012658228,NA,"844260778447041796"
"844260826396325305","C12H14F3N7O3","[M + H]+",5,0.00462198317692831,59.6039980159182,1.38609799812949,58.2179000177887,"19","KDGIFBZCSXNMKY","CC1=NC(=NN1C2=NNC(=N2)C(F)(F)F)C(=O)NCC(C)CC(=O)O","3-methyl-4-[[5-methyl-1-[5-(trifluoromethyl)-1H-1,2,4-triazol-3-yl]-1,2,4-triazole-3-carbonyl]amino]butanoic acid",1.3,106,-338.850116613521,0.302631578947368,NA,"844260778447041796"
"844260826396325305","C12H14F3N7O3","[M + H]+",5,0.00462198317692831,59.6039980159182,1.38609799812949,58.2179000177887,"19","WLFUMOWTTXBNHH","CCC(C)(C(=O)O)NC(=O)C1=NN(C(=N1)C)C2=NNC(=N2)C(F)(F)F","2-methyl-2-[[5-methyl-1-[5-(trifluoromethyl)-1H-1,2,4-triazol-3-yl]-1,2,4-triazole-3-carbonyl]amino]butanoic acid",1.7,126,-345.531467387369,0.264516129032258,NA,"844260778447041796"
"844260826396325305","C12H14F3N7O3","[M + H]+",5,0.00462198317692831,59.6039980159182,1.38609799812949,58.2179000177887,"19","RIVMOGGKOUBILA","C1=C(C(=O)NC(=O)N1CC(F)(F)F)CNC(=O)CCCC2=NNN=N2","N-[[2,4-dioxo-1-(2,2,2-trifluoroethyl)pyrimidin-5-yl]methyl]-4-(2H-tetrazol-5-yl)butanamide",-0.2,132,-348.656637372151,0.328859060402685,NA,"844260778447041796"
"844260826396325305","C12H14F3N7O3","[M + H]+",5,0.00462198317692831,59.6039980159182,1.38609799812949,58.2179000177887,"19","HTBCVVYYGFODDC","CC1=NC(=NN1C2=NNC(=N2)C(F)(F)F)C(=O)NC(C(C)C)C(=O)O","3-methyl-2-[[5-methyl-1-[5-(trifluoromethyl)-1H-1,2,4-triazol-3-yl]-1,2,4-triazole-3-carbonyl]amino]butanoic acid",2,188,-373.06032106049,0.251533742331288,NA,"844260778447041796"
"844260826396325305","C12H14F3N7O3","[M + H]+",5,0.00462198317692831,59.6039980159182,1.38609799812949,58.2179000177887,"19","IGPSHAHSHFVEGF","CC1=NC(=NN1C2=NNC(=N2)C(F)(F)F)C(=O)NCCCCC(=O)O","5-[[5-methyl-1-[5-(trifluoromethyl)-1H-1,2,4-triazol-3-yl]-1,2,4-triazole-3-carbonyl]amino]pentanoic acid",1.2,264,-417.512240438469,0.274853801169591,NA,"844260778447041796"
"844260826396325305","C12H14F3N7O3","[M + H]+",5,0.00462198317692831,59.6039980159182,1.38609799812949,58.2179000177887,"19","KGFWOLWQESAWQX","CC1=NC(=NN1C2=NNC(=N2)C(F)(F)F)C(=O)NC(C)CCC(=O)O","4-[[5-methyl-1-[5-(trifluoromethyl)-1H-1,2,4-triazol-3-yl]-1,2,4-triazole-3-carbonyl]amino]pentanoic acid",1.3,274,-423.42392340972,0.265060240963855,NA,"844260778447041796"
"844260826396325305","C12H14F3N7O3","[M + H]+",5,0.00462198317692831,59.6039980159182,1.38609799812949,58.2179000177887,"19","YQALYJYBDXGRTD","CCCC(C(=O)O)NC(=O)C1=NN(C(=N1)C)C2=NNC(=N2)C(F)(F)F","2-[[5-methyl-1-[5-(trifluoromethyl)-1H-1,2,4-triazol-3-yl]-1,2,4-triazole-3-carbonyl]amino]pentanoic acid",1.9,313,-478.507639119731,0.221052631578947,NA,"844260778447041796"
"844260826396325306","C17H16FN3O5","[M + H]+",6,0.00392670911838107,59.440975844484,2.31352584245814,57.1274500020259,"19","STWSEMQJSXTUDI","CCC(=O)NC1=CC(=CC=C1)NC(=O)COC2=CC(=C(C=C2)[N+](=O)[O-])F","N-[3-[[2-(3-fluoro-4-nitrophenoxy)acetyl]amino]phenyl]propanamide",2.4,2,-221.422150660844,0.36986301369863,Inf,"844260778447041796"
"844260826396325306","C17H16FN3O5","[M + H]+",6,0.00392670911838107,59.440975844484,2.31352584245814,57.1274500020259,"19","IDPRSJFPZKEETI","COC1=CC(=C(C=C1)NC2=C(OC3=C2C=NC=C3)C(=O)NOCCO)F","3-(2-fluoro-4-methoxyanilino)-N-(2-hydroxyethoxy)furo[3,2-c]pyridine-2-carboxamide",2.4,3,-230.530723857005,0.467532467532468,NA,"844260778447041796"
"844260826396325306","C17H16FN3O5","[M + H]+",6,0.00392670911838107,59.440975844484,2.31352584245814,57.1274500020259,"19","HACWGNUSUGMICQ","CC(=O)C1=CN(C(=C1)C(=O)OCC(=O)NC(=O)NC2=CC=CC=C2F)C","[2-[(2-Fluorophenyl)carbamoylamino]-2-oxoethyl] 4-acetyl-1-methylpyrrole-2-carboxylate",1.7,11,-253.120584041035,0.33125,NA,"844260778447041796"
"844260826396325306","C17H16FN3O5","[M + H]+",6,0.00392670911838107,59.440975844484,2.31352584245814,57.1274500020259,"19","YYDXSBMWJAJTEX","COC1=C(C=CC(=C1)[N+](=O)[O-])NC(=O)CCC(=O)NC2=CC=C(C=C2)F","N-(4-fluorophenyl)-N'-(2-methoxy-4-nitrophenyl)butanediamide",1.7,12,-255.708149756739,0.380952380952381,NA,"844260778447041796"
"844260826396325306","C17H16FN3O5","[M + H]+",6,0.00392670911838107,59.440975844484,2.31352584245814,57.1274500020259,"19","CYMSZXYMQOWREV","C1=CC(=C(C=C1CO)F)NC2=C(OC3=C2C=NC=C3)C(=O)NOCCO","3-[2-fluoro-4-(hydroxymethyl)anilino]-N-(2-hydroxyethoxy)furo[3,2-c]pyridine-2-carboxamide",1.5,14,-257.460453209887,0.41025641025641,NA,"844260778447041796"
"844260826396325306","C17H16FN3O5","[M + H]+",6,0.00392670911838107,59.440975844484,2.31352584245814,57.1274500020259,"19","SUCGWEYWAUUJAC","CCOC(=O)C(C=O)NC1=CC(=C(C=C1)OC2=CC(=NC=C2)C(=O)N)F","Ethyl 2-[4-(2-carbamoylpyridin-4-yl)oxy-3-fluoroanilino]-3-oxopropanoate",1.7,15,-259.617801134406,0.388535031847134,NA,"844260778447041796"
"844260826396325306","C17H16FN3O5","[M + H]+",6,0.00392670911838107,59.440975844484,2.31352584245814,57.1274500020259,"19","FLSATZDBPOFWDX","CC1=CC(=C(C=C1)NC(=O)NC(=O)COC2=C(C=CC(=C2)F)[N+](=O)[O-])C","N-[(2,4-dimethylphenyl)carbamoyl]-2-(5-fluoro-2-nitrophenoxy)acetamide",3.6,16,-264.293203477711,0.344155844155844,NA,"844260778447041796"
"844260826396325306","C17H16FN3O5","[M + H]+",6,0.00392670911838107,59.440975844484,2.31352584245814,57.1274500020259,"19","QVMGSVFDTMCFGU","CC1=C(C(=CC=C1)NC(=O)NC(=O)COC2=C(C=CC(=C2)F)[N+](=O)[O-])C","N-[(2,3-dimethylphenyl)carbamoyl]-2-(5-fluoro-2-nitrophenoxy)acetamide",3.6,17,-264.567104723761,0.344155844155844,NA,"844260778447041796"
"844260826396325306","C17H16FN3O5","[M + H]+",6,0.00392670911838107,59.440975844484,2.31352584245814,57.1274500020259,"19","XKGHFFKPXVYLAJ","CC1=C(C=C(C=C1)NC(=O)NC(=O)COC2=C(C=CC(=C2)F)[N+](=O)[O-])C","N-[(3,4-dimethylphenyl)carbamoyl]-2-(5-fluoro-2-nitrophenoxy)acetamide",3.6,18,-266.045246669766,0.33974358974359,NA,"844260778447041796"
"844260826396325306","C17H16FN3O5","[M + H]+",6,0.00392670911838107,59.440975844484,2.31352584245814,57.1274500020259,"19","KJKMUGRYRXKUFY","C1COCCC1OC2=NC=C(C=C2)C(=O)NC3=CC(=C(C=C3)F)[N+](=O)[O-]","N-(4-fluoro-3-nitrophenyl)-6-((tetrahydro-2H-pyran-4-yl)oxy)nicotinamide",2.3,19,-267.131987001969,0.38125,NA,"844260778447041796"
"844260826396325306","C17H16FN3O5","[M + H]+",6,0.00392670911838107,59.440975844484,2.31352584245814,57.1274500020259,"19","MPKSBNAPBAIJSM","CCOC1=C(C=CC=N1)C(=O)OCC(=O)NC(=O)NC2=CC=CC=C2F","[2-[(2-Fluorophenyl)carbamoylamino]-2-oxoethyl] 2-ethoxypyridine-3-carboxylate",2.5,20,-267.219681724231,0.368098159509202,NA,"844260778447041796"
"844260826396325306","C17H16FN3O5","[M + H]+",6,0.00392670911838107,59.440975844484,2.31352584245814,57.1274500020259,"19","NWYRMQWBJUAJRT","CC(C(=O)NC1=CC=C(C=C1)NC(=O)C)OC2=C(C=CC(=C2)F)[N+](=O)[O-]","(2S)-N-(4-acetamidophenyl)-2-(5-fluoro-2-nitrophenoxy)propanamide",2.3,21,-267.71637493945,0.328859060402685,NA,"844260778447041796"
"844260826396325306","C17H16FN3O5","[M + H]+",6,0.00392670911838107,59.440975844484,2.31352584245814,57.1274500020259,"19","LUPJLWJSVYKKJK","CC(=O)NNC(=O)C1=CN(C=C(C1=O)C(=O)OC)CC2=CC=C(C=C2)F","Methyl 5-(acetamidocarbamoyl)-1-[(4-fluorophenyl)methyl]-4-oxopyridine-3-carboxylate",1.5,22,-268.655454577472,0.344155844155844,NA,"844260778447041796"
"844260826396325306","C17H16FN3O5","[M + H]+",6,0.00392670911838107,59.440975844484,2.31352584245814,57.1274500020259,"19","FFTAAYCWQDWKEE","CCOC(=O)NC(=O)COC(=O)C1=C(N=CC=C1)NC2=CC=CC=C2F","[2-(Ethoxycarbonylamino)-2-oxoethyl] 2-(2-fluoroanilino)pyridine-3-carboxylate",3.1,24,-270.786639342755,0.351851851851852,NA,"844260778447041796"
"844260826396325306","C17H16FN3O5","[M + H]+",6,0.00392670911838107,59.440975844484,2.31352584245814,57.1274500020259,"19","OTDXSKXENBNYTJ","CC1=C(C=CC=C1[N+](=O)[O-])NC(=O)CNC2=C(C=CC(=C2)C(=O)OC)F","Methyl 4-fluoro-3-[[2-(2-methyl-3-nitroanilino)-2-oxoethyl]amino]benzoate",3,25,-271.474935644756,0.308176100628931,NA,"844260778447041796"
"844260826396325307","C12H22F2NO7P","[M + H]+",7,0.000171826099263237,56.311901779434,0.265801956351502,56.0460998230825,"19",NA,NA,NA,NA,NA,NA,NA,NA,"844260778447041796"
"844260826396325308","C18H20NO5P","[M + H]+",8,4.78007122260576e-05,55.0324594043854,2.82934436603825,52.2031150383472,"19",NA,NA,NA,NA,NA,NA,NA,NA,"844260778447041796"
"844260826396325309","C12H21N5O4P2","[M + H]+",9,6.64719980742776e-06,53.0596145492705,0,53.0596145492705,"19",NA,NA,NA,NA,NA,NA,NA,NA,"844260778447041796"
"844260826396325310","C13H18F2N5O3P","[M + H]+",10,4.33569644519619e-06,52.6323011185323,1.4879327576549,51.1443683608774,"19",NA,NA,NA,NA,NA,NA,NA,NA,"844260778447041796"
"844260826631206335","C15H13F2N7O2","[M + H]+",1,0.956043658009243,67.1219541114237,3.28878826500118,63.8331658464226,"20","FOZXIPLAGUNHIE","CN1C(=C(C=N1)C2=NC(=NC=C2F)OC)C(=O)NC3=CC(=NC=C3F)N","N-(2-amino-5-fluoropyridin-4-yl)-4-(5-fluoro-2-methoxypyrimidin-4-yl)-2-methylpyrazole-3-carboxamide",0.4,1,-194.409441924474,0.522522522522523,0,"844260778451236101"
"844260826631206335","C15H13F2N7O2","[M + H]+",1,0.956043658009243,67.1219541114237,3.28878826500118,63.8331658464226,"20","PIKDWSFQRYHGPE","C1=CC(=C(C=C1F)F)NC(=O)NCCN2C(=O)C=CC(=N2)N3C=NC=N3","1-(2,4-difluorophenyl)-3-(2-(6-oxo-3-(1H-1,2,4-triazol-1-yl)pyridazin-1(6H)-yl)ethyl)urea",0.5,4,-230.097013721669,0.467213114754098,NA,"844260778451236101"
"844260826631206335","C15H13F2N7O2","[M + H]+",1,0.956043658009243,67.1219541114237,3.28878826500118,63.8331658464226,"20","KMTLMRMWJDBVTB","C1=CC(=C(C=C1F)NC(=O)NCCN2C(=O)C=CC(=N2)N3C=NC=N3)F","1-(2,5-difluorophenyl)-3-(2-(6-oxo-3-(1H-1,2,4-triazol-1-yl)pyridazin-1(6H)-yl)ethyl)urea",0.5,5,-232.656670017875,0.466666666666667,NA,"844260778451236101"
"844260826631206335","C15H13F2N7O2","[M + H]+",1,0.956043658009243,67.1219541114237,3.28878826500118,63.8331658464226,"20","PQAMDKDZSSHTAQ","C1=CC(=C(C=C1NC(=O)NCCN2C(=O)C=CC(=N2)N3C=NC=N3)F)F","1-(3,4-difluorophenyl)-3-(2-(6-oxo-3-(1H-1,2,4-triazol-1-yl)pyridazin-1(6H)-yl)ethyl)urea",0.5,6,-238.049504560725,0.451612903225806,NA,"844260778451236101"
"844260826631206335","C15H13F2N7O2","[M + H]+",1,0.956043658009243,67.1219541114237,3.28878826500118,63.8331658464226,"20","MCSNHWJKNRXSFD","CC(C1=NC=NN1C2=NC=CC=N2)NC(=O)C3=CC(=CN=C3)OC(F)F","5-(difluoromethoxy)-N-[1-(2-pyrimidin-2-yl-1,2,4-triazol-3-yl)ethyl]pyridine-3-carboxamide",1.3,7,-238.524918346915,0.422764227642276,NA,"844260778451236101"
"844260826631206335","C15H13F2N7O2","[M + H]+",1,0.956043658009243,67.1219541114237,3.28878826500118,63.8331658464226,"20","JINYNPTZFYTAAE","CNC1=CC2=NC3=C(C=NN13)C(=O)NCCOC4=C(C=C(C(=N4)N2)F)F",NA,1.3,8,-246.595063194408,0.428571428571429,NA,"844260778451236101"
"844260826631206335","C15H13F2N7O2","[M + H]+",1,0.956043658009243,67.1219541114237,3.28878826500118,63.8331658464226,"20","JOXSMAKUPLSCFK","CNC1=CC2=NC3=C(C=NN13)C(=O)NCCOC4=C(C(=CC(=N4)N2)F)F",NA,1.3,9,-247.007839896873,0.431818181818182,NA,"844260778451236101"
"844260826631206335","C15H13F2N7O2","[M + H]+",1,0.956043658009243,67.1219541114237,3.28878826500118,63.8331658464226,"20","DOKYXQUHEBRWHL","CNC1=CC2=NC3=C(C=NN13)C(=O)NCCOC4=NC(=C(C(=C4)F)F)N2",NA,1.3,10,-247.168920398665,0.428571428571429,NA,"844260778451236101"
"844260826631206335","C15H13F2N7O2","[M + H]+",1,0.956043658009243,67.1219541114237,3.28878826500118,63.8331658464226,"20","RGLWMSKFLHMTMK","C1=CC(=C(N=C1)OC2=C(C=C(C=C2)F)F)CNC(=O)CN3C(=NN=N3)N","2-(5-amino-1H-tetrazol-1-yl)-N-{[2-(2,4-difluorophenoxy)pyridin-3-yl]methyl}acetamide",1.2,13,-257.787915923969,0.438461538461538,NA,"844260778451236101"
"844260826631206335","C15H13F2N7O2","[M + H]+",1,0.956043658009243,67.1219541114237,3.28878826500118,63.8331658464226,"20","OGXZJNBJBKZZGO","CC1=NON=C1CN2C3=C(C(=O)NC(=N3)C(C4=CC=CC=C4)(F)F)NN2","5-[difluoro(phenyl)methyl]-3-[(4-methyl-1,2,5-oxadiazol-3-yl)methyl]-2,6-dihydro-1H-triazolo[4,5-d]pyrimidin-7-one",2.6,24,-270.980747145968,0.390977443609023,NA,"844260778451236101"
"844260826631206335","C15H13F2N7O2","[M + H]+",1,0.956043658009243,67.1219541114237,3.28878826500118,63.8331658464226,"20","OIALPWCJCSMRGK","C1C2(CC1(F)F)CN(C2)C(=O)C3=CN(N=N3)C4=NN5C=CC=C5C(=O)N4","2-[4-(6,6-difluoro-2-azaspiro[3.3]heptane-2-carbonyl)triazol-1-yl]-3H-pyrrolo[2,1-f][1,2,4]triazin-4-one",0.9,55,-301.453896260894,0.395522388059701,NA,"844260778451236101"
"844260826631206335","C15H13F2N7O2","[M + H]+",1,0.956043658009243,67.1219541114237,3.28878826500118,63.8331658464226,"20","ZKLPXXGDZRZHGE","C1CC12CN(CC2(F)F)C3=CC(=NN4C3=NC=N4)C5=CNC(=O)NC5=O","5-[8-(7,7-difluoro-5-azaspiro[2.4]heptan-5-yl)-[1,2,4]triazolo[1,5-b]pyridazin-6-yl]-1H-pyrimidine-2,4-dione",0.3,151,-354.161807030422,0.36,NA,"844260778451236101"
"844260826631206335","C15H13F2N7O2","[M + H]+",1,0.956043658009243,67.1219541114237,3.28878826500118,63.8331658464226,"20","JMTPBJUZPYHNEA","C1CC12CN(CC2(F)F)C3=CC(=NN4C3=NN=C4)C5=CNC(=O)NC5=O","5-[8-(7,7-difluoro-5-azaspiro[2.4]heptan-5-yl)-[1,2,4]triazolo[4,3-b]pyridazin-6-yl]-1H-pyrimidine-2,4-dione",-0.3,159,-355.906167489763,0.357615894039735,NA,"844260778451236101"
"844260826631206335","C15H13F2N7O2","[M + H]+",1,0.956043658009243,67.1219541114237,3.28878826500118,63.8331658464226,"20","IPONHXGOODDWMS","C1CC12CN(CC2(F)F)C3=CC(=NC4=NC=NN34)C5=CNC(=O)NC5=O","5-[7-(7,7-difluoro-5-azaspiro[2.4]heptan-5-yl)-[1,2,4]triazolo[1,5-a]pyrimidin-5-yl]-1H-pyrimidine-2,4-dione",0.4,194,-374.213884414107,0.320754716981132,NA,"844260778451236101"
"844260826631206335","C15H13F2N7O2","[M + H]+",1,0.956043658009243,67.1219541114237,3.28878826500118,63.8331658464226,"20","XCRZLFRHRAYWPB","CN1N=C(N=N1)C(=O)NC2CCC3=C2C=CC(=C3)C4=NOC(=N4)C(F)F","N-[5-[5-(difluoromethyl)-1,2,4-oxadiazol-3-yl]-2,3-dihydro-1H-inden-1-yl]-2-methyltetrazole-5-carboxamide",2.2,245,-401.517545204406,0.315789473684211,NA,"844260778451236101"
"844260826631206336","C12H14F3N7O3","[M + H]+",2,0.0203019628740446,63.2698681067173,2.71480958327392,60.5550585234434,"20","CFYZNRWKQYLEBN","CN1C(=C(C(=N1)N2CC(C2)(C3=NC=NN3C)OC)[N+](=O)[O-])C(F)(F)F","5-[3-Methoxy-1-[1-methyl-4-nitro-5-(trifluoromethyl)pyrazol-3-yl]azetidin-3-yl]-1-methyl-1,2,4-triazole",0.5,27,-272.340517189372,0.418032786885246,NA,"844260778451236101"
"844260826631206336","C12H14F3N7O3","[M + H]+",2,0.0203019628740446,63.2698681067173,2.71480958327392,60.5550585234434,"20","WSXZVUWPGPFFRD","CC1=NC(=NN1C2=NNC(=N2)C(F)(F)F)C(=O)NCC(C)(C)C(=O)O","2,2-dimethyl-3-[[5-methyl-1-[5-(trifluoromethyl)-1H-1,2,4-triazol-3-yl]-1,2,4-triazole-3-carbonyl]amino]propanoic acid",1.4,56,-303.564074129331,0.326241134751773,NA,"844260778451236101"
"844260826631206336","C12H14F3N7O3","[M + H]+",2,0.0203019628740446,63.2698681067173,2.71480958327392,60.5550585234434,"20","WXKDRRFOSNTCKL","CC1=NC(=NN1C2=NNC(=N2)C(F)(F)F)C(=O)N(CC(=O)O)C(C)C","2-[[5-methyl-1-[5-(trifluoromethyl)-1H-1,2,4-triazol-3-yl]-1,2,4-triazole-3-carbonyl]-propan-2-ylamino]acetic acid",1.6,68,-312.048793391585,0.301369863013699,NA,"844260778451236101"
"844260826631206336","C12H14F3N7O3","[M + H]+",2,0.0203019628740446,63.2698681067173,2.71480958327392,60.5550585234434,"20","PHSLFFNBMPDTLL","CC1=NC(=NN1C2=NNC(=N2)C(F)(F)F)C(=O)N(C)C(C)(C)C(=O)O","2-methyl-2-[methyl-[5-methyl-1-[5-(trifluoromethyl)-1H-1,2,4-triazol-3-yl]-1,2,4-triazole-3-carbonyl]amino]propanoic acid",1.4,69,-312.134636051981,0.297872340425532,NA,"844260778451236101"
"844260826631206336","C12H14F3N7O3","[M + H]+",2,0.0203019628740446,63.2698681067173,2.71480958327392,60.5550585234434,"20","FWQFKNAIHMGGGE","CCCN(CC(=O)O)C(=O)C1=NN(C(=N1)C)C2=NNC(=N2)C(F)(F)F","2-[[5-methyl-1-[5-(trifluoromethyl)-1H-1,2,4-triazol-3-yl]-1,2,4-triazole-3-carbonyl]-propylamino]acetic acid",1.7,77,-319.419265452325,0.298701298701299,NA,"844260778451236101"
"844260826631206336","C12H14F3N7O3","[M + H]+",2,0.0203019628740446,63.2698681067173,2.71480958327392,60.5550585234434,"20","KDGIFBZCSXNMKY","CC1=NC(=NN1C2=NNC(=N2)C(F)(F)F)C(=O)NCC(C)CC(=O)O","3-methyl-4-[[5-methyl-1-[5-(trifluoromethyl)-1H-1,2,4-triazol-3-yl]-1,2,4-triazole-3-carbonyl]amino]butanoic acid",1.3,97,-331.271856698054,0.315436241610738,NA,"844260778451236101"
"844260826631206336","C12H14F3N7O3","[M + H]+",2,0.0203019628740446,63.2698681067173,2.71480958327392,60.5550585234434,"20","RIVMOGGKOUBILA","C1=C(C(=O)NC(=O)N1CC(F)(F)F)CNC(=O)CCCC2=NNN=N2","N-[[2,4-dioxo-1-(2,2,2-trifluoroethyl)pyrimidin-5-yl]methyl]-4-(2H-tetrazol-5-yl)butanamide",-0.2,103,-333.868373846551,0.342465753424658,NA,"844260778451236101"
"844260826631206336","C12H14F3N7O3","[M + H]+",2,0.0203019628740446,63.2698681067173,2.71480958327392,60.5550585234434,"20","WLFUMOWTTXBNHH","CCC(C)(C(=O)O)NC(=O)C1=NN(C(=N1)C)C2=NNC(=N2)C(F)(F)F","2-methyl-2-[[5-methyl-1-[5-(trifluoromethyl)-1H-1,2,4-triazol-3-yl]-1,2,4-triazole-3-carbonyl]amino]butanoic acid",1.7,109,-338.396624493493,0.28476821192053,NA,"844260778451236101"
"844260826631206336","C12H14F3N7O3","[M + H]+",2,0.0203019628740446,63.2698681067173,2.71480958327392,60.5550585234434,"20","HTBCVVYYGFODDC","CC1=NC(=NN1C2=NNC(=N2)C(F)(F)F)C(=O)NC(C(C)C)C(=O)O","3-methyl-2-[[5-methyl-1-[5-(trifluoromethyl)-1H-1,2,4-triazol-3-yl]-1,2,4-triazole-3-carbonyl]amino]butanoic acid",2,182,-365.464967172693,0.2625,NA,"844260778451236101"
"844260826631206336","C12H14F3N7O3","[M + H]+",2,0.0203019628740446,63.2698681067173,2.71480958327392,60.5550585234434,"20","IGPSHAHSHFVEGF","CC1=NC(=NN1C2=NNC(=N2)C(F)(F)F)C(=O)NCCCCC(=O)O","5-[[5-methyl-1-[5-(trifluoromethyl)-1H-1,2,4-triazol-3-yl]-1,2,4-triazole-3-carbonyl]amino]pentanoic acid",1.2,251,-406.137491756669,0.285714285714286,NA,"844260778451236101"
"844260826631206336","C12H14F3N7O3","[M + H]+",2,0.0203019628740446,63.2698681067173,2.71480958327392,60.5550585234434,"20","KGFWOLWQESAWQX","CC1=NC(=NN1C2=NNC(=N2)C(F)(F)F)C(=O)NC(C)CCC(=O)O","4-[[5-methyl-1-[5-(trifluoromethyl)-1H-1,2,4-triazol-3-yl]-1,2,4-triazole-3-carbonyl]amino]pentanoic acid",1.3,276,-423.685919016413,0.276073619631902,NA,"844260778451236101"
"844260826631206336","C12H14F3N7O3","[M + H]+",2,0.0203019628740446,63.2698681067173,2.71480958327392,60.5550585234434,"20","YQALYJYBDXGRTD","CCCC(C(=O)O)NC(=O)C1=NN(C(=N1)C)C2=NNC(=N2)C(F)(F)F","2-[[5-methyl-1-[5-(trifluoromethyl)-1H-1,2,4-triazol-3-yl]-1,2,4-triazole-3-carbonyl]amino]pentanoic acid",1.9,313,-475.326535474721,0.229946524064171,NA,"844260778451236101"
"844260826631206337","C11H18F3N3O7","[M + H]+",3,0.00812307564213707,62.3538593881605,1.56845539446764,60.7854039936929,"20",NA,NA,NA,NA,NA,NA,NA,NA,"844260778451236101"
"844260826631206338","C9H15N9O7","[M + H]+",4,0.00808631826349107,62.3493240623037,0.667087759946313,61.6822363023574,"20",NA,NA,NA,NA,NA,NA,NA,NA,"844260778451236101"
"844260826631206339","C14H17F2N3O6","[M + H]+",5,0.00706818666179704,62.2147544955724,2.74716181638874,59.4675926791837,"20","DCCUFNSJKULQNP","CC(C)(C)OC(=O)NC(CNC1=CC(=C(C=C1F)[N+](=O)[O-])F)C(=O)O","(2S)-3-(2,5-difluoro-4-nitroanilino)-2-[(2-methylpropan-2-yl)oxycarbonylamino]propanoic acid",2.8,157,-355.628181639155,0.216666666666667,NA,"844260778451236101"
"844260826631206339","C14H17F2N3O6","[M + H]+",5,0.00706818666179704,62.2147544955724,2.74716181638874,59.4675926791837,"20","WXVJJJQBBQNPFF","CC(C)(C)OC(=O)NC(CNC1=CC(=C(C=C1[N+](=O)[O-])F)F)C(=O)O","3-(4,5-Difluoro-2-nitroanilino)-2-[(2-methylpropan-2-yl)oxycarbonylamino]propanoic acid",2.8,158,-355.864570048603,0.224043715846995,NA,"844260778451236101"
"844260826631206339","C14H17F2N3O6","[M + H]+",5,0.00706818666179704,62.2147544955724,2.74716181638874,59.4675926791837,"20","NYNAAGTVQZRHQO","CCCCOC(=O)OCC1=C(C(C(O1)N2C=CC(=NC2=O)N)(F)F)O","[(2R)-2-(4-amino-2-oxopyrimidin-1-yl)-3,3-difluoro-4-hydroxy-2H-furan-5-yl]methyl butyl carbonate",0.5,228,-391.33024472387,0.241573033707865,NA,"844260778451236101"
"844260826631206339","C14H17F2N3O6","[M + H]+",5,0.00706818666179704,62.2147544955724,2.74716181638874,59.4675926791837,"20","HLPCOTYSWJFYDT","CC(C)(CCC(=O)O)NC(=O)NC1=C(C=CC(=C1)[N+](=O)[O-])OC(F)F","4-[[2-(Difluoromethoxy)-5-nitrophenyl]carbamoylamino]-4-methylpentanoic acid",2.1,270,-418.826231540019,0.248648648648649,NA,"844260778451236101"
"844260826631206339","C14H17F2N3O6","[M + H]+",5,0.00706818666179704,62.2147544955724,2.74716181638874,59.4675926791837,"20","YNLFTOUVPKSGBP","CCCNC(=O)CNC(=O)C1=CC(=C(C=C1[N+](=O)[O-])OC(F)F)OC","4-(difluoromethoxy)-5-methoxy-2-nitro-N-[2-oxo-2-(propylamino)ethyl]benzamide",2.2,298,-441.979068459397,0.263959390862944,NA,"844260778451236101"
"844260826631206339","C14H17F2N3O6","[M + H]+",5,0.00706818666179704,62.2147544955724,2.74716181638874,59.4675926791837,"20","SAPQPOWNBCHXIV","CCNC(=O)CN(C)C(=O)C1=CC(=C(C=C1[N+](=O)[O-])OC(F)F)OC","4-(difluoromethoxy)-N-[2-(ethylamino)-2-oxoethyl]-5-methoxy-N-methyl-2-nitrobenzamide",1.8,302,-454.765759053863,0.268041237113402,NA,"844260778451236101"
"844260826631206339","C14H17F2N3O6","[M + H]+",5,0.00706818666179704,62.2147544955724,2.74716181638874,59.4675926791837,"20","YMYJOCWHWAYWTB","CCNC(=O)C(C)NC(=O)C1=CC(=C(C=C1[N+](=O)[O-])OC(F)F)OC","4-(difluoromethoxy)-N-[1-(ethylamino)-1-oxopropan-2-yl]-5-methoxy-2-nitrobenzamide",2,304,-458.291212800542,0.248756218905473,NA,"844260778451236101"
"844260826631206339","C14H17F2N3O6","[M + H]+",5,0.00706818666179704,62.2147544955724,2.74716181638874,59.4675926791837,"20","OZGOYTYDOKZRNL","COC1=C(C=C(C(=C1)C(=O)NCC2CNCC2O)[N+](=O)[O-])OC(F)F","4-(difluoromethoxy)-N-[(4-hydroxypyrrolidin-3-yl)methyl]-5-methoxy-2-nitrobenzamide",1.5,320,-488.49893513793,0.253588516746411,NA,"844260778451236101"
"844260826631206339","C14H17F2N3O6","[M + H]+",5,0.00706818666179704,62.2147544955724,2.74716181638874,59.4675926791837,"20","DPZIFPKPVOPRBQ","CC(C1C(C(C(O1)N2C=CC(=NC2=O)N)(F)F)OC(=O)C)OC(=O)C","[(2R,3R,5R)-2-[(1S)-1-acetyloxyethyl]-5-(4-amino-2-oxopyrimidin-1-yl)-4,4-difluorooxolan-3-yl] acetate",-0.3,326,-503.302381045526,0.206730769230769,NA,"844260778451236101"
"844260826631206339","C14H17F2N3O6","[M + H]+",5,0.00706818666179704,62.2147544955724,2.74716181638874,59.4675926791837,"20","HSDNLXGJTHTADB","C1=CN(C(=O)N=C1N)C2C(C(C(O2)COC(=O)CCCC=O)O)(F)F","[(2R,3R,5R)-5-(4-amino-2-oxopyrimidin-1-yl)-4,4-difluoro-3-hydroxyoxolan-2-yl]methyl 5-oxopentanoate",-1.6,339,-562.905883980151,0.195555555555556,NA,"844260778451236101"
"844260826631206339","C14H17F2N3O6","[M + H]+",5,0.00706818666179704,62.2147544955724,2.74716181638874,59.4675926791837,"20","QBYZHSLKSKNBMT","C1=CN(C(=O)N=C1N)C2C(C(C(O2)CC(=O)CCCC(=O)O)O)(F)F","6-[(2R,5R)-5-(4-amino-2-oxopyrimidin-1-yl)-4,4-difluoro-3-hydroxyoxolan-2-yl]-5-oxohexanoic acid",-1.8,342,-584.376605226994,0.184549356223176,NA,"844260778451236101"
"844260826631206339","C14H17F2N3O6","[M + H]+",5,0.00706818666179704,62.2147544955724,2.74716181638874,59.4675926791837,"20","COQIKROFTRQKPD","C1=CC(=CC=C1COC(=O)NC(CCCN)(C(F)F)C(=O)O)[N+](=O)[O-]","5-Amino-2-(difluoromethyl)-2-[(4-nitrophenyl)methoxycarbonylamino]pentanoic acid",-0.9,343,-591.425607455323,0.169811320754717,NA,"844260778451236101"
"844260826631206339","C14H17F2N3O6","[M + H]+",5,0.00706818666179704,62.2147544955724,2.74716181638874,59.4675926791837,"20","JTBRAGZZOUJIOM","C1=CC(=CC=C1COC(=O)NCCCC(C(F)F)(C(=O)O)N)[N+](=O)[O-]","2-Amino-2-(difluoromethyl)-5-[(4-nitrophenyl)methoxycarbonylamino]pentanoic acid",-0.9,344,-600.213804841592,0.172093023255814,NA,"844260778451236101"
"844260826631206339","C14H17F2N3O6","[M + H]+",5,0.00706818666179704,62.2147544955724,2.74716181638874,59.4675926791837,"20","JQDFOYOLKOJNIP","C1CN(CCC1(F)F)C(=O)C2C(C(C(O2)N3C=CC(=O)NC3=O)O)O","1-[(2R,3R,4S,5S)-5-(4,4-difluoropiperidine-1-carbonyl)-3,4-dihydroxyoxolan-2-yl]pyrimidine-2,4-dione",-1,347,-628.430255956294,0.168,NA,"844260778451236101"
"844260826631206340","C12H22F2NO7P","[M + H]+",6,0.00023761481625872,58.8220461965948,2.19506997777169,56.6269762188231,"20",NA,NA,NA,NA,NA,NA,NA,NA,"844260778451236101"
"844260826631206341","C13H18F2N5O3P","[M + H]+",7,5.14870364538645e-05,57.2927253096999,2.7057416225074,54.5869836871925,"20",NA,NA,NA,NA,NA,NA,NA,NA,"844260778451236101"
"844260826631206342","C17H16FN3O5","[M + H]+",8,4.75496803848228e-05,57.2131703203629,2.13127138547994,55.081898934883,"20","STWSEMQJSXTUDI","CCC(=O)NC1=CC(=CC=C1)NC(=O)COC2=CC(=C(C=C2)[N+](=O)[O-])F","N-[3-[[2-(3-fluoro-4-nitrophenoxy)acetyl]amino]phenyl]propanamide",2.4,2,-223.11680729437,0.371621621621622,Inf,"844260778451236101"
"844260826631206342","C17H16FN3O5","[M + H]+",8,4.75496803848228e-05,57.2131703203629,2.13127138547994,55.081898934883,"20","IDPRSJFPZKEETI","COC1=CC(=C(C=C1)NC2=C(OC3=C2C=NC=C3)C(=O)NOCCO)F","3-(2-fluoro-4-methoxyanilino)-N-(2-hydroxyethoxy)furo[3,2-c]pyridine-2-carboxamide",2.4,3,-228.652551101642,0.467948717948718,NA,"844260778451236101"
"844260826631206342","C17H16FN3O5","[M + H]+",8,4.75496803848228e-05,57.2131703203629,2.13127138547994,55.081898934883,"20","HACWGNUSUGMICQ","CC(=O)C1=CN(C(=C1)C(=O)OCC(=O)NC(=O)NC2=CC=CC=C2F)C","[2-[(2-Fluorophenyl)carbamoylamino]-2-oxoethyl] 4-acetyl-1-methylpyrrole-2-carboxylate",1.7,11,-253.77922283632,0.333333333333333,NA,"844260778451236101"
"844260826631206342","C17H16FN3O5","[M + H]+",8,4.75496803848228e-05,57.2131703203629,2.13127138547994,55.081898934883,"20","CYMSZXYMQOWREV","C1=CC(=C(C=C1CO)F)NC2=C(OC3=C2C=NC=C3)C(=O)NOCCO","3-[2-fluoro-4-(hydroxymethyl)anilino]-N-(2-hydroxyethoxy)furo[3,2-c]pyridine-2-carboxamide",1.5,12,-254.018452198732,0.40251572327044,NA,"844260778451236101"
"844260826631206342","C17H16FN3O5","[M + H]+",8,4.75496803848228e-05,57.2131703203629,2.13127138547994,55.081898934883,"20","YYDXSBMWJAJTEX","COC1=C(C=CC(=C1)[N+](=O)[O-])NC(=O)CCC(=O)NC2=CC=C(C=C2)F","N-(4-fluorophenyl)-N'-(2-methoxy-4-nitrophenyl)butanediamide",1.7,14,-258.896302423237,0.373333333333333,NA,"844260778451236101"
"844260826631206342","C17H16FN3O5","[M + H]+",8,4.75496803848228e-05,57.2131703203629,2.13127138547994,55.081898934883,"20","SUCGWEYWAUUJAC","CCOC(=O)C(C=O)NC1=CC(=C(C=C1)OC2=CC(=NC=C2)C(=O)N)F","Ethyl 2-[4-(2-carbamoylpyridin-4-yl)oxy-3-fluoroanilino]-3-oxopropanoate",1.7,15,-260.47318942638,0.407643312101911,NA,"844260778451236101"
"844260826631206342","C17H16FN3O5","[M + H]+",8,4.75496803848228e-05,57.2131703203629,2.13127138547994,55.081898934883,"20","FLSATZDBPOFWDX","CC1=CC(=C(C=C1)NC(=O)NC(=O)COC2=C(C=CC(=C2)F)[N+](=O)[O-])C","N-[(2,4-dimethylphenyl)carbamoyl]-2-(5-fluoro-2-nitrophenoxy)acetamide",3.6,16,-263.989832125251,0.346153846153846,NA,"844260778451236101"
"844260826631206342","C17H16FN3O5","[M + H]+",8,4.75496803848228e-05,57.2131703203629,2.13127138547994,55.081898934883,"20","QVMGSVFDTMCFGU","CC1=C(C(=CC=C1)NC(=O)NC(=O)COC2=C(C=CC(=C2)F)[N+](=O)[O-])C","N-[(2,3-dimethylphenyl)carbamoyl]-2-(5-fluoro-2-nitrophenoxy)acetamide",3.6,17,-264.243992825451,0.346153846153846,NA,"844260778451236101"
"844260826631206342","C17H16FN3O5","[M + H]+",8,4.75496803848228e-05,57.2131703203629,2.13127138547994,55.081898934883,"20","LUPJLWJSVYKKJK","CC(=O)NNC(=O)C1=CN(C=C(C1=O)C(=O)OC)CC2=CC=C(C=C2)F","Methyl 5-(acetamidocarbamoyl)-1-[(4-fluorophenyl)methyl]-4-oxopyridine-3-carboxylate",1.5,18,-264.938570216996,0.346153846153846,NA,"844260778451236101"
"844260826631206342","C17H16FN3O5","[M + H]+",8,4.75496803848228e-05,57.2131703203629,2.13127138547994,55.081898934883,"20","XKGHFFKPXVYLAJ","CC1=C(C=C(C=C1)NC(=O)NC(=O)COC2=C(C=CC(=C2)F)[N+](=O)[O-])C","N-[(3,4-dimethylphenyl)carbamoyl]-2-(5-fluoro-2-nitrophenoxy)acetamide",3.6,19,-265.235559478434,0.341772151898734,NA,"844260778451236101"
"844260826631206342","C17H16FN3O5","[M + H]+",8,4.75496803848228e-05,57.2131703203629,2.13127138547994,55.081898934883,"20","MPKSBNAPBAIJSM","CCOC1=C(C=CC=N1)C(=O)OCC(=O)NC(=O)NC2=CC=CC=C2F","[2-[(2-Fluorophenyl)carbamoylamino]-2-oxoethyl] 2-ethoxypyridine-3-carboxylate",2.5,20,-268.138270431126,0.36969696969697,NA,"844260778451236101"
"844260826631206342","C17H16FN3O5","[M + H]+",8,4.75496803848228e-05,57.2131703203629,2.13127138547994,55.081898934883,"20","KJKMUGRYRXKUFY","C1COCCC1OC2=NC=C(C=C2)C(=O)NC3=CC(=C(C=C3)F)[N+](=O)[O-]","N-(4-fluoro-3-nitrophenyl)-6-((tetrahydro-2H-pyran-4-yl)oxy)nicotinamide",2.3,21,-269.125372234463,0.382716049382716,NA,"844260778451236101"
"844260826631206342","C17H16FN3O5","[M + H]+",8,4.75496803848228e-05,57.2131703203629,2.13127138547994,55.081898934883,"20","NWYRMQWBJUAJRT","CC(C(=O)NC1=CC=C(C=C1)NC(=O)C)OC2=C(C=CC(=C2)F)[N+](=O)[O-]","(2S)-N-(4-acetamidophenyl)-2-(5-fluoro-2-nitrophenoxy)propanamide",2.3,22,-270.251738872852,0.33112582781457,NA,"844260778451236101"
"844260826631206342","C17H16FN3O5","[M + H]+",8,4.75496803848228e-05,57.2131703203629,2.13127138547994,55.081898934883,"20","RWJCJODFLMNQCL","CC(=O)C1=CNC(=C1)C(=O)OCC(=O)NCC(=O)NC2=CC=C(C=C2)F","[2-[[2-(4-fluoroanilino)-2-oxoethyl]amino]-2-oxoethyl] 4-acetyl-1H-pyrrole-2-carboxylate",0.9,23,-270.548343147917,0.353293413173653,NA,"844260778451236101"
"844260826631206342","C17H16FN3O5","[M + H]+",8,4.75496803848228e-05,57.2131703203629,2.13127138547994,55.081898934883,"20","OTDXSKXENBNYTJ","CC1=C(C=CC=C1[N+](=O)[O-])NC(=O)CNC2=C(C=CC(=C2)C(=O)OC)F","Methyl 4-fluoro-3-[[2-(2-methyl-3-nitroanilino)-2-oxoethyl]amino]benzoate",3,25,-271.364826687006,0.31055900621118,NA,"844260778451236101"
"844260826631206343","C11H17N6O8","[M + H]+",9,2.21748893913608e-05,56.4503557932542,2.18596385662327,54.2643919366309,"20",NA,NA,NA,NA,NA,NA,NA,NA,"844260778451236101"
"844260826631206344","C13H19N3O9","[M + H]+",10,8.81950170215301e-06,55.5283606251274,2.24632038530224,53.2820402398252,"20",NA,NA,NA,NA,NA,NA,NA,NA,"844260778451236101"
"844260817542149507","C15H13F2N7O2","[M + H]+",1,0.913213244718969,65.9825905285587,3.31987705604354,62.6627134725152,"21","FOZXIPLAGUNHIE","CN1C(=C(C=N1)C2=NC(=NC=C2F)OC)C(=O)NC3=CC(=NC=C3F)N","N-(2-amino-5-fluoropyridin-4-yl)-4-(5-fluoro-2-methoxypyrimidin-4-yl)-2-methylpyrazole-3-carboxamide",0.4,1,-199.574557733379,0.544642857142857,0,"844260778455430406"
"844260817542149507","C15H13F2N7O2","[M + H]+",1,0.913213244718969,65.9825905285587,3.31987705604354,62.6627134725152,"21","PIKDWSFQRYHGPE","C1=CC(=C(C=C1F)F)NC(=O)NCCN2C(=O)C=CC(=N2)N3C=NC=N3","1-(2,4-difluorophenyl)-3-(2-(6-oxo-3-(1H-1,2,4-triazol-1-yl)pyridazin-1(6H)-yl)ethyl)urea",0.5,3,-232.674666308634,0.475806451612903,NA,"844260778455430406"
"844260817542149507","C15H13F2N7O2","[M + H]+",1,0.913213244718969,65.9825905285587,3.31987705604354,62.6627134725152,"21","KMTLMRMWJDBVTB","C1=CC(=C(C=C1F)NC(=O)NCCN2C(=O)C=CC(=N2)N3C=NC=N3)F","1-(2,5-difluorophenyl)-3-(2-(6-oxo-3-(1H-1,2,4-triazol-1-yl)pyridazin-1(6H)-yl)ethyl)urea",0.5,4,-234.782551820608,0.463414634146341,NA,"844260778455430406"
"844260817542149507","C15H13F2N7O2","[M + H]+",1,0.913213244718969,65.9825905285587,3.31987705604354,62.6627134725152,"21","PQAMDKDZSSHTAQ","C1=CC(=C(C=C1NC(=O)NCCN2C(=O)C=CC(=N2)N3C=NC=N3)F)F","1-(3,4-difluorophenyl)-3-(2-(6-oxo-3-(1H-1,2,4-triazol-1-yl)pyridazin-1(6H)-yl)ethyl)urea",0.5,5,-239.972999796812,0.448818897637795,NA,"844260778455430406"
"844260817542149507","C15H13F2N7O2","[M + H]+",1,0.913213244718969,65.9825905285587,3.31987705604354,62.6627134725152,"21","MCSNHWJKNRXSFD","CC(C1=NC=NN1C2=NC=CC=N2)NC(=O)C3=CC(=CN=C3)OC(F)F","5-(difluoromethoxy)-N-[1-(2-pyrimidin-2-yl-1,2,4-triazol-3-yl)ethyl]pyridine-3-carboxamide",1.3,6,-242.936101240943,0.432,NA,"844260778455430406"
"844260817542149507","C15H13F2N7O2","[M + H]+",1,0.913213244718969,65.9825905285587,3.31987705604354,62.6627134725152,"21","JINYNPTZFYTAAE","CNC1=CC2=NC3=C(C=NN13)C(=O)NCCOC4=C(C=C(C(=N4)N2)F)F",NA,1.3,8,-247.229710080358,0.437037037037037,NA,"844260778455430406"
"844260817542149507","C15H13F2N7O2","[M + H]+",1,0.913213244718969,65.9825905285587,3.31987705604354,62.6627134725152,"21","JOXSMAKUPLSCFK","CNC1=CC2=NC3=C(C=NN13)C(=O)NCCOC4=C(C(=CC(=N4)N2)F)F",NA,1.3,10,-247.685386373122,0.440298507462687,NA,"844260778455430406"
"844260817542149507","C15H13F2N7O2","[M + H]+",1,0.913213244718969,65.9825905285587,3.31987705604354,62.6627134725152,"21","DOKYXQUHEBRWHL","CNC1=CC2=NC3=C(C=NN13)C(=O)NCCOC4=NC(=C(C(=C4)F)F)N2",NA,1.3,11,-247.742902533113,0.437037037037037,NA,"844260778455430406"
"844260817542149507","C15H13F2N7O2","[M + H]+",1,0.913213244718969,65.9825905285587,3.31987705604354,62.6627134725152,"21","RGLWMSKFLHMTMK","C1=CC(=C(N=C1)OC2=C(C=C(C=C2)F)F)CNC(=O)CN3C(=NN=N3)N","2-(5-amino-1H-tetrazol-1-yl)-N-{[2-(2,4-difluorophenoxy)pyridin-3-yl]methyl}acetamide",1.2,23,-261.742549550616,0.446969696969697,NA,"844260778455430406"
"844260817542149507","C15H13F2N7O2","[M + H]+",1,0.913213244718969,65.9825905285587,3.31987705604354,62.6627134725152,"21","OGXZJNBJBKZZGO","CC1=NON=C1CN2C3=C(C(=O)NC(=N3)C(C4=CC=CC=C4)(F)F)NN2","5-[difluoro(phenyl)methyl]-3-[(4-methyl-1,2,5-oxadiazol-3-yl)methyl]-2,6-dihydro-1H-triazolo[4,5-d]pyrimidin-7-one",2.6,34,-273.950205090969,0.4,NA,"844260778455430406"
"844260817542149507","C15H13F2N7O2","[M + H]+",1,0.913213244718969,65.9825905285587,3.31987705604354,62.6627134725152,"21","OIALPWCJCSMRGK","C1C2(CC1(F)F)CN(C2)C(=O)C3=CN(N=N3)C4=NN5C=CC=C5C(=O)N4","2-[4-(6,6-difluoro-2-azaspiro[3.3]heptane-2-carbonyl)triazol-1-yl]-3H-pyrrolo[2,1-f][1,2,4]triazin-4-one",0.9,87,-302.80879115824,0.414814814814815,NA,"844260778455430406"
"844260817542149507","C15H13F2N7O2","[M + H]+",1,0.913213244718969,65.9825905285587,3.31987705604354,62.6627134725152,"21","ZKLPXXGDZRZHGE","C1CC12CN(CC2(F)F)C3=CC(=NN4C3=NC=N4)C5=CNC(=O)NC5=O","5-[8-(7,7-difluoro-5-azaspiro[2.4]heptan-5-yl)-[1,2,4]triazolo[1,5-b]pyridazin-6-yl]-1H-pyrimidine-2,4-dione",0.3,226,-355.02829247227,0.377483443708609,NA,"844260778455430406"
"844260817542149507","C15H13F2N7O2","[M + H]+",1,0.913213244718969,65.9825905285587,3.31987705604354,62.6627134725152,"21","JMTPBJUZPYHNEA","C1CC12CN(CC2(F)F)C3=CC(=NN4C3=NN=C4)C5=CNC(=O)NC5=O","5-[8-(7,7-difluoro-5-azaspiro[2.4]heptan-5-yl)-[1,2,4]triazolo[4,3-b]pyridazin-6-yl]-1H-pyrimidine-2,4-dione",-0.3,231,-356.550362524816,0.375,NA,"844260778455430406"
"844260817542149507","C15H13F2N7O2","[M + H]+",1,0.913213244718969,65.9825905285587,3.31987705604354,62.6627134725152,"21","IPONHXGOODDWMS","C1CC12CN(CC2(F)F)C3=CC(=NC4=NC=NN34)C5=CNC(=O)NC5=O","5-[7-(7,7-difluoro-5-azaspiro[2.4]heptan-5-yl)-[1,2,4]triazolo[1,5-a]pyrimidin-5-yl]-1H-pyrimidine-2,4-dione",0.4,262,-373.283893763486,0.354430379746835,NA,"844260778455430406"
"844260817542149507","C15H13F2N7O2","[M + H]+",1,0.913213244718969,65.9825905285587,3.31987705604354,62.6627134725152,"21","XCRZLFRHRAYWPB","CN1N=C(N=N1)C(=O)NC2CCC3=C2C=CC(=C3)C4=NOC(=N4)C(F)F","N-[5-[5-(difluoromethyl)-1,2,4-oxadiazol-3-yl]-2,3-dihydro-1H-inden-1-yl]-2-methyltetrazole-5-carboxamide",2.2,294,-398.656047719269,0.307692307692308,NA,"844260778455430406"
"844260817542149508","C12H14F3N7O3","[M + H]+",2,0.0516654539989262,63.110410467361,2.58579367007003,60.524616797291,"21","CFYZNRWKQYLEBN","CN1C(=C(C(=N1)N2CC(C2)(C3=NC=NN3C)OC)[N+](=O)[O-])C(F)(F)F","5-[3-Methoxy-1-[1-methyl-4-nitro-5-(trifluoromethyl)pyrazol-3-yl]azetidin-3-yl]-1-methyl-1,2,4-triazole",0.5,26,-263.507425673798,0.391666666666667,NA,"844260778455430406"
"844260817542149508","C12H14F3N7O3","[M + H]+",2,0.0516654539989262,63.110410467361,2.58579367007003,60.524616797291,"21","WSXZVUWPGPFFRD","CC1=NC(=NN1C2=NNC(=N2)C(F)(F)F)C(=O)NCC(C)(C)C(=O)O","2,2-dimethyl-3-[[5-methyl-1-[5-(trifluoromethyl)-1H-1,2,4-triazol-3-yl]-1,2,4-triazole-3-carbonyl]amino]propanoic acid",1.4,62,-290.074812541981,0.340740740740741,NA,"844260778455430406"
"844260817542149508","C12H14F3N7O3","[M + H]+",2,0.0516654539989262,63.110410467361,2.58579367007003,60.524616797291,"21","PHSLFFNBMPDTLL","CC1=NC(=NN1C2=NNC(=N2)C(F)(F)F)C(=O)N(C)C(C)(C)C(=O)O","2-methyl-2-[methyl-[5-methyl-1-[5-(trifluoromethyl)-1H-1,2,4-triazol-3-yl]-1,2,4-triazole-3-carbonyl]amino]propanoic acid",1.4,79,-299.250806400168,0.301470588235294,NA,"844260778455430406"
"844260817542149508","C12H14F3N7O3","[M + H]+",2,0.0516654539989262,63.110410467361,2.58579367007003,60.524616797291,"21","WXKDRRFOSNTCKL","CC1=NC(=NN1C2=NNC(=N2)C(F)(F)F)C(=O)N(CC(=O)O)C(C)C","2-[[5-methyl-1-[5-(trifluoromethyl)-1H-1,2,4-triazol-3-yl]-1,2,4-triazole-3-carbonyl]-propan-2-ylamino]acetic acid",1.6,85,-301.893150799299,0.295774647887324,NA,"844260778455430406"
"844260817542149508","C12H14F3N7O3","[M + H]+",2,0.0516654539989262,63.110410467361,2.58579367007003,60.524616797291,"21","FWQFKNAIHMGGGE","CCCN(CC(=O)O)C(=O)C1=NN(C(=N1)C)C2=NNC(=N2)C(F)(F)F","2-[[5-methyl-1-[5-(trifluoromethyl)-1H-1,2,4-triazol-3-yl]-1,2,4-triazole-3-carbonyl]-propylamino]acetic acid",1.7,108,-312.032244988766,0.28476821192053,NA,"844260778455430406"
"844260817542149508","C12H14F3N7O3","[M + H]+",2,0.0516654539989262,63.110410467361,2.58579367007003,60.524616797291,"21","KDGIFBZCSXNMKY","CC1=NC(=NN1C2=NNC(=N2)C(F)(F)F)C(=O)NCC(C)CC(=O)O","3-methyl-4-[[5-methyl-1-[5-(trifluoromethyl)-1H-1,2,4-triazol-3-yl]-1,2,4-triazole-3-carbonyl]amino]butanoic acid",1.3,120,-315.729850570292,0.310344827586207,NA,"844260778455430406"
"844260817542149508","C12H14F3N7O3","[M + H]+",2,0.0516654539989262,63.110410467361,2.58579367007003,60.524616797291,"21","WLFUMOWTTXBNHH","CCC(C)(C(=O)O)NC(=O)C1=NN(C(=N1)C)C2=NNC(=N2)C(F)(F)F","2-methyl-2-[[5-methyl-1-[5-(trifluoromethyl)-1H-1,2,4-triazol-3-yl]-1,2,4-triazole-3-carbonyl]amino]butanoic acid",1.7,135,-319.792968521193,0.296551724137931,NA,"844260778455430406"
"844260817542149508","C12H14F3N7O3","[M + H]+",2,0.0516654539989262,63.110410467361,2.58579367007003,60.524616797291,"21","RIVMOGGKOUBILA","C1=C(C(=O)NC(=O)N1CC(F)(F)F)CNC(=O)CCCC2=NNN=N2","N-[[2,4-dioxo-1-(2,2,2-trifluoroethyl)pyrimidin-5-yl]methyl]-4-(2H-tetrazol-5-yl)butanamide",-0.2,152,-326.69721521948,0.357142857142857,NA,"844260778455430406"
"844260817542149508","C12H14F3N7O3","[M + H]+",2,0.0516654539989262,63.110410467361,2.58579367007003,60.524616797291,"21","HTBCVVYYGFODDC","CC1=NC(=NN1C2=NNC(=N2)C(F)(F)F)C(=O)NC(C(C)C)C(=O)O","3-methyl-2-[[5-methyl-1-[5-(trifluoromethyl)-1H-1,2,4-triazol-3-yl]-1,2,4-triazole-3-carbonyl]amino]butanoic acid",2,204,-343.765676945782,0.272727272727273,NA,"844260778455430406"
"844260817542149508","C12H14F3N7O3","[M + H]+",2,0.0516654539989262,63.110410467361,2.58579367007003,60.524616797291,"21","IGPSHAHSHFVEGF","CC1=NC(=NN1C2=NNC(=N2)C(F)(F)F)C(=O)NCCCCC(=O)O","5-[[5-methyl-1-[5-(trifluoromethyl)-1H-1,2,4-triazol-3-yl]-1,2,4-triazole-3-carbonyl]amino]pentanoic acid",1.2,290,-394.353087998404,0.288343558282209,NA,"844260778455430406"
"844260817542149508","C12H14F3N7O3","[M + H]+",2,0.0516654539989262,63.110410467361,2.58579367007003,60.524616797291,"21","KGFWOLWQESAWQX","CC1=NC(=NN1C2=NNC(=N2)C(F)(F)F)C(=O)NC(C)CCC(=O)O","4-[[5-methyl-1-[5-(trifluoromethyl)-1H-1,2,4-triazol-3-yl]-1,2,4-triazole-3-carbonyl]amino]pentanoic acid",1.3,295,-399.243029668638,0.270440251572327,NA,"844260778455430406"
"844260817542149508","C12H14F3N7O3","[M + H]+",2,0.0516654539989262,63.110410467361,2.58579367007003,60.524616797291,"21","YQALYJYBDXGRTD","CCCC(C(=O)O)NC(=O)C1=NN(C(=N1)C)C2=NNC(=N2)C(F)(F)F","2-[[5-methyl-1-[5-(trifluoromethyl)-1H-1,2,4-triazol-3-yl]-1,2,4-triazole-3-carbonyl]amino]pentanoic acid",1.9,339,-451.011879413752,0.237569060773481,NA,"844260778455430406"
"844260817542149509","C11H18F3N3O7","[M + H]+",3,0.0154796895491407,61.9051499233693,1.53147379590467,60.3736761274646,"21",NA,NA,NA,NA,NA,NA,NA,NA,"844260778455430406"
"844260817542149510","C9H15N9O7","[M + H]+",4,0.0100247894886106,61.4706820847037,0.745677925396956,60.7250041593067,"21",NA,NA,NA,NA,NA,NA,NA,NA,"844260778455430406"
"844260817542149511","C14H17F2N3O6","[M + H]+",5,0.00775272283249903,61.2136652252617,2.76259543566281,58.4510697895989,"21","DCCUFNSJKULQNP","CC(C)(C)OC(=O)NC(CNC1=CC(=C(C=C1F)[N+](=O)[O-])F)C(=O)O","(2S)-3-(2,5-difluoro-4-nitroanilino)-2-[(2-methylpropan-2-yl)oxycarbonylamino]propanoic acid",2.8,164,-330.25563719818,0.25,NA,"844260778455430406"
"844260817542149511","C14H17F2N3O6","[M + H]+",5,0.00775272283249903,61.2136652252617,2.76259543566281,58.4510697895989,"21","WXVJJJQBBQNPFF","CC(C)(C)OC(=O)NC(CNC1=CC(=C(C=C1[N+](=O)[O-])F)F)C(=O)O","3-(4,5-Difluoro-2-nitroanilino)-2-[(2-methylpropan-2-yl)oxycarbonylamino]propanoic acid",2.8,168,-330.517847871865,0.257309941520468,NA,"844260778455430406"
"844260817542149511","C14H17F2N3O6","[M + H]+",5,0.00775272283249903,61.2136652252617,2.76259543566281,58.4510697895989,"21","NYNAAGTVQZRHQO","CCCCOC(=O)OCC1=C(C(C(O1)N2C=CC(=NC2=O)N)(F)F)O","[(2R)-2-(4-amino-2-oxopyrimidin-1-yl)-3,3-difluoro-4-hydroxy-2H-furan-5-yl]methyl butyl carbonate",0.5,225,-353.135134146737,0.239766081871345,NA,"844260778455430406"
"844260817542149511","C14H17F2N3O6","[M + H]+",5,0.00775272283249903,61.2136652252617,2.76259543566281,58.4510697895989,"21","HLPCOTYSWJFYDT","CC(C)(CCC(=O)O)NC(=O)NC1=C(C=CC(=C1)[N+](=O)[O-])OC(F)F","4-[[2-(Difluoromethoxy)-5-nitrophenyl]carbamoylamino]-4-methylpentanoic acid",2.1,296,-399.399589635787,0.268571428571429,NA,"844260778455430406"
"844260817542149511","C14H17F2N3O6","[M + H]+",5,0.00775272283249903,61.2136652252617,2.76259543566281,58.4510697895989,"21","YNLFTOUVPKSGBP","CCCNC(=O)CNC(=O)C1=CC(=C(C=C1[N+](=O)[O-])OC(F)F)OC","4-(difluoromethoxy)-5-methoxy-2-nitro-N-[2-oxo-2-(propylamino)ethyl]benzamide",2.2,315,-418.576256663162,0.283422459893048,NA,"844260778455430406"
"844260817542149511","C14H17F2N3O6","[M + H]+",5,0.00775272283249903,61.2136652252617,2.76259543566281,58.4510697895989,"21","SAPQPOWNBCHXIV","CCNC(=O)CN(C)C(=O)C1=CC(=C(C=C1[N+](=O)[O-])OC(F)F)OC","4-(difluoromethoxy)-N-[2-(ethylamino)-2-oxoethyl]-5-methoxy-N-methyl-2-nitrobenzamide",1.8,323,-427.151267012978,0.28804347826087,NA,"844260778455430406"
"844260817542149511","C14H17F2N3O6","[M + H]+",5,0.00775272283249903,61.2136652252617,2.76259543566281,58.4510697895989,"21","YMYJOCWHWAYWTB","CCNC(=O)C(C)NC(=O)C1=CC(=C(C=C1[N+](=O)[O-])OC(F)F)OC","4-(difluoromethoxy)-N-[1-(ethylamino)-1-oxopropan-2-yl]-5-methoxy-2-nitrobenzamide",2,328,-440.254531033848,0.267015706806283,NA,"844260778455430406"
"844260817542149511","C14H17F2N3O6","[M + H]+",5,0.00775272283249903,61.2136652252617,2.76259543566281,58.4510697895989,"21","OZGOYTYDOKZRNL","COC1=C(C=C(C(=C1)C(=O)NCC2CNCC2O)[N+](=O)[O-])OC(F)F","4-(difluoromethoxy)-N-[(4-hydroxypyrrolidin-3-yl)methyl]-5-methoxy-2-nitrobenzamide",1.5,345,-467.978262820857,0.271356783919598,NA,"844260778455430406"
"844260817542149511","C14H17F2N3O6","[M + H]+",5,0.00775272283249903,61.2136652252617,2.76259543566281,58.4510697895989,"21","DPZIFPKPVOPRBQ","CC(C1C(C(C(O1)N2C=CC(=NC2=O)N)(F)F)OC(=O)C)OC(=O)C","[(2R,3R,5R)-2-[(1S)-1-acetyloxyethyl]-5-(4-amino-2-oxopyrimidin-1-yl)-4,4-difluorooxolan-3-yl] acetate",-0.3,346,-468.142828938889,0.21,NA,"844260778455430406"
"844260817542149511","C14H17F2N3O6","[M + H]+",5,0.00775272283249903,61.2136652252617,2.76259543566281,58.4510697895989,"21","HSDNLXGJTHTADB","C1=CN(C(=O)N=C1N)C2C(C(C(O2)COC(=O)CCCC=O)O)(F)F","[(2R,3R,5R)-5-(4-amino-2-oxopyrimidin-1-yl)-4,4-difluoro-3-hydroxyoxolan-2-yl]methyl 5-oxopentanoate",-1.6,356,-530.146863191552,0.203703703703704,NA,"844260778455430406"
"844260817542149511","C14H17F2N3O6","[M + H]+",5,0.00775272283249903,61.2136652252617,2.76259543566281,58.4510697895989,"21","QBYZHSLKSKNBMT","C1=CN(C(=O)N=C1N)C2C(C(C(O2)CC(=O)CCCC(=O)O)O)(F)F","6-[(2R,5R)-5-(4-amino-2-oxopyrimidin-1-yl)-4,4-difluoro-3-hydroxyoxolan-2-yl]-5-oxohexanoic acid",-1.8,358,-542.557205816231,0.191964285714286,NA,"844260778455430406"
"844260817542149511","C14H17F2N3O6","[M + H]+",5,0.00775272283249903,61.2136652252617,2.76259543566281,58.4510697895989,"21","COQIKROFTRQKPD","C1=CC(=CC=C1COC(=O)NC(CCCN)(C(F)F)C(=O)O)[N+](=O)[O-]","5-Amino-2-(difluoromethyl)-2-[(4-nitrophenyl)methoxycarbonylamino]pentanoic acid",-0.9,362,-563.72167118705,0.195,NA,"844260778455430406"
"844260817542149511","C14H17F2N3O6","[M + H]+",5,0.00775272283249903,61.2136652252617,2.76259543566281,58.4510697895989,"21","JTBRAGZZOUJIOM","C1=CC(=CC=C1COC(=O)NCCCC(C(F)F)(C(=O)O)N)[N+](=O)[O-]","2-Amino-2-(difluoromethyl)-5-[(4-nitrophenyl)methoxycarbonylamino]pentanoic acid",-0.9,364,-565.734792238603,0.197044334975369,NA,"844260778455430406"
"844260817542149511","C14H17F2N3O6","[M + H]+",5,0.00775272283249903,61.2136652252617,2.76259543566281,58.4510697895989,"21","JQDFOYOLKOJNIP","C1CN(CCC1(F)F)C(=O)C2C(C(C(O2)N3C=CC(=O)NC3=O)O)O","1-[(2R,3R,4S,5S)-5-(4,4-difluoropiperidine-1-carbonyl)-3,4-dihydroxyoxolan-2-yl]pyrimidine-2,4-dione",-1,366,-594.146012491533,0.169421487603306,NA,"844260778455430406"
"844260817542149512","C12H22F2NO7P","[M + H]+",6,0.00118055345024924,59.3316044645282,2.05961862890105,57.2719858356272,"21",NA,NA,NA,NA,NA,NA,NA,NA,"844260778455430406"
"844260817542149513","C13H18F2N5O3P","[M + H]+",7,0.00037725675532129,58.1907918356289,2.57813406922393,55.612657766405,"21",NA,NA,NA,NA,NA,NA,NA,NA,"844260778455430406"
"844260817542149514","C17H16FN3O5","[M + H]+",8,0.000102940684809336,56.8920187781038,2.20468986426051,54.6873289138433,"21","STWSEMQJSXTUDI","CCC(=O)NC1=CC(=CC=C1)NC(=O)COC2=CC(=C(C=C2)[N+](=O)[O-])F","N-[3-[[2-(3-fluoro-4-nitrophenoxy)acetyl]amino]phenyl]propanamide",2.4,2,-224.896698304309,0.430656934306569,Inf,"844260778455430406"
"844260817542149514","C17H16FN3O5","[M + H]+",8,0.000102940684809336,56.8920187781038,2.20468986426051,54.6873289138433,"21","IDPRSJFPZKEETI","COC1=CC(=C(C=C1)NC2=C(OC3=C2C=NC=C3)C(=O)NOCCO)F","3-(2-fluoro-4-methoxyanilino)-N-(2-hydroxyethoxy)furo[3,2-c]pyridine-2-carboxamide",2.4,7,-244.305021570669,0.432258064516129,NA,"844260778455430406"
"844260817542149514","C17H16FN3O5","[M + H]+",8,0.000102940684809336,56.8920187781038,2.20468986426051,54.6873289138433,"21","CYMSZXYMQOWREV","C1=CC(=C(C=C1CO)F)NC2=C(OC3=C2C=NC=C3)C(=O)NOCCO","3-[2-fluoro-4-(hydroxymethyl)anilino]-N-(2-hydroxyethoxy)furo[3,2-c]pyridine-2-carboxamide",1.5,9,-247.416698641667,0.393548387096774,NA,"844260778455430406"
"844260817542149514","C17H16FN3O5","[M + H]+",8,0.000102940684809336,56.8920187781038,2.20468986426051,54.6873289138433,"21","YYDXSBMWJAJTEX","COC1=C(C=CC(=C1)[N+](=O)[O-])NC(=O)CCC(=O)NC2=CC=C(C=C2)F","N-(4-fluorophenyl)-N'-(2-methoxy-4-nitrophenyl)butanediamide",1.7,12,-249.82584803518,0.421428571428571,NA,"844260778455430406"
"844260817542149514","C17H16FN3O5","[M + H]+",8,0.000102940684809336,56.8920187781038,2.20468986426051,54.6873289138433,"21","HACWGNUSUGMICQ","CC(=O)C1=CN(C(=C1)C(=O)OCC(=O)NC(=O)NC2=CC=CC=C2F)C","[2-[(2-Fluorophenyl)carbamoylamino]-2-oxoethyl] 4-acetyl-1-methylpyrrole-2-carboxylate",1.7,13,-250.517853146544,0.366013071895425,NA,"844260778455430406"
"844260817542149514","C17H16FN3O5","[M + H]+",8,0.000102940684809336,56.8920187781038,2.20468986426051,54.6873289138433,"21","PWIQQGGREWSQNJ","C=C(C1=CC(=CC(=C1)[N+](=O)[O-])[N+](=O)[O-])NCCOCC2=CC=C(C=C2)F","1-(3,5-dinitrophenyl)-N-[2-[(4-fluorophenyl)methoxy]ethyl]ethenamine",3.6,14,-253.921728229267,0.312056737588652,NA,"844260778455430406"
"844260817542149514","C17H16FN3O5","[M + H]+",8,0.000102940684809336,56.8920187781038,2.20468986426051,54.6873289138433,"21","XKGHFFKPXVYLAJ","CC1=C(C=C(C=C1)NC(=O)NC(=O)COC2=C(C=CC(=C2)F)[N+](=O)[O-])C","N-[(3,4-dimethylphenyl)carbamoyl]-2-(5-fluoro-2-nitrophenoxy)acetamide",3.6,15,-253.944781031071,0.404109589041096,NA,"844260778455430406"
"844260817542149514","C17H16FN3O5","[M + H]+",8,0.000102940684809336,56.8920187781038,2.20468986426051,54.6873289138433,"21","QVMGSVFDTMCFGU","CC1=C(C(=CC=C1)NC(=O)NC(=O)COC2=C(C=CC(=C2)F)[N+](=O)[O-])C","N-[(2,3-dimethylphenyl)carbamoyl]-2-(5-fluoro-2-nitrophenoxy)acetamide",3.6,16,-254.644389144538,0.4,NA,"844260778455430406"
"844260817542149514","C17H16FN3O5","[M + H]+",8,0.000102940684809336,56.8920187781038,2.20468986426051,54.6873289138433,"21","FLSATZDBPOFWDX","CC1=CC(=C(C=C1)NC(=O)NC(=O)COC2=C(C=CC(=C2)F)[N+](=O)[O-])C","N-[(2,4-dimethylphenyl)carbamoyl]-2-(5-fluoro-2-nitrophenoxy)acetamide",3.6,17,-257.148372997741,0.4,NA,"844260778455430406"
"844260817542149514","C17H16FN3O5","[M + H]+",8,0.000102940684809336,56.8920187781038,2.20468986426051,54.6873289138433,"21","KJKMUGRYRXKUFY","C1COCCC1OC2=NC=C(C=C2)C(=O)NC3=CC(=C(C=C3)F)[N+](=O)[O-]","N-(4-fluoro-3-nitrophenyl)-6-((tetrahydro-2H-pyran-4-yl)oxy)nicotinamide",2.3,18,-257.782324550324,0.4,NA,"844260778455430406"
"844260817542149514","C17H16FN3O5","[M + H]+",8,0.000102940684809336,56.8920187781038,2.20468986426051,54.6873289138433,"21","OTDXSKXENBNYTJ","CC1=C(C=CC=C1[N+](=O)[O-])NC(=O)CNC2=C(C=CC(=C2)C(=O)OC)F","Methyl 4-fluoro-3-[[2-(2-methyl-3-nitroanilino)-2-oxoethyl]amino]benzoate",3,19,-258.231492773112,0.369127516778524,NA,"844260778455430406"
"844260817542149514","C17H16FN3O5","[M + H]+",8,0.000102940684809336,56.8920187781038,2.20468986426051,54.6873289138433,"21","RWJCJODFLMNQCL","CC(=O)C1=CNC(=C1)C(=O)OCC(=O)NCC(=O)NC2=CC=C(C=C2)F","[2-[[2-(4-fluoroanilino)-2-oxoethyl]amino]-2-oxoethyl] 4-acetyl-1H-pyrrole-2-carboxylate",0.9,20,-259.304781229333,0.394904458598726,NA,"844260778455430406"
"844260817542149514","C17H16FN3O5","[M + H]+",8,0.000102940684809336,56.8920187781038,2.20468986426051,54.6873289138433,"21","SUCGWEYWAUUJAC","CCOC(=O)C(C=O)NC1=CC(=C(C=C1)OC2=CC(=NC=C2)C(=O)N)F","Ethyl 2-[4-(2-carbamoylpyridin-4-yl)oxy-3-fluoroanilino]-3-oxopropanoate",1.7,21,-259.490966879708,0.380645161290323,NA,"844260778455430406"
"844260817542149514","C17H16FN3O5","[M + H]+",8,0.000102940684809336,56.8920187781038,2.20468986426051,54.6873289138433,"21","NWYRMQWBJUAJRT","CC(C(=O)NC1=CC=C(C=C1)NC(=O)C)OC2=C(C=CC(=C2)F)[N+](=O)[O-]","(2S)-N-(4-acetamidophenyl)-2-(5-fluoro-2-nitrophenoxy)propanamide",2.3,22,-260.063579409984,0.405797101449275,NA,"844260778455430406"
"844260817542149514","C17H16FN3O5","[M + H]+",8,0.000102940684809336,56.8920187781038,2.20468986426051,54.6873289138433,"21","LUPJLWJSVYKKJK","CC(=O)NNC(=O)C1=CN(C=C(C1=O)C(=O)OC)CC2=CC=C(C=C2)F","Methyl 5-(acetamidocarbamoyl)-1-[(4-fluorophenyl)methyl]-4-oxopyridine-3-carboxylate",1.5,24,-262.068095585722,0.344370860927152,NA,"844260778455430406"
"844260817542149515","C13H19N3O9","[M + H]+",9,9.63527144349533e-05,56.8258813985065,2.10573536421239,54.7201460342942,"21","WUTMAPVFLPCUSI","CCC(C(=O)O)(N1C(=O)NC(=O)N(C1=O)C(CC)(C(=O)O)OC)OC","2-[3-(1-Carboxy-1-methoxypropyl)-2,4,6-trioxo-1,3,5-triazinan-1-yl]-2-methoxybutanoic acid",-0.2,25,-262.509294025857,0.298245614035088,NA,"844260778455430406"
"844260817542149515","C13H19N3O9","[M + H]+",9,9.63527144349533e-05,56.8258813985065,2.10573536421239,54.7201460342942,"21","OJTUGTVSBDQQGT","CCOCC(C(=O)O)N1C(=O)NC(=O)N(C1=O)C(COCC)C(=O)O","2-[3-(1-Carboxy-2-ethoxyethyl)-2,4,6-trioxo-1,3,5-triazinan-1-yl]-3-ethoxypropanoic acid",-1.1,45,-280.980196835017,0.289473684210526,NA,"844260778455430406"
"844260817542149515","C13H19N3O9","[M + H]+",9,9.63527144349533e-05,56.8258813985065,2.10573536421239,54.7201460342942,"21","QUMXCDMKVJRPLC","C1=CC(=CC=C1NC(=O)NC(C(C(C(C(CO)O)O)O)O)O)[N+](=O)[O-]","1-[(2R,3R,4R,5S)-1,2,3,4,5,6-hexahydroxyhexyl]-3-(4-nitrophenyl)urea",-2.4,69,-294.155957075707,0.308176100628931,NA,"844260778455430406"
"844260817542149515","C13H19N3O9","[M + H]+",9,9.63527144349533e-05,56.8258813985065,2.10573536421239,54.7201460342942,"21","ACLVVTKIENHHMC","C1=C(C=NC(=C1[N+](=O)[O-])OCCOCCOCCOCCO)[N+](=O)[O-]","2-[2-[2-[2-(3,5-Dinitropyridin-2-yl)oxyethoxy]ethoxy]ethoxy]ethanol",-0.3,70,-295.7331860977,0.382608695652174,NA,"844260778455430406"
"844260817542149515","C13H19N3O9","[M + H]+",9,9.63527144349533e-05,56.8258813985065,2.10573536421239,54.7201460342942,"21","UWFXKBYVOCFSOZ","CC(C(C(=O)O)N1C(=O)NC(=O)N(C1=O)C(C(C)OC)C(=O)O)OC","2-[3-(1-Carboxy-2-methoxypropyl)-2,4,6-trioxo-1,3,5-triazinan-1-yl]-3-methoxybutanoic acid",-1,72,-297.405930052842,0.273504273504274,NA,"844260778455430406"
"844260817542149515","C13H19N3O9","[M + H]+",9,9.63527144349533e-05,56.8258813985065,2.10573536421239,54.7201460342942,"21","UFMICMYFIBQTTN","C(CC(=O)O)C(C(=O)NC(CCC(=O)O)C(=O)NCC(=O)O)NC=O","5-[[4-Carboxy-1-(carboxymethylamino)-1-oxobutan-2-yl]amino]-4-formamido-5-oxopentanoic acid",-2.4,114,-314.94045864038,0.180487804878049,NA,"844260778455430406"
"844260817542149515","C13H19N3O9","[M + H]+",9,9.63527144349533e-05,56.8258813985065,2.10573536421239,54.7201460342942,"21","JEOVCBGQEKTLCW","COCCC(C(=O)O)N1C(=O)NC(=O)N(C1=O)C(CCOC)C(=O)O","2-[3-(1-Carboxy-3-methoxypropyl)-2,4,6-trioxo-1,3,5-triazinan-1-yl]-4-methoxybutanoic acid",-1.1,130,-318.31948207151,0.289256198347107,NA,"844260778455430406"
"844260817542149515","C13H19N3O9","[M + H]+",9,9.63527144349533e-05,56.8258813985065,2.10573536421239,54.7201460342942,"21","RJFNHZKFNKXPBE","C(CC(=O)OCCN1C(=O)N(C(=O)N(C1=O)CCO)CCO)C(=O)O","4-[2-[3,5-Bis(2-hydroxyethyl)-2,4,6-trioxo-1,3,5-triazinan-1-yl]ethoxy]-4-oxobutanoic acid",-2.7,142,-322.062783094855,0.236220472440945,NA,"844260778455430406"
"844260817542149515","C13H19N3O9","[M + H]+",9,9.63527144349533e-05,56.8258813985065,2.10573536421239,54.7201460342942,"21","SROCBFQYXHEAOS","CNC(C1=CN(C(=O)NC1=O)C2C(C(C(C(O2)CO)O)O)O)C(=O)O","2-[2,4-Dioxo-1-[3,4,5-trihydroxy-6-(hydroxymethyl)oxan-2-yl]pyrimidin-5-yl]-2-(methylamino)acetic acid",-5.5,193,-338.023305218898,0.263440860215054,NA,"844260778455430406"
"844260817542149515","C13H19N3O9","[M + H]+",9,9.63527144349533e-05,56.8258813985065,2.10573536421239,54.7201460342942,"21","GPALHKVMTSSUMT","CC(=O)OCC1(C(C(C(C(O1)N=[N+]=[N-])OC(=O)C)OC(=O)C)O)OC","[(2S,3S,4S,5S,6S)-4,5-diacetyloxy-6-azido-3-hydroxy-2-methoxyoxan-2-yl]methyl acetate",-0.1,211,-345.061353985211,0.241610738255034,NA,"844260778455430406"
"844260817542149515","C13H19N3O9","[M + H]+",9,9.63527144349533e-05,56.8258813985065,2.10573536421239,54.7201460342942,"21","KBLOEHMGPOSANZ","CC(=O)OC1COC(C(C1OC(=O)C)OC(=O)C)NC(=O)N(C)N=O","1-methyl-1-nitroso-3-(2,3,4-tri-O-acetyl-beta-D-xylopyranosyl)urea",-0.719084,289,-393.549854386168,0.248484848484848,0,"844260778455430406"
"844260817542149515","C13H19N3O9","[M + H]+",9,9.63527144349533e-05,56.8258813985065,2.10573536421239,54.7201460342942,"21","AEXPSFZPKNIQPO","C1C(C(OC1N2C=C(C(=O)NC2=O)N(CC(CO)O)C(=O)O)CO)O","2,3-dihydroxypropyl-[1-[(2S,5S)-4-hydroxy-5-(hydroxymethyl)oxolan-2-yl]-2,4-dioxopyrimidin-5-yl]carbamic acid",-2.779849,297,-399.655068619668,0.263157894736842,NA,"844260778455430406"
"844260817542149515","C13H19N3O9","[M + H]+",9,9.63527144349533e-05,56.8258813985065,2.10573536421239,54.7201460342942,"21","BVGGXJNHEBZUAZ","CC1C(C(C(C(O1)(O)ON=[N+]=[N-])(C)OC(=O)C)OC(=O)C)OC(=O)C","[(2R,3R,4S,5R,6R)-4,5-diacetyloxy-6-azidooxy-6-hydroxy-2,5-dimethyloxan-3-yl] acetate",1.1,310,-410.432892093923,0.134078212290503,NA,"844260778455430406"
"844260817542149515","C13H19N3O9","[M + H]+",9,9.63527144349533e-05,56.8258813985065,2.10573536421239,54.7201460342942,"21","MMIVLCKYFVQJNW","C1=CC(=CC=C1NC(=O)N)OC2C(C(C(C(O2)CON(O)O)O)O)O","[4-[(2R,5S)-6-[(dihydroxyamino)oxymethyl]-3,4,5-trihydroxyoxan-2-yl]oxyphenyl]urea",-1.8767442,334,-442.488318104482,0.255952380952381,NA,"844260778455430406"
"844260817542149515","C13H19N3O9","[M + H]+",9,9.63527144349533e-05,56.8258813985065,2.10573536421239,54.7201460342942,"21","VELJDKSSVXYVKT","COC1=C(C=CC(=C1)C=CC(=O)NCC(CON(O)O)ON(O)O)O","(E)-N-[2,3-bis[(dihydroxyamino)oxy]propyl]-3-(4-hydroxy-3-methoxyphenyl)prop-2-enamide",-0.61363757,340,-451.962183342271,0.267441860465116,NA,"844260778455430406"
"844260817542149516","C11H17N6O8","[M + H]+",10,6.42278138787909e-05,56.4203021862545,2.0797122458851,54.3405899403694,"21",NA,NA,NA,NA,NA,NA,NA,NA,"844260778455430406"
"844260805936510279","C15H13F2N7O2","[M + H]+",1,0.968842246160349,73.0934899563905,3.10563346227021,69.9878564941203,"22","FOZXIPLAGUNHIE","CN1C(=C(C=N1)C2=NC(=NC=C2F)OC)C(=O)NC3=CC(=NC=C3F)N","N-(2-amino-5-fluoropyridin-4-yl)-4-(5-fluoro-2-methoxypyrimidin-4-yl)-2-methylpyrazole-3-carboxamide",0.4,1,-200.810957968945,0.513761467889908,0,"844260778459624711"
"844260805936510279","C15H13F2N7O2","[M + H]+",1,0.968842246160349,73.0934899563905,3.10563346227021,69.9878564941203,"22","PIKDWSFQRYHGPE","C1=CC(=C(C=C1F)F)NC(=O)NCCN2C(=O)C=CC(=N2)N3C=NC=N3","1-(2,4-difluorophenyl)-3-(2-(6-oxo-3-(1H-1,2,4-triazol-1-yl)pyridazin-1(6H)-yl)ethyl)urea",0.5,2,-238.763228539508,0.458333333333333,Inf,"844260778459624711"
"844260805936510279","C15H13F2N7O2","[M + H]+",1,0.968842246160349,73.0934899563905,3.10563346227021,69.9878564941203,"22","KMTLMRMWJDBVTB","C1=CC(=C(C=C1F)NC(=O)NCCN2C(=O)C=CC(=N2)N3C=NC=N3)F","1-(2,5-difluorophenyl)-3-(2-(6-oxo-3-(1H-1,2,4-triazol-1-yl)pyridazin-1(6H)-yl)ethyl)urea",0.5,3,-240.742687053344,0.457627118644068,NA,"844260778459624711"
"844260805936510279","C15H13F2N7O2","[M + H]+",1,0.968842246160349,73.0934899563905,3.10563346227021,69.9878564941203,"22","PQAMDKDZSSHTAQ","C1=CC(=C(C=C1NC(=O)NCCN2C(=O)C=CC(=N2)N3C=NC=N3)F)F","1-(3,4-difluorophenyl)-3-(2-(6-oxo-3-(1H-1,2,4-triazol-1-yl)pyridazin-1(6H)-yl)ethyl)urea",0.5,4,-245.633826234234,0.442622950819672,NA,"844260778459624711"
"844260805936510279","C15H13F2N7O2","[M + H]+",1,0.968842246160349,73.0934899563905,3.10563346227021,69.9878564941203,"22","MCSNHWJKNRXSFD","CC(C1=NC=NN1C2=NC=CC=N2)NC(=O)C3=CC(=CN=C3)OC(F)F","5-(difluoromethoxy)-N-[1-(2-pyrimidin-2-yl-1,2,4-triazol-3-yl)ethyl]pyridine-3-carboxamide",1.3,5,-251.142446557258,0.413223140495868,NA,"844260778459624711"
"844260805936510279","C15H13F2N7O2","[M + H]+",1,0.968842246160349,73.0934899563905,3.10563346227021,69.9878564941203,"22","JINYNPTZFYTAAE","CNC1=CC2=NC3=C(C=NN13)C(=O)NCCOC4=C(C=C(C(=N4)N2)F)F",NA,1.3,6,-252.765211014082,0.430769230769231,NA,"844260778459624711"
"844260805936510279","C15H13F2N7O2","[M + H]+",1,0.968842246160349,73.0934899563905,3.10563346227021,69.9878564941203,"22","JOXSMAKUPLSCFK","CNC1=CC2=NC3=C(C=NN13)C(=O)NCCOC4=C(C(=CC(=N4)N2)F)F",NA,1.3,7,-253.330818981888,0.434108527131783,NA,"844260778459624711"
"844260805936510279","C15H13F2N7O2","[M + H]+",1,0.968842246160349,73.0934899563905,3.10563346227021,69.9878564941203,"22","DOKYXQUHEBRWHL","CNC1=CC2=NC3=C(C=NN13)C(=O)NCCOC4=NC(=C(C(=C4)F)F)N2",NA,1.3,8,-253.60252660657,0.430769230769231,NA,"844260778459624711"
"844260805936510279","C15H13F2N7O2","[M + H]+",1,0.968842246160349,73.0934899563905,3.10563346227021,69.9878564941203,"22","RGLWMSKFLHMTMK","C1=CC(=C(N=C1)OC2=C(C=C(C=C2)F)F)CNC(=O)CN3C(=NN=N3)N","2-(5-amino-1H-tetrazol-1-yl)-N-{[2-(2,4-difluorophenoxy)pyridin-3-yl]methyl}acetamide",1.2,10,-267.95821361994,0.418604651162791,NA,"844260778459624711"
"844260805936510279","C15H13F2N7O2","[M + H]+",1,0.968842246160349,73.0934899563905,3.10563346227021,69.9878564941203,"22","OGXZJNBJBKZZGO","CC1=NON=C1CN2C3=C(C(=O)NC(=N3)C(C4=CC=CC=C4)(F)F)NN2","5-[difluoro(phenyl)methyl]-3-[(4-methyl-1,2,5-oxadiazol-3-yl)methyl]-2,6-dihydro-1H-triazolo[4,5-d]pyrimidin-7-one",2.6,11,-272.09539663415,0.403100775193798,NA,"844260778459624711"
"844260805936510279","C15H13F2N7O2","[M + H]+",1,0.968842246160349,73.0934899563905,3.10563346227021,69.9878564941203,"22","OIALPWCJCSMRGK","C1C2(CC1(F)F)CN(C2)C(=O)C3=CN(N=N3)C4=NN5C=CC=C5C(=O)N4","2-[4-(6,6-difluoro-2-azaspiro[3.3]heptane-2-carbonyl)triazol-1-yl]-3H-pyrrolo[2,1-f][1,2,4]triazin-4-one",0.9,13,-307.738230485847,0.418604651162791,NA,"844260778459624711"
"844260805936510279","C15H13F2N7O2","[M + H]+",1,0.968842246160349,73.0934899563905,3.10563346227021,69.9878564941203,"22","ZKLPXXGDZRZHGE","C1CC12CN(CC2(F)F)C3=CC(=NN4C3=NC=N4)C5=CNC(=O)NC5=O","5-[8-(7,7-difluoro-5-azaspiro[2.4]heptan-5-yl)-[1,2,4]triazolo[1,5-b]pyridazin-6-yl]-1H-pyrimidine-2,4-dione",0.3,20,-351.341921057556,0.360544217687075,NA,"844260778459624711"
"844260805936510279","C15H13F2N7O2","[M + H]+",1,0.968842246160349,73.0934899563905,3.10563346227021,69.9878564941203,"22","JMTPBJUZPYHNEA","C1CC12CN(CC2(F)F)C3=CC(=NN4C3=NN=C4)C5=CNC(=O)NC5=O","5-[8-(7,7-difluoro-5-azaspiro[2.4]heptan-5-yl)-[1,2,4]triazolo[4,3-b]pyridazin-6-yl]-1H-pyrimidine-2,4-dione",-0.3,21,-353.122585567943,0.358108108108108,NA,"844260778459624711"
"844260805936510279","C15H13F2N7O2","[M + H]+",1,0.968842246160349,73.0934899563905,3.10563346227021,69.9878564941203,"22","IPONHXGOODDWMS","C1CC12CN(CC2(F)F)C3=CC(=NC4=NC=NN34)C5=CNC(=O)NC5=O","5-[7-(7,7-difluoro-5-azaspiro[2.4]heptan-5-yl)-[1,2,4]triazolo[1,5-a]pyrimidin-5-yl]-1H-pyrimidine-2,4-dione",0.4,24,-370.441157048019,0.329032258064516,NA,"844260778459624711"
"844260805936510279","C15H13F2N7O2","[M + H]+",1,0.968842246160349,73.0934899563905,3.10563346227021,69.9878564941203,"22","XCRZLFRHRAYWPB","CN1N=C(N=N1)C(=O)NC2CCC3=C2C=CC(=C3)C4=NOC(=N4)C(F)F","N-[5-[5-(difluoromethyl)-1,2,4-oxadiazol-3-yl]-2,3-dihydro-1H-inden-1-yl]-2-methyltetrazole-5-carboxamide",2.2,26,-402.366453008337,0.315436241610738,NA,"844260778459624711"
"844260805936510280","C12H14F3N7O3","[M + H]+",2,0.0254061716852701,69.4523802826581,1.80674138338097,67.6456388992771,"22","CFYZNRWKQYLEBN","CN1C(=C(C(=N1)N2CC(C2)(C3=NC=NN3C)OC)[N+](=O)[O-])C(F)(F)F","5-[3-Methoxy-1-[1-methyl-4-nitro-5-(trifluoromethyl)pyrazol-3-yl]azetidin-3-yl]-1-methyl-1,2,4-triazole",0.5,9,-267.764062536686,0.415254237288136,NA,"844260778459624711"
"844260805936510280","C12H14F3N7O3","[M + H]+",2,0.0254061716852701,69.4523802826581,1.80674138338097,67.6456388992771,"22","WSXZVUWPGPFFRD","CC1=NC(=NN1C2=NNC(=N2)C(F)(F)F)C(=O)NCC(C)(C)C(=O)O","2,2-dimethyl-3-[[5-methyl-1-[5-(trifluoromethyl)-1H-1,2,4-triazol-3-yl]-1,2,4-triazole-3-carbonyl]amino]propanoic acid",1.4,12,-300.177475248263,0.340740740740741,NA,"844260778459624711"
"844260805936510280","C12H14F3N7O3","[M + H]+",2,0.0254061716852701,69.4523802826581,1.80674138338097,67.6456388992771,"22","WXKDRRFOSNTCKL","CC1=NC(=NN1C2=NNC(=N2)C(F)(F)F)C(=O)N(CC(=O)O)C(C)C","2-[[5-methyl-1-[5-(trifluoromethyl)-1H-1,2,4-triazol-3-yl]-1,2,4-triazole-3-carbonyl]-propan-2-ylamino]acetic acid",1.6,14,-308.473806878395,0.314285714285714,NA,"844260778459624711"
"844260805936510280","C12H14F3N7O3","[M + H]+",2,0.0254061716852701,69.4523802826581,1.80674138338097,67.6456388992771,"22","PHSLFFNBMPDTLL","CC1=NC(=NN1C2=NNC(=N2)C(F)(F)F)C(=O)N(C)C(C)(C)C(=O)O","2-methyl-2-[methyl-[5-methyl-1-[5-(trifluoromethyl)-1H-1,2,4-triazol-3-yl]-1,2,4-triazole-3-carbonyl]amino]propanoic acid",1.4,15,-308.674582199979,0.301470588235294,NA,"844260778459624711"
"844260805936510280","C12H14F3N7O3","[M + H]+",2,0.0254061716852701,69.4523802826581,1.80674138338097,67.6456388992771,"22","FWQFKNAIHMGGGE","CCCN(CC(=O)O)C(=O)C1=NN(C(=N1)C)C2=NNC(=N2)C(F)(F)F","2-[[5-methyl-1-[5-(trifluoromethyl)-1H-1,2,4-triazol-3-yl]-1,2,4-triazole-3-carbonyl]-propylamino]acetic acid",1.7,16,-316.009327562634,0.310810810810811,NA,"844260778459624711"
"844260805936510280","C12H14F3N7O3","[M + H]+",2,0.0254061716852701,69.4523802826581,1.80674138338097,67.6456388992771,"22","RIVMOGGKOUBILA","C1=C(C(=O)NC(=O)N1CC(F)(F)F)CNC(=O)CCCC2=NNN=N2","N-[[2,4-dioxo-1-(2,2,2-trifluoroethyl)pyrimidin-5-yl]methyl]-4-(2H-tetrazol-5-yl)butanamide",-0.2,17,-325.783648133128,0.357142857142857,NA,"844260778459624711"
"844260805936510280","C12H14F3N7O3","[M + H]+",2,0.0254061716852701,69.4523802826581,1.80674138338097,67.6456388992771,"22","KDGIFBZCSXNMKY","CC1=NC(=NN1C2=NNC(=N2)C(F)(F)F)C(=O)NCC(C)CC(=O)O","3-methyl-4-[[5-methyl-1-[5-(trifluoromethyl)-1H-1,2,4-triazol-3-yl]-1,2,4-triazole-3-carbonyl]amino]butanoic acid",1.3,18,-331.783017905201,0.338028169014085,NA,"844260778459624711"
"844260805936510280","C12H14F3N7O3","[M + H]+",2,0.0254061716852701,69.4523802826581,1.80674138338097,67.6456388992771,"22","WLFUMOWTTXBNHH","CCC(C)(C(=O)O)NC(=O)C1=NN(C(=N1)C)C2=NNC(=N2)C(F)(F)F","2-methyl-2-[[5-methyl-1-[5-(trifluoromethyl)-1H-1,2,4-triazol-3-yl]-1,2,4-triazole-3-carbonyl]amino]butanoic acid",1.7,19,-340.07832800986,0.296551724137931,NA,"844260778459624711"
"844260805936510280","C12H14F3N7O3","[M + H]+",2,0.0254061716852701,69.4523802826581,1.80674138338097,67.6456388992771,"22","HTBCVVYYGFODDC","CC1=NC(=NN1C2=NNC(=N2)C(F)(F)F)C(=O)NC(C(C)C)C(=O)O","3-methyl-2-[[5-methyl-1-[5-(trifluoromethyl)-1H-1,2,4-triazol-3-yl]-1,2,4-triazole-3-carbonyl]amino]butanoic acid",2,22,-367.660996201352,0.281045751633987,NA,"844260778459624711"
"844260805936510280","C12H14F3N7O3","[M + H]+",2,0.0254061716852701,69.4523802826581,1.80674138338097,67.6456388992771,"22","IGPSHAHSHFVEGF","CC1=NC(=NN1C2=NNC(=N2)C(F)(F)F)C(=O)NCCCCC(=O)O","5-[[5-methyl-1-[5-(trifluoromethyl)-1H-1,2,4-triazol-3-yl]-1,2,4-triazole-3-carbonyl]amino]pentanoic acid",1.2,27,-404.640752500879,0.304347826086957,NA,"844260778459624711"
"844260805936510280","C12H14F3N7O3","[M + H]+",2,0.0254061716852701,69.4523802826581,1.80674138338097,67.6456388992771,"22","KGFWOLWQESAWQX","CC1=NC(=NN1C2=NNC(=N2)C(F)(F)F)C(=O)NC(C)CCC(=O)O","4-[[5-methyl-1-[5-(trifluoromethyl)-1H-1,2,4-triazol-3-yl]-1,2,4-triazole-3-carbonyl]amino]pentanoic acid",1.3,30,-409.049916237326,0.294871794871795,NA,"844260778459624711"
"844260805936510280","C12H14F3N7O3","[M + H]+",2,0.0254061716852701,69.4523802826581,1.80674138338097,67.6456388992771,"22","YQALYJYBDXGRTD","CCCC(C(=O)O)NC(=O)C1=NN(C(=N1)C)C2=NNC(=N2)C(F)(F)F","2-[[5-methyl-1-[5-(trifluoromethyl)-1H-1,2,4-triazol-3-yl]-1,2,4-triazole-3-carbonyl]amino]pentanoic acid",1.9,36,-472.765854028123,0.244444444444444,NA,"844260778459624711"
"844260805936510281","C9H15N9O7","[M + H]+",3,0.00237760411403073,67.0834814642823,0,67.0834814642823,"22",NA,NA,NA,NA,NA,NA,NA,NA,"844260778459624711"
"844260805936510282","C14H17F2N3O6","[M + H]+",4,0.00161068663019488,66.6940487248756,1.89893974502648,64.7951089798491,"22","WXVJJJQBBQNPFF","CC(C)(C)OC(=O)NC(CNC1=CC(=C(C=C1[N+](=O)[O-])F)F)C(=O)O","3-(4,5-Difluoro-2-nitroanilino)-2-[(2-methylpropan-2-yl)oxycarbonylamino]propanoic acid",2.8,23,-370.255311130297,0.216216216216216,NA,"844260778459624711"
"844260805936510282","C14H17F2N3O6","[M + H]+",4,0.00161068663019488,66.6940487248756,1.89893974502648,64.7951089798491,"22","DCCUFNSJKULQNP","CC(C)(C)OC(=O)NC(CNC1=CC(=C(C=C1F)[N+](=O)[O-])F)C(=O)O","(2S)-3-(2,5-difluoro-4-nitroanilino)-2-[(2-methylpropan-2-yl)oxycarbonylamino]propanoic acid",2.8,25,-371.605397768892,0.208791208791209,NA,"844260778459624711"
"844260805936510282","C14H17F2N3O6","[M + H]+",4,0.00161068663019488,66.6940487248756,1.89893974502648,64.7951089798491,"22","NYNAAGTVQZRHQO","CCCCOC(=O)OCC1=C(C(C(O1)N2C=CC(=NC2=O)N)(F)F)O","[(2R)-2-(4-amino-2-oxopyrimidin-1-yl)-3,3-difluoro-4-hydroxy-2H-furan-5-yl]methyl butyl carbonate",0.5,28,-406.025337850575,0.240223463687151,NA,"844260778459624711"
"844260805936510282","C14H17F2N3O6","[M + H]+",4,0.00161068663019488,66.6940487248756,1.89893974502648,64.7951089798491,"22","HLPCOTYSWJFYDT","CC(C)(CCC(=O)O)NC(=O)NC1=C(C=CC(=C1)[N+](=O)[O-])OC(F)F","4-[[2-(Difluoromethoxy)-5-nitrophenyl]carbamoylamino]-4-methylpentanoic acid",2.1,32,-427.323030911062,0.254054054054054,NA,"844260778459624711"
"844260805936510282","C14H17F2N3O6","[M + H]+",4,0.00161068663019488,66.6940487248756,1.89893974502648,64.7951089798491,"22","YNLFTOUVPKSGBP","CCCNC(=O)CNC(=O)C1=CC(=C(C=C1[N+](=O)[O-])OC(F)F)OC","4-(difluoromethoxy)-5-methoxy-2-nitro-N-[2-oxo-2-(propylamino)ethyl]benzamide",2.2,33,-445.307240143747,0.262626262626263,NA,"844260778459624711"
"844260805936510282","C14H17F2N3O6","[M + H]+",4,0.00161068663019488,66.6940487248756,1.89893974502648,64.7951089798491,"22","SAPQPOWNBCHXIV","CCNC(=O)CN(C)C(=O)C1=CC(=C(C=C1[N+](=O)[O-])OC(F)F)OC","4-(difluoromethoxy)-N-[2-(ethylamino)-2-oxoethyl]-5-methoxy-N-methyl-2-nitrobenzamide",1.8,34,-446.625298513274,0.266666666666667,NA,"844260778459624711"
"844260805936510282","C14H17F2N3O6","[M + H]+",4,0.00161068663019488,66.6940487248756,1.89893974502648,64.7951089798491,"22","YMYJOCWHWAYWTB","CCNC(=O)C(C)NC(=O)C1=CC(=C(C=C1[N+](=O)[O-])OC(F)F)OC","4-(difluoromethoxy)-N-[1-(ethylamino)-1-oxopropan-2-yl]-5-methoxy-2-nitrobenzamide",2,35,-457.967428316873,0.253731343283582,NA,"844260778459624711"
"844260805936510282","C14H17F2N3O6","[M + H]+",4,0.00161068663019488,66.6940487248756,1.89893974502648,64.7951089798491,"22","OZGOYTYDOKZRNL","COC1=C(C=C(C(=C1)C(=O)NCC2CNCC2O)[N+](=O)[O-])OC(F)F","4-(difluoromethoxy)-N-[(4-hydroxypyrrolidin-3-yl)methyl]-5-methoxy-2-nitrobenzamide",1.5,37,-493.927467413378,0.246445497630332,NA,"844260778459624711"
"844260805936510282","C14H17F2N3O6","[M + H]+",4,0.00161068663019488,66.6940487248756,1.89893974502648,64.7951089798491,"22","DPZIFPKPVOPRBQ","CC(C1C(C(C(O1)N2C=CC(=NC2=O)N)(F)F)OC(=O)C)OC(=O)C","[(2R,3R,5R)-2-[(1S)-1-acetyloxyethyl]-5-(4-amino-2-oxopyrimidin-1-yl)-4,4-difluorooxolan-3-yl] acetate",-0.3,38,-516.100392366295,0.211538461538462,NA,"844260778459624711"
"844260805936510282","C14H17F2N3O6","[M + H]+",4,0.00161068663019488,66.6940487248756,1.89893974502648,64.7951089798491,"22","HSDNLXGJTHTADB","C1=CN(C(=O)N=C1N)C2C(C(C(O2)COC(=O)CCCC=O)O)(F)F","[(2R,3R,5R)-5-(4-amino-2-oxopyrimidin-1-yl)-4,4-difluoro-3-hydroxyoxolan-2-yl]methyl 5-oxopentanoate",-1.6,39,-568.293875013927,0.2,NA,"844260778459624711"
"844260805936510282","C14H17F2N3O6","[M + H]+",4,0.00161068663019488,66.6940487248756,1.89893974502648,64.7951089798491,"22","QBYZHSLKSKNBMT","C1=CN(C(=O)N=C1N)C2C(C(C(O2)CC(=O)CCCC(=O)O)O)(F)F","6-[(2R,5R)-5-(4-amino-2-oxopyrimidin-1-yl)-4,4-difluoro-3-hydroxyoxolan-2-yl]-5-oxohexanoic acid",-1.8,40,-584.999472298844,0.183760683760684,NA,"844260778459624711"
"844260805936510282","C14H17F2N3O6","[M + H]+",4,0.00161068663019488,66.6940487248756,1.89893974502648,64.7951089798491,"22","COQIKROFTRQKPD","C1=CC(=CC=C1COC(=O)NC(CCCN)(C(F)F)C(=O)O)[N+](=O)[O-]","5-Amino-2-(difluoromethyl)-2-[(4-nitrophenyl)methoxycarbonylamino]pentanoic acid",-0.9,41,-603.082038537366,0.169014084507042,NA,"844260778459624711"
"844260805936510282","C14H17F2N3O6","[M + H]+",4,0.00161068663019488,66.6940487248756,1.89893974502648,64.7951089798491,"22","JTBRAGZZOUJIOM","C1=CC(=CC=C1COC(=O)NCCCC(C(F)F)(C(=O)O)N)[N+](=O)[O-]","2-Amino-2-(difluoromethyl)-5-[(4-nitrophenyl)methoxycarbonylamino]pentanoic acid",-0.9,42,-610.851609217177,0.171296296296296,NA,"844260778459624711"
"844260805936510282","C14H17F2N3O6","[M + H]+",4,0.00161068663019488,66.6940487248756,1.89893974502648,64.7951089798491,"22","JQDFOYOLKOJNIP","C1CN(CCC1(F)F)C(=O)C2C(C(C(O2)N3C=CC(=O)NC3=O)O)O","1-[(2R,3R,4S,5S)-5-(4,4-difluoropiperidine-1-carbonyl)-3,4-dihydroxyoxolan-2-yl]pyrimidine-2,4-dione",-1,43,-622.055790328364,0.172,NA,"844260778459624711"
"844260805936510283","C11H18F3N3O7","[M + H]+",5,0.00154709307851284,66.6537658953002,0.0168476146669606,66.6369182806332,"22",NA,NA,NA,NA,NA,NA,NA,NA,"844260778459624711"
"844260805936510284","C13H18F2N5O3P","[M + H]+",6,0.000193855294734685,64.5767448567407,1.96439518307106,62.6123496736696,"22",NA,NA,NA,NA,NA,NA,NA,NA,"844260778459624711"
"844260805936510285","C12H22F2NO7P","[M + H]+",7,1.21932329714165e-05,61.8105140028076,0.904579990890001,60.9059340119176,"22",NA,NA,NA,NA,NA,NA,NA,NA,"844260778459624711"
"844260805936510286","C15H21FNO6P","[M + H]+",8,4.70451344802573e-06,60.858155235437,2.62222022883576,58.2359350066012,"22",NA,NA,NA,NA,NA,NA,NA,NA,"844260778459624711"
"844260805936510287","C18H20NO5P","[M + H]+",9,2.69942601693741e-06,60.3026720435223,2.65446579265574,57.6482062508666,"22",NA,NA,NA,NA,NA,NA,NA,NA,"844260778459624711"
"844260805936510288","C12H21N5O4P2","[M + H]+",10,6.119393138226e-07,58.8185107176241,0,58.8185107176241,"22",NA,NA,NA,NA,NA,NA,NA,NA,"844260778459624711"
"844260875293521493","C15H13F2N7O2","[M + H]+",1,0.990996950152114,56.0040592628456,3.31245493133195,52.6916043315137,"23","FOZXIPLAGUNHIE","CN1C(=C(C=N1)C2=NC(=NC=C2F)OC)C(=O)NC3=CC(=NC=C3F)N","N-(2-amino-5-fluoropyridin-4-yl)-4-(5-fluoro-2-methoxypyrimidin-4-yl)-2-methylpyrazole-3-carboxamide",0.4,1,-188.662142638721,0.509090909090909,0,"844260778463819016"
"844260875293521493","C15H13F2N7O2","[M + H]+",1,0.990996950152114,56.0040592628456,3.31245493133195,52.6916043315137,"23","MCSNHWJKNRXSFD","CC(C1=NC=NN1C2=NC=CC=N2)NC(=O)C3=CC(=CN=C3)OC(F)F","5-(difluoromethoxy)-N-[1-(2-pyrimidin-2-yl-1,2,4-triazol-3-yl)ethyl]pyridine-3-carboxamide",1.3,2,-225.985682750718,0.433333333333333,Inf,"844260778463819016"
"844260875293521493","C15H13F2N7O2","[M + H]+",1,0.990996950152114,56.0040592628456,3.31245493133195,52.6916043315137,"23","PIKDWSFQRYHGPE","C1=CC(=C(C=C1F)F)NC(=O)NCCN2C(=O)C=CC(=N2)N3C=NC=N3","1-(2,4-difluorophenyl)-3-(2-(6-oxo-3-(1H-1,2,4-triazol-1-yl)pyridazin-1(6H)-yl)ethyl)urea",0.5,3,-232.652054381227,0.419354838709677,NA,"844260778463819016"
"844260875293521493","C15H13F2N7O2","[M + H]+",1,0.990996950152114,56.0040592628456,3.31245493133195,52.6916043315137,"23","KMTLMRMWJDBVTB","C1=CC(=C(C=C1F)NC(=O)NCCN2C(=O)C=CC(=N2)N3C=NC=N3)F","1-(2,5-difluorophenyl)-3-(2-(6-oxo-3-(1H-1,2,4-triazol-1-yl)pyridazin-1(6H)-yl)ethyl)urea",0.5,4,-233.600502876665,0.429752066115702,NA,"844260778463819016"
"844260875293521493","C15H13F2N7O2","[M + H]+",1,0.990996950152114,56.0040592628456,3.31245493133195,52.6916043315137,"23","PQAMDKDZSSHTAQ","C1=CC(=C(C=C1NC(=O)NCCN2C(=O)C=CC(=N2)N3C=NC=N3)F)F","1-(3,4-difluorophenyl)-3-(2-(6-oxo-3-(1H-1,2,4-triazol-1-yl)pyridazin-1(6H)-yl)ethyl)urea",0.5,5,-239.903209057793,0.416,NA,"844260778463819016"
"844260875293521493","C15H13F2N7O2","[M + H]+",1,0.990996950152114,56.0040592628456,3.31245493133195,52.6916043315137,"23","JINYNPTZFYTAAE","CNC1=CC2=NC3=C(C=NN13)C(=O)NCCOC4=C(C=C(C(=N4)N2)F)F",NA,1.3,6,-245.778798330617,0.427480916030534,NA,"844260778463819016"
"844260875293521493","C15H13F2N7O2","[M + H]+",1,0.990996950152114,56.0040592628456,3.31245493133195,52.6916043315137,"23","JOXSMAKUPLSCFK","CNC1=CC2=NC3=C(C=NN13)C(=O)NCCOC4=C(C(=CC(=N4)N2)F)F",NA,1.3,7,-246.239316265392,0.430769230769231,NA,"844260778463819016"
"844260875293521493","C15H13F2N7O2","[M + H]+",1,0.990996950152114,56.0040592628456,3.31245493133195,52.6916043315137,"23","DOKYXQUHEBRWHL","CNC1=CC2=NC3=C(C=NN13)C(=O)NCCOC4=NC(=C(C(=C4)F)F)N2",NA,1.3,8,-246.73169579315,0.427480916030534,NA,"844260778463819016"
"844260875293521493","C15H13F2N7O2","[M + H]+",1,0.990996950152114,56.0040592628456,3.31245493133195,52.6916043315137,"23","OGXZJNBJBKZZGO","CC1=NON=C1CN2C3=C(C(=O)NC(=N3)C(C4=CC=CC=C4)(F)F)NN2","5-[difluoro(phenyl)methyl]-3-[(4-methyl-1,2,5-oxadiazol-3-yl)methyl]-2,6-dihydro-1H-triazolo[4,5-d]pyrimidin-7-one",2.6,10,-263.255975121553,0.389312977099237,NA,"844260778463819016"
"844260875293521493","C15H13F2N7O2","[M + H]+",1,0.990996950152114,56.0040592628456,3.31245493133195,52.6916043315137,"23","RGLWMSKFLHMTMK","C1=CC(=C(N=C1)OC2=C(C=C(C=C2)F)F)CNC(=O)CN3C(=NN=N3)N","2-(5-amino-1H-tetrazol-1-yl)-N-{[2-(2,4-difluorophenoxy)pyridin-3-yl]methyl}acetamide",1.2,11,-265.01637627324,0.426356589147287,NA,"844260778463819016"
"844260875293521493","C15H13F2N7O2","[M + H]+",1,0.990996950152114,56.0040592628456,3.31245493133195,52.6916043315137,"23","OIALPWCJCSMRGK","C1C2(CC1(F)F)CN(C2)C(=O)C3=CN(N=N3)C4=NN5C=CC=C5C(=O)N4","2-[4-(6,6-difluoro-2-azaspiro[3.3]heptane-2-carbonyl)triazol-1-yl]-3H-pyrrolo[2,1-f][1,2,4]triazin-4-one",0.9,15,-301.995304599802,0.393939393939394,NA,"844260778463819016"
"844260875293521493","C15H13F2N7O2","[M + H]+",1,0.990996950152114,56.0040592628456,3.31245493133195,52.6916043315137,"23","ZKLPXXGDZRZHGE","C1CC12CN(CC2(F)F)C3=CC(=NN4C3=NC=N4)C5=CNC(=O)NC5=O","5-[8-(7,7-difluoro-5-azaspiro[2.4]heptan-5-yl)-[1,2,4]triazolo[1,5-b]pyridazin-6-yl]-1H-pyrimidine-2,4-dione",0.3,23,-354.616597205715,0.348993288590604,NA,"844260778463819016"
"844260875293521493","C15H13F2N7O2","[M + H]+",1,0.990996950152114,56.0040592628456,3.31245493133195,52.6916043315137,"23","JMTPBJUZPYHNEA","C1CC12CN(CC2(F)F)C3=CC(=NN4C3=NN=C4)C5=CNC(=O)NC5=O","5-[8-(7,7-difluoro-5-azaspiro[2.4]heptan-5-yl)-[1,2,4]triazolo[4,3-b]pyridazin-6-yl]-1H-pyrimidine-2,4-dione",-0.3,25,-356.635374630383,0.346666666666667,NA,"844260778463819016"
"844260875293521493","C15H13F2N7O2","[M + H]+",1,0.990996950152114,56.0040592628456,3.31245493133195,52.6916043315137,"23","IPONHXGOODDWMS","C1CC12CN(CC2(F)F)C3=CC(=NC4=NC=NN34)C5=CNC(=O)NC5=O","5-[7-(7,7-difluoro-5-azaspiro[2.4]heptan-5-yl)-[1,2,4]triazolo[1,5-a]pyrimidin-5-yl]-1H-pyrimidine-2,4-dione",0.4,26,-375.643435530406,0.30188679245283,NA,"844260778463819016"
"844260875293521493","C15H13F2N7O2","[M + H]+",1,0.990996950152114,56.0040592628456,3.31245493133195,52.6916043315137,"23","XCRZLFRHRAYWPB","CN1N=C(N=N1)C(=O)NC2CCC3=C2C=CC(=C3)C4=NOC(=N4)C(F)F","N-[5-[5-(difluoromethyl)-1,2,4-oxadiazol-3-yl]-2,3-dihydro-1H-inden-1-yl]-2-methyltetrazole-5-carboxamide",2.2,30,-402.452707432066,0.304635761589404,NA,"844260778463819016"
"844260875293521494","C12H14F3N7O3","[M + H]+",2,0.00478210327563737,50.6702282716147,2.26261085679169,48.407617414823,"23","CFYZNRWKQYLEBN","CN1C(=C(C(=N1)N2CC(C2)(C3=NC=NN3C)OC)[N+](=O)[O-])C(F)(F)F","5-[3-Methoxy-1-[1-methyl-4-nitro-5-(trifluoromethyl)pyrazol-3-yl]azetidin-3-yl]-1-methyl-1,2,4-triazole",0.5,9,-251.443870452214,0.396694214876033,NA,"844260778463819016"
"844260875293521494","C12H14F3N7O3","[M + H]+",2,0.00478210327563737,50.6702282716147,2.26261085679169,48.407617414823,"23","WSXZVUWPGPFFRD","CC1=NC(=NN1C2=NNC(=N2)C(F)(F)F)C(=O)NCC(C)(C)C(=O)O","2,2-dimethyl-3-[[5-methyl-1-[5-(trifluoromethyl)-1H-1,2,4-triazol-3-yl]-1,2,4-triazole-3-carbonyl]amino]propanoic acid",1.4,12,-284.076404044566,0.335766423357664,NA,"844260778463819016"
"844260875293521494","C12H14F3N7O3","[M + H]+",2,0.00478210327563737,50.6702282716147,2.26261085679169,48.407617414823,"23","PHSLFFNBMPDTLL","CC1=NC(=NN1C2=NNC(=N2)C(F)(F)F)C(=O)N(C)C(C)(C)C(=O)O","2-methyl-2-[methyl-[5-methyl-1-[5-(trifluoromethyl)-1H-1,2,4-triazol-3-yl]-1,2,4-triazole-3-carbonyl]amino]propanoic acid",1.4,13,-296.215088798632,0.297101449275362,NA,"844260778463819016"
"844260875293521494","C12H14F3N7O3","[M + H]+",2,0.00478210327563737,50.6702282716147,2.26261085679169,48.407617414823,"23","WXKDRRFOSNTCKL","CC1=NC(=NN1C2=NNC(=N2)C(F)(F)F)C(=O)N(CC(=O)O)C(C)C","2-[[5-methyl-1-[5-(trifluoromethyl)-1H-1,2,4-triazol-3-yl]-1,2,4-triazole-3-carbonyl]-propan-2-ylamino]acetic acid",1.6,14,-298.651878593038,0.309859154929577,NA,"844260778463819016"
"844260875293521494","C12H14F3N7O3","[M + H]+",2,0.00478210327563737,50.6702282716147,2.26261085679169,48.407617414823,"23","KDGIFBZCSXNMKY","CC1=NC(=NN1C2=NNC(=N2)C(F)(F)F)C(=O)NCC(C)CC(=O)O","3-methyl-4-[[5-methyl-1-[5-(trifluoromethyl)-1H-1,2,4-triazol-3-yl]-1,2,4-triazole-3-carbonyl]amino]butanoic acid",1.3,16,-310.826375648831,0.324137931034483,NA,"844260778463819016"
"844260875293521494","C12H14F3N7O3","[M + H]+",2,0.00478210327563737,50.6702282716147,2.26261085679169,48.407617414823,"23","RIVMOGGKOUBILA","C1=C(C(=O)NC(=O)N1CC(F)(F)F)CNC(=O)CCCC2=NNN=N2","N-[[2,4-dioxo-1-(2,2,2-trifluoroethyl)pyrimidin-5-yl]methyl]-4-(2H-tetrazol-5-yl)butanamide",-0.2,17,-314.181129110557,0.371428571428571,NA,"844260778463819016"
"844260875293521494","C12H14F3N7O3","[M + H]+",2,0.00478210327563737,50.6702282716147,2.26261085679169,48.407617414823,"23","WLFUMOWTTXBNHH","CCC(C)(C(=O)O)NC(=O)C1=NN(C(=N1)C)C2=NNC(=N2)C(F)(F)F","2-methyl-2-[[5-methyl-1-[5-(trifluoromethyl)-1H-1,2,4-triazol-3-yl]-1,2,4-triazole-3-carbonyl]amino]butanoic acid",1.7,18,-315.45132647993,0.292517006802721,NA,"844260778463819016"
"844260875293521494","C12H14F3N7O3","[M + H]+",2,0.00478210327563737,50.6702282716147,2.26261085679169,48.407617414823,"23","FWQFKNAIHMGGGE","CCCN(CC(=O)O)C(=O)C1=NN(C(=N1)C)C2=NNC(=N2)C(F)(F)F","2-[[5-methyl-1-[5-(trifluoromethyl)-1H-1,2,4-triazol-3-yl]-1,2,4-triazole-3-carbonyl]-propylamino]acetic acid",1.7,19,-317.95258608508,0.298013245033113,NA,"844260778463819016"
"844260875293521494","C12H14F3N7O3","[M + H]+",2,0.00478210327563737,50.6702282716147,2.26261085679169,48.407617414823,"23","HTBCVVYYGFODDC","CC1=NC(=NN1C2=NNC(=N2)C(F)(F)F)C(=O)NC(C(C)C)C(=O)O","3-methyl-2-[[5-methyl-1-[5-(trifluoromethyl)-1H-1,2,4-triazol-3-yl]-1,2,4-triazole-3-carbonyl]amino]butanoic acid",2,22,-343.230486102992,0.27741935483871,NA,"844260778463819016"
"844260875293521494","C12H14F3N7O3","[M + H]+",2,0.00478210327563737,50.6702282716147,2.26261085679169,48.407617414823,"23","IGPSHAHSHFVEGF","CC1=NC(=NN1C2=NNC(=N2)C(F)(F)F)C(=O)NCCCCC(=O)O","5-[[5-methyl-1-[5-(trifluoromethyl)-1H-1,2,4-triazol-3-yl]-1,2,4-triazole-3-carbonyl]amino]pentanoic acid",1.2,27,-390.2626724841,0.300613496932515,NA,"844260778463819016"
"844260875293521494","C12H14F3N7O3","[M + H]+",2,0.00478210327563737,50.6702282716147,2.26261085679169,48.407617414823,"23","KGFWOLWQESAWQX","CC1=NC(=NN1C2=NNC(=N2)C(F)(F)F)C(=O)NC(C)CCC(=O)O","4-[[5-methyl-1-[5-(trifluoromethyl)-1H-1,2,4-triazol-3-yl]-1,2,4-triazole-3-carbonyl]amino]pentanoic acid",1.3,29,-401.907191228568,0.283018867924528,NA,"844260778463819016"
"844260875293521494","C12H14F3N7O3","[M + H]+",2,0.00478210327563737,50.6702282716147,2.26261085679169,48.407617414823,"23","YQALYJYBDXGRTD","CCCC(C(=O)O)NC(=O)C1=NN(C(=N1)C)C2=NNC(=N2)C(F)(F)F","2-[[5-methyl-1-[5-(trifluoromethyl)-1H-1,2,4-triazol-3-yl]-1,2,4-triazole-3-carbonyl]amino]pentanoic acid",1.9,36,-454.044552500708,0.241758241758242,NA,"844260778463819016"
"844260875293521495","C14H17F2N3O6","[M + H]+",3,0.00178058735006531,49.6822910878882,2.33599909289033,47.3462919949979,"23","DCCUFNSJKULQNP","CC(C)(C)OC(=O)NC(CNC1=CC(=C(C=C1F)[N+](=O)[O-])F)C(=O)O","(2S)-3-(2,5-difluoro-4-nitroanilino)-2-[(2-methylpropan-2-yl)oxycarbonylamino]propanoic acid",2.8,20,-333.828366130356,0.247058823529412,NA,"844260778463819016"
"844260875293521495","C14H17F2N3O6","[M + H]+",3,0.00178058735006531,49.6822910878882,2.33599909289033,47.3462919949979,"23","WXVJJJQBBQNPFF","CC(C)(C)OC(=O)NC(CNC1=CC(=C(C=C1[N+](=O)[O-])F)F)C(=O)O","3-(4,5-Difluoro-2-nitroanilino)-2-[(2-methylpropan-2-yl)oxycarbonylamino]propanoic acid",2.8,21,-333.970869970748,0.254335260115607,NA,"844260778463819016"
"844260875293521495","C14H17F2N3O6","[M + H]+",3,0.00178058735006531,49.6822910878882,2.33599909289033,47.3462919949979,"23","NYNAAGTVQZRHQO","CCCCOC(=O)OCC1=C(C(C(O1)N2C=CC(=NC2=O)N)(F)F)O","[(2R)-2-(4-amino-2-oxopyrimidin-1-yl)-3,3-difluoro-4-hydroxy-2H-furan-5-yl]methyl butyl carbonate",0.5,24,-355.502674835791,0.236994219653179,NA,"844260778463819016"
"844260875293521495","C14H17F2N3O6","[M + H]+",3,0.00178058735006531,49.6822910878882,2.33599909289033,47.3462919949979,"23","HLPCOTYSWJFYDT","CC(C)(CCC(=O)O)NC(=O)NC1=C(C=CC(=C1)[N+](=O)[O-])OC(F)F","4-[[2-(Difluoromethoxy)-5-nitrophenyl]carbamoylamino]-4-methylpentanoic acid",2.1,28,-401.707015514147,0.265536723163842,NA,"844260778463819016"
"844260875293521495","C14H17F2N3O6","[M + H]+",3,0.00178058735006531,49.6822910878882,2.33599909289033,47.3462919949979,"23","YNLFTOUVPKSGBP","CCCNC(=O)CNC(=O)C1=CC(=C(C=C1[N+](=O)[O-])OC(F)F)OC","4-(difluoromethoxy)-5-methoxy-2-nitro-N-[2-oxo-2-(propylamino)ethyl]benzamide",2.2,33,-421.841773487355,0.28042328042328,NA,"844260778463819016"
"844260875293521495","C14H17F2N3O6","[M + H]+",3,0.00178058735006531,49.6822910878882,2.33599909289033,47.3462919949979,"23","SAPQPOWNBCHXIV","CCNC(=O)CN(C)C(=O)C1=CC(=C(C=C1[N+](=O)[O-])OC(F)F)OC","4-(difluoromethoxy)-N-[2-(ethylamino)-2-oxoethyl]-5-methoxy-N-methyl-2-nitrobenzamide",1.8,34,-430.292820111419,0.28494623655914,NA,"844260778463819016"
"844260875293521495","C14H17F2N3O6","[M + H]+",3,0.00178058735006531,49.6822910878882,2.33599909289033,47.3462919949979,"23","YMYJOCWHWAYWTB","CCNC(=O)C(C)NC(=O)C1=CC(=C(C=C1[N+](=O)[O-])OC(F)F)OC","4-(difluoromethoxy)-N-[1-(ethylamino)-1-oxopropan-2-yl]-5-methoxy-2-nitrobenzamide",2,35,-442.89392678453,0.264248704663212,NA,"844260778463819016"
"844260875293521495","C14H17F2N3O6","[M + H]+",3,0.00178058735006531,49.6822910878882,2.33599909289033,47.3462919949979,"23","DPZIFPKPVOPRBQ","CC(C1C(C(C(O1)N2C=CC(=NC2=O)N)(F)F)OC(=O)C)OC(=O)C","[(2R,3R,5R)-2-[(1S)-1-acetyloxyethyl]-5-(4-amino-2-oxopyrimidin-1-yl)-4,4-difluorooxolan-3-yl] acetate",-0.3,37,-471.089584949598,0.207920792079208,NA,"844260778463819016"
"844260875293521495","C14H17F2N3O6","[M + H]+",3,0.00178058735006531,49.6822910878882,2.33599909289033,47.3462919949979,"23","OZGOYTYDOKZRNL","COC1=C(C=C(C(=C1)C(=O)NCC2CNCC2O)[N+](=O)[O-])OC(F)F","4-(difluoromethoxy)-N-[(4-hydroxypyrrolidin-3-yl)methyl]-5-methoxy-2-nitrobenzamide",1.5,38,-471.814583642378,0.26865671641791,NA,"844260778463819016"
"844260875293521495","C14H17F2N3O6","[M + H]+",3,0.00178058735006531,49.6822910878882,2.33599909289033,47.3462919949979,"23","HSDNLXGJTHTADB","C1=CN(C(=O)N=C1N)C2C(C(C(O2)COC(=O)CCCC=O)O)(F)F","[(2R,3R,5R)-5-(4-amino-2-oxopyrimidin-1-yl)-4,4-difluoro-3-hydroxyoxolan-2-yl]methyl 5-oxopentanoate",-1.6,39,-533.551475349798,0.201834862385321,NA,"844260778463819016"
"844260875293521495","C14H17F2N3O6","[M + H]+",3,0.00178058735006531,49.6822910878882,2.33599909289033,47.3462919949979,"23","QBYZHSLKSKNBMT","C1=CN(C(=O)N=C1N)C2C(C(C(O2)CC(=O)CCCC(=O)O)O)(F)F","6-[(2R,5R)-5-(4-amino-2-oxopyrimidin-1-yl)-4,4-difluoro-3-hydroxyoxolan-2-yl]-5-oxohexanoic acid",-1.8,40,-546.533677909506,0.190265486725664,NA,"844260778463819016"
"844260875293521495","C14H17F2N3O6","[M + H]+",3,0.00178058735006531,49.6822910878882,2.33599909289033,47.3462919949979,"23","COQIKROFTRQKPD","C1=CC(=CC=C1COC(=O)NC(CCCN)(C(F)F)C(=O)O)[N+](=O)[O-]","5-Amino-2-(difluoromethyl)-2-[(4-nitrophenyl)methoxycarbonylamino]pentanoic acid",-0.9,41,-566.780031359428,0.193069306930693,NA,"844260778463819016"
"844260875293521495","C14H17F2N3O6","[M + H]+",3,0.00178058735006531,49.6822910878882,2.33599909289033,47.3462919949979,"23","JTBRAGZZOUJIOM","C1=CC(=CC=C1COC(=O)NCCCC(C(F)F)(C(=O)O)N)[N+](=O)[O-]","2-Amino-2-(difluoromethyl)-5-[(4-nitrophenyl)methoxycarbonylamino]pentanoic acid",-0.9,42,-569.058694168938,0.195121951219512,NA,"844260778463819016"
"844260875293521495","C14H17F2N3O6","[M + H]+",3,0.00178058735006531,49.6822910878882,2.33599909289033,47.3462919949979,"23","JQDFOYOLKOJNIP","C1CN(CCC1(F)F)C(=O)C2C(C(C(O2)N3C=CC(=O)NC3=O)O)O","1-[(2R,3R,4S,5S)-5-(4,4-difluoropiperidine-1-carbonyl)-3,4-dihydroxyoxolan-2-yl]pyrimidine-2,4-dione",-1,43,-599.510090578639,0.168032786885246,NA,"844260778463819016"
"844260875293521496","C11H18F3N3O7","[M + H]+",4,0.00122135972978733,49.3053125767935,0.697701545997822,48.6076110307957,"23",NA,NA,NA,NA,NA,NA,NA,NA,"844260778463819016"
"844260875293521497","C9H15N9O7","[M + H]+",5,0.00102371772728278,49.1287886377327,0,49.1287886377327,"23",NA,NA,NA,NA,NA,NA,NA,NA,"844260778463819016"
"844260875293521498","C12H22F2NO7P","[M + H]+",6,6.78245791839282e-05,46.4145171811708,1.41894926259008,44.9955679185807,"23",NA,NA,NA,NA,NA,NA,NA,NA,"844260778463819016"
"844260875293521499","C13H19N3O9","[M + H]+",7,5.53639372456311e-05,46.2115209566309,1.76011713676555,44.4514038198654,"23",NA,NA,NA,NA,NA,NA,NA,NA,"844260778463819016"
"844260875293521500","C13H18F2N5O3P","[M + H]+",8,2.71950910618651e-05,45.5006290084316,2.31474153417434,43.1858874742572,"23",NA,NA,NA,NA,NA,NA,NA,NA,"844260778463819016"
"844260875293521501","C22H16FNO3","[M + H]+",9,1.60732270552522e-05,44.9747474990724,1.35412689523459,43.6206206038378,"23",NA,NA,NA,NA,NA,NA,NA,NA,"844260778463819016"
"844260875293521502","C19H17F2NO4","[M + H]+",10,1.34529082852302e-05,44.7967878391428,2.32016132742513,42.4766265117177,"23",NA,NA,NA,NA,NA,NA,NA,NA,"844260778463819016"
"844260863855654445","C17H19N3O4S","[M + H]+",1,0.814442181327697,63.2416580042128,0,63.2416580042128,"24","IXEQEYRTSRFZEO","CC1=CN=C(C(=C1OC)C)CS(=O)(=O)C2=NC3=C(N2)C=C(C=C3)OC","Omeprazole-d3 Sulfone",2.7485034,1,-16.5010403227723,0.9453125,0,"844260778468013321"
"844260863855654445","C17H19N3O4S","[M + H]+",1,0.814442181327697,63.2416580042128,0,63.2416580042128,"24","QZVDQETYNOBUPJ","CC1=C[N+](=C(C(=C1OC)C)CS(=O)C2=NC3=C(N2)C=C(C=C3)OC)[O-]","Omeprazole-N-oxide",2.1600971,2,-20.9251635614598,0.9375,Inf,"844260778468013321"
"844260863855654445","C17H19N3O4S","[M + H]+",1,0.814442181327697,63.2416580042128,0,63.2416580042128,"24","CMZHQFXXAAIBKE","CC1=C(C(=CN=C1CS(=O)C2=NC3=C(N2)C=C(C=C3)OC)CO)OC",NA,1.6791414,3,-27.3363203946898,0.924242424242424,NA,"844260778468013321"
"844260863855654445","C17H19N3O4S","[M + H]+",1,0.814442181327697,63.2416580042128,0,63.2416580042128,"24","IGVYIWUGJPECAJ","CC1=CN=C(C(=C1OC)CO)CS(=O)C2=NC3=C(N2)C=C(C=C3)OC","3-Hydroxyomeprazole",1.6791414,4,-32.5538321639047,0.91044776119403,NA,"844260778468013321"
"844260863855654445","C17H19N3O4S","[M + H]+",1,0.814442181327697,63.2416580042128,0,63.2416580042128,"24","VPFSKKMDDDYYOJ","CC1=CN=C(C(=C1OC)C)CS(=O)C2=NC3=C(N2)C=CC(=C3O)OC","5-methoxy-2-[(R)-(4-methoxy-3,5-dimethylpyridin-2-yl)methylsulfinyl]-1H-benzimidazol-4-ol",2.1978552,5,-251.33413759251,0.719178082191781,NA,"844260778468013321"
"844260863855654445","C17H19N3O4S","[M + H]+",1,0.814442181327697,63.2416580042128,0,63.2416580042128,"24","NRTYCXOOEJJVDJ","COC1=C(C=C(C=C1)NC(=O)CSC2=NC3=C(CCC3)C(=O)N2)OC","N-(3,4-dimethoxyphenyl)-2-[(4-oxo-4,5,6,7-tetrahydro-3H-cyclopenta[d]pyrimidin-2-yl)thio]acetamide",1.7,6,-382.021603380456,0.352331606217617,NA,"844260778468013321"
"844260863855654445","C17H19N3O4S","[M + H]+",1,0.814442181327697,63.2416580042128,0,63.2416580042128,"24","NJXRFXGANNWYRK","CC1=CC=C(C=C1)N(CC2=NCCN2)C3=CC(=CC=C3)OS(=O)(=O)O","[3-[N-(4,5-dihydro-1H-imidazol-2-ylmethyl)-4-methylanilino]phenyl] hydrogen sulfate",2,7,-493.548524150979,0.245614035087719,NA,"844260778468013321"
"844260863855654445","C17H19N3O4S","[M + H]+",1,0.814442181327697,63.2416580042128,0,63.2416580042128,"24","MQQOMKBMLHBDFG","CC1=NC=CC(=C1)NS(=O)(=O)C2=C(N=CC(=C2)C3=CCOCC3)OC","5-[3,6-dihydro-2H-pyran-4-yl]-2-methoxy-N-[2-methylpyridin-4-yl]pyridine-3-sulfonamide",1,8,-516.238893333315,0.319767441860465,NA,"844260778468013321"
"844260863855654445","C17H19N3O4S","[M + H]+",1,0.814442181327697,63.2416580042128,0,63.2416580042128,"24","HBLRAJANJGAMFQ","CC(C)CNC(=O)CC1=CSC(=N1)NC(=O)C2=CC3=C(C=C2)OCO3","N-(4-(2-(isobutylamino)-2-oxoethyl)thiazol-2-yl)benzo[d][1,3]dioxole-5-carboxamide",2.5,10,-575.035244949716,0.178861788617886,NA,"844260778468013321"
"844260863855654445","C17H19N3O4S","[M + H]+",1,0.814442181327697,63.2416580042128,0,63.2416580042128,"24","JHQLDSNFXOLZMD","C1CC1C(=O)N2CC3(C2)C4CN(CCN4C(=O)O3)C(=O)C5=CC=CS5","1'-(Cyclopropanecarbonyl)-7-(thiophene-2-carbonyl)spiro[5,6,8,8a-tetrahydro-[1,3]oxazolo[3,4-a]pyrazine-1,3'-azetidine]-3-one",0.5,11,-590.525138102801,0.12719298245614,NA,"844260778468013321"
"844260863855654445","C17H19N3O4S","[M + H]+",1,0.814442181327697,63.2416580042128,0,63.2416580042128,"24","ILAMKVUHWSQJHY","COC(=O)C1=CC=C(C=C1)OCC2N(CCS2)C(=O)CN3C=CN=C3","Methyl 4-((3-(1H-imidazol-1-ylacetyl)-2-thiazolidinyl)methoxy)benzoate",1.7,12,-606.998426458778,0.192307692307692,NA,"844260778468013321"
"844260863855654445","C17H19N3O4S","[M + H]+",1,0.814442181327697,63.2416580042128,0,63.2416580042128,"24","NVAYQDCPVGCOHV","C1CC(N(S(=O)(=O)C1)CC2=CC=C(C=C2)C3=CC=NC=C3)C(=O)NO","(3S)-N-hydroxy-1,1-dioxo-2-[(4-pyridin-4-ylphenyl)methyl]thiazinane-3-carboxamide",0.9,13,-620.224517833288,0.201793721973094,NA,"844260778468013321"
"844260863855654445","C17H19N3O4S","[M + H]+",1,0.814442181327697,63.2416580042128,0,63.2416580042128,"24","FZECHKJQHUVANE","CC1(C(N2C(S1)C(C2=O)NC(=O)C(C3=CC=CC=C3)N=C)C(=O)O)C","6-{[1-hydroxy-2-(methylideneamino)-2-phenylethylidene]amino}-3,3-dimethyl-7-oxo-4-thia-1-azabicyclo[3.2.0]heptane-2-carboxylic acid",1.2664139,15,-644.764747845857,0.111524163568773,NA,"844260778468013321"
"844260863855654445","C17H19N3O4S","[M + H]+",1,0.814442181327697,63.2416580042128,0,63.2416580042128,"24","FPMHRRFSGYKNIU","COC1=CC=C(C=C1)CN2CC3C(C2)OC4=C(C=CC=N4)S(=O)(=O)N3","5-[(4-methoxyphenyl)methyl]-2-oxa-9λ⁶-thia-5,8,14-triazatricyclo[8.4.0.0³,⁷]tetradeca-1(10),11,13-triene-9,9-dione",1.3,16,-645.696690396215,0.275862068965517,NA,"844260778468013321"
"844260863855654445","C17H19N3O4S","[M + H]+",1,0.814442181327697,63.2416580042128,0,63.2416580042128,"24","IVXQTEPGJVXVMS","CCOC1=CC=C(C=C1)NC(=S)NN=C(C)C2=C(C(=C(C=C2)O)O)O","1-(4-ethoxyphenyl)-3-[(E)-1-(2,3,4-trihydroxyphenyl)ethylideneamino]thiourea",2.7,17,-712.333500273745,0.21256038647343,NA,"844260778468013321"
"844260863855654446","C14H20FN3O5S","[M + H]+",2,0.171884856491396,61.6859793790323,0,61.6859793790323,"24","GGHVBHNNEHVTBO","C1=CC(=CC=C1CNNC(=S)NC2C(C(C(C(O2)CO)O)O)O)F","1-[(4-fluorophenyl)methylamino]-3-[(2R,3R,4S,5S,6R)-3,4,5-trihydroxy-6-(hydroxymethyl)oxan-2-yl]thiourea",-0.8,14,-623.851238855287,0.175675675675676,NA,"844260778468013321"
"844260863855654447","C16H24ClNO4S","[M + H]+",3,0.0128340839330926,59.0912590046049,0,59.0912590046049,"24",NA,NA,NA,NA,NA,NA,NA,NA,"844260778468013321"
"844260863855654448","C14H23N3O4S2","[M + H]+",4,0.000689574296628302,56.1674737321986,0,56.1674737321986,"24","CJXSUHSPEFHOKZ","CN1CCN(CC1)CC2C(C(CO2)NS(=O)(=O)C3=CSC=C3)O","N-{4-hydroxy-5-[(4-methylpiperazin-1-yl)methyl]oxolan-3-yl}thiophene-3-sulfonamide",-0.4,9,-560.357457153287,0.240740740740741,NA,"844260778468013321"
"844260863855654449","C15H13F2N7O2","[M + H]+",5,7.72549637147596e-05,53.9785104553354,3.41381724240556,50.5646932129299,"24",NA,NA,NA,NA,NA,NA,NA,NA,"844260778468013321"
"844260863855654450","C14H22ClN4O3S","[M + H]+",6,6.9900785353395e-05,53.878476170976,0,53.878476170976,"24",NA,NA,NA,NA,NA,NA,NA,NA,"844260778468013321"
"844260863855654451","C19H20ClNO4","[M + H]+",7,6.11907079327428e-07,49.1402244472529,0,49.1402244472529,"24",NA,NA,NA,NA,NA,NA,NA,NA,"844260778468013321"
"844260863855654452","C14H17F2N3O6","[M + H]+",8,4.63710508135938e-07,48.8629044600696,2.85948481352191,46.0034196465477,"24",NA,NA,NA,NA,NA,NA,NA,NA,"844260778468013321"
"844260863855654453","C11H18F3N3O7","[M + H]+",9,4.4147141878876e-07,48.8137572887757,1.64053541540222,47.1732218733735,"24",NA,NA,NA,NA,NA,NA,NA,NA,"844260778468013321"
"844260863855654454","C12H14F3N7O3","[M + H]+",10,3.65923142206284e-07,48.6260673248101,2.66373945845586,45.9623278663543,"24",NA,NA,NA,NA,NA,NA,NA,NA,"844260778468013321"
"844260817848333709","C15H13F2N7O2","[M + H]+",1,0.963348267414317,65.1026936685101,3.36810725720294,61.7345864113071,"25",NA,NA,NA,NA,NA,NA,NA,NA,"844260778480596234"
"844260817848333710","C20H15N3O4","[M + H]+",2,0.0119703139078384,60.7147084174596,0.919289732089632,59.79541868537,"25","XBESKJZOHAWRHS","COC1=CC=CC(=C1)N2C(=C(C(=O)NC2=O)C=C3C=NC4=CC=CC=C43)O","6-Hydroxy-5-(indol-3-ylidenemethyl)-1-(3-methoxyphenyl)pyrimidine-2,4-dione",1.8,1,-310.811684310023,0.407142857142857,0,"844260778480596234"
"844260817848333710","C20H15N3O4","[M + H]+",2,0.0119703139078384,60.7147084174596,0.919289732089632,59.79541868537,"25","OKLQCZBOAHZABU","COC1=CC=C(C=C1)N2C(=C(C(=O)NC2=O)C=C3C=NC4=CC=CC=C43)O","6-Hydroxy-5-(indol-3-ylidenemethyl)-1-(4-methoxyphenyl)pyrimidine-2,4-dione",1.8,2,-327.527405282641,0.387323943661972,2,"844260778480596234"
"844260817848333710","C20H15N3O4","[M + H]+",2,0.0119703139078384,60.7147084174596,0.919289732089632,59.79541868537,"25","JONQCFJPPWOWOJ","C1=CC=C(C=C1)C2=C(C3=CC=CC=C3N2)CC4=NC(=C(C(=O)N4)O)C(=O)O","5,6-Dihydroxy-2-[(2-Phenyl-1h-Indol-3-Yl)methyl]pyrimidine-4-Carboxylic Acid",2.8,3,-345.054711581744,0.329192546583851,Inf,"844260778480596234"
"844260817848333710","C20H15N3O4","[M + H]+",2,0.0119703139078384,60.7147084174596,0.919289732089632,59.79541868537,"25","MUKZNQTVLXQHRH","COC1=CC(=C(C=C1)C2=C3C(=C4C=CC(=O)C=C4O3)N=C5C2=CNN5)OC","4-(2,4-dimethoxyphenyl)-1H-benzofuro[3,2-b]pyrazolo[4,3-e]pyridin-7-ol",1,4,-346.587759496179,0.349206349206349,NA,"844260778480596234"
"844260817848333710","C20H15N3O4","[M + H]+",2,0.0119703139078384,60.7147084174596,0.919289732089632,59.79541868537,"25","AOEIQEHYOZILKV","COC1=CC=CC(=C1)C(=O)NC2=CC=C(C=C2)C3=NN=C(O3)C4=CC=CO4","N-{4-[5-(furan-2-yl)-1,3,4-oxadiazol-2-yl]phenyl}-3-methoxybenzamide",3,5,-352.234299123119,0.273743016759777,NA,"844260778480596234"
"844260817848333710","C20H15N3O4","[M + H]+",2,0.0119703139078384,60.7147084174596,0.919289732089632,59.79541868537,"25","PUDYPYSNBKKWCZ","COC1=CC=C(C=C1)N2C3=C(C=CC(=N3)C4=CC=CC=C4O)C(=O)NC2=O","7-(2-hydroxyphenyl)-1-(4-methoxyphenyl)-1H,2H,3H,4H-pyrido[2,3-d]pyrimidine-2,4-dione",2.7,6,-357.345035600436,0.366863905325444,NA,"844260778480596234"
"844260817848333710","C20H15N3O4","[M + H]+",2,0.0119703139078384,60.7147084174596,0.919289732089632,59.79541868537,"25","MDOQJLLAKJRIGD","C1=CC2=C(C=C1O)NC=C2C3C(C(=O)NC3=O)C4=CNC5=C4C=CC(=C5)O","Dihydroarcyriarubin C",1.9,7,-362.505584850709,0.335570469798658,NA,"844260778480596234"
"844260817848333710","C20H15N3O4","[M + H]+",2,0.0119703139078384,60.7147084174596,0.919289732089632,59.79541868537,"25","XQLMMQLYXOMQKO","COC1=CC2=C(C=C1)C(=O)N3CCC4=C(C3=N2)NC5=CC6=C(C=C45)OCO6","Orisuaveoline B",2.8,8,-376.043113813905,0.387640449438202,NA,"844260778480596234"
"844260817848333710","C20H15N3O4","[M + H]+",2,0.0119703139078384,60.7147084174596,0.919289732089632,59.79541868537,"25","RZZUAVPTAVWZIS","CN1C2=CC=CC=C2C(=O)C(=C3C(=CC4=CC(=CC=C4)O)C(=O)NN3)C1=O","(3Z)-3-[(4Z)-4-[(3-hydroxyphenyl)methylidene]-5-oxopyrazolidin-3-ylidene]-1-methylquinoline-2,4-dione",2.2,9,-387.824210523505,0.276073619631902,NA,"844260778480596234"
"844260817848333710","C20H15N3O4","[M + H]+",2,0.0119703139078384,60.7147084174596,0.919289732089632,59.79541868537,"25","QWNCUDVCMGPFRR","C1CN(C2=NC3=CC=CC=C3N21)C(=O)COC4=CC5=C(C=C4)C=CC(=O)O5","7-(2-oxo-2-{2,5,7-triazatricyclo[6.4.0.0²,⁶]dodeca-1(12),6,8,10-tetraen-5-yl}ethoxy)-2H-chromen-2-one",2.5,10,-391.372066735067,0.343915343915344,NA,"844260778480596234"
"844260817848333710","C20H15N3O4","[M + H]+",2,0.0119703139078384,60.7147084174596,0.919289732089632,59.79541868537,"25","KRROWEKGYCWUAM","CN1C2=CC=CC=C2C(=O)C(=C3C(=CC4=CC=CC=C4O)C(=O)NN3)C1=O","(3Z)-3-[(4Z)-4-[(2-hydroxyphenyl)methylidene]-5-oxopyrazolidin-3-ylidene]-1-methylquinoline-2,4-dione",2.2,11,-394.81817880327,0.269938650306748,NA,"844260778480596234"
"844260817848333710","C20H15N3O4","[M + H]+",2,0.0119703139078384,60.7147084174596,0.919289732089632,59.79541868537,"25","YPFGTXACUAVDOJ","CN1C2=NC3=C4C=CC(=O)C=C4OC3=C(C2=CN1)C5=CC(=C(C=C5)O)OC","4-(4-hydroxy-3-methoxyphenyl)-1-methyl-1H-benzofuro[3,2-b]pyrazolo[4,3-e]pyridin-7-ol",0.8,12,-401.226888781076,0.331578947368421,NA,"844260778480596234"
"844260817848333710","C20H15N3O4","[M + H]+",2,0.0119703139078384,60.7147084174596,0.919289732089632,59.79541868537,"25","BNMWBRJGVFOWDK","CC(=O)NC1=NC(=NC2=C1C(=O)OC3=CC=CC=C32)C4=CC=C(C=C4)OC","N-[2-(4-methoxyphenyl)-5-oxo-5H-chromeno[4,3-d]pyrimidin-4-yl]acetamide",3,13,-405.678774598335,0.30939226519337,NA,"844260778480596234"
"844260817848333710","C20H15N3O4","[M + H]+",2,0.0119703139078384,60.7147084174596,0.919289732089632,59.79541868537,"25","QGKXNGVWALRPSW","CN1C2=CC=CC=C2C(=O)C(=C3C(=CC4=CC=C(C=C4)O)C(=O)NN3)C1=O","(3Z)-3-[(4Z)-4-[(4-hydroxyphenyl)methylidene]-5-oxopyrazolidin-3-ylidene]-1-methylquinoline-2,4-dione",2.2,14,-409.150659962567,0.271084337349398,NA,"844260778480596234"
"844260817848333710","C20H15N3O4","[M + H]+",2,0.0119703139078384,60.7147084174596,0.919289732089632,59.79541868537,"25","BGVFJHZLNUVXJW","CN1C2=NC3=C4C=CC(=O)C=C4OC3=C(C2=CN1)C5=CC(=C(C=C5)OC)O","4-(3-hydroxy-4-methoxyphenyl)-1-methyl-1H-benzofuro[3,2-b]pyrazolo[4,3-e]pyridin-7-ol",0.8,15,-411.222608238198,0.33160621761658,NA,"844260778480596234"
"844260817848333711","C12H14F3N7O3","[M + H]+",3,0.0117068967889772,60.692456810964,1.76880051415128,58.9236562968128,"25",NA,NA,NA,NA,NA,NA,NA,NA,"844260778480596234"
"844260817848333712","C14H17F2N3O6","[M + H]+",4,0.0061366087749365,60.046550946476,2.26711125733527,57.7794396891408,"25",NA,NA,NA,NA,NA,NA,NA,NA,"844260778480596234"
"844260817848333713","C11H18F3N3O7","[M + H]+",5,0.00303526139904306,59.3425762226738,0.38009858738113,58.9624776352927,"25",NA,NA,NA,NA,NA,NA,NA,NA,"844260778480596234"
"844260817848333714","C9H15N9O7","[M + H]+",6,0.002741202201218,59.2406752574274,0,59.2406752574274,"25",NA,NA,NA,NA,NA,NA,NA,NA,"844260778480596234"
"844260817848333715","C17H16FN3O5","[M + H]+",7,0.000934420625368626,58.1644500799164,2.44797508024628,55.7164749996701,"25",NA,NA,NA,NA,NA,NA,NA,NA,"844260778480596234"
"844260817848333716","C18H20NO5P","[M + H]+",8,4.56743484898762e-05,55.1460602328237,2.91287345420643,52.2331867786173,"25",NA,NA,NA,NA,NA,NA,NA,NA,"844260778480596234"
"844260817848333717","C12H22F2NO7P","[M + H]+",9,4.15568568140016e-05,55.0515859279975,0.822612301930665,54.2289736260668,"25",NA,NA,NA,NA,NA,NA,NA,NA,"844260778480596234"
"844260817848333718","C15H21FNO6P","[M + H]+",10,2.49303305060498e-05,54.5406085495137,2.887018179749,51.6535903697647,"25",NA,NA,NA,NA,NA,NA,NA,NA,"844260778480596234"
"844260818217432471","C15H13F2N7O2","[M + H]+",1,0.894862383583477,67.4802011290226,3.24714756181382,64.2330535672088,"26","FOZXIPLAGUNHIE","CN1C(=C(C=N1)C2=NC(=NC=C2F)OC)C(=O)NC3=CC(=NC=C3F)N","N-(2-amino-5-fluoropyridin-4-yl)-4-(5-fluoro-2-methoxypyrimidin-4-yl)-2-methylpyrazole-3-carboxamide",0.4,1,-200.250116279509,0.531531531531532,0,"844260778484790539"
"844260818217432471","C15H13F2N7O2","[M + H]+",1,0.894862383583477,67.4802011290226,3.24714756181382,64.2330535672088,"26","PIKDWSFQRYHGPE","C1=CC(=C(C=C1F)F)NC(=O)NCCN2C(=O)C=CC(=N2)N3C=NC=N3","1-(2,4-difluorophenyl)-3-(2-(6-oxo-3-(1H-1,2,4-triazol-1-yl)pyridazin-1(6H)-yl)ethyl)urea",0.5,4,-232.984811196949,0.475409836065574,NA,"844260778484790539"
"844260818217432471","C15H13F2N7O2","[M + H]+",1,0.894862383583477,67.4802011290226,3.24714756181382,64.2330535672088,"26","KMTLMRMWJDBVTB","C1=CC(=C(C=C1F)NC(=O)NCCN2C(=O)C=CC(=N2)N3C=NC=N3)F","1-(2,5-difluorophenyl)-3-(2-(6-oxo-3-(1H-1,2,4-triazol-1-yl)pyridazin-1(6H)-yl)ethyl)urea",0.5,5,-235.257926948106,0.487394957983193,NA,"844260778484790539"
"844260818217432471","C15H13F2N7O2","[M + H]+",1,0.894862383583477,67.4802011290226,3.24714756181382,64.2330535672088,"26","PQAMDKDZSSHTAQ","C1=CC(=C(C=C1NC(=O)NCCN2C(=O)C=CC(=N2)N3C=NC=N3)F)F","1-(3,4-difluorophenyl)-3-(2-(6-oxo-3-(1H-1,2,4-triazol-1-yl)pyridazin-1(6H)-yl)ethyl)urea",0.5,7,-240.27094009343,0.459677419354839,NA,"844260778484790539"
"844260818217432471","C15H13F2N7O2","[M + H]+",1,0.894862383583477,67.4802011290226,3.24714756181382,64.2330535672088,"26","MCSNHWJKNRXSFD","CC(C1=NC=NN1C2=NC=CC=N2)NC(=O)C3=CC(=CN=C3)OC(F)F","5-(difluoromethoxy)-N-[1-(2-pyrimidin-2-yl-1,2,4-triazol-3-yl)ethyl]pyridine-3-carboxamide",1.3,8,-240.573491731705,0.442622950819672,NA,"844260778484790539"
"844260818217432471","C15H13F2N7O2","[M + H]+",1,0.894862383583477,67.4802011290226,3.24714756181382,64.2330535672088,"26","JINYNPTZFYTAAE","CNC1=CC2=NC3=C(C=NN13)C(=O)NCCOC4=C(C=C(C(=N4)N2)F)F",NA,1.3,11,-249.145753092833,0.425373134328358,NA,"844260778484790539"
"844260818217432471","C15H13F2N7O2","[M + H]+",1,0.894862383583477,67.4802011290226,3.24714756181382,64.2330535672088,"26","DOKYXQUHEBRWHL","CNC1=CC2=NC3=C(C=NN13)C(=O)NCCOC4=NC(=C(C(=C4)F)F)N2",NA,1.3,12,-249.796896568682,0.425373134328358,NA,"844260778484790539"
"844260818217432471","C15H13F2N7O2","[M + H]+",1,0.894862383583477,67.4802011290226,3.24714756181382,64.2330535672088,"26","JOXSMAKUPLSCFK","CNC1=CC2=NC3=C(C=NN13)C(=O)NCCOC4=C(C(=CC(=N4)N2)F)F",NA,1.3,13,-249.872167827167,0.417910447761194,NA,"844260778484790539"
"844260818217432471","C15H13F2N7O2","[M + H]+",1,0.894862383583477,67.4802011290226,3.24714756181382,64.2330535672088,"26","RGLWMSKFLHMTMK","C1=CC(=C(N=C1)OC2=C(C=C(C=C2)F)F)CNC(=O)CN3C(=NN=N3)N","2-(5-amino-1H-tetrazol-1-yl)-N-{[2-(2,4-difluorophenoxy)pyridin-3-yl]methyl}acetamide",1.2,23,-259.005557713123,0.457364341085271,NA,"844260778484790539"
"844260818217432471","C15H13F2N7O2","[M + H]+",1,0.894862383583477,67.4802011290226,3.24714756181382,64.2330535672088,"26","OGXZJNBJBKZZGO","CC1=NON=C1CN2C3=C(C(=O)NC(=N3)C(C4=CC=CC=C4)(F)F)NN2","5-[difluoro(phenyl)methyl]-3-[(4-methyl-1,2,5-oxadiazol-3-yl)methyl]-2,6-dihydro-1H-triazolo[4,5-d]pyrimidin-7-one",2.6,42,-274.948294550262,0.377777777777778,NA,"844260778484790539"
"844260818217432471","C15H13F2N7O2","[M + H]+",1,0.894862383583477,67.4802011290226,3.24714756181382,64.2330535672088,"26","OIALPWCJCSMRGK","C1C2(CC1(F)F)CN(C2)C(=O)C3=CN(N=N3)C4=NN5C=CC=C5C(=O)N4","2-[4-(6,6-difluoro-2-azaspiro[3.3]heptane-2-carbonyl)triazol-1-yl]-3H-pyrrolo[2,1-f][1,2,4]triazin-4-one",0.9,77,-301.18860590307,0.413533834586466,NA,"844260778484790539"
"844260818217432471","C15H13F2N7O2","[M + H]+",1,0.894862383583477,67.4802011290226,3.24714756181382,64.2330535672088,"26","ZKLPXXGDZRZHGE","C1CC12CN(CC2(F)F)C3=CC(=NN4C3=NC=N4)C5=CNC(=O)NC5=O","5-[8-(7,7-difluoro-5-azaspiro[2.4]heptan-5-yl)-[1,2,4]triazolo[1,5-b]pyridazin-6-yl]-1H-pyrimidine-2,4-dione",0.3,206,-355.462601743062,0.357615894039735,NA,"844260778484790539"
"844260818217432471","C15H13F2N7O2","[M + H]+",1,0.894862383583477,67.4802011290226,3.24714756181382,64.2330535672088,"26","JMTPBJUZPYHNEA","C1CC12CN(CC2(F)F)C3=CC(=NN4C3=NN=C4)C5=CNC(=O)NC5=O","5-[8-(7,7-difluoro-5-azaspiro[2.4]heptan-5-yl)-[1,2,4]triazolo[4,3-b]pyridazin-6-yl]-1H-pyrimidine-2,4-dione",-0.3,211,-357.099248489063,0.355263157894737,NA,"844260778484790539"
"844260818217432471","C15H13F2N7O2","[M + H]+",1,0.894862383583477,67.4802011290226,3.24714756181382,64.2330535672088,"26","IPONHXGOODDWMS","C1CC12CN(CC2(F)F)C3=CC(=NC4=NC=NN34)C5=CNC(=O)NC5=O","5-[7-(7,7-difluoro-5-azaspiro[2.4]heptan-5-yl)-[1,2,4]triazolo[1,5-a]pyrimidin-5-yl]-1H-pyrimidine-2,4-dione",0.4,238,-374.488140768322,0.31875,NA,"844260778484790539"
"844260818217432471","C15H13F2N7O2","[M + H]+",1,0.894862383583477,67.4802011290226,3.24714756181382,64.2330535672088,"26","XCRZLFRHRAYWPB","CN1N=C(N=N1)C(=O)NC2CCC3=C2C=CC(=C3)C4=NOC(=N4)C(F)F","N-[5-[5-(difluoromethyl)-1,2,4-oxadiazol-3-yl]-2,3-dihydro-1H-inden-1-yl]-2-methyltetrazole-5-carboxamide",2.2,280,-401.211528814883,0.313725490196078,NA,"844260778484790539"
"844260818217432472","C12H14F3N7O3","[M + H]+",2,0.0473329962341826,64.5407388310242,2.88192333720298,61.6588154938212,"26","CFYZNRWKQYLEBN","CN1C(=C(C(=N1)N2CC(C2)(C3=NC=NN3C)OC)[N+](=O)[O-])C(F)(F)F","5-[3-Methoxy-1-[1-methyl-4-nitro-5-(trifluoromethyl)pyrazol-3-yl]azetidin-3-yl]-1-methyl-1,2,4-triazole",0.5,44,-276.632303216788,0.432203389830508,NA,"844260778484790539"
"844260818217432472","C12H14F3N7O3","[M + H]+",2,0.0473329962341826,64.5407388310242,2.88192333720298,61.6588154938212,"26","WSXZVUWPGPFFRD","CC1=NC(=NN1C2=NNC(=N2)C(F)(F)F)C(=O)NCC(C)(C)C(=O)O","2,2-dimethyl-3-[[5-methyl-1-[5-(trifluoromethyl)-1H-1,2,4-triazol-3-yl]-1,2,4-triazole-3-carbonyl]amino]propanoic acid",1.4,101,-311.022433008661,0.335766423357664,NA,"844260778484790539"
"844260818217432472","C12H14F3N7O3","[M + H]+",2,0.0473329962341826,64.5407388310242,2.88192333720298,61.6588154938212,"26","WXKDRRFOSNTCKL","CC1=NC(=NN1C2=NNC(=N2)C(F)(F)F)C(=O)N(CC(=O)O)C(C)C","2-[[5-methyl-1-[5-(trifluoromethyl)-1H-1,2,4-triazol-3-yl]-1,2,4-triazole-3-carbonyl]-propan-2-ylamino]acetic acid",1.6,114,-317.654663486408,0.309859154929577,NA,"844260778484790539"
"844260818217432472","C12H14F3N7O3","[M + H]+",2,0.0473329962341826,64.5407388310242,2.88192333720298,61.6588154938212,"26","PHSLFFNBMPDTLL","CC1=NC(=NN1C2=NNC(=N2)C(F)(F)F)C(=O)N(C)C(C)(C)C(=O)O","2-methyl-2-[methyl-[5-methyl-1-[5-(trifluoromethyl)-1H-1,2,4-triazol-3-yl]-1,2,4-triazole-3-carbonyl]amino]propanoic acid",1.4,116,-318.036901382626,0.297101449275362,NA,"844260778484790539"
"844260818217432472","C12H14F3N7O3","[M + H]+",2,0.0473329962341826,64.5407388310242,2.88192333720298,61.6588154938212,"26","FWQFKNAIHMGGGE","CCCN(CC(=O)O)C(=O)C1=NN(C(=N1)C)C2=NNC(=N2)C(F)(F)F","2-[[5-methyl-1-[5-(trifluoromethyl)-1H-1,2,4-triazol-3-yl]-1,2,4-triazole-3-carbonyl]-propylamino]acetic acid",1.7,133,-326.394021870642,0.306666666666667,NA,"844260778484790539"
"844260818217432472","C12H14F3N7O3","[M + H]+",2,0.0473329962341826,64.5407388310242,2.88192333720298,61.6588154938212,"26","KDGIFBZCSXNMKY","CC1=NC(=NN1C2=NNC(=N2)C(F)(F)F)C(=O)NCC(C)CC(=O)O","3-methyl-4-[[5-methyl-1-[5-(trifluoromethyl)-1H-1,2,4-triazol-3-yl]-1,2,4-triazole-3-carbonyl]amino]butanoic acid",1.3,164,-337.924182624716,0.333333333333333,NA,"844260778484790539"
"844260818217432472","C12H14F3N7O3","[M + H]+",2,0.0473329962341826,64.5407388310242,2.88192333720298,61.6588154938212,"26","RIVMOGGKOUBILA","C1=C(C(=O)NC(=O)N1CC(F)(F)F)CNC(=O)CCCC2=NNN=N2","N-[[2,4-dioxo-1-(2,2,2-trifluoroethyl)pyrimidin-5-yl]methyl]-4-(2H-tetrazol-5-yl)butanamide",-0.2,177,-342.351308984902,0.361702127659574,NA,"844260778484790539"
"844260818217432472","C12H14F3N7O3","[M + H]+",2,0.0473329962341826,64.5407388310242,2.88192333720298,61.6588154938212,"26","WLFUMOWTTXBNHH","CCC(C)(C(=O)O)NC(=O)C1=NN(C(=N1)C)C2=NNC(=N2)C(F)(F)F","2-methyl-2-[[5-methyl-1-[5-(trifluoromethyl)-1H-1,2,4-triazol-3-yl]-1,2,4-triazole-3-carbonyl]amino]butanoic acid",1.7,181,-343.950580011641,0.292517006802721,NA,"844260778484790539"
"844260818217432472","C12H14F3N7O3","[M + H]+",2,0.0473329962341826,64.5407388310242,2.88192333720298,61.6588154938212,"26","HTBCVVYYGFODDC","CC1=NC(=NN1C2=NNC(=N2)C(F)(F)F)C(=O)NC(C(C)C)C(=O)O","3-methyl-2-[[5-methyl-1-[5-(trifluoromethyl)-1H-1,2,4-triazol-3-yl]-1,2,4-triazole-3-carbonyl]amino]butanoic acid",2,230,-368.935160220377,0.27741935483871,NA,"844260778484790539"
"844260818217432472","C12H14F3N7O3","[M + H]+",2,0.0473329962341826,64.5407388310242,2.88192333720298,61.6588154938212,"26","IGPSHAHSHFVEGF","CC1=NC(=NN1C2=NNC(=N2)C(F)(F)F)C(=O)NCCCCC(=O)O","5-[[5-methyl-1-[5-(trifluoromethyl)-1H-1,2,4-triazol-3-yl]-1,2,4-triazole-3-carbonyl]amino]pentanoic acid",1.2,297,-415.820229769734,0.300613496932515,NA,"844260778484790539"
"844260818217432472","C12H14F3N7O3","[M + H]+",2,0.0473329962341826,64.5407388310242,2.88192333720298,61.6588154938212,"26","KGFWOLWQESAWQX","CC1=NC(=NN1C2=NNC(=N2)C(F)(F)F)C(=O)NC(C)CCC(=O)O","4-[[5-methyl-1-[5-(trifluoromethyl)-1H-1,2,4-triazol-3-yl]-1,2,4-triazole-3-carbonyl]amino]pentanoic acid",1.3,304,-421.504067782118,0.291139240506329,NA,"844260778484790539"
"844260818217432472","C12H14F3N7O3","[M + H]+",2,0.0473329962341826,64.5407388310242,2.88192333720298,61.6588154938212,"26","YQALYJYBDXGRTD","CCCC(C(=O)O)NC(=O)C1=NN(C(=N1)C)C2=NNC(=N2)C(F)(F)F","2-[[5-methyl-1-[5-(trifluoromethyl)-1H-1,2,4-triazol-3-yl]-1,2,4-triazole-3-carbonyl]amino]pentanoic acid",1.9,339,-477.052545872112,0.241758241758242,NA,"844260778484790539"
"844260818217432473","C9H15N9O7","[M + H]+",3,0.0336423053903645,64.1993155479097,1.32118862695843,62.8781269209513,"26",NA,NA,NA,NA,NA,NA,NA,NA,"844260778484790539"
"844260818217432474","C11H18F3N3O7","[M + H]+",4,0.0168362017354988,63.5070626171549,2.0493714464286,61.4576911707263,"26",NA,NA,NA,NA,NA,NA,NA,NA,"844260778484790539"
"844260818217432475","C14H17F2N3O6","[M + H]+",5,0.0052205775813333,62.336139227468,2.96033273546469,59.3758064920033,"26","WXVJJJQBBQNPFF","CC(C)(C)OC(=O)NC(CNC1=CC(=C(C=C1[N+](=O)[O-])F)F)C(=O)O","3-(4,5-Difluoro-2-nitroanilino)-2-[(2-methylpropan-2-yl)oxycarbonylamino]propanoic acid",2.8,176,-342.3360620792,0.232954545454545,NA,"844260778484790539"
"844260818217432475","C14H17F2N3O6","[M + H]+",5,0.0052205775813333,62.336139227468,2.96033273546469,59.3758064920033,"26","DCCUFNSJKULQNP","CC(C)(C)OC(=O)NC(CNC1=CC(=C(C=C1F)[N+](=O)[O-])F)C(=O)O","(2S)-3-(2,5-difluoro-4-nitroanilino)-2-[(2-methylpropan-2-yl)oxycarbonylamino]propanoic acid",2.8,183,-344.326300055877,0.225433526011561,NA,"844260778484790539"
"844260818217432475","C14H17F2N3O6","[M + H]+",5,0.0052205775813333,62.336139227468,2.96033273546469,59.3758064920033,"26","NYNAAGTVQZRHQO","CCCCOC(=O)OCC1=C(C(C(O1)N2C=CC(=NC2=O)N)(F)F)O","[(2R)-2-(4-amino-2-oxopyrimidin-1-yl)-3,3-difluoro-4-hydroxy-2H-furan-5-yl]methyl butyl carbonate",0.5,256,-386.135756005078,0.251461988304094,NA,"844260778484790539"
"844260818217432475","C14H17F2N3O6","[M + H]+",5,0.0052205775813333,62.336139227468,2.96033273546469,59.3758064920033,"26","HLPCOTYSWJFYDT","CC(C)(CCC(=O)O)NC(=O)NC1=C(C=CC(=C1)[N+](=O)[O-])OC(F)F","4-[[2-(Difluoromethoxy)-5-nitrophenyl]carbamoylamino]-4-methylpentanoic acid",2.1,281,-403.03721188368,0.258426966292135,NA,"844260778484790539"
"844260818217432475","C14H17F2N3O6","[M + H]+",5,0.0052205775813333,62.336139227468,2.96033273546469,59.3758064920033,"26","YNLFTOUVPKSGBP","CCCNC(=O)CNC(=O)C1=CC(=C(C=C1[N+](=O)[O-])OC(F)F)OC","4-(difluoromethoxy)-5-methoxy-2-nitro-N-[2-oxo-2-(propylamino)ethyl]benzamide",2.2,308,-429.156667718276,0.273684210526316,NA,"844260778484790539"
"844260818217432475","C14H17F2N3O6","[M + H]+",5,0.0052205775813333,62.336139227468,2.96033273546469,59.3758064920033,"26","SAPQPOWNBCHXIV","CCNC(=O)CN(C)C(=O)C1=CC(=C(C=C1[N+](=O)[O-])OC(F)F)OC","4-(difluoromethoxy)-N-[2-(ethylamino)-2-oxoethyl]-5-methoxy-N-methyl-2-nitrobenzamide",1.8,316,-443.361156438384,0.27807486631016,NA,"844260778484790539"
"844260818217432475","C14H17F2N3O6","[M + H]+",5,0.0052205775813333,62.336139227468,2.96033273546469,59.3758064920033,"26","YMYJOCWHWAYWTB","CCNC(=O)C(C)NC(=O)C1=CC(=C(C=C1[N+](=O)[O-])OC(F)F)OC","4-(difluoromethoxy)-N-[1-(ethylamino)-1-oxopropan-2-yl]-5-methoxy-2-nitrobenzamide",2,322,-448.221542363203,0.257731958762887,NA,"844260778484790539"
"844260818217432475","C14H17F2N3O6","[M + H]+",5,0.0052205775813333,62.336139227468,2.96033273546469,59.3758064920033,"26","OZGOYTYDOKZRNL","COC1=C(C=C(C(=C1)C(=O)NCC2CNCC2O)[N+](=O)[O-])OC(F)F","4-(difluoromethoxy)-N-[(4-hydroxypyrrolidin-3-yl)methyl]-5-methoxy-2-nitrobenzamide",1.5,341,-482.084433616013,0.26865671641791,NA,"844260778484790539"
"844260818217432475","C14H17F2N3O6","[M + H]+",5,0.0052205775813333,62.336139227468,2.96033273546469,59.3758064920033,"26","DPZIFPKPVOPRBQ","CC(C1C(C(C(O1)N2C=CC(=NC2=O)N)(F)F)OC(=O)C)OC(=O)C","[(2R,3R,5R)-2-[(1S)-1-acetyloxyethyl]-5-(4-amino-2-oxopyrimidin-1-yl)-4,4-difluorooxolan-3-yl] acetate",-0.3,345,-503.067467232921,0.207920792079208,NA,"844260778484790539"
"844260818217432475","C14H17F2N3O6","[M + H]+",5,0.0052205775813333,62.336139227468,2.96033273546469,59.3758064920033,"26","HSDNLXGJTHTADB","C1=CN(C(=O)N=C1N)C2C(C(C(O2)COC(=O)CCCC=O)O)(F)F","[(2R,3R,5R)-5-(4-amino-2-oxopyrimidin-1-yl)-4,4-difluoro-3-hydroxyoxolan-2-yl]methyl 5-oxopentanoate",-1.6,357,-563.33301215015,0.201834862385321,NA,"844260778484790539"
"844260818217432475","C14H17F2N3O6","[M + H]+",5,0.0052205775813333,62.336139227468,2.96033273546469,59.3758064920033,"26","COQIKROFTRQKPD","C1=CC(=CC=C1COC(=O)NC(CCCN)(C(F)F)C(=O)O)[N+](=O)[O-]","5-Amino-2-(difluoromethyl)-2-[(4-nitrophenyl)methoxycarbonylamino]pentanoic acid",-0.9,360,-581.637426138854,0.181372549019608,NA,"844260778484790539"
"844260818217432475","C14H17F2N3O6","[M + H]+",5,0.0052205775813333,62.336139227468,2.96033273546469,59.3758064920033,"26","QBYZHSLKSKNBMT","C1=CN(C(=O)N=C1N)C2C(C(C(O2)CC(=O)CCCC(=O)O)O)(F)F","6-[(2R,5R)-5-(4-amino-2-oxopyrimidin-1-yl)-4,4-difluoro-3-hydroxyoxolan-2-yl]-5-oxohexanoic acid",-1.8,361,-585.143974235575,0.190265486725664,NA,"844260778484790539"
"844260818217432475","C14H17F2N3O6","[M + H]+",5,0.0052205775813333,62.336139227468,2.96033273546469,59.3758064920033,"26","JTBRAGZZOUJIOM","C1=CC(=CC=C1COC(=O)NCCCC(C(F)F)(C(=O)O)N)[N+](=O)[O-]","2-Amino-2-(difluoromethyl)-5-[(4-nitrophenyl)methoxycarbonylamino]pentanoic acid",-0.9,362,-591.82987968973,0.183574879227053,NA,"844260778484790539"
"844260818217432475","C14H17F2N3O6","[M + H]+",5,0.0052205775813333,62.336139227468,2.96033273546469,59.3758064920033,"26","JQDFOYOLKOJNIP","C1CN(CCC1(F)F)C(=O)C2C(C(C(O2)N3C=CC(=O)NC3=O)O)O","1-[(2R,3R,4S,5S)-5-(4,4-difluoropiperidine-1-carbonyl)-3,4-dihydroxyoxolan-2-yl]pyrimidine-2,4-dione",-1,366,-634.040781532277,0.172839506172839,NA,"844260778484790539"
"844260818217432476","C12H22F2NO7P","[M + H]+",6,0.00125157604825785,60.9079347796605,2.52245762932777,58.3854771503327,"26",NA,NA,NA,NA,NA,NA,NA,NA,"844260778484790539"
"844260818217432477","C13H19N3O9","[M + H]+",7,0.000494136440295169,59.9785875789299,2.4135832603124,57.5650043186175,"26","WUTMAPVFLPCUSI","CCC(C(=O)O)(N1C(=O)NC(=O)N(C1=O)C(CC)(C(=O)O)OC)OC","2-[3-(1-Carboxy-1-methoxypropyl)-2,4,6-trioxo-1,3,5-triazinan-1-yl]-2-methoxybutanoic acid",-0.2,27,-266.065716396422,0.288288288288288,NA,"844260778484790539"
"844260818217432477","C13H19N3O9","[M + H]+",7,0.000494136440295169,59.9785875789299,2.4135832603124,57.5650043186175,"26","OJTUGTVSBDQQGT","CCOCC(C(=O)O)N1C(=O)NC(=O)N(C1=O)C(COCC)C(=O)O","2-[3-(1-Carboxy-2-ethoxyethyl)-2,4,6-trioxo-1,3,5-triazinan-1-yl]-3-ethoxypropanoic acid",-1.1,31,-270.681237334168,0.279279279279279,NA,"844260778484790539"
"844260818217432477","C13H19N3O9","[M + H]+",7,0.000494136440295169,59.9785875789299,2.4135832603124,57.5650043186175,"26","UWFXKBYVOCFSOZ","CC(C(C(=O)O)N1C(=O)NC(=O)N(C1=O)C(C(C)OC)C(=O)O)OC","2-[3-(1-Carboxy-2-methoxypropyl)-2,4,6-trioxo-1,3,5-triazinan-1-yl]-3-methoxybutanoic acid",-1,55,-289.086779701005,0.285714285714286,NA,"844260778484790539"
"844260818217432477","C13H19N3O9","[M + H]+",7,0.000494136440295169,59.9785875789299,2.4135832603124,57.5650043186175,"26","ACLVVTKIENHHMC","C1=C(C=NC(=C1[N+](=O)[O-])OCCOCCOCCOCCO)[N+](=O)[O-]","2-[2-[2-[2-(3,5-Dinitropyridin-2-yl)oxyethoxy]ethoxy]ethoxy]ethanol",-0.3,67,-294.576033854754,0.375,NA,"844260778484790539"
"844260818217432477","C13H19N3O9","[M + H]+",7,0.000494136440295169,59.9785875789299,2.4135832603124,57.5650043186175,"26","RJFNHZKFNKXPBE","C(CC(=O)OCCN1C(=O)N(C(=O)N(C1=O)CCO)CCO)C(=O)O","4-[2-[3,5-Bis(2-hydroxyethyl)-2,4,6-trioxo-1,3,5-triazinan-1-yl]ethoxy]-4-oxobutanoic acid",-2.7,82,-301.718089912834,0.235772357723577,NA,"844260778484790539"
"844260818217432477","C13H19N3O9","[M + H]+",7,0.000494136440295169,59.9785875789299,2.4135832603124,57.5650043186175,"26","UFMICMYFIBQTTN","C(CC(=O)O)C(C(=O)NC(CCC(=O)O)C(=O)NCC(=O)O)NC=O","5-[[4-Carboxy-1-(carboxymethylamino)-1-oxobutan-2-yl]amino]-4-formamido-5-oxopentanoic acid",-2.4,99,-310.37711159913,0.161764705882353,NA,"844260778484790539"
"844260818217432477","C13H19N3O9","[M + H]+",7,0.000494136440295169,59.9785875789299,2.4135832603124,57.5650043186175,"26","JEOVCBGQEKTLCW","COCCC(C(=O)O)N1C(=O)NC(=O)N(C1=O)C(CCOC)C(=O)O","2-[3-(1-Carboxy-3-methoxypropyl)-2,4,6-trioxo-1,3,5-triazinan-1-yl]-4-methoxybutanoic acid",-1.1,113,-316.787518578559,0.279661016949153,NA,"844260778484790539"
"844260818217432477","C13H19N3O9","[M + H]+",7,0.000494136440295169,59.9785875789299,2.4135832603124,57.5650043186175,"26","SROCBFQYXHEAOS","CNC(C1=CN(C(=O)NC1=O)C2C(C(C(C(O2)CO)O)O)O)C(=O)O","2-[2,4-Dioxo-1-[3,4,5-trihydroxy-6-(hydroxymethyl)oxan-2-yl]pyrimidin-5-yl]-2-(methylamino)acetic acid",-5.5,124,-321.379228891449,0.263736263736264,NA,"844260778484790539"
"844260818217432477","C13H19N3O9","[M + H]+",7,0.000494136440295169,59.9785875789299,2.4135832603124,57.5650043186175,"26","QUMXCDMKVJRPLC","C1=CC(=CC=C1NC(=O)NC(C(C(C(C(CO)O)O)O)O)O)[N+](=O)[O-]","1-[(2R,3R,4R,5S)-1,2,3,4,5,6-hexahydroxyhexyl]-3-(4-nitrophenyl)urea",-2.4,125,-321.571086195753,0.284810126582278,NA,"844260778484790539"
"844260818217432477","C13H19N3O9","[M + H]+",7,0.000494136440295169,59.9785875789299,2.4135832603124,57.5650043186175,"26","GPALHKVMTSSUMT","CC(=O)OCC1(C(C(C(C(O1)N=[N+]=[N-])OC(=O)C)OC(=O)C)O)OC","[(2S,3S,4S,5S,6S)-4,5-diacetyloxy-6-azido-3-hydroxy-2-methoxyoxan-2-yl]methyl acetate",-0.1,201,-353.858609094965,0.232876712328767,NA,"844260778484790539"
"844260818217432477","C13H19N3O9","[M + H]+",7,0.000494136440295169,59.9785875789299,2.4135832603124,57.5650043186175,"26","AEXPSFZPKNIQPO","C1C(C(OC1N2C=C(C(=O)NC2=O)N(CC(CO)O)C(=O)O)CO)O","2,3-dihydroxypropyl-[1-[(2S,5S)-4-hydroxy-5-(hydroxymethyl)oxolan-2-yl]-2,4-dioxopyrimidin-5-yl]carbamic acid",-2.779849,273,-397.290563542785,0.243386243386243,NA,"844260778484790539"
"844260818217432477","C13H19N3O9","[M + H]+",7,0.000494136440295169,59.9785875789299,2.4135832603124,57.5650043186175,"26","KBLOEHMGPOSANZ","CC(=O)OC1COC(C(C1OC(=O)C)OC(=O)C)NC(=O)N(C)N=O","1-methyl-1-nitroso-3-(2,3,4-tri-O-acetyl-beta-D-xylopyranosyl)urea",-0.719084,288,-407.497219630647,0.240740740740741,0,"844260778484790539"
"844260818217432477","C13H19N3O9","[M + H]+",7,0.000494136440295169,59.9785875789299,2.4135832603124,57.5650043186175,"26","MMIVLCKYFVQJNW","C1=CC(=CC=C1NC(=O)N)OC2C(C(C(C(O2)CON(O)O)O)O)O","[4-[(2R,5S)-6-[(dihydroxyamino)oxymethyl]-3,4,5-trihydroxyoxan-2-yl]oxyphenyl]urea",-1.8767442,313,-438.830059225041,0.240963855421687,NA,"844260778484790539"
"844260818217432477","C13H19N3O9","[M + H]+",7,0.000494136440295169,59.9785875789299,2.4135832603124,57.5650043186175,"26","VELJDKSSVXYVKT","COC1=C(C=CC(=C1)C=CC(=O)NCC(CON(O)O)ON(O)O)O","(E)-N-[2,3-bis[(dihydroxyamino)oxy]propyl]-3-(4-hydroxy-3-methoxyphenyl)prop-2-enamide",-0.61363757,318,-444.06606923362,0.245614035087719,NA,"844260778484790539"
"844260818217432477","C13H19N3O9","[M + H]+",7,0.000494136440295169,59.9785875789299,2.4135832603124,57.5650043186175,"26","BVGGXJNHEBZUAZ","CC1C(C(C(C(O1)(O)ON=[N+]=[N-])(C)OC(=O)C)OC(=O)C)OC(=O)C","[(2R,3R,4S,5R,6R)-4,5-diacetyloxy-6-azidooxy-6-hydroxy-2,5-dimethyloxan-3-yl] acetate",1.1,326,-456.418158512573,0.131428571428571,NA,"844260778484790539"
"844260818217432478","C13H18F2N5O3P","[M + H]+",8,0.000282059705934897,59.4178946766487,2.82820068138944,56.5896939952592,"26",NA,NA,NA,NA,NA,NA,NA,NA,"844260778484790539"
"844260818217432479","C17H16FN3O5","[M + H]+",9,4.68186569363429e-05,57.6220576809161,2.04367179070333,55.5783858902128,"26","STWSEMQJSXTUDI","CCC(=O)NC1=CC(=CC=C1)NC(=O)COC2=CC(=C(C=C2)[N+](=O)[O-])F","N-[3-[[2-(3-fluoro-4-nitrophenoxy)acetyl]amino]phenyl]propanamide",2.4,2,-217.332726890899,0.416058394160584,Inf,"844260778484790539"
"844260818217432479","C17H16FN3O5","[M + H]+",9,4.68186569363429e-05,57.6220576809161,2.04367179070333,55.5783858902128,"26","IDPRSJFPZKEETI","COC1=CC(=C(C=C1)NC2=C(OC3=C2C=NC=C3)C(=O)NOCCO)F","3-(2-fluoro-4-methoxyanilino)-N-(2-hydroxyethoxy)furo[3,2-c]pyridine-2-carboxamide",2.4,3,-228.590532224565,0.428571428571429,NA,"844260778484790539"
"844260818217432479","C17H16FN3O5","[M + H]+",9,4.68186569363429e-05,57.6220576809161,2.04367179070333,55.5783858902128,"26","CYMSZXYMQOWREV","C1=CC(=C(C=C1CO)F)NC2=C(OC3=C2C=NC=C3)C(=O)NOCCO","3-[2-fluoro-4-(hydroxymethyl)anilino]-N-(2-hydroxyethoxy)furo[3,2-c]pyridine-2-carboxamide",1.5,6,-240.015879628608,0.398692810457516,NA,"844260778484790539"
"844260818217432479","C17H16FN3O5","[M + H]+",9,4.68186569363429e-05,57.6220576809161,2.04367179070333,55.5783858902128,"26","YYDXSBMWJAJTEX","COC1=C(C=CC(=C1)[N+](=O)[O-])NC(=O)CCC(=O)NC2=CC=C(C=C2)F","N-(4-fluorophenyl)-N'-(2-methoxy-4-nitrophenyl)butanediamide",1.7,9,-242.95950046174,0.41726618705036,NA,"844260778484790539"
"844260818217432479","C17H16FN3O5","[M + H]+",9,4.68186569363429e-05,57.6220576809161,2.04367179070333,55.5783858902128,"26","OTDXSKXENBNYTJ","CC1=C(C=CC=C1[N+](=O)[O-])NC(=O)CNC2=C(C=CC(=C2)C(=O)OC)F","Methyl 4-fluoro-3-[[2-(2-methyl-3-nitroanilino)-2-oxoethyl]amino]benzoate",3,10,-247.529430692929,0.355704697986577,NA,"844260778484790539"
"844260818217432479","C17H16FN3O5","[M + H]+",9,4.68186569363429e-05,57.6220576809161,2.04367179070333,55.5783858902128,"26","SUCGWEYWAUUJAC","CCOC(=O)C(C=O)NC1=CC(=C(C=C1)OC2=CC(=NC=C2)C(=O)N)F","Ethyl 2-[4-(2-carbamoylpyridin-4-yl)oxy-3-fluoroanilino]-3-oxopropanoate",1.7,14,-250.850302963726,0.394736842105263,NA,"844260778484790539"
"844260818217432479","C17H16FN3O5","[M + H]+",9,4.68186569363429e-05,57.6220576809161,2.04367179070333,55.5783858902128,"26","QVMGSVFDTMCFGU","CC1=C(C(=CC=C1)NC(=O)NC(=O)COC2=C(C=CC(=C2)F)[N+](=O)[O-])C","N-[(2,3-dimethylphenyl)carbamoyl]-2-(5-fluoro-2-nitrophenoxy)acetamide",3.6,15,-253.699611064009,0.376712328767123,NA,"844260778484790539"
"844260818217432479","C17H16FN3O5","[M + H]+",9,4.68186569363429e-05,57.6220576809161,2.04367179070333,55.5783858902128,"26","HACWGNUSUGMICQ","CC(=O)C1=CN(C(=C1)C(=O)OCC(=O)NC(=O)NC2=CC=CC=C2F)C","[2-[(2-Fluorophenyl)carbamoylamino]-2-oxoethyl] 4-acetyl-1-methylpyrrole-2-carboxylate",1.7,16,-254.034834851145,0.335483870967742,NA,"844260778484790539"
"844260818217432479","C17H16FN3O5","[M + H]+",9,4.68186569363429e-05,57.6220576809161,2.04367179070333,55.5783858902128,"26","NWYRMQWBJUAJRT","CC(C(=O)NC1=CC=C(C=C1)NC(=O)C)OC2=C(C=CC(=C2)F)[N+](=O)[O-]","(2S)-N-(4-acetamidophenyl)-2-(5-fluoro-2-nitrophenoxy)propanamide",2.3,17,-254.680460034552,0.401459854014599,NA,"844260778484790539"
"844260818217432479","C17H16FN3O5","[M + H]+",9,4.68186569363429e-05,57.6220576809161,2.04367179070333,55.5783858902128,"26","XKGHFFKPXVYLAJ","CC1=C(C=C(C=C1)NC(=O)NC(=O)COC2=C(C=CC(=C2)F)[N+](=O)[O-])C","N-[(3,4-dimethylphenyl)carbamoyl]-2-(5-fluoro-2-nitrophenoxy)acetamide",3.6,18,-255.426109263556,0.380952380952381,NA,"844260778484790539"
"844260818217432479","C17H16FN3O5","[M + H]+",9,4.68186569363429e-05,57.6220576809161,2.04367179070333,55.5783858902128,"26","FLSATZDBPOFWDX","CC1=CC(=C(C=C1)NC(=O)NC(=O)COC2=C(C=CC(=C2)F)[N+](=O)[O-])C","N-[(2,4-dimethylphenyl)carbamoyl]-2-(5-fluoro-2-nitrophenoxy)acetamide",3.6,19,-257.426967712066,0.376712328767123,NA,"844260778484790539"
"844260818217432479","C17H16FN3O5","[M + H]+",9,4.68186569363429e-05,57.6220576809161,2.04367179070333,55.5783858902128,"26","KJKMUGRYRXKUFY","C1COCCC1OC2=NC=C(C=C2)C(=O)NC3=CC(=C(C=C3)F)[N+](=O)[O-]","N-(4-fluoro-3-nitrophenyl)-6-((tetrahydro-2H-pyran-4-yl)oxy)nicotinamide",2.3,20,-258.11588303301,0.405228758169935,NA,"844260778484790539"
"844260818217432479","C17H16FN3O5","[M + H]+",9,4.68186569363429e-05,57.6220576809161,2.04367179070333,55.5783858902128,"26","LUPJLWJSVYKKJK","CC(=O)NNC(=O)C1=CN(C=C(C1=O)C(=O)OC)CC2=CC=C(C=C2)F","Methyl 5-(acetamidocarbamoyl)-1-[(4-fluorophenyl)methyl]-4-oxopyridine-3-carboxylate",1.5,21,-258.179613220241,0.348993288590604,NA,"844260778484790539"
"844260818217432479","C17H16FN3O5","[M + H]+",9,4.68186569363429e-05,57.6220576809161,2.04367179070333,55.5783858902128,"26","NQNPCYSRFRDWLH","CC1=C(C=C(C=C1)F)NC(=O)COC(=O)C2=C(C=CC(=C2)[N+](=O)[O-])NC","[2-(5-Fluoro-2-methylanilino)-2-oxoethyl] 2-(methylamino)-5-nitrobenzoate",3.5,22,-258.991238462975,0.342105263157895,NA,"844260778484790539"
"844260818217432479","C17H16FN3O5","[M + H]+",9,4.68186569363429e-05,57.6220576809161,2.04367179070333,55.5783858902128,"26","ASEBYMNPEGIBPK","CCNC(=O)C1=CC(=CC=C1)NC(=O)COC2=C(C=CC(=C2)F)[N+](=O)[O-]","N-ethyl-3-[[2-(5-fluoro-2-nitrophenoxy)acetyl]amino]benzamide",2.4,24,-262.838806586361,0.384105960264901,NA,"844260778484790539"
"844260818217432480","C14H15N7O5","[M + H]+",10,1.13182640782833e-05,56.2021936159881,1.79644658805591,54.4057470279322,"26",NA,NA,NA,NA,NA,NA,NA,NA,"844260778484790539"
"844260867940906561","C15H13F2N7O2","[M + H]+",1,0.968041744412737,75.1073063284687,3.21177653389728,71.8955297945714,"27","FOZXIPLAGUNHIE","CN1C(=C(C=N1)C2=NC(=NC=C2F)OC)C(=O)NC3=CC(=NC=C3F)N","N-(2-amino-5-fluoropyridin-4-yl)-4-(5-fluoro-2-methoxypyrimidin-4-yl)-2-methylpyrazole-3-carboxamide",0.4,1,-206.188894859769,0.495412844036697,0,"844260778493179148"
"844260867940906561","C15H13F2N7O2","[M + H]+",1,0.968041744412737,75.1073063284687,3.21177653389728,71.8955297945714,"27","PIKDWSFQRYHGPE","C1=CC(=C(C=C1F)F)NC(=O)NCCN2C(=O)C=CC(=N2)N3C=NC=N3","1-(2,4-difluorophenyl)-3-(2-(6-oxo-3-(1H-1,2,4-triazol-1-yl)pyridazin-1(6H)-yl)ethyl)urea",0.5,2,-235.07612378758,0.478632478632479,Inf,"844260778493179148"
"844260867940906561","C15H13F2N7O2","[M + H]+",1,0.968041744412737,75.1073063284687,3.21177653389728,71.8955297945714,"27","KMTLMRMWJDBVTB","C1=CC(=C(C=C1F)NC(=O)NCCN2C(=O)C=CC(=N2)N3C=NC=N3)F","1-(2,5-difluorophenyl)-3-(2-(6-oxo-3-(1H-1,2,4-triazol-1-yl)pyridazin-1(6H)-yl)ethyl)urea",0.5,3,-237.512864442739,0.478260869565217,NA,"844260778493179148"
"844260867940906561","C15H13F2N7O2","[M + H]+",1,0.968041744412737,75.1073063284687,3.21177653389728,71.8955297945714,"27","PQAMDKDZSSHTAQ","C1=CC(=C(C=C1NC(=O)NCCN2C(=O)C=CC(=N2)N3C=NC=N3)F)F","1-(3,4-difluorophenyl)-3-(2-(6-oxo-3-(1H-1,2,4-triazol-1-yl)pyridazin-1(6H)-yl)ethyl)urea",0.5,4,-242.179852264785,0.46218487394958,NA,"844260778493179148"
"844260867940906561","C15H13F2N7O2","[M + H]+",1,0.968041744412737,75.1073063284687,3.21177653389728,71.8955297945714,"27","MCSNHWJKNRXSFD","CC(C1=NC=NN1C2=NC=CC=N2)NC(=O)C3=CC(=CN=C3)OC(F)F","5-(difluoromethoxy)-N-[1-(2-pyrimidin-2-yl-1,2,4-triazol-3-yl)ethyl]pyridine-3-carboxamide",1.3,5,-250.832389161011,0.408333333333333,NA,"844260778493179148"
"844260867940906561","C15H13F2N7O2","[M + H]+",1,0.968041744412737,75.1073063284687,3.21177653389728,71.8955297945714,"27","JINYNPTZFYTAAE","CNC1=CC2=NC3=C(C=NN13)C(=O)NCCOC4=C(C=C(C(=N4)N2)F)F",NA,1.3,6,-252.746639068777,0.415384615384615,NA,"844260778493179148"
"844260867940906561","C15H13F2N7O2","[M + H]+",1,0.968041744412737,75.1073063284687,3.21177653389728,71.8955297945714,"27","JOXSMAKUPLSCFK","CNC1=CC2=NC3=C(C=NN13)C(=O)NCCOC4=C(C(=CC(=N4)N2)F)F",NA,1.3,7,-253.438175806981,0.418604651162791,NA,"844260778493179148"
"844260867940906561","C15H13F2N7O2","[M + H]+",1,0.968041744412737,75.1073063284687,3.21177653389728,71.8955297945714,"27","DOKYXQUHEBRWHL","CNC1=CC2=NC3=C(C=NN13)C(=O)NCCOC4=NC(=C(C(=C4)F)F)N2",NA,1.3,8,-253.465448246791,0.415384615384615,NA,"844260778493179148"
"844260867940906561","C15H13F2N7O2","[M + H]+",1,0.968041744412737,75.1073063284687,3.21177653389728,71.8955297945714,"27","RGLWMSKFLHMTMK","C1=CC(=C(N=C1)OC2=C(C=C(C=C2)F)F)CNC(=O)CN3C(=NN=N3)N","2-(5-amino-1H-tetrazol-1-yl)-N-{[2-(2,4-difluorophenoxy)pyridin-3-yl]methyl}acetamide",1.2,10,-266.903390110132,0.425196850393701,NA,"844260778493179148"
"844260867940906561","C15H13F2N7O2","[M + H]+",1,0.968041744412737,75.1073063284687,3.21177653389728,71.8955297945714,"27","OGXZJNBJBKZZGO","CC1=NON=C1CN2C3=C(C(=O)NC(=N3)C(C4=CC=CC=C4)(F)F)NN2","5-[difluoro(phenyl)methyl]-3-[(4-methyl-1,2,5-oxadiazol-3-yl)methyl]-2,6-dihydro-1H-triazolo[4,5-d]pyrimidin-7-one",2.6,11,-269.427418027682,0.420634920634921,NA,"844260778493179148"
"844260867940906561","C15H13F2N7O2","[M + H]+",1,0.968041744412737,75.1073063284687,3.21177653389728,71.8955297945714,"27","OIALPWCJCSMRGK","C1C2(CC1(F)F)CN(C2)C(=O)C3=CN(N=N3)C4=NN5C=CC=C5C(=O)N4","2-[4-(6,6-difluoro-2-azaspiro[3.3]heptane-2-carbonyl)triazol-1-yl]-3H-pyrrolo[2,1-f][1,2,4]triazin-4-one",0.9,12,-297.759834720166,0.436507936507937,NA,"844260778493179148"
"844260867940906561","C15H13F2N7O2","[M + H]+",1,0.968041744412737,75.1073063284687,3.21177653389728,71.8955297945714,"27","ZKLPXXGDZRZHGE","C1CC12CN(CC2(F)F)C3=CC(=NN4C3=NC=N4)C5=CNC(=O)NC5=O","5-[8-(7,7-difluoro-5-azaspiro[2.4]heptan-5-yl)-[1,2,4]triazolo[1,5-b]pyridazin-6-yl]-1H-pyrimidine-2,4-dione",0.3,20,-340.580996937381,0.375,NA,"844260778493179148"
"844260867940906561","C15H13F2N7O2","[M + H]+",1,0.968041744412737,75.1073063284687,3.21177653389728,71.8955297945714,"27","JMTPBJUZPYHNEA","C1CC12CN(CC2(F)F)C3=CC(=NN4C3=NN=C4)C5=CNC(=O)NC5=O","5-[8-(7,7-difluoro-5-azaspiro[2.4]heptan-5-yl)-[1,2,4]triazolo[4,3-b]pyridazin-6-yl]-1H-pyrimidine-2,4-dione",-0.3,21,-342.109656128316,0.372413793103448,NA,"844260778493179148"
"844260867940906561","C15H13F2N7O2","[M + H]+",1,0.968041744412737,75.1073063284687,3.21177653389728,71.8955297945714,"27","IPONHXGOODDWMS","C1CC12CN(CC2(F)F)C3=CC(=NC4=NC=NN34)C5=CNC(=O)NC5=O","5-[7-(7,7-difluoro-5-azaspiro[2.4]heptan-5-yl)-[1,2,4]triazolo[1,5-a]pyrimidin-5-yl]-1H-pyrimidine-2,4-dione",0.4,24,-359.414269468273,0.342105263157895,NA,"844260778493179148"
"844260867940906561","C15H13F2N7O2","[M + H]+",1,0.968041744412737,75.1073063284687,3.21177653389728,71.8955297945714,"27","XCRZLFRHRAYWPB","CN1N=C(N=N1)C(=O)NC2CCC3=C2C=CC(=C3)C4=NOC(=N4)C(F)F","N-[5-[5-(difluoromethyl)-1,2,4-oxadiazol-3-yl]-2,3-dihydro-1H-inden-1-yl]-2-methyltetrazole-5-carboxamide",2.2,26,-391.687598838501,0.310810810810811,NA,"844260778493179148"
"844260867940906562","C12H14F3N7O3","[M + H]+",2,0.0228935923359379,71.3628881784768,1.72848696117168,69.6344012173051,"27","CFYZNRWKQYLEBN","CN1C(=C(C(=N1)N2CC(C2)(C3=NC=NN3C)OC)[N+](=O)[O-])C(F)(F)F","5-[3-Methoxy-1-[1-methyl-4-nitro-5-(trifluoromethyl)pyrazol-3-yl]azetidin-3-yl]-1-methyl-1,2,4-triazole",0.5,9,-262.469227307908,0.427350427350427,NA,"844260778493179148"
"844260867940906562","C12H14F3N7O3","[M + H]+",2,0.0228935923359379,71.3628881784768,1.72848696117168,69.6344012173051,"27","WSXZVUWPGPFFRD","CC1=NC(=NN1C2=NNC(=N2)C(F)(F)F)C(=O)NCC(C)(C)C(=O)O","2,2-dimethyl-3-[[5-methyl-1-[5-(trifluoromethyl)-1H-1,2,4-triazol-3-yl]-1,2,4-triazole-3-carbonyl]amino]propanoic acid",1.4,13,-300.021225154377,0.340740740740741,NA,"844260778493179148"
"844260867940906562","C12H14F3N7O3","[M + H]+",2,0.0228935923359379,71.3628881784768,1.72848696117168,69.6344012173051,"27","WXKDRRFOSNTCKL","CC1=NC(=NN1C2=NNC(=N2)C(F)(F)F)C(=O)N(CC(=O)O)C(C)C","2-[[5-methyl-1-[5-(trifluoromethyl)-1H-1,2,4-triazol-3-yl]-1,2,4-triazole-3-carbonyl]-propan-2-ylamino]acetic acid",1.6,14,-307.842403192838,0.314285714285714,NA,"844260778493179148"
"844260867940906562","C12H14F3N7O3","[M + H]+",2,0.0228935923359379,71.3628881784768,1.72848696117168,69.6344012173051,"27","PHSLFFNBMPDTLL","CC1=NC(=NN1C2=NNC(=N2)C(F)(F)F)C(=O)N(C)C(C)(C)C(=O)O","2-methyl-2-[methyl-[5-methyl-1-[5-(trifluoromethyl)-1H-1,2,4-triazol-3-yl]-1,2,4-triazole-3-carbonyl]amino]propanoic acid",1.4,15,-308.801223735633,0.301470588235294,NA,"844260778493179148"
"844260867940906562","C12H14F3N7O3","[M + H]+",2,0.0228935923359379,71.3628881784768,1.72848696117168,69.6344012173051,"27","FWQFKNAIHMGGGE","CCCN(CC(=O)O)C(=O)C1=NN(C(=N1)C)C2=NNC(=N2)C(F)(F)F","2-[[5-methyl-1-[5-(trifluoromethyl)-1H-1,2,4-triazol-3-yl]-1,2,4-triazole-3-carbonyl]-propylamino]acetic acid",1.7,16,-316.894593134771,0.310810810810811,NA,"844260778493179148"
"844260867940906562","C12H14F3N7O3","[M + H]+",2,0.0228935923359379,71.3628881784768,1.72848696117168,69.6344012173051,"27","RIVMOGGKOUBILA","C1=C(C(=O)NC(=O)N1CC(F)(F)F)CNC(=O)CCCC2=NNN=N2","N-[[2,4-dioxo-1-(2,2,2-trifluoroethyl)pyrimidin-5-yl]methyl]-4-(2H-tetrazol-5-yl)butanamide",-0.2,17,-326.043133339545,0.347517730496454,NA,"844260778493179148"
"844260867940906562","C12H14F3N7O3","[M + H]+",2,0.0228935923359379,71.3628881784768,1.72848696117168,69.6344012173051,"27","KDGIFBZCSXNMKY","CC1=NC(=NN1C2=NNC(=N2)C(F)(F)F)C(=O)NCC(C)CC(=O)O","3-methyl-4-[[5-methyl-1-[5-(trifluoromethyl)-1H-1,2,4-triazol-3-yl]-1,2,4-triazole-3-carbonyl]amino]butanoic acid",1.3,18,-337.336191416196,0.338028169014085,NA,"844260778493179148"
"844260867940906562","C12H14F3N7O3","[M + H]+",2,0.0228935923359379,71.3628881784768,1.72848696117168,69.6344012173051,"27","WLFUMOWTTXBNHH","CCC(C)(C(=O)O)NC(=O)C1=NN(C(=N1)C)C2=NNC(=N2)C(F)(F)F","2-methyl-2-[[5-methyl-1-[5-(trifluoromethyl)-1H-1,2,4-triazol-3-yl]-1,2,4-triazole-3-carbonyl]amino]butanoic acid",1.7,19,-337.812836597699,0.296551724137931,NA,"844260778493179148"
"844260867940906562","C12H14F3N7O3","[M + H]+",2,0.0228935923359379,71.3628881784768,1.72848696117168,69.6344012173051,"27","HTBCVVYYGFODDC","CC1=NC(=NN1C2=NNC(=N2)C(F)(F)F)C(=O)NC(C(C)C)C(=O)O","3-methyl-2-[[5-methyl-1-[5-(trifluoromethyl)-1H-1,2,4-triazol-3-yl]-1,2,4-triazole-3-carbonyl]amino]butanoic acid",2,25,-364.249287015322,0.281045751633987,NA,"844260778493179148"
"844260867940906562","C12H14F3N7O3","[M + H]+",2,0.0228935923359379,71.3628881784768,1.72848696117168,69.6344012173051,"27","IGPSHAHSHFVEGF","CC1=NC(=NN1C2=NNC(=N2)C(F)(F)F)C(=O)NCCCCC(=O)O","5-[[5-methyl-1-[5-(trifluoromethyl)-1H-1,2,4-triazol-3-yl]-1,2,4-triazole-3-carbonyl]amino]pentanoic acid",1.2,28,-403.78444031777,0.304347826086957,NA,"844260778493179148"
"844260867940906562","C12H14F3N7O3","[M + H]+",2,0.0228935923359379,71.3628881784768,1.72848696117168,69.6344012173051,"27","KGFWOLWQESAWQX","CC1=NC(=NN1C2=NNC(=N2)C(F)(F)F)C(=O)NC(C)CCC(=O)O","4-[[5-methyl-1-[5-(trifluoromethyl)-1H-1,2,4-triazol-3-yl]-1,2,4-triazole-3-carbonyl]amino]pentanoic acid",1.3,30,-409.870224760311,0.294871794871795,NA,"844260778493179148"
"844260867940906562","C12H14F3N7O3","[M + H]+",2,0.0228935923359379,71.3628881784768,1.72848696117168,69.6344012173051,"27","YQALYJYBDXGRTD","CCCC(C(=O)O)NC(=O)C1=NN(C(=N1)C)C2=NNC(=N2)C(F)(F)F","2-[[5-methyl-1-[5-(trifluoromethyl)-1H-1,2,4-triazol-3-yl]-1,2,4-triazole-3-carbonyl]amino]pentanoic acid",1.9,36,-465.328140764273,0.244444444444444,NA,"844260778493179148"
"844260867940906563","C9H15N9O7","[M + H]+",3,0.00379091894668146,69.5646395735756,0,69.5646395735756,"27",NA,NA,NA,NA,NA,NA,NA,NA,"844260778493179148"
"844260867940906564","C14H17F2N3O6","[M + H]+",4,0.00281248685995404,69.2661002132319,2.0212811096174,67.2448191036145,"27","WXVJJJQBBQNPFF","CC(C)(C)OC(=O)NC(CNC1=CC(=C(C=C1[N+](=O)[O-])F)F)C(=O)O","3-(4,5-Difluoro-2-nitroanilino)-2-[(2-methylpropan-2-yl)oxycarbonylamino]propanoic acid",2.8,22,-355.459956081028,0.235955056179775,NA,"844260778493179148"
"844260867940906564","C14H17F2N3O6","[M + H]+",4,0.00281248685995404,69.2661002132319,2.0212811096174,67.2448191036145,"27","DCCUFNSJKULQNP","CC(C)(C)OC(=O)NC(CNC1=CC(=C(C=C1F)[N+](=O)[O-])F)C(=O)O","(2S)-3-(2,5-difluoro-4-nitroanilino)-2-[(2-methylpropan-2-yl)oxycarbonylamino]propanoic acid",2.8,23,-357.958838405306,0.228571428571429,NA,"844260778493179148"
"844260867940906564","C14H17F2N3O6","[M + H]+",4,0.00281248685995404,69.2661002132319,2.0212811096174,67.2448191036145,"27","NYNAAGTVQZRHQO","CCCCOC(=O)OCC1=C(C(C(O1)N2C=CC(=NC2=O)N)(F)F)O","[(2R)-2-(4-amino-2-oxopyrimidin-1-yl)-3,3-difluoro-4-hydroxy-2H-furan-5-yl]methyl butyl carbonate",0.5,31,-410.352280232471,0.24,NA,"844260778493179148"
"844260867940906564","C14H17F2N3O6","[M + H]+",4,0.00281248685995404,69.2661002132319,2.0212811096174,67.2448191036145,"27","HLPCOTYSWJFYDT","CC(C)(CCC(=O)O)NC(=O)NC1=C(C=CC(=C1)[N+](=O)[O-])OC(F)F","4-[[2-(Difluoromethoxy)-5-nitrophenyl]carbamoylamino]-4-methylpentanoic acid",2.1,32,-417.130615291576,0.268156424581006,NA,"844260778493179148"
"844260867940906564","C14H17F2N3O6","[M + H]+",4,0.00281248685995404,69.2661002132319,2.0212811096174,67.2448191036145,"27","YNLFTOUVPKSGBP","CCCNC(=O)CNC(=O)C1=CC(=C(C=C1[N+](=O)[O-])OC(F)F)OC","4-(difluoromethoxy)-5-methoxy-2-nitro-N-[2-oxo-2-(propylamino)ethyl]benzamide",2.2,33,-432.098999922877,0.282722513089005,NA,"844260778493179148"
"844260867940906564","C14H17F2N3O6","[M + H]+",4,0.00281248685995404,69.2661002132319,2.0212811096174,67.2448191036145,"27","SAPQPOWNBCHXIV","CCNC(=O)CN(C)C(=O)C1=CC(=C(C=C1[N+](=O)[O-])OC(F)F)OC","4-(difluoromethoxy)-N-[2-(ethylamino)-2-oxoethyl]-5-methoxy-N-methyl-2-nitrobenzamide",1.8,34,-445.313198593901,0.287234042553192,NA,"844260778493179148"
"844260867940906564","C14H17F2N3O6","[M + H]+",4,0.00281248685995404,69.2661002132319,2.0212811096174,67.2448191036145,"27","YMYJOCWHWAYWTB","CCNC(=O)C(C)NC(=O)C1=CC(=C(C=C1[N+](=O)[O-])OC(F)F)OC","4-(difluoromethoxy)-N-[1-(ethylamino)-1-oxopropan-2-yl]-5-methoxy-2-nitrobenzamide",2,35,-449.834287173521,0.266666666666667,NA,"844260778493179148"
"844260867940906564","C14H17F2N3O6","[M + H]+",4,0.00281248685995404,69.2661002132319,2.0212811096174,67.2448191036145,"27","OZGOYTYDOKZRNL","COC1=C(C=C(C(=C1)C(=O)NCC2CNCC2O)[N+](=O)[O-])OC(F)F","4-(difluoromethoxy)-N-[(4-hydroxypyrrolidin-3-yl)methyl]-5-methoxy-2-nitrobenzamide",1.5,37,-487.75907073817,0.258536585365854,NA,"844260778493179148"
"844260867940906564","C14H17F2N3O6","[M + H]+",4,0.00281248685995404,69.2661002132319,2.0212811096174,67.2448191036145,"27","DPZIFPKPVOPRBQ","CC(C1C(C(C(O1)N2C=CC(=NC2=O)N)(F)F)OC(=O)C)OC(=O)C","[(2R,3R,5R)-2-[(1S)-1-acetyloxyethyl]-5-(4-amino-2-oxopyrimidin-1-yl)-4,4-difluorooxolan-3-yl] acetate",-0.3,38,-531.111345254624,0.21078431372549,NA,"844260778493179148"
"844260867940906564","C14H17F2N3O6","[M + H]+",4,0.00281248685995404,69.2661002132319,2.0212811096174,67.2448191036145,"27","HSDNLXGJTHTADB","C1=CN(C(=O)N=C1N)C2C(C(C(O2)COC(=O)CCCC=O)O)(F)F","[(2R,3R,5R)-5-(4-amino-2-oxopyrimidin-1-yl)-4,4-difluoro-3-hydroxyoxolan-2-yl]methyl 5-oxopentanoate",-1.6,39,-583.773048534138,0.199095022624434,NA,"844260778493179148"
"844260867940906564","C14H17F2N3O6","[M + H]+",4,0.00281248685995404,69.2661002132319,2.0212811096174,67.2448191036145,"27","COQIKROFTRQKPD","C1=CC(=CC=C1COC(=O)NC(CCCN)(C(F)F)C(=O)O)[N+](=O)[O-]","5-Amino-2-(difluoromethyl)-2-[(4-nitrophenyl)methoxycarbonylamino]pentanoic acid",-0.9,40,-588.135834521102,0.184466019417476,NA,"844260778493179148"
"844260867940906564","C14H17F2N3O6","[M + H]+",4,0.00281248685995404,69.2661002132319,2.0212811096174,67.2448191036145,"27","JTBRAGZZOUJIOM","C1=CC(=CC=C1COC(=O)NCCCC(C(F)F)(C(=O)O)N)[N+](=O)[O-]","2-Amino-2-(difluoromethyl)-5-[(4-nitrophenyl)methoxycarbonylamino]pentanoic acid",-0.9,41,-594.678036312768,0.186602870813397,NA,"844260778493179148"
"844260867940906564","C14H17F2N3O6","[M + H]+",4,0.00281248685995404,69.2661002132319,2.0212811096174,67.2448191036145,"27","QBYZHSLKSKNBMT","C1=CN(C(=O)N=C1N)C2C(C(C(O2)CC(=O)CCCC(=O)O)O)(F)F","6-[(2R,5R)-5-(4-amino-2-oxopyrimidin-1-yl)-4,4-difluoro-3-hydroxyoxolan-2-yl]-5-oxohexanoic acid",-1.8,42,-597.785690289992,0.187772925764192,NA,"844260778493179148"
"844260867940906564","C14H17F2N3O6","[M + H]+",4,0.00281248685995404,69.2661002132319,2.0212811096174,67.2448191036145,"27","JQDFOYOLKOJNIP","C1CN(CCC1(F)F)C(=O)C2C(C(C(O2)N3C=CC(=O)NC3=O)O)O","1-[(2R,3R,4S,5S)-5-(4,4-difluoropiperidine-1-carbonyl)-3,4-dihydroxyoxolan-2-yl]pyrimidine-2,4-dione",-1,43,-636.473098074351,0.170731707317073,NA,"844260778493179148"
"844260867940906565","C11H18F3N3O7","[M + H]+",5,0.00230472725270551,69.0669934586316,0.0146601539027286,69.0523333047289,"27",NA,NA,NA,NA,NA,NA,NA,NA,"844260778493179148"
"844260867940906566","C13H18F2N5O3P","[M + H]+",6,0.000129316425797997,66.1865381527899,1.81969273336512,64.3668454194248,"27",NA,NA,NA,NA,NA,NA,NA,NA,"844260778493179148"
"844260867940906567","C12H22F2NO7P","[M + H]+",7,1.38201615508466e-05,63.9504043466592,0.74380377821028,63.206600568449,"27",NA,NA,NA,NA,NA,NA,NA,NA,"844260778493179148"
"844260867940906568","C11H17N6O8","[M + H]+",8,5.2334642353874e-06,62.9793492752512,1.02758346186682,61.9517658133843,"27",NA,NA,NA,NA,NA,NA,NA,NA,"844260778493179148"
"844260867940906569","C18H20NO5P","[M + H]+",9,2.58124050080156e-06,62.27254593639,2.76569291623209,59.5068530201579,"27",NA,NA,NA,NA,NA,NA,NA,NA,"844260778493179148"
"844260867940906570","C12H21N5O4P2","[M + H]+",10,1.61230871262689e-06,61.8019429735691,0,61.8019429735691,"27",NA,NA,NA,NA,NA,NA,NA,NA,"844260778493179148"
"844260848957486597","C16H24ClNO4S","[M + H]+",1,0.53393007898508,40.825866629321,0,40.825866629321,"28",NA,NA,NA,NA,NA,NA,NA,NA,"844260778493179149"
"844260848957486598","C17H19N3O4S","[M + H]+",2,0.281226276170023,40.1847613357296,0,40.1847613357296,"28","IXEQEYRTSRFZEO","CC1=CN=C(C(=C1OC)C)CS(=O)(=O)C2=NC3=C(N2)C=C(C=C3)OC","Omeprazole-d3 Sulfone",2.7485034,1,-18.7229662590694,0.968253968253968,0,"844260778493179149"
"844260848957486598","C17H19N3O4S","[M + H]+",2,0.281226276170023,40.1847613357296,0,40.1847613357296,"28","QZVDQETYNOBUPJ","CC1=C[N+](=C(C(=C1OC)C)CS(=O)C2=NC3=C(N2)C=C(C=C3)OC)[O-]","Omeprazole-N-oxide",2.1600971,2,-26.0224992962698,0.9296875,Inf,"844260778493179149"
"844260848957486598","C17H19N3O4S","[M + H]+",2,0.281226276170023,40.1847613357296,0,40.1847613357296,"28","CMZHQFXXAAIBKE","CC1=C(C(=CN=C1CS(=O)C2=NC3=C(N2)C=C(C=C3)OC)CO)OC",NA,1.6791414,3,-37.3055278799581,0.888059701492537,NA,"844260778493179149"
"844260848957486598","C17H19N3O4S","[M + H]+",2,0.281226276170023,40.1847613357296,0,40.1847613357296,"28","IGVYIWUGJPECAJ","CC1=CN=C(C(=C1OC)CO)CS(=O)C2=NC3=C(N2)C=C(C=C3)OC","3-Hydroxyomeprazole",1.6791414,4,-40.5922831299213,0.875,NA,"844260778493179149"
"844260848957486598","C17H19N3O4S","[M + H]+",2,0.281226276170023,40.1847613357296,0,40.1847613357296,"28","VPFSKKMDDDYYOJ","CC1=CN=C(C(=C1OC)C)CS(=O)C2=NC3=C(N2)C=CC(=C3O)OC","5-methoxy-2-[(R)-(4-methoxy-3,5-dimethylpyridin-2-yl)methylsulfinyl]-1H-benzimidazol-4-ol",2.1978552,5,-230.46781767241,0.712328767123288,NA,"844260778493179149"
"844260848957486598","C17H19N3O4S","[M + H]+",2,0.281226276170023,40.1847613357296,0,40.1847613357296,"28","NRTYCXOOEJJVDJ","COC1=C(C=C(C=C1)NC(=O)CSC2=NC3=C(CCC3)C(=O)N2)OC","N-(3,4-dimethoxyphenyl)-2-[(4-oxo-4,5,6,7-tetrahydro-3H-cyclopenta[d]pyrimidin-2-yl)thio]acetamide",1.7,6,-308.692945869192,0.354166666666667,NA,"844260778493179149"
"844260848957486598","C17H19N3O4S","[M + H]+",2,0.281226276170023,40.1847613357296,0,40.1847613357296,"28","NJXRFXGANNWYRK","CC1=CC=C(C=C1)N(CC2=NCCN2)C3=CC(=CC=C3)OS(=O)(=O)O","[3-[N-(4,5-dihydro-1H-imidazol-2-ylmethyl)-4-methylanilino]phenyl] hydrogen sulfate",2,7,-405.224492330329,0.254437869822485,NA,"844260778493179149"
"844260848957486598","C17H19N3O4S","[M + H]+",2,0.281226276170023,40.1847613357296,0,40.1847613357296,"28","MQQOMKBMLHBDFG","CC1=NC=CC(=C1)NS(=O)(=O)C2=C(N=CC(=C2)C3=CCOCC3)OC","5-[3,6-dihydro-2H-pyran-4-yl]-2-methoxy-N-[2-methylpyridin-4-yl]pyridine-3-sulfonamide",1,8,-431.151999485903,0.337278106508876,NA,"844260778493179149"
"844260848957486598","C17H19N3O4S","[M + H]+",2,0.281226276170023,40.1847613357296,0,40.1847613357296,"28","FPMHRRFSGYKNIU","COC1=CC=C(C=C1)CN2CC3C(C2)OC4=C(C=CC=N4)S(=O)(=O)N3","5-[(4-methoxyphenyl)methyl]-2-oxa-9λ⁶-thia-5,8,14-triazatricyclo[8.4.0.0³,⁷]tetradeca-1(10),11,13-triene-9,9-dione",1.3,10,-572.591183217126,0.282608695652174,NA,"844260778493179149"
"844260848957486598","C17H19N3O4S","[M + H]+",2,0.281226276170023,40.1847613357296,0,40.1847613357296,"28","HBLRAJANJGAMFQ","CC(C)CNC(=O)CC1=CSC(=N1)NC(=O)C2=CC3=C(C=C2)OCO3","N-(4-(2-(isobutylamino)-2-oxoethyl)thiazol-2-yl)benzo[d][1,3]dioxole-5-carboxamide",2.5,11,-573.242124943327,0.184426229508197,NA,"844260778493179149"
"844260848957486598","C17H19N3O4S","[M + H]+",2,0.281226276170023,40.1847613357296,0,40.1847613357296,"28","ILAMKVUHWSQJHY","COC(=O)C1=CC=C(C=C1)OCC2N(CCS2)C(=O)CN3C=CN=C3","Methyl 4-((3-(1H-imidazol-1-ylacetyl)-2-thiazolidinyl)methoxy)benzoate",1.7,13,-574.99513165921,0.198275862068966,NA,"844260778493179149"
"844260848957486598","C17H19N3O4S","[M + H]+",2,0.281226276170023,40.1847613357296,0,40.1847613357296,"28","JHQLDSNFXOLZMD","C1CC1C(=O)N2CC3(C2)C4CN(CCN4C(=O)O3)C(=O)C5=CC=CS5","1'-(Cyclopropanecarbonyl)-7-(thiophene-2-carbonyl)spiro[5,6,8,8a-tetrahydro-[1,3]oxazolo[3,4-a]pyrazine-1,3'-azetidine]-3-one",0.5,14,-598.764256479299,0.132743362831858,NA,"844260778493179149"
"844260848957486598","C17H19N3O4S","[M + H]+",2,0.281226276170023,40.1847613357296,0,40.1847613357296,"28","NVAYQDCPVGCOHV","C1CC(N(S(=O)(=O)C1)CC2=CC=C(C=C2)C3=CC=NC=C3)C(=O)NO","(3S)-N-hydroxy-1,1-dioxo-2-[(4-pyridin-4-ylphenyl)methyl]thiazinane-3-carboxamide",0.9,15,-607.107168886304,0.208144796380091,NA,"844260778493179149"
"844260848957486598","C17H19N3O4S","[M + H]+",2,0.281226276170023,40.1847613357296,0,40.1847613357296,"28","IVXQTEPGJVXVMS","CCOC1=CC=C(C=C1)NC(=S)NN=C(C)C2=C(C(=C(C=C2)O)O)O","1-(4-ethoxyphenyl)-3-[(E)-1-(2,3,4-trihydroxyphenyl)ethylideneamino]thiourea",2.7,16,-678.558033955394,0.207729468599034,NA,"844260778493179149"
"844260848957486598","C17H19N3O4S","[M + H]+",2,0.281226276170023,40.1847613357296,0,40.1847613357296,"28","FZECHKJQHUVANE","CC1(C(N2C(S1)C(C2=O)NC(=O)C(C3=CC=CC=C3)N=C)C(=O)O)C","6-{[1-hydroxy-2-(methylideneamino)-2-phenylethylidene]amino}-3,3-dimethyl-7-oxo-4-thia-1-azabicyclo[3.2.0]heptane-2-carboxylic acid",1.2664139,17,-679.521925053069,0.116104868913858,NA,"844260778493179149"
"844260848957486599","C14H20FN3O5S","[M + H]+",3,0.087198127443563,39.0137845935775,0,39.0137845935775,"28","GGHVBHNNEHVTBO","C1=CC(=CC=C1CNNC(=S)NC2C(C(C(C(O2)CO)O)O)O)F","1-[(4-fluorophenyl)methylamino]-3-[(2R,3R,4S,5S,6R)-3,4,5-trihydroxy-6-(hydroxymethyl)oxan-2-yl]thiourea",-0.8,12,-574.812510148817,0.185929648241206,NA,"844260778493179149"
"844260848957486600","C15H13F2N7O2","[M + H]+",4,0.0439596888726619,38.3288747891646,3.3927426000374,34.9361321891272,"28",NA,NA,NA,NA,NA,NA,NA,NA,"844260778493179149"
"844260848957486601","C14H22ClN4O3S","[M + H]+",5,0.0251044694577266,37.7686476334949,0,37.7686476334949,"28",NA,NA,NA,NA,NA,NA,NA,NA,"844260778493179149"
"844260848957486602","C17H17ClFN5O","[M + H]+",6,0.012915891771151,37.104060210585,0,37.104060210585,"28",NA,NA,NA,NA,NA,NA,NA,NA,"844260778493179149"
"844260848957486603","C14H23N3O4S2","[M + H]+",7,0.00882159775863472,36.7228047425495,0,36.7228047425495,"28","CJXSUHSPEFHOKZ","CN1CCN(CC1)CC2C(C(CO2)NS(=O)(=O)C3=CSC=C3)O","N-{4-hydroxy-5-[(4-methylpiperazin-1-yl)methyl]oxolan-3-yl}thiophene-3-sulfonamide",-0.4,9,-525.176955944149,0.244239631336406,NA,"844260778493179149"
"844260848957486604","C12H14F3N7O3","[M + H]+",8,0.00314198582567618,35.690456765745,2.42436415447983,33.2660926112652,"28",NA,NA,NA,NA,NA,NA,NA,NA,"844260778493179149"
"844260848957486605","C14H17F2N3O6","[M + H]+",9,0.00102640542245995,34.5716645544586,3.10176200436217,31.4699025500964,"28",NA,NA,NA,NA,NA,NA,NA,NA,"844260778493179149"
"844260848957486606","C11H18F3N3O7","[M + H]+",10,0.000991410937144393,34.5369755757274,1.73326998719082,32.8037055885366,"28",NA,NA,NA,NA,NA,NA,NA,NA,"844260778493179149"
"844260803247961395","C12H14F3N7O3","[M + H]+",1,0.465807934796182,68.4591249323114,1.50024953058544,66.958875401726,"29",NA,NA,NA,NA,NA,NA,NA,NA,"844260778497373454"
"844260803247961396","C15H13F2N7O2","[M + H]+",2,0.252511433536076,67.8468080692568,3.2215498059552,64.6252582633016,"29",NA,NA,NA,NA,NA,NA,NA,NA,"844260778497373454"
"844260803247961397","C9H15N9O7","[M + H]+",3,0.100768040362911,66.928172785707,0,66.928172785707,"29",NA,NA,NA,NA,NA,NA,NA,NA,"844260778497373454"
"844260803247961398","C14H17F2N3O6","[M + H]+",4,0.0885292203089855,66.7986842107373,1.97263997701988,64.8260442337174,"29",NA,NA,NA,NA,NA,NA,NA,NA,"844260778497373454"
"844260803247961399","C11H18F3N3O7","[M + H]+",5,0.0572516116145246,66.3628073327458,0,66.3628073327458,"29",NA,NA,NA,NA,NA,NA,NA,NA,"844260778497373454"
"844260803247961400","C19H17F2NO4","[M + H]+",6,0.0170671771478264,65.1525086941711,2.33590963010357,62.8165990640675,"29","AYIZPDXXYIFMQC","C1=CC=C2C(=C1)C(C3=CC=CC=C32)COC(=O)NC(CC(F)F)C(=O)O","(R)-2-(9H-Fluoren-9-ylmethoxycarbonylamino)-4,4-difluoro-butyric acid",3.9,20,-502.085709998502,0.124260355029586,NA,"844260778497373454"
"844260803247961401","C20H15N3O4","[M + H]+",7,0.0120237188762968,64.8022328121981,1.00581182513398,63.7964209870641,"29","XBESKJZOHAWRHS","COC1=CC=CC(=C1)N2C(=C(C(=O)NC2=O)C=C3C=NC4=CC=CC=C43)O","6-Hydroxy-5-(indol-3-ylidenemethyl)-1-(3-methoxyphenyl)pyrimidine-2,4-dione",1.8,1,-300.68634171236,0.402777777777778,0,"844260778497373454"
"844260803247961401","C20H15N3O4","[M + H]+",7,0.0120237188762968,64.8022328121981,1.00581182513398,63.7964209870641,"29","OKLQCZBOAHZABU","COC1=CC=C(C=C1)N2C(=C(C(=O)NC2=O)C=C3C=NC4=CC=CC=C43)O","6-Hydroxy-5-(indol-3-ylidenemethyl)-1-(4-methoxyphenyl)pyrimidine-2,4-dione",1.8,2,-307.696631491594,0.383561643835616,2,"844260778497373454"
"844260803247961401","C20H15N3O4","[M + H]+",7,0.0120237188762968,64.8022328121981,1.00581182513398,63.7964209870641,"29","MDOQJLLAKJRIGD","C1=CC2=C(C=C1O)NC=C2C3C(C(=O)NC3=O)C4=CNC5=C4C=CC(=C5)O","Dihydroarcyriarubin C",1.9,3,-365.107253518411,0.333333333333333,Inf,"844260778497373454"
"844260803247961401","C20H15N3O4","[M + H]+",7,0.0120237188762968,64.8022328121981,1.00581182513398,63.7964209870641,"29","PUDYPYSNBKKWCZ","COC1=CC=C(C=C1)N2C3=C(C=CC(=N3)C4=CC=CC=C4O)C(=O)NC2=O","7-(2-hydroxyphenyl)-1-(4-methoxyphenyl)-1H,2H,3H,4H-pyrido[2,3-d]pyrimidine-2,4-dione",2.7,4,-370.827314219827,0.372093023255814,NA,"844260778497373454"
"844260803247961401","C20H15N3O4","[M + H]+",7,0.0120237188762968,64.8022328121981,1.00581182513398,63.7964209870641,"29","MUKZNQTVLXQHRH","COC1=CC(=C(C=C1)C2=C3C(=C4C=CC(=O)C=C4O3)N=C5C2=CNN5)OC","4-(2,4-dimethoxyphenyl)-1H-benzofuro[3,2-b]pyrazolo[4,3-e]pyridin-7-ol",1,5,-376.085730903457,0.354166666666667,NA,"844260778497373454"
"844260803247961401","C20H15N3O4","[M + H]+",7,0.0120237188762968,64.8022328121981,1.00581182513398,63.7964209870641,"29","JONQCFJPPWOWOJ","C1=CC=C(C=C1)C2=C(C3=CC=CC=C3N2)CC4=NC(=C(C(=O)N4)O)C(=O)O","5,6-Dihydroxy-2-[(2-Phenyl-1h-Indol-3-Yl)methyl]pyrimidine-4-Carboxylic Acid",2.8,6,-378.141033564184,0.311377245508982,NA,"844260778497373454"
"844260803247961401","C20H15N3O4","[M + H]+",7,0.0120237188762968,64.8022328121981,1.00581182513398,63.7964209870641,"29","QWNCUDVCMGPFRR","C1CN(C2=NC3=CC=CC=C3N21)C(=O)COC4=CC5=C(C=C4)C=CC(=O)O5","7-(2-oxo-2-{2,5,7-triazatricyclo[6.4.0.0²,⁶]dodeca-1(12),6,8,10-tetraen-5-yl}ethoxy)-2H-chromen-2-one",2.5,7,-384.545165837632,0.341968911917098,NA,"844260778497373454"
"844260803247961401","C20H15N3O4","[M + H]+",7,0.0120237188762968,64.8022328121981,1.00581182513398,63.7964209870641,"29","AOEIQEHYOZILKV","COC1=CC=CC(=C1)C(=O)NC2=CC=C(C=C2)C3=NN=C(O3)C4=CC=CO4","N-{4-[5-(furan-2-yl)-1,3,4-oxadiazol-2-yl]phenyl}-3-methoxybenzamide",3,8,-387.92123932311,0.266304347826087,NA,"844260778497373454"
"844260803247961401","C20H15N3O4","[M + H]+",7,0.0120237188762968,64.8022328121981,1.00581182513398,63.7964209870641,"29","XQLMMQLYXOMQKO","COC1=CC2=C(C=C1)C(=O)N3CCC4=C(C3=N2)NC5=CC6=C(C=C45)OCO6","Orisuaveoline B",2.8,9,-390.315954419821,0.423728813559322,NA,"844260778497373454"
"844260803247961401","C20H15N3O4","[M + H]+",7,0.0120237188762968,64.8022328121981,1.00581182513398,63.7964209870641,"29","IBHBIKWTFZCSOF","C1C(N=C(C2=C(C=CC3=C2C1=CN3)O)C4=CNC5=C4C=C(C=C5)O)C(=O)O","Hyrtiazepine",2.6,10,-417.493737288839,0.309941520467836,NA,"844260778497373454"
"844260803247961401","C20H15N3O4","[M + H]+",7,0.0120237188762968,64.8022328121981,1.00581182513398,63.7964209870641,"29","KRROWEKGYCWUAM","CN1C2=CC=CC=C2C(=O)C(=C3C(=CC4=CC=CC=C4O)C(=O)NN3)C1=O","(3Z)-3-[(4Z)-4-[(2-hydroxyphenyl)methylidene]-5-oxopyrazolidin-3-ylidene]-1-methylquinoline-2,4-dione",2.2,11,-421.971281952422,0.247058823529412,NA,"844260778497373454"
"844260803247961401","C20H15N3O4","[M + H]+",7,0.0120237188762968,64.8022328121981,1.00581182513398,63.7964209870641,"29","BNMWBRJGVFOWDK","CC(=O)NC1=NC(=NC2=C1C(=O)OC3=CC=CC=C32)C4=CC=C(C=C4)OC","N-[2-(4-methoxyphenyl)-5-oxo-5H-chromeno[4,3-d]pyrimidin-4-yl]acetamide",3,12,-428.102101962446,0.301075268817204,NA,"844260778497373454"
"844260803247961401","C20H15N3O4","[M + H]+",7,0.0120237188762968,64.8022328121981,1.00581182513398,63.7964209870641,"29","RZZUAVPTAVWZIS","CN1C2=CC=CC=C2C(=O)C(=C3C(=CC4=CC(=CC=C4)O)C(=O)NN3)C1=O","(3Z)-3-[(4Z)-4-[(3-hydroxyphenyl)methylidene]-5-oxopyrazolidin-3-ylidene]-1-methylquinoline-2,4-dione",2.2,13,-429.344434037369,0.252941176470588,NA,"844260778497373454"
"844260803247961401","C20H15N3O4","[M + H]+",7,0.0120237188762968,64.8022328121981,1.00581182513398,63.7964209870641,"29","YPFGTXACUAVDOJ","CN1C2=NC3=C4C=CC(=O)C=C4OC3=C(C2=CN1)C5=CC(=C(C=C5)O)OC","4-(4-hydroxy-3-methoxyphenyl)-1-methyl-1H-benzofuro[3,2-b]pyrazolo[4,3-e]pyridin-7-ol",0.8,14,-432.434238823882,0.336787564766839,NA,"844260778497373454"
"844260803247961401","C20H15N3O4","[M + H]+",7,0.0120237188762968,64.8022328121981,1.00581182513398,63.7964209870641,"29","QGKXNGVWALRPSW","CN1C2=CC=CC=C2C(=O)C(=C3C(=CC4=CC=C(C=C4)O)C(=O)NN3)C1=O","(3Z)-3-[(4Z)-4-[(4-hydroxyphenyl)methylidene]-5-oxopyrazolidin-3-ylidene]-1-methylquinoline-2,4-dione",2.2,15,-435.512455825101,0.248554913294798,NA,"844260778497373454"
"844260803247961402","C13H18F2N5O3P","[M + H]+",8,0.0028503831019445,63.3628049472173,1.59108492311223,61.771720024105,"29",NA,NA,NA,NA,NA,NA,NA,NA,"844260778497373454"
"844260803247961403","C17H16FN3O5","[M + H]+",9,0.00263351146061616,63.2836696520247,2.33180893493023,60.9518607170945,"29",NA,NA,NA,NA,NA,NA,NA,NA,"844260778497373454"
"844260803247961404","C12H22F2NO7P","[M + H]+",10,0.000300301926743131,61.1123846522832,0.519710385078817,60.5926742672044,"29",NA,NA,NA,NA,NA,NA,NA,NA,"844260778497373454"
"844260874760844875","C17H19N3O4S","[M + H]+",1,0.5657686213478,61.2504754237615,0,61.2504754237615,"30","IXEQEYRTSRFZEO","CC1=CN=C(C(=C1OC)C)CS(=O)(=O)C2=NC3=C(N2)C=C(C=C3)OC","Omeprazole-d3 Sulfone",2.7485034,1,-17.3637175859285,0.94488188976378,0,"844260778501567759"
"844260874760844875","C17H19N3O4S","[M + H]+",1,0.5657686213478,61.2504754237615,0,61.2504754237615,"30","QZVDQETYNOBUPJ","CC1=C[N+](=C(C(=C1OC)C)CS(=O)C2=NC3=C(N2)C=C(C=C3)OC)[O-]","Omeprazole-N-oxide",2.1600971,2,-23.2427431228827,0.937007874015748,Inf,"844260778501567759"
"844260874760844875","C17H19N3O4S","[M + H]+",1,0.5657686213478,61.2504754237615,0,61.2504754237615,"30","CMZHQFXXAAIBKE","CC1=C(C(=CN=C1CS(=O)C2=NC3=C(N2)C=C(C=C3)OC)CO)OC",NA,1.6791414,3,-32.9517834662578,0.909090909090909,NA,"844260778501567759"
"844260874760844875","C17H19N3O4S","[M + H]+",1,0.5657686213478,61.2504754237615,0,61.2504754237615,"30","IGVYIWUGJPECAJ","CC1=CN=C(C(=C1OC)CO)CS(=O)C2=NC3=C(N2)C=C(C=C3)OC","3-Hydroxyomeprazole",1.6791414,4,-37.0858424272532,0.895522388059702,NA,"844260778501567759"
"844260874760844875","C17H19N3O4S","[M + H]+",1,0.5657686213478,61.2504754237615,0,61.2504754237615,"30","VPFSKKMDDDYYOJ","CC1=CN=C(C(=C1OC)C)CS(=O)C2=NC3=C(N2)C=CC(=C3O)OC","5-methoxy-2-[(R)-(4-methoxy-3,5-dimethylpyridin-2-yl)methylsulfinyl]-1H-benzimidazol-4-ol",2.1978552,5,-246.046331977277,0.717241379310345,NA,"844260778501567759"
"844260874760844875","C17H19N3O4S","[M + H]+",1,0.5657686213478,61.2504754237615,0,61.2504754237615,"30","NRTYCXOOEJJVDJ","COC1=C(C=C(C=C1)NC(=O)CSC2=NC3=C(CCC3)C(=O)N2)OC","N-(3,4-dimethoxyphenyl)-2-[(4-oxo-4,5,6,7-tetrahydro-3H-cyclopenta[d]pyrimidin-2-yl)thio]acetamide",1.7,6,-346.163454683445,0.348958333333333,NA,"844260778501567759"
"844260874760844875","C17H19N3O4S","[M + H]+",1,0.5657686213478,61.2504754237615,0,61.2504754237615,"30","NJXRFXGANNWYRK","CC1=CC=C(C=C1)N(CC2=NCCN2)C3=CC(=CC=C3)OS(=O)(=O)O","[3-[N-(4,5-dihydro-1H-imidazol-2-ylmethyl)-4-methylanilino]phenyl] hydrogen sulfate",2,7,-430.429104997991,0.248520710059172,NA,"844260778501567759"
"844260874760844875","C17H19N3O4S","[M + H]+",1,0.5657686213478,61.2504754237615,0,61.2504754237615,"30","MQQOMKBMLHBDFG","CC1=NC=CC(=C1)NS(=O)(=O)C2=C(N=CC(=C2)C3=CCOCC3)OC","5-[3,6-dihydro-2H-pyran-4-yl]-2-methoxy-N-[2-methylpyridin-4-yl]pyridine-3-sulfonamide",1,8,-473.27038173558,0.323529411764706,NA,"844260778501567759"
"844260874760844875","C17H19N3O4S","[M + H]+",1,0.5657686213478,61.2504754237615,0,61.2504754237615,"30","HBLRAJANJGAMFQ","CC(C)CNC(=O)CC1=CSC(=N1)NC(=O)C2=CC3=C(C=C2)OCO3","N-(4-(2-(isobutylamino)-2-oxoethyl)thiazol-2-yl)benzo[d][1,3]dioxole-5-carboxamide",2.5,10,-573.610226062653,0.180327868852459,NA,"844260778501567759"
"844260874760844875","C17H19N3O4S","[M + H]+",1,0.5657686213478,61.2504754237615,0,61.2504754237615,"30","ILAMKVUHWSQJHY","COC(=O)C1=CC=C(C=C1)OCC2N(CCS2)C(=O)CN3C=CN=C3","Methyl 4-((3-(1H-imidazol-1-ylacetyl)-2-thiazolidinyl)methoxy)benzoate",1.7,11,-575.851857295388,0.193965517241379,NA,"844260778501567759"
"844260874760844875","C17H19N3O4S","[M + H]+",1,0.5657686213478,61.2504754237615,0,61.2504754237615,"30","JHQLDSNFXOLZMD","C1CC1C(=O)N2CC3(C2)C4CN(CCN4C(=O)O3)C(=O)C5=CC=CS5","1'-(Cyclopropanecarbonyl)-7-(thiophene-2-carbonyl)spiro[5,6,8,8a-tetrahydro-[1,3]oxazolo[3,4-a]pyrazine-1,3'-azetidine]-3-one",0.5,12,-583.234011570612,0.128318584070796,NA,"844260778501567759"
"844260874760844875","C17H19N3O4S","[M + H]+",1,0.5657686213478,61.2504754237615,0,61.2504754237615,"30","FPMHRRFSGYKNIU","COC1=CC=C(C=C1)CN2CC3C(C2)OC4=C(C=CC=N4)S(=O)(=O)N3","5-[(4-methoxyphenyl)methyl]-2-oxa-9λ⁶-thia-5,8,14-triazatricyclo[8.4.0.0³,⁷]tetradeca-1(10),11,13-triene-9,9-dione",1.3,14,-601.118596140635,0.272727272727273,NA,"844260778501567759"
"844260874760844875","C17H19N3O4S","[M + H]+",1,0.5657686213478,61.2504754237615,0,61.2504754237615,"30","NVAYQDCPVGCOHV","C1CC(N(S(=O)(=O)C1)CC2=CC=C(C=C2)C3=CC=NC=C3)C(=O)NO","(3S)-N-hydroxy-1,1-dioxo-2-[(4-pyridin-4-ylphenyl)methyl]thiazinane-3-carboxamide",0.9,15,-609.066005252391,0.203619909502262,NA,"844260778501567759"
"844260874760844875","C17H19N3O4S","[M + H]+",1,0.5657686213478,61.2504754237615,0,61.2504754237615,"30","FZECHKJQHUVANE","CC1(C(N2C(S1)C(C2=O)NC(=O)C(C3=CC=CC=C3)N=C)C(=O)O)C","6-{[1-hydroxy-2-(methylideneamino)-2-phenylethylidene]amino}-3,3-dimethyl-7-oxo-4-thia-1-azabicyclo[3.2.0]heptane-2-carboxylic acid",1.2664139,16,-657.749574383624,0.112359550561798,NA,"844260778501567759"
"844260874760844875","C17H19N3O4S","[M + H]+",1,0.5657686213478,61.2504754237615,0,61.2504754237615,"30","IVXQTEPGJVXVMS","CCOC1=CC=C(C=C1)NC(=S)NN=C(C)C2=C(C(=C(C=C2)O)O)O","1-(4-ethoxyphenyl)-3-[(E)-1-(2,3,4-trihydroxyphenyl)ethylideneamino]thiourea",2.7,17,-703.502972622595,0.20873786407767,NA,"844260778501567759"
"844260874760844876","C14H20FN3O5S","[M + H]+",2,0.375514461185856,60.8405872076194,0,60.8405872076194,"30","GGHVBHNNEHVTBO","C1=CC(=CC=C1CNNC(=S)NC2C(C(C(C(O2)CO)O)O)O)F","1-[(4-fluorophenyl)methylamino]-3-[(2R,3R,4S,5S,6R)-3,4,5-trihydroxy-6-(hydroxymethyl)oxan-2-yl]thiourea",-0.8,13,-600.236177205532,0.184684684684685,NA,"844260778501567759"
"844260874760844877","C15H13F2N7O2","[M + H]+",3,0.0253209454503775,58.1439221619847,3.33495451053951,54.8089676514452,"30",NA,NA,NA,NA,NA,NA,NA,NA,"844260778501567759"
"844260874760844878","C14H23N3O4S2","[M + H]+",4,0.0163333538088006,57.7054994883853,0,57.7054994883853,"30","CJXSUHSPEFHOKZ","CN1CCN(CC1)CC2C(C(CO2)NS(=O)(=O)C3=CSC=C3)O","N-{4-hydroxy-5-[(4-methylpiperazin-1-yl)methyl]oxolan-3-yl}thiophene-3-sulfonamide",-0.4,9,-554.776744688996,0.223255813953488,NA,"844260778501567759"
"844260874760844879","C16H24ClNO4S","[M + H]+",5,0.0108287330811345,57.2944932971621,0,57.2944932971621,"30",NA,NA,NA,NA,NA,NA,NA,NA,"844260778501567759"
"844260874760844880","C14H22ClN4O3S","[M + H]+",6,0.00600504441628332,56.7048900773983,0,56.7048900773983,"30",NA,NA,NA,NA,NA,NA,NA,NA,"844260778501567759"
"844260874760844881","C12H14F3N7O3","[M + H]+",7,0.000131309626874347,52.8820930446652,2.09481028270036,50.7872827619648,"30",NA,NA,NA,NA,NA,NA,NA,NA,"844260778501567759"
"844260874760844882","C13H20BClN2O7","[M + H]+",8,2.84167814927462e-05,51.3515148146492,0,51.3515148146492,"30",NA,NA,NA,NA,NA,NA,NA,NA,"844260778501567759"
"844260874760844883","C11H18F3N3O7","[M + H]+",9,2.21681844147549e-05,51.1031930728498,0.688778057050614,50.4144150157991,"30",NA,NA,NA,NA,NA,NA,NA,NA,"844260778501567759"
"844260874760844884","C14H17F2N3O6","[M + H]+",10,1.91746531651224e-05,50.9581242055827,2.36812704229656,48.5899971632862,"30",NA,NA,NA,NA,NA,NA,NA,NA,"844260778501567759"
"844260820687877537","C17H19N3O4S","[M + H]+",1,0.523086549474908,67.2587852371654,0,67.2587852371654,"31","IXEQEYRTSRFZEO","CC1=CN=C(C(=C1OC)C)CS(=O)(=O)C2=NC3=C(N2)C=C(C=C3)OC","Omeprazole-d3 Sulfone",2.7485034,1,-15.6174272663189,0.960629921259842,0,"844260778505762064"
"844260820687877537","C17H19N3O4S","[M + H]+",1,0.523086549474908,67.2587852371654,0,67.2587852371654,"31","QZVDQETYNOBUPJ","CC1=C[N+](=C(C(=C1OC)C)CS(=O)C2=NC3=C(N2)C=C(C=C3)OC)[O-]","Omeprazole-N-oxide",2.1600971,2,-19.6346494018408,0.952755905511811,Inf,"844260778505762064"
"844260820687877537","C17H19N3O4S","[M + H]+",1,0.523086549474908,67.2587852371654,0,67.2587852371654,"31","CMZHQFXXAAIBKE","CC1=C(C(=CN=C1CS(=O)C2=NC3=C(N2)C=C(C=C3)OC)CO)OC",NA,1.6791414,3,-30.1601409280284,0.924242424242424,NA,"844260778505762064"
"844260820687877537","C17H19N3O4S","[M + H]+",1,0.523086549474908,67.2587852371654,0,67.2587852371654,"31","IGVYIWUGJPECAJ","CC1=CN=C(C(=C1OC)CO)CS(=O)C2=NC3=C(N2)C=C(C=C3)OC","3-Hydroxyomeprazole",1.6791414,4,-34.8104549197078,0.91044776119403,NA,"844260778505762064"
"844260820687877537","C17H19N3O4S","[M + H]+",1,0.523086549474908,67.2587852371654,0,67.2587852371654,"31","VPFSKKMDDDYYOJ","CC1=CN=C(C(=C1OC)C)CS(=O)C2=NC3=C(N2)C=CC(=C3O)OC","5-methoxy-2-[(R)-(4-methoxy-3,5-dimethylpyridin-2-yl)methylsulfinyl]-1H-benzimidazol-4-ol",2.1978552,5,-252.321235957593,0.719178082191781,NA,"844260778505762064"
"844260820687877537","C17H19N3O4S","[M + H]+",1,0.523086549474908,67.2587852371654,0,67.2587852371654,"31","NRTYCXOOEJJVDJ","COC1=C(C=C(C=C1)NC(=O)CSC2=NC3=C(CCC3)C(=O)N2)OC","N-(3,4-dimethoxyphenyl)-2-[(4-oxo-4,5,6,7-tetrahydro-3H-cyclopenta[d]pyrimidin-2-yl)thio]acetamide",1.7,6,-380.333051587452,0.359375,NA,"844260778505762064"
"844260820687877537","C17H19N3O4S","[M + H]+",1,0.523086549474908,67.2587852371654,0,67.2587852371654,"31","NJXRFXGANNWYRK","CC1=CC=C(C=C1)N(CC2=NCCN2)C3=CC(=CC=C3)OS(=O)(=O)O","[3-[N-(4,5-dihydro-1H-imidazol-2-ylmethyl)-4-methylanilino]phenyl] hydrogen sulfate",2,7,-485.773273670905,0.245614035087719,NA,"844260778505762064"
"844260820687877537","C17H19N3O4S","[M + H]+",1,0.523086549474908,67.2587852371654,0,67.2587852371654,"31","MQQOMKBMLHBDFG","CC1=NC=CC(=C1)NS(=O)(=O)C2=C(N=CC(=C2)C3=CCOCC3)OC","5-[3,6-dihydro-2H-pyran-4-yl]-2-methoxy-N-[2-methylpyridin-4-yl]pyridine-3-sulfonamide",1,8,-512.851758821947,0.319767441860465,NA,"844260778505762064"
"844260820687877537","C17H19N3O4S","[M + H]+",1,0.523086549474908,67.2587852371654,0,67.2587852371654,"31","HBLRAJANJGAMFQ","CC(C)CNC(=O)CC1=CSC(=N1)NC(=O)C2=CC3=C(C=C2)OCO3","N-(4-(2-(isobutylamino)-2-oxoethyl)thiazol-2-yl)benzo[d][1,3]dioxole-5-carboxamide",2.5,9,-569.269290675931,0.178861788617886,NA,"844260778505762064"
"844260820687877537","C17H19N3O4S","[M + H]+",1,0.523086549474908,67.2587852371654,0,67.2587852371654,"31","JHQLDSNFXOLZMD","C1CC1C(=O)N2CC3(C2)C4CN(CCN4C(=O)O3)C(=O)C5=CC=CS5","1'-(Cyclopropanecarbonyl)-7-(thiophene-2-carbonyl)spiro[5,6,8,8a-tetrahydro-[1,3]oxazolo[3,4-a]pyrazine-1,3'-azetidine]-3-one",0.5,10,-580.846890710232,0.12719298245614,NA,"844260778505762064"
"844260820687877537","C17H19N3O4S","[M + H]+",1,0.523086549474908,67.2587852371654,0,67.2587852371654,"31","ILAMKVUHWSQJHY","COC(=O)C1=CC=C(C=C1)OCC2N(CCS2)C(=O)CN3C=CN=C3","Methyl 4-((3-(1H-imidazol-1-ylacetyl)-2-thiazolidinyl)methoxy)benzoate",1.7,11,-592.528366418622,0.192307692307692,NA,"844260778505762064"
"844260820687877537","C17H19N3O4S","[M + H]+",1,0.523086549474908,67.2587852371654,0,67.2587852371654,"31","NVAYQDCPVGCOHV","C1CC(N(S(=O)(=O)C1)CC2=CC=C(C=C2)C3=CC=NC=C3)C(=O)NO","(3S)-N-hydroxy-1,1-dioxo-2-[(4-pyridin-4-ylphenyl)methyl]thiazinane-3-carboxamide",0.9,13,-618.084252497991,0.201793721973094,NA,"844260778505762064"
"844260820687877537","C17H19N3O4S","[M + H]+",1,0.523086549474908,67.2587852371654,0,67.2587852371654,"31","FPMHRRFSGYKNIU","COC1=CC=C(C=C1)CN2CC3C(C2)OC4=C(C=CC=N4)S(=O)(=O)N3","5-[(4-methoxyphenyl)methyl]-2-oxa-9λ⁶-thia-5,8,14-triazatricyclo[8.4.0.0³,⁷]tetradeca-1(10),11,13-triene-9,9-dione",1.3,14,-632.383618207698,0.281385281385281,NA,"844260778505762064"
"844260820687877537","C17H19N3O4S","[M + H]+",1,0.523086549474908,67.2587852371654,0,67.2587852371654,"31","FZECHKJQHUVANE","CC1(C(N2C(S1)C(C2=O)NC(=O)C(C3=CC=CC=C3)N=C)C(=O)O)C","6-{[1-hydroxy-2-(methylideneamino)-2-phenylethylidene]amino}-3,3-dimethyl-7-oxo-4-thia-1-azabicyclo[3.2.0]heptane-2-carboxylic acid",1.2664139,15,-635.819966628836,0.111524163568773,NA,"844260778505762064"
"844260820687877537","C17H19N3O4S","[M + H]+",1,0.523086549474908,67.2587852371654,0,67.2587852371654,"31","IVXQTEPGJVXVMS","CCOC1=CC=C(C=C1)NC(=S)NN=C(C)C2=C(C(=C(C=C2)O)O)O","1-(4-ethoxyphenyl)-3-[(E)-1-(2,3,4-trihydroxyphenyl)ethylideneamino]thiourea",2.7,17,-708.442138921815,0.206730769230769,NA,"844260778505762064"
"844260820687877538","C14H20FN3O5S","[M + H]+",2,0.420152773881941,67.0396566926995,0,67.0396566926995,"31","GGHVBHNNEHVTBO","C1=CC(=CC=C1CNNC(=S)NC2C(C(C(C(O2)CO)O)O)O)F","1-[(4-fluorophenyl)methylamino]-3-[(2R,3R,4S,5S,6R)-3,4,5-trihydroxy-6-(hydroxymethyl)oxan-2-yl]thiourea",-0.8,16,-684.574738318334,0.171806167400881,NA,"844260778505762064"
"844260820687877539","C14H23N3O4S2","[M + H]+",3,0.0305698085649454,64.4190511739203,0,64.4190511739203,"31","CJXSUHSPEFHOKZ","CN1CCN(CC1)CC2C(C(CO2)NS(=O)(=O)C3=CSC=C3)O","N-{4-hydroxy-5-[(4-methylpiperazin-1-yl)methyl]oxolan-3-yl}thiophene-3-sulfonamide",-0.4,12,-593.550638960086,0.205240174672489,NA,"844260778505762064"
"844260820687877540","C16H24ClNO4S","[M + H]+",4,0.0252815178270394,64.229111908327,0,64.229111908327,"31",NA,NA,NA,NA,NA,NA,NA,NA,"844260778505762064"
"844260820687877541","C15H13F2N7O2","[M + H]+",5,0.000540554222676914,60.3838779727658,3.14184933554271,57.2420286372231,"31",NA,NA,NA,NA,NA,NA,NA,NA,"844260778505762064"
"844260820687877542","C12H14F3N7O3","[M + H]+",6,0.000172681448009098,59.2427315773997,2.76596145080553,56.4767701265941,"31",NA,NA,NA,NA,NA,NA,NA,NA,"844260778505762064"
"844260820687877543","C14H22ClN4O3S","[M + H]+",7,8.8005002714063e-05,58.5686766831278,0,58.5686766831278,"31",NA,NA,NA,NA,NA,NA,NA,NA,"844260778505762064"
"844260820687877544","C11H18F3N3O7","[M + H]+",8,4.75342593026404e-05,57.9527337207845,1.7664294445678,56.1863042762167,"31",NA,NA,NA,NA,NA,NA,NA,NA,"844260778505762064"
"844260820687877545","C9H15N9O7","[M + H]+",9,2.3800815376574e-05,57.2610028608525,0.871166527521591,56.3898363333309,"31",NA,NA,NA,NA,NA,NA,NA,NA,"844260778505762064"
"844260820687877546","C14H17F2N3O6","[M + H]+",10,1.97685427612454e-05,57.0753749461097,2.76462808810548,54.3107468580042,"31",NA,NA,NA,NA,NA,NA,NA,NA,"844260778505762064"
"844260824928318891","C15H13F2N7O2","[M + H]+",1,0.980183773518627,54.0070808857656,3.42932400745705,50.5777568783086,"32","FOZXIPLAGUNHIE","CN1C(=C(C=N1)C2=NC(=NC=C2F)OC)C(=O)NC3=CC(=NC=C3F)N","N-(2-amino-5-fluoropyridin-4-yl)-4-(5-fluoro-2-methoxypyrimidin-4-yl)-2-methylpyrazole-3-carboxamide",0.4,1,-194.517111100927,0.554545454545455,0,"844260778509956369"
"844260824928318891","C15H13F2N7O2","[M + H]+",1,0.980183773518627,54.0070808857656,3.42932400745705,50.5777568783086,"32","PIKDWSFQRYHGPE","C1=CC(=C(C=C1F)F)NC(=O)NCCN2C(=O)C=CC(=N2)N3C=NC=N3","1-(2,4-difluorophenyl)-3-(2-(6-oxo-3-(1H-1,2,4-triazol-1-yl)pyridazin-1(6H)-yl)ethyl)urea",0.5,2,-223.028022580517,0.459677419354839,Inf,"844260778509956369"
"844260824928318891","C15H13F2N7O2","[M + H]+",1,0.980183773518627,54.0070808857656,3.42932400745705,50.5777568783086,"32","KMTLMRMWJDBVTB","C1=CC(=C(C=C1F)NC(=O)NCCN2C(=O)C=CC(=N2)N3C=NC=N3)F","1-(2,5-difluorophenyl)-3-(2-(6-oxo-3-(1H-1,2,4-triazol-1-yl)pyridazin-1(6H)-yl)ethyl)urea",0.5,3,-225.402673876837,0.459016393442623,NA,"844260778509956369"
"844260824928318891","C15H13F2N7O2","[M + H]+",1,0.980183773518627,54.0070808857656,3.42932400745705,50.5777568783086,"32","PQAMDKDZSSHTAQ","C1=CC(=C(C=C1NC(=O)NCCN2C(=O)C=CC(=N2)N3C=NC=N3)F)F","1-(3,4-difluorophenyl)-3-(2-(6-oxo-3-(1H-1,2,4-triazol-1-yl)pyridazin-1(6H)-yl)ethyl)urea",0.5,4,-230.45393017229,0.433070866141732,NA,"844260778509956369"
"844260824928318891","C15H13F2N7O2","[M + H]+",1,0.980183773518627,54.0070808857656,3.42932400745705,50.5777568783086,"32","JINYNPTZFYTAAE","CNC1=CC2=NC3=C(C=NN13)C(=O)NCCOC4=C(C=C(C(=N4)N2)F)F",NA,1.3,6,-237.731224467183,0.443609022556391,NA,"844260778509956369"
"844260824928318891","C15H13F2N7O2","[M + H]+",1,0.980183773518627,54.0070808857656,3.42932400745705,50.5777568783086,"32","JOXSMAKUPLSCFK","CNC1=CC2=NC3=C(C=NN13)C(=O)NCCOC4=C(C(=CC(=N4)N2)F)F",NA,1.3,7,-238.291615707782,0.446969696969697,NA,"844260778509956369"
"844260824928318891","C15H13F2N7O2","[M + H]+",1,0.980183773518627,54.0070808857656,3.42932400745705,50.5777568783086,"32","DOKYXQUHEBRWHL","CNC1=CC2=NC3=C(C=NN13)C(=O)NCCOC4=NC(=C(C(=C4)F)F)N2",NA,1.3,8,-238.319559106492,0.443609022556391,NA,"844260778509956369"
"844260824928318891","C15H13F2N7O2","[M + H]+",1,0.980183773518627,54.0070808857656,3.42932400745705,50.5777568783086,"32","MCSNHWJKNRXSFD","CC(C1=NC=NN1C2=NC=CC=N2)NC(=O)C3=CC(=CN=C3)OC(F)F","5-(difluoromethoxy)-N-[1-(2-pyrimidin-2-yl-1,2,4-triazol-3-yl)ethyl]pyridine-3-carboxamide",1.3,9,-244.65193899704,0.416,NA,"844260778509956369"
"844260824928318891","C15H13F2N7O2","[M + H]+",1,0.980183773518627,54.0070808857656,3.42932400745705,50.5777568783086,"32","RGLWMSKFLHMTMK","C1=CC(=C(N=C1)OC2=C(C=C(C=C2)F)F)CNC(=O)CN3C(=NN=N3)N","2-(5-amino-1H-tetrazol-1-yl)-N-{[2-(2,4-difluorophenoxy)pyridin-3-yl]methyl}acetamide",1.2,10,-260.527813517762,0.421052631578947,NA,"844260778509956369"
"844260824928318891","C15H13F2N7O2","[M + H]+",1,0.980183773518627,54.0070808857656,3.42932400745705,50.5777568783086,"32","OGXZJNBJBKZZGO","CC1=NON=C1CN2C3=C(C(=O)NC(=N3)C(C4=CC=CC=C4)(F)F)NN2","5-[difluoro(phenyl)methyl]-3-[(4-methyl-1,2,5-oxadiazol-3-yl)methyl]-2,6-dihydro-1H-triazolo[4,5-d]pyrimidin-7-one",2.6,11,-270.281275121369,0.416666666666667,NA,"844260778509956369"
"844260824928318891","C15H13F2N7O2","[M + H]+",1,0.980183773518627,54.0070808857656,3.42932400745705,50.5777568783086,"32","OIALPWCJCSMRGK","C1C2(CC1(F)F)CN(C2)C(=O)C3=CN(N=N3)C4=NN5C=CC=C5C(=O)N4","2-[4-(6,6-difluoro-2-azaspiro[3.3]heptane-2-carbonyl)triazol-1-yl]-3H-pyrrolo[2,1-f][1,2,4]triazin-4-one",0.9,15,-295.212634506487,0.41044776119403,NA,"844260778509956369"
"844260824928318891","C15H13F2N7O2","[M + H]+",1,0.980183773518627,54.0070808857656,3.42932400745705,50.5777568783086,"32","ZKLPXXGDZRZHGE","C1CC12CN(CC2(F)F)C3=CC(=NN4C3=NC=N4)C5=CNC(=O)NC5=O","5-[8-(7,7-difluoro-5-azaspiro[2.4]heptan-5-yl)-[1,2,4]triazolo[1,5-b]pyridazin-6-yl]-1H-pyrimidine-2,4-dione",0.3,76,-343.73754431057,0.38255033557047,NA,"844260778509956369"
"844260824928318891","C15H13F2N7O2","[M + H]+",1,0.980183773518627,54.0070808857656,3.42932400745705,50.5777568783086,"32","JMTPBJUZPYHNEA","C1CC12CN(CC2(F)F)C3=CC(=NN4C3=NN=C4)C5=CNC(=O)NC5=O","5-[8-(7,7-difluoro-5-azaspiro[2.4]heptan-5-yl)-[1,2,4]triazolo[4,3-b]pyridazin-6-yl]-1H-pyrimidine-2,4-dione",-0.3,81,-344.970691161746,0.38,NA,"844260778509956369"
"844260824928318891","C15H13F2N7O2","[M + H]+",1,0.980183773518627,54.0070808857656,3.42932400745705,50.5777568783086,"32","IPONHXGOODDWMS","C1CC12CN(CC2(F)F)C3=CC(=NC4=NC=NN34)C5=CNC(=O)NC5=O","5-[7-(7,7-difluoro-5-azaspiro[2.4]heptan-5-yl)-[1,2,4]triazolo[1,5-a]pyrimidin-5-yl]-1H-pyrimidine-2,4-dione",0.4,122,-362.059153073078,0.358974358974359,NA,"844260778509956369"
"844260824928318891","C15H13F2N7O2","[M + H]+",1,0.980183773518627,54.0070808857656,3.42932400745705,50.5777568783086,"32","XCRZLFRHRAYWPB","CN1N=C(N=N1)C(=O)NC2CCC3=C2C=CC(=C3)C4=NOC(=N4)C(F)F","N-[5-[5-(difluoromethyl)-1,2,4-oxadiazol-3-yl]-2,3-dihydro-1H-inden-1-yl]-2-methyltetrazole-5-carboxamide",2.2,169,-382.961143712179,0.303225806451613,NA,"844260778509956369"
"844260824928318892","C19H17F2NO4","[M + H]+",2,0.00542658504261326,48.8106508381885,2.16735304997865,46.6432977882098,"32","ZPZYDSVTDVAGES","COC1=CC=C(C=C1)C(C(=O)O)NC(=O)C2CC2C3=C(C=C(C=C3)F)F","2-[[2-(2,4-Difluorophenyl)cyclopropanecarbonyl]amino]-2-(4-methoxyphenyl)acetic acid",2.9,17,-299.341367388207,0.306666666666667,NA,"844260778509956369"
"844260824928318892","C19H17F2NO4","[M + H]+",2,0.00542658504261326,48.8106508381885,2.16735304997865,46.6432977882098,"32","OCIRWFVZYGWHTE","CC1=C(C=CC(=C1)OCC(=O)O)NC(=O)C2CC2C3=C(C=C(C=C3)F)F","2-[4-[[2-(2,4-Difluorophenyl)cyclopropanecarbonyl]amino]-3-methylphenoxy]acetic acid",3.1,18,-300.053001740121,0.392307692307692,NA,"844260778509956369"
"844260824928318892","C19H17F2NO4","[M + H]+",2,0.00542658504261326,48.8106508381885,2.16735304997865,46.6432977882098,"32","RUZDHNZHTBHSPL","COC1=CC=C(C=C1)C(C(=O)O)NC(=O)C2CC2C3=CC(=C(C=C3)F)F","2-[[2-(3,4-Difluorophenyl)cyclopropanecarbonyl]amino]-2-(4-methoxyphenyl)acetic acid",2.9,19,-300.18155139506,0.285714285714286,NA,"844260778509956369"
"844260824928318892","C19H17F2NO4","[M + H]+",2,0.00542658504261326,48.8106508381885,2.16735304997865,46.6432977882098,"32","QQTDRJHNDAGRNL","CC1=C(C=CC(=C1)OCC(=O)O)NC(=O)C2CC2C3=CC(=C(C=C3)F)F","2-[4-[[2-(3,4-Difluorophenyl)cyclopropanecarbonyl]amino]-3-methylphenoxy]acetic acid",3.1,20,-300.619835231364,0.365671641791045,NA,"844260778509956369"
"844260824928318892","C19H17F2NO4","[M + H]+",2,0.00542658504261326,48.8106508381885,2.16735304997865,46.6432977882098,"32","OQNAPFSUZZLKIL","CC1=CC=C(C=C1)C=CC(=O)OCC(=O)NC2=CC=C(C=C2)OC(F)F","[2-[4-(difluoromethoxy)anilino]-2-oxoethyl] (E)-3-(4-methylphenyl)prop-2-enoate",4.4,21,-302.988501873858,0.369747899159664,NA,"844260778509956369"
"844260824928318892","C19H17F2NO4","[M + H]+",2,0.00542658504261326,48.8106508381885,2.16735304997865,46.6432977882098,"32","KDABXUDXVNRRDF","CC1=C(C=CC(=C1)OCC(=O)O)NC(=O)C2CC2C3=C(C=CC=C3F)F","2-[4-[[2-(2,6-Difluorophenyl)cyclopropanecarbonyl]amino]-3-methylphenoxy]acetic acid",3.1,22,-303.544038382218,0.409836065573771,NA,"844260778509956369"
"844260824928318892","C19H17F2NO4","[M + H]+",2,0.00542658504261326,48.8106508381885,2.16735304997865,46.6432977882098,"32","SIGSTKJXPZSXHA","CN(C1=CC=C(C=C1)OCC(=O)O)C(=O)C2CC2C3=C(C=C(C=C3)F)F","2-[4-[[2-(2,4-Difluorophenyl)cyclopropanecarbonyl]-methylamino]phenoxy]acetic acid",2.9,25,-306.907283618942,0.360294117647059,NA,"844260778509956369"
"844260824928318892","C19H17F2NO4","[M + H]+",2,0.00542658504261326,48.8106508381885,2.16735304997865,46.6432977882098,"32","KPRPSUYXSIJZEK","COCC1=CC(=CC(=C1)NC(=O)C2CC2C3=CC(=C(C=C3)F)F)C(=O)O","3-[[2-(3,4-Difluorophenyl)cyclopropanecarbonyl]amino]-5-(methoxymethyl)benzoic acid",2.3,29,-308.750107472997,0.336,NA,"844260778509956369"
"844260824928318892","C19H17F2NO4","[M + H]+",2,0.00542658504261326,48.8106508381885,2.16735304997865,46.6432977882098,"32","MTDIBLNWWGILQU","COC1=C(C=C(C=C1)C(C(=O)O)NC(=O)C2CC2C3=CC=C(C=C3)F)F","2-(3-Fluoro-4-methoxyphenyl)-2-[[2-(4-fluorophenyl)cyclopropanecarbonyl]amino]acetic acid",2.9,30,-309.366026643518,0.298013245033113,NA,"844260778509956369"
"844260824928318892","C19H17F2NO4","[M + H]+",2,0.00542658504261326,48.8106508381885,2.16735304997865,46.6432977882098,"32","BKNVSEZQEVDCKS","COCC1=CC(=CC(=C1)NC(=O)C2CC2C3=C(C=C(C=C3)F)F)C(=O)O","3-[[2-(2,4-Difluorophenyl)cyclopropanecarbonyl]amino]-5-(methoxymethyl)benzoic acid",2.3,31,-309.463141103559,0.360655737704918,NA,"844260778509956369"
"844260824928318892","C19H17F2NO4","[M + H]+",2,0.00542658504261326,48.8106508381885,2.16735304997865,46.6432977882098,"32","AIAYTWDAHJNQLH","CC1=CC=C(C=C1)NC(=O)COC(=O)C=CC2=CC=C(C=C2)OC(F)F","[2-(4-methylanilino)-2-oxoethyl] (E)-3-[4-(difluoromethoxy)phenyl]prop-2-enoate",4.4,32,-311.116372063524,0.341085271317829,NA,"844260778509956369"
"844260824928318892","C19H17F2NO4","[M + H]+",2,0.00542658504261326,48.8106508381885,2.16735304997865,46.6432977882098,"32","SEXAMOMPSDSTFZ","CC1=C(C=CC(=C1)OCC(=O)O)NC(=O)C2CC2C3=C(C=CC(=C3)F)F","2-[4-[[2-(2,5-Difluorophenyl)cyclopropanecarbonyl]amino]-3-methylphenoxy]acetic acid",3.1,33,-311.720640070169,0.396825396825397,NA,"844260778509956369"
"844260824928318892","C19H17F2NO4","[M + H]+",2,0.00542658504261326,48.8106508381885,2.16735304997865,46.6432977882098,"32","FOSKDASGVDQHNX","CC1=CC(=CC=C1)NC(=O)COC(=O)C=CC2=CC=C(C=C2)OC(F)F","[2-(3-methylanilino)-2-oxoethyl] (E)-3-[4-(difluoromethoxy)phenyl]prop-2-enoate",4.4,34,-311.850912295485,0.338461538461538,NA,"844260778509956369"
"844260824928318892","C19H17F2NO4","[M + H]+",2,0.00542658504261326,48.8106508381885,2.16735304997865,46.6432977882098,"32","WLYCAMUCDZTATH","CCOC1=CC=C(C=C1)C=CC(=O)OCC(=O)NC2=C(C=CC=C2F)F","[2-(2,6-Difluoroanilino)-2-oxoethyl] 3-(4-ethoxyphenyl)prop-2-enoate",3.6,35,-312.103956327437,0.376,NA,"844260778509956369"
"844260824928318892","C19H17F2NO4","[M + H]+",2,0.00542658504261326,48.8106508381885,2.16735304997865,46.6432977882098,"32","KJVSJEYODQFWIT","COCC1=CC(=CC(=C1)NC(=O)C2CC2C3=C(C=CC=C3F)F)C(=O)O","3-[[2-(2,6-Difluorophenyl)cyclopropanecarbonyl]amino]-5-(methoxymethyl)benzoic acid",2.3,36,-312.275467398666,0.368421052631579,NA,"844260778509956369"
"844260824928318893","C14H17F2N3O6","[M + H]+",3,0.0039215332223375,48.4858235131618,2.350682160406,46.1351413527558,"32","DCCUFNSJKULQNP","CC(C)(C)OC(=O)NC(CNC1=CC(=C(C=C1F)[N+](=O)[O-])F)C(=O)O","(2S)-3-(2,5-difluoro-4-nitroanilino)-2-[(2-methylpropan-2-yl)oxycarbonylamino]propanoic acid",2.8,27,-307.738257122493,0.280487804878049,NA,"844260778509956369"
"844260824928318893","C14H17F2N3O6","[M + H]+",3,0.0039215332223375,48.4858235131618,2.350682160406,46.1351413527558,"32","WXVJJJQBBQNPFF","CC(C)(C)OC(=O)NC(CNC1=CC(=C(C=C1[N+](=O)[O-])F)F)C(=O)O","3-(4,5-Difluoro-2-nitroanilino)-2-[(2-methylpropan-2-yl)oxycarbonylamino]propanoic acid",2.8,28,-308.232115062201,0.287425149700599,NA,"844260778509956369"
"844260824928318893","C14H17F2N3O6","[M + H]+",3,0.0039215332223375,48.4858235131618,2.350682160406,46.1351413527558,"32","NYNAAGTVQZRHQO","CCCCOC(=O)OCC1=C(C(C(O1)N2C=CC(=NC2=O)N)(F)F)O","[(2R)-2-(4-amino-2-oxopyrimidin-1-yl)-3,3-difluoro-4-hydroxy-2H-furan-5-yl]methyl butyl carbonate",0.5,79,-343.975866299241,0.269461077844311,NA,"844260778509956369"
"844260824928318893","C14H17F2N3O6","[M + H]+",3,0.0039215332223375,48.4858235131618,2.350682160406,46.1351413527558,"32","HLPCOTYSWJFYDT","CC(C)(CCC(=O)O)NC(=O)NC1=C(C=CC(=C1)[N+](=O)[O-])OC(F)F","4-[[2-(Difluoromethoxy)-5-nitrophenyl]carbamoylamino]-4-methylpentanoic acid",2.1,189,-386.486993335955,0.298245614035088,NA,"844260778509956369"
"844260824928318893","C14H17F2N3O6","[M + H]+",3,0.0039215332223375,48.4858235131618,2.350682160406,46.1351413527558,"32","YNLFTOUVPKSGBP","CCCNC(=O)CNC(=O)C1=CC(=C(C=C1[N+](=O)[O-])OC(F)F)OC","4-(difluoromethoxy)-5-methoxy-2-nitro-N-[2-oxo-2-(propylamino)ethyl]benzamide",2.2,252,-407.45134186101,0.290322580645161,NA,"844260778509956369"
"844260824928318893","C14H17F2N3O6","[M + H]+",3,0.0039215332223375,48.4858235131618,2.350682160406,46.1351413527558,"32","SAPQPOWNBCHXIV","CCNC(=O)CN(C)C(=O)C1=CC(=C(C=C1[N+](=O)[O-])OC(F)F)OC","4-(difluoromethoxy)-N-[2-(ethylamino)-2-oxoethyl]-5-methoxy-N-methyl-2-nitrobenzamide",1.8,316,-425.099728485143,0.295081967213115,NA,"844260778509956369"
"844260824928318893","C14H17F2N3O6","[M + H]+",3,0.0039215332223375,48.4858235131618,2.350682160406,46.1351413527558,"32","YMYJOCWHWAYWTB","CCNC(=O)C(C)NC(=O)C1=CC(=C(C=C1[N+](=O)[O-])OC(F)F)OC","4-(difluoromethoxy)-N-[1-(ethylamino)-1-oxopropan-2-yl]-5-methoxy-2-nitrobenzamide",2,340,-431.803322497422,0.273684210526316,NA,"844260778509956369"
"844260824928318893","C14H17F2N3O6","[M + H]+",3,0.0039215332223375,48.4858235131618,2.350682160406,46.1351413527558,"32","OZGOYTYDOKZRNL","COC1=C(C=C(C(=C1)C(=O)NCC2CNCC2O)[N+](=O)[O-])OC(F)F","4-(difluoromethoxy)-N-[(4-hydroxypyrrolidin-3-yl)methyl]-5-methoxy-2-nitrobenzamide",1.5,401,-451.028337267944,0.297435897435897,NA,"844260778509956369"
"844260824928318893","C14H17F2N3O6","[M + H]+",3,0.0039215332223375,48.4858235131618,2.350682160406,46.1351413527558,"32","DPZIFPKPVOPRBQ","CC(C1C(C(C(O1)N2C=CC(=NC2=O)N)(F)F)OC(=O)C)OC(=O)C","[(2R,3R,5R)-2-[(1S)-1-acetyloxyethyl]-5-(4-amino-2-oxopyrimidin-1-yl)-4,4-difluorooxolan-3-yl] acetate",-0.3,430,-463.687895418784,0.222222222222222,NA,"844260778509956369"
"844260824928318893","C14H17F2N3O6","[M + H]+",3,0.0039215332223375,48.4858235131618,2.350682160406,46.1351413527558,"32","HSDNLXGJTHTADB","C1=CN(C(=O)N=C1N)C2C(C(C(O2)COC(=O)CCCC=O)O)(F)F","[(2R,3R,5R)-5-(4-amino-2-oxopyrimidin-1-yl)-4,4-difluoro-3-hydroxyoxolan-2-yl]methyl 5-oxopentanoate",-1.6,528,-518.598999614487,0.226415094339623,NA,"844260778509956369"
"844260824928318893","C14H17F2N3O6","[M + H]+",3,0.0039215332223375,48.4858235131618,2.350682160406,46.1351413527558,"32","QBYZHSLKSKNBMT","C1=CN(C(=O)N=C1N)C2C(C(C(O2)CC(=O)CCCC(=O)O)O)(F)F","6-[(2R,5R)-5-(4-amino-2-oxopyrimidin-1-yl)-4,4-difluoro-3-hydroxyoxolan-2-yl]-5-oxohexanoic acid",-1.8,547,-532.576912091163,0.213636363636364,NA,"844260778509956369"
"844260824928318893","C14H17F2N3O6","[M + H]+",3,0.0039215332223375,48.4858235131618,2.350682160406,46.1351413527558,"32","COQIKROFTRQKPD","C1=CC(=CC=C1COC(=O)NC(CCCN)(C(F)F)C(=O)O)[N+](=O)[O-]","5-Amino-2-(difluoromethyl)-2-[(4-nitrophenyl)methoxycarbonylamino]pentanoic acid",-0.9,559,-545.297185469172,0.219387755102041,NA,"844260778509956369"
"844260824928318893","C14H17F2N3O6","[M + H]+",3,0.0039215332223375,48.4858235131618,2.350682160406,46.1351413527558,"32","JTBRAGZZOUJIOM","C1=CC(=CC=C1COC(=O)NCCCC(C(F)F)(C(=O)O)N)[N+](=O)[O-]","2-Amino-2-(difluoromethyl)-5-[(4-nitrophenyl)methoxycarbonylamino]pentanoic acid",-0.9,560,-546.405228458814,0.221105527638191,NA,"844260778509956369"
"844260824928318893","C14H17F2N3O6","[M + H]+",3,0.0039215332223375,48.4858235131618,2.350682160406,46.1351413527558,"32","JQDFOYOLKOJNIP","C1CN(CCC1(F)F)C(=O)C2C(C(C(O2)N3C=CC(=O)NC3=O)O)O","1-[(2R,3R,4S,5S)-5-(4,4-difluoropiperidine-1-carbonyl)-3,4-dihydroxyoxolan-2-yl]pyrimidine-2,4-dione",-1,581,-581.964577788816,0.194092827004219,NA,"844260778509956369"
"844260824928318894","C12H14F3N7O3","[M + H]+",4,0.00380381573906229,48.4553455124605,1.9491809291781,46.5061645832824,"32","CFYZNRWKQYLEBN","CN1C(=C(C(=N1)N2CC(C2)(C3=NC=NN3C)OC)[N+](=O)[O-])C(F)(F)F","5-[3-Methoxy-1-[1-methyl-4-nitro-5-(trifluoromethyl)pyrazol-3-yl]azetidin-3-yl]-1-methyl-1,2,4-triazole",0.5,5,-237.049179225062,0.401709401709402,NA,"844260778509956369"
"844260824928318894","C12H14F3N7O3","[M + H]+",4,0.00380381573906229,48.4553455124605,1.9491809291781,46.5061645832824,"32","WSXZVUWPGPFFRD","CC1=NC(=NN1C2=NNC(=N2)C(F)(F)F)C(=O)NCC(C)(C)C(=O)O","2,2-dimethyl-3-[[5-methyl-1-[5-(trifluoromethyl)-1H-1,2,4-triazol-3-yl]-1,2,4-triazole-3-carbonyl]amino]propanoic acid",1.4,12,-274.738800127135,0.338345864661654,NA,"844260778509956369"
"844260824928318894","C12H14F3N7O3","[M + H]+",4,0.00380381573906229,48.4553455124605,1.9491809291781,46.5061645832824,"32","PHSLFFNBMPDTLL","CC1=NC(=NN1C2=NNC(=N2)C(F)(F)F)C(=O)N(C)C(C)(C)C(=O)O","2-methyl-2-[methyl-[5-methyl-1-[5-(trifluoromethyl)-1H-1,2,4-triazol-3-yl]-1,2,4-triazole-3-carbonyl]amino]propanoic acid",1.4,13,-284.611604458812,0.298507462686567,NA,"844260778509956369"
"844260824928318894","C12H14F3N7O3","[M + H]+",4,0.00380381573906229,48.4553455124605,1.9491809291781,46.5061645832824,"32","WXKDRRFOSNTCKL","CC1=NC(=NN1C2=NNC(=N2)C(F)(F)F)C(=O)N(CC(=O)O)C(C)C","2-[[5-methyl-1-[5-(trifluoromethyl)-1H-1,2,4-triazol-3-yl]-1,2,4-triazole-3-carbonyl]-propan-2-ylamino]acetic acid",1.6,14,-287.541644283208,0.311594202898551,NA,"844260778509956369"
"844260824928318894","C12H14F3N7O3","[M + H]+",4,0.00380381573906229,48.4553455124605,1.9491809291781,46.5061645832824,"32","FWQFKNAIHMGGGE","CCCN(CC(=O)O)C(=O)C1=NN(C(=N1)C)C2=NNC(=N2)C(F)(F)F","2-[[5-methyl-1-[5-(trifluoromethyl)-1H-1,2,4-triazol-3-yl]-1,2,4-triazole-3-carbonyl]-propylamino]acetic acid",1.7,16,-299.028903372108,0.299319727891156,NA,"844260778509956369"
"844260824928318894","C12H14F3N7O3","[M + H]+",4,0.00380381573906229,48.4553455124605,1.9491809291781,46.5061645832824,"32","RIVMOGGKOUBILA","C1=C(C(=O)NC(=O)N1CC(F)(F)F)CNC(=O)CCCC2=NNN=N2","N-[[2,4-dioxo-1-(2,2,2-trifluoroethyl)pyrimidin-5-yl]methyl]-4-(2H-tetrazol-5-yl)butanamide",-0.2,23,-304.628419744017,0.355072463768116,NA,"844260778509956369"
"844260824928318894","C12H14F3N7O3","[M + H]+",4,0.00380381573906229,48.4553455124605,1.9491809291781,46.5061645832824,"32","KDGIFBZCSXNMKY","CC1=NC(=NN1C2=NNC(=N2)C(F)(F)F)C(=O)NCC(C)CC(=O)O","3-methyl-4-[[5-methyl-1-[5-(trifluoromethyl)-1H-1,2,4-triazol-3-yl]-1,2,4-triazole-3-carbonyl]amino]butanoic acid",1.3,24,-305.513339634592,0.326241134751773,NA,"844260778509956369"
"844260824928318894","C12H14F3N7O3","[M + H]+",4,0.00380381573906229,48.4553455124605,1.9491809291781,46.5061645832824,"32","WLFUMOWTTXBNHH","CCC(C)(C(=O)O)NC(=O)C1=NN(C(=N1)C)C2=NNC(=N2)C(F)(F)F","2-methyl-2-[[5-methyl-1-[5-(trifluoromethyl)-1H-1,2,4-triazol-3-yl]-1,2,4-triazole-3-carbonyl]amino]butanoic acid",1.7,26,-307.515004793115,0.293706293706294,NA,"844260778509956369"
"844260824928318894","C12H14F3N7O3","[M + H]+",4,0.00380381573906229,48.4553455124605,1.9491809291781,46.5061645832824,"32","HTBCVVYYGFODDC","CC1=NC(=NN1C2=NNC(=N2)C(F)(F)F)C(=O)NC(C(C)C)C(=O)O","3-methyl-2-[[5-methyl-1-[5-(trifluoromethyl)-1H-1,2,4-triazol-3-yl]-1,2,4-triazole-3-carbonyl]amino]butanoic acid",2,62,-334.987173968144,0.278145695364238,NA,"844260778509956369"
"844260824928318894","C12H14F3N7O3","[M + H]+",4,0.00380381573906229,48.4553455124605,1.9491809291781,46.5061645832824,"32","IGPSHAHSHFVEGF","CC1=NC(=NN1C2=NNC(=N2)C(F)(F)F)C(=O)NCCCCC(=O)O","5-[[5-methyl-1-[5-(trifluoromethyl)-1H-1,2,4-triazol-3-yl]-1,2,4-triazole-3-carbonyl]amino]pentanoic acid",1.2,181,-384.633025075101,0.30188679245283,NA,"844260778509956369"
"844260824928318894","C12H14F3N7O3","[M + H]+",4,0.00380381573906229,48.4553455124605,1.9491809291781,46.5061645832824,"32","KGFWOLWQESAWQX","CC1=NC(=NN1C2=NNC(=N2)C(F)(F)F)C(=O)NC(C)CCC(=O)O","4-[[5-methyl-1-[5-(trifluoromethyl)-1H-1,2,4-triazol-3-yl]-1,2,4-triazole-3-carbonyl]amino]pentanoic acid",1.3,216,-394.863411546666,0.283870967741935,NA,"844260778509956369"
"844260824928318894","C12H14F3N7O3","[M + H]+",4,0.00380381573906229,48.4553455124605,1.9491809291781,46.5061645832824,"32","YQALYJYBDXGRTD","CCCC(C(=O)O)NC(=O)C1=NN(C(=N1)C)C2=NNC(=N2)C(F)(F)F","2-[[5-methyl-1-[5-(trifluoromethyl)-1H-1,2,4-triazol-3-yl]-1,2,4-triazole-3-carbonyl]amino]pentanoic acid",1.9,370,-441.438274354983,0.241573033707865,NA,"844260778509956369"
"844260824928318895","C11H18F3N3O7","[M + H]+",5,0.00333529689671744,48.3239025075909,0.542521427394282,47.7813810801967,"32",NA,NA,NA,NA,NA,NA,NA,NA,"844260778509956369"
"844260824928318896","C9H15N9O7","[M + H]+",6,0.00311028000944464,48.2540535650122,0,48.2540535650122,"32",NA,NA,NA,NA,NA,NA,NA,NA,"844260778509956369"
"844260824928318897","C12H22F2NO7P","[M + H]+",7,5.64931481875843e-05,44.2457048884829,0.975152763417082,43.2705521250659,"32",NA,NA,NA,NA,NA,NA,NA,NA,"844260778509956369"
"844260824928318898","C13H19N3O9","[M + H]+",8,4.85615171647987e-05,44.094416918061,1.38735727227141,42.7070596457896,"32",NA,NA,NA,NA,NA,NA,NA,NA,"844260778509956369"
"844260824932513203","C17H16FN3O5","[M + H]+",9,4.78158547891095e-05,44.0789428033498,2.44269764197369,41.6362451613761,"32",NA,NA,NA,NA,NA,NA,NA,NA,"844260778509956369"
"844260824932513204","C22H16FNO3","[M + H]+",10,2.28199937470469e-05,43.3392225991226,1.45954879574192,41.8796738033807,"32",NA,NA,NA,NA,NA,NA,NA,NA,"844260778509956369"
"844260815751181679","C17H19N3O4S","[M + H]+",1,0.635663740091428,56.7544111861984,0,56.7544111861984,"33","IXEQEYRTSRFZEO","CC1=CN=C(C(=C1OC)C)CS(=O)(=O)C2=NC3=C(N2)C=C(C=C3)OC","Omeprazole-d3 Sulfone",2.7485034,1,-15.2977902266851,0.9375,0,"844260778514150674"
"844260815751181679","C17H19N3O4S","[M + H]+",1,0.635663740091428,56.7544111861984,0,56.7544111861984,"33","QZVDQETYNOBUPJ","CC1=C[N+](=C(C(=C1OC)C)CS(=O)C2=NC3=C(N2)C=C(C=C3)OC)[O-]","Omeprazole-N-oxide",2.1600971,2,-21.9825124560113,0.9296875,Inf,"844260778514150674"
"844260815751181679","C17H19N3O4S","[M + H]+",1,0.635663740091428,56.7544111861984,0,56.7544111861984,"33","CMZHQFXXAAIBKE","CC1=C(C(=CN=C1CS(=O)C2=NC3=C(N2)C=C(C=C3)OC)CO)OC",NA,1.6791414,3,-30.1480947211493,0.916666666666667,NA,"844260778514150674"
"844260815751181679","C17H19N3O4S","[M + H]+",1,0.635663740091428,56.7544111861984,0,56.7544111861984,"33","IGVYIWUGJPECAJ","CC1=CN=C(C(=C1OC)CO)CS(=O)C2=NC3=C(N2)C=C(C=C3)OC","3-Hydroxyomeprazole",1.6791414,4,-34.634703827697,0.902985074626866,NA,"844260778514150674"
"844260815751181679","C17H19N3O4S","[M + H]+",1,0.635663740091428,56.7544111861984,0,56.7544111861984,"33","VPFSKKMDDDYYOJ","CC1=CN=C(C(=C1OC)C)CS(=O)C2=NC3=C(N2)C=CC(=C3O)OC","5-methoxy-2-[(R)-(4-methoxy-3,5-dimethylpyridin-2-yl)methylsulfinyl]-1H-benzimidazol-4-ol",2.1978552,5,-250.184395308918,0.712328767123288,NA,"844260778514150674"
"844260815751181679","C17H19N3O4S","[M + H]+",1,0.635663740091428,56.7544111861984,0,56.7544111861984,"33","NRTYCXOOEJJVDJ","COC1=C(C=C(C=C1)NC(=O)CSC2=NC3=C(CCC3)C(=O)N2)OC","N-(3,4-dimethoxyphenyl)-2-[(4-oxo-4,5,6,7-tetrahydro-3H-cyclopenta[d]pyrimidin-2-yl)thio]acetamide",1.7,6,-366.967613609601,0.347150259067358,NA,"844260778514150674"
"844260815751181679","C17H19N3O4S","[M + H]+",1,0.635663740091428,56.7544111861984,0,56.7544111861984,"33","NJXRFXGANNWYRK","CC1=CC=C(C=C1)N(CC2=NCCN2)C3=CC(=CC=C3)OS(=O)(=O)O","[3-[N-(4,5-dihydro-1H-imidazol-2-ylmethyl)-4-methylanilino]phenyl] hydrogen sulfate",2,7,-449.977914697151,0.247058823529412,NA,"844260778514150674"
"844260815751181679","C17H19N3O4S","[M + H]+",1,0.635663740091428,56.7544111861984,0,56.7544111861984,"33","MQQOMKBMLHBDFG","CC1=NC=CC(=C1)NS(=O)(=O)C2=C(N=CC(=C2)C3=CCOCC3)OC","5-[3,6-dihydro-2H-pyran-4-yl]-2-methoxy-N-[2-methylpyridin-4-yl]pyridine-3-sulfonamide",1,8,-484.029723586126,0.321637426900585,NA,"844260778514150674"
"844260815751181679","C17H19N3O4S","[M + H]+",1,0.635663740091428,56.7544111861984,0,56.7544111861984,"33","HBLRAJANJGAMFQ","CC(C)CNC(=O)CC1=CSC(=N1)NC(=O)C2=CC3=C(C=C2)OCO3","N-(4-(2-(isobutylamino)-2-oxoethyl)thiazol-2-yl)benzo[d][1,3]dioxole-5-carboxamide",2.5,11,-566.216348383413,0.179591836734694,NA,"844260778514150674"
"844260815751181679","C17H19N3O4S","[M + H]+",1,0.635663740091428,56.7544111861984,0,56.7544111861984,"33","JHQLDSNFXOLZMD","C1CC1C(=O)N2CC3(C2)C4CN(CCN4C(=O)O3)C(=O)C5=CC=CS5","1'-(Cyclopropanecarbonyl)-7-(thiophene-2-carbonyl)spiro[5,6,8,8a-tetrahydro-[1,3]oxazolo[3,4-a]pyrazine-1,3'-azetidine]-3-one",0.5,12,-573.786687055592,0.127753303964758,NA,"844260778514150674"
"844260815751181679","C17H19N3O4S","[M + H]+",1,0.635663740091428,56.7544111861984,0,56.7544111861984,"33","ILAMKVUHWSQJHY","COC(=O)C1=CC=C(C=C1)OCC2N(CCS2)C(=O)CN3C=CN=C3","Methyl 4-((3-(1H-imidazol-1-ylacetyl)-2-thiazolidinyl)methoxy)benzoate",1.7,13,-579.645615817883,0.1931330472103,NA,"844260778514150674"
"844260815751181679","C17H19N3O4S","[M + H]+",1,0.635663740091428,56.7544111861984,0,56.7544111861984,"33","NVAYQDCPVGCOHV","C1CC(N(S(=O)(=O)C1)CC2=CC=C(C=C2)C3=CC=NC=C3)C(=O)NO","(3S)-N-hydroxy-1,1-dioxo-2-[(4-pyridin-4-ylphenyl)methyl]thiazinane-3-carboxamide",0.9,15,-608.292212343892,0.202702702702703,NA,"844260778514150674"
"844260815751181679","C17H19N3O4S","[M + H]+",1,0.635663740091428,56.7544111861984,0,56.7544111861984,"33","FPMHRRFSGYKNIU","COC1=CC=C(C=C1)CN2CC3C(C2)OC4=C(C=CC=N4)S(=O)(=O)N3","5-[(4-methoxyphenyl)methyl]-2-oxa-9λ⁶-thia-5,8,14-triazatricyclo[8.4.0.0³,⁷]tetradeca-1(10),11,13-triene-9,9-dione",1.3,16,-610.718338323372,0.271551724137931,NA,"844260778514150674"
"844260815751181679","C17H19N3O4S","[M + H]+",1,0.635663740091428,56.7544111861984,0,56.7544111861984,"33","FZECHKJQHUVANE","CC1(C(N2C(S1)C(C2=O)NC(=O)C(C3=CC=CC=C3)N=C)C(=O)O)C","6-{[1-hydroxy-2-(methylideneamino)-2-phenylethylidene]amino}-3,3-dimethyl-7-oxo-4-thia-1-azabicyclo[3.2.0]heptane-2-carboxylic acid",1.2664139,17,-642.35277974186,0.111940298507463,NA,"844260778514150674"
"844260815751181679","C17H19N3O4S","[M + H]+",1,0.635663740091428,56.7544111861984,0,56.7544111861984,"33","IVXQTEPGJVXVMS","CCOC1=CC=C(C=C1)NC(=S)NN=C(C)C2=C(C(=C(C=C2)O)O)O","1-(4-ethoxyphenyl)-3-[(E)-1-(2,3,4-trihydroxyphenyl)ethylideneamino]thiourea",2.7,18,-696.431382564155,0.213592233009709,NA,"844260778514150674"
"844260815751181680","C14H20FN3O5S","[M + H]+",2,0.308259852679692,56.0306845780323,0,56.0306845780323,"33","GGHVBHNNEHVTBO","C1=CC(=CC=C1CNNC(=S)NC2C(C(C(C(O2)CO)O)O)O)F","1-[(4-fluorophenyl)methylamino]-3-[(2R,3R,4S,5S,6R)-3,4,5-trihydroxy-6-(hydroxymethyl)oxan-2-yl]thiourea",-0.8,14,-596.82385924541,0.177272727272727,NA,"844260778514150674"
"844260815751181681","C16H24ClNO4S","[M + H]+",3,0.0245801163453263,53.5016793106828,0,53.5016793106828,"33",NA,NA,NA,NA,NA,NA,NA,NA,"844260778514150674"
"844260815751181682","C14H23N3O4S2","[M + H]+",4,0.0198448511321782,53.2876860579021,0,53.2876860579021,"33","CJXSUHSPEFHOKZ","CN1CCN(CC1)CC2C(C(CO2)NS(=O)(=O)C3=CSC=C3)O","N-{4-hydroxy-5-[(4-methylpiperazin-1-yl)methyl]oxolan-3-yl}thiophene-3-sulfonamide",-0.4,10,-551.683428036119,0.215596330275229,NA,"844260778514150674"
"844260815751181683","C19H17F2NO4","[M + H]+",5,0.0104706854312462,52.6483209621753,2.06745551418964,50.5808654479857,"33","AYIZPDXXYIFMQC","C1=CC=C2C(=C1)C(C3=CC=CC=C32)COC(=O)NC(CC(F)F)C(=O)O","(R)-2-(9H-Fluoren-9-ylmethoxycarbonylamino)-4,4-difluoro-butyric acid",3.9,9,-487.956664246566,0.166666666666667,NA,"844260778514150674"
"844260815751181684","C12H14F3N7O3","[M + H]+",6,0.000411964375486205,49.4129230725855,1.8829080630821,47.5300150095034,"33",NA,NA,NA,NA,NA,NA,NA,NA,"844260778514150674"
"844260815751181685","C14H17F2N3O6","[M + H]+",7,0.000316140193032828,49.1481719582829,2.46724219095645,46.6809297673264,"33",NA,NA,NA,NA,NA,NA,NA,NA,"844260778514150674"
"844260815751181686","C11H18F3N3O7","[M + H]+",8,0.000159291873933919,48.4627243987693,0.702251582264199,47.7604728165051,"33",NA,NA,NA,NA,NA,NA,NA,NA,"844260778514150674"
"844260815751181687","C14H22ClN4O3S","[M + H]+",9,0.000102158039026235,48.018507210658,0,48.018507210658,"33",NA,NA,NA,NA,NA,NA,NA,NA,"844260778514150674"
"844260815751181688","C9H15N9O7","[M + H]+",10,7.94123734503215e-05,47.7666403872585,0,47.7666403872585,"33",NA,NA,NA,NA,NA,NA,NA,NA,"844260778514150674"
"844260857950074393","C14H20FN3O5S","[M + H]+",1,0.746351713909077,65.3482568345392,0,65.3482568345392,"34","GGHVBHNNEHVTBO","C1=CC(=CC=C1CNNC(=S)NC2C(C(C(C(O2)CO)O)O)O)F","1-[(4-fluorophenyl)methylamino]-3-[(2R,3R,4S,5S,6R)-3,4,5-trihydroxy-6-(hydroxymethyl)oxan-2-yl]thiourea",-0.8,10,-562.754651641557,0.193396226415094,NA,"844260778518344979"
"844260857950074394","C17H19N3O4S","[M + H]+",2,0.215408108911866,64.1055942889188,0,64.1055942889188,"34","IXEQEYRTSRFZEO","CC1=CN=C(C(=C1OC)C)CS(=O)(=O)C2=NC3=C(N2)C=C(C=C3)OC","Omeprazole-d3 Sulfone",2.7485034,1,-17.872122783281,0.944444444444444,0,"844260778518344979"
"844260857950074394","C17H19N3O4S","[M + H]+",2,0.215408108911866,64.1055942889188,0,64.1055942889188,"34","QZVDQETYNOBUPJ","CC1=C[N+](=C(C(=C1OC)C)CS(=O)C2=NC3=C(N2)C=C(C=C3)OC)[O-]","Omeprazole-N-oxide",2.1600971,2,-23.1413036462219,0.936507936507937,Inf,"844260778518344979"
"844260857950074394","C17H19N3O4S","[M + H]+",2,0.215408108911866,64.1055942889188,0,64.1055942889188,"34","CMZHQFXXAAIBKE","CC1=C(C(=CN=C1CS(=O)C2=NC3=C(N2)C=C(C=C3)OC)CO)OC",NA,1.6791414,3,-34.1458778682206,0.893939393939394,NA,"844260778518344979"
"844260857950074394","C17H19N3O4S","[M + H]+",2,0.215408108911866,64.1055942889188,0,64.1055942889188,"34","IGVYIWUGJPECAJ","CC1=CN=C(C(=C1OC)CO)CS(=O)C2=NC3=C(N2)C=C(C=C3)OC","3-Hydroxyomeprazole",1.6791414,4,-38.0926166104314,0.880597014925373,NA,"844260778518344979"
"844260857950074394","C17H19N3O4S","[M + H]+",2,0.215408108911866,64.1055942889188,0,64.1055942889188,"34","VPFSKKMDDDYYOJ","CC1=CN=C(C(=C1OC)C)CS(=O)C2=NC3=C(N2)C=CC(=C3O)OC","5-methoxy-2-[(R)-(4-methoxy-3,5-dimethylpyridin-2-yl)methylsulfinyl]-1H-benzimidazol-4-ol",2.1978552,5,-237.27452643484,0.727272727272727,NA,"844260778518344979"
"844260857950074394","C17H19N3O4S","[M + H]+",2,0.215408108911866,64.1055942889188,0,64.1055942889188,"34","NRTYCXOOEJJVDJ","COC1=C(C=C(C=C1)NC(=O)CSC2=NC3=C(CCC3)C(=O)N2)OC","N-(3,4-dimethoxyphenyl)-2-[(4-oxo-4,5,6,7-tetrahydro-3H-cyclopenta[d]pyrimidin-2-yl)thio]acetamide",1.7,6,-349.963693990535,0.352631578947368,NA,"844260778518344979"
"844260857950074394","C17H19N3O4S","[M + H]+",2,0.215408108911866,64.1055942889188,0,64.1055942889188,"34","NJXRFXGANNWYRK","CC1=CC=C(C=C1)N(CC2=NCCN2)C3=CC(=CC=C3)OS(=O)(=O)O","[3-[N-(4,5-dihydro-1H-imidazol-2-ylmethyl)-4-methylanilino]phenyl] hydrogen sulfate",2,7,-420.640751908937,0.251497005988024,NA,"844260778518344979"
"844260857950074394","C17H19N3O4S","[M + H]+",2,0.215408108911866,64.1055942889188,0,64.1055942889188,"34","MQQOMKBMLHBDFG","CC1=NC=CC(=C1)NS(=O)(=O)C2=C(N=CC(=C2)C3=CCOCC3)OC","5-[3,6-dihydro-2H-pyran-4-yl]-2-methoxy-N-[2-methylpyridin-4-yl]pyridine-3-sulfonamide",1,8,-447.422634920345,0.327380952380952,NA,"844260778518344979"
"844260857950074394","C17H19N3O4S","[M + H]+",2,0.215408108911866,64.1055942889188,0,64.1055942889188,"34","HBLRAJANJGAMFQ","CC(C)CNC(=O)CC1=CSC(=N1)NC(=O)C2=CC3=C(C=C2)OCO3","N-(4-(2-(isobutylamino)-2-oxoethyl)thiazol-2-yl)benzo[d][1,3]dioxole-5-carboxamide",2.5,11,-563.122405635779,0.181818181818182,NA,"844260778518344979"
"844260857950074394","C17H19N3O4S","[M + H]+",2,0.215408108911866,64.1055942889188,0,64.1055942889188,"34","JHQLDSNFXOLZMD","C1CC1C(=O)N2CC3(C2)C4CN(CCN4C(=O)O3)C(=O)C5=CC=CS5","1'-(Cyclopropanecarbonyl)-7-(thiophene-2-carbonyl)spiro[5,6,8,8a-tetrahydro-[1,3]oxazolo[3,4-a]pyrazine-1,3'-azetidine]-3-one",0.5,12,-568.756433335433,0.129464285714286,NA,"844260778518344979"
"844260857950074394","C17H19N3O4S","[M + H]+",2,0.215408108911866,64.1055942889188,0,64.1055942889188,"34","ILAMKVUHWSQJHY","COC(=O)C1=CC=C(C=C1)OCC2N(CCS2)C(=O)CN3C=CN=C3","Methyl 4-((3-(1H-imidazol-1-ylacetyl)-2-thiazolidinyl)methoxy)benzoate",1.7,13,-569.76386206337,0.195652173913043,NA,"844260778518344979"
"844260857950074394","C17H19N3O4S","[M + H]+",2,0.215408108911866,64.1055942889188,0,64.1055942889188,"34","NVAYQDCPVGCOHV","C1CC(N(S(=O)(=O)C1)CC2=CC=C(C=C2)C3=CC=NC=C3)C(=O)NO","(3S)-N-hydroxy-1,1-dioxo-2-[(4-pyridin-4-ylphenyl)methyl]thiazinane-3-carboxamide",0.9,14,-599.250922969065,0.205479452054795,NA,"844260778518344979"
"844260857950074394","C17H19N3O4S","[M + H]+",2,0.215408108911866,64.1055942889188,0,64.1055942889188,"34","FPMHRRFSGYKNIU","COC1=CC=C(C=C1)CN2CC3C(C2)OC4=C(C=CC=N4)S(=O)(=O)N3","5-[(4-methoxyphenyl)methyl]-2-oxa-9λ⁶-thia-5,8,14-triazatricyclo[8.4.0.0³,⁷]tetradeca-1(10),11,13-triene-9,9-dione",1.3,15,-601.011353420033,0.275109170305677,NA,"844260778518344979"
"844260857950074394","C17H19N3O4S","[M + H]+",2,0.215408108911866,64.1055942889188,0,64.1055942889188,"34","FZECHKJQHUVANE","CC1(C(N2C(S1)C(C2=O)NC(=O)C(C3=CC=CC=C3)N=C)C(=O)O)C","6-{[1-hydroxy-2-(methylideneamino)-2-phenylethylidene]amino}-3,3-dimethyl-7-oxo-4-thia-1-azabicyclo[3.2.0]heptane-2-carboxylic acid",1.2664139,16,-650.426095371461,0.113207547169811,NA,"844260778518344979"
"844260857950074394","C17H19N3O4S","[M + H]+",2,0.215408108911866,64.1055942889188,0,64.1055942889188,"34","IVXQTEPGJVXVMS","CCOC1=CC=C(C=C1)NC(=S)NN=C(C)C2=C(C(=C(C=C2)O)O)O","1-(4-ethoxyphenyl)-3-[(E)-1-(2,3,4-trihydroxyphenyl)ethylideneamino]thiourea",2.7,17,-684.43450471964,0.21078431372549,NA,"844260778518344979"
"844260857950074395","C14H23N3O4S2","[M + H]+",3,0.0263620504614858,62.0049853725383,0,62.0049853725383,"34","CJXSUHSPEFHOKZ","CN1CCN(CC1)CC2C(C(CO2)NS(=O)(=O)C3=CSC=C3)O","N-{4-hydroxy-5-[(4-methylpiperazin-1-yl)methyl]oxolan-3-yl}thiophene-3-sulfonamide",-0.4,9,-535.414975017102,0.239024390243902,NA,"844260778518344979"
"844260857950074396","C16H24ClNO4S","[M + H]+",4,0.00759005865843711,60.7598991988367,0,60.7598991988367,"34",NA,NA,NA,NA,NA,NA,NA,NA,"844260778518344979"
"844260857950074397","C15H13F2N7O2","[M + H]+",5,0.00416800857510181,60.1604982408897,3.49190122246833,56.6685970184214,"34",NA,NA,NA,NA,NA,NA,NA,NA,"844260778518344979"
"844260857950074398","C14H22ClN4O3S","[M + H]+",6,7.20957849460419e-05,56.1033001814546,0,56.1033001814546,"34",NA,NA,NA,NA,NA,NA,NA,NA,"844260778518344979"
"844260857950074399","C12H14F3N7O3","[M + H]+",7,3.10297462733655e-05,55.2602509017023,2.24749984065841,53.0127510610439,"34",NA,NA,NA,NA,NA,NA,NA,NA,"844260778518344979"
"844260857950074400","C11H18F3N3O7","[M + H]+",8,5.89442000868796e-06,53.5993107422506,1.23503027241532,52.3642804698353,"34",NA,NA,NA,NA,NA,NA,NA,NA,"844260778518344979"
"844260857950074401","C14H17F2N3O6","[M + H]+",9,4.98777558756033e-06,53.4322946364332,2.77630582386775,50.6559888125655,"34",NA,NA,NA,NA,NA,NA,NA,NA,"844260778518344979"
"844260857950074402","C9H15N9O7","[M + H]+",10,2.38504013074713e-06,52.6945205506004,0.317819733008708,52.3767008175917,"34",NA,NA,NA,NA,NA,NA,NA,NA,"844260778518344979"
"844260850660374031","C15H13F2N7O2","[M + H]+",1,0.998378579682226,76.0441285845317,3.48795822800317,72.5561703565285,"35","FOZXIPLAGUNHIE","CN1C(=C(C=N1)C2=NC(=NC=C2F)OC)C(=O)NC3=CC(=NC=C3F)N","N-(2-amino-5-fluoropyridin-4-yl)-4-(5-fluoro-2-methoxypyrimidin-4-yl)-2-methylpyrazole-3-carboxamide",0.4,1,-192.568461389911,0.518518518518518,0,"844260778522539284"
"844260850660374031","C15H13F2N7O2","[M + H]+",1,0.998378579682226,76.0441285845317,3.48795822800317,72.5561703565285,"35","PIKDWSFQRYHGPE","C1=CC(=C(C=C1F)F)NC(=O)NCCN2C(=O)C=CC(=N2)N3C=NC=N3","1-(2,4-difluorophenyl)-3-(2-(6-oxo-3-(1H-1,2,4-triazol-1-yl)pyridazin-1(6H)-yl)ethyl)urea",0.5,2,-228.075277305149,0.474576271186441,Inf,"844260778522539284"
"844260850660374031","C15H13F2N7O2","[M + H]+",1,0.998378579682226,76.0441285845317,3.48795822800317,72.5561703565285,"35","KMTLMRMWJDBVTB","C1=CC(=C(C=C1F)NC(=O)NCCN2C(=O)C=CC(=N2)N3C=NC=N3)F","1-(2,5-difluorophenyl)-3-(2-(6-oxo-3-(1H-1,2,4-triazol-1-yl)pyridazin-1(6H)-yl)ethyl)urea",0.5,3,-229.921781595536,0.48695652173913,NA,"844260778522539284"
"844260850660374031","C15H13F2N7O2","[M + H]+",1,0.998378579682226,76.0441285845317,3.48795822800317,72.5561703565285,"35","PQAMDKDZSSHTAQ","C1=CC(=C(C=C1NC(=O)NCCN2C(=O)C=CC(=N2)N3C=NC=N3)F)F","1-(3,4-difluorophenyl)-3-(2-(6-oxo-3-(1H-1,2,4-triazol-1-yl)pyridazin-1(6H)-yl)ethyl)urea",0.5,4,-235.844269975569,0.470588235294118,NA,"844260778522539284"
"844260850660374031","C15H13F2N7O2","[M + H]+",1,0.998378579682226,76.0441285845317,3.48795822800317,72.5561703565285,"35","MCSNHWJKNRXSFD","CC(C1=NC=NN1C2=NC=CC=N2)NC(=O)C3=CC(=CN=C3)OC(F)F","5-(difluoromethoxy)-N-[1-(2-pyrimidin-2-yl-1,2,4-triazol-3-yl)ethyl]pyridine-3-carboxamide",1.3,6,-248.237409093606,0.428571428571429,NA,"844260778522539284"
"844260850660374031","C15H13F2N7O2","[M + H]+",1,0.998378579682226,76.0441285845317,3.48795822800317,72.5561703565285,"35","OGXZJNBJBKZZGO","CC1=NON=C1CN2C3=C(C(=O)NC(=N3)C(C4=CC=CC=C4)(F)F)NN2","5-[difluoro(phenyl)methyl]-3-[(4-methyl-1,2,5-oxadiazol-3-yl)methyl]-2,6-dihydro-1H-triazolo[4,5-d]pyrimidin-7-one",2.6,7,-254.525028901468,0.40625,NA,"844260778522539284"
"844260850660374031","C15H13F2N7O2","[M + H]+",1,0.998378579682226,76.0441285845317,3.48795822800317,72.5561703565285,"35","JINYNPTZFYTAAE","CNC1=CC2=NC3=C(C=NN13)C(=O)NCCOC4=C(C=C(C(=N4)N2)F)F",NA,1.3,8,-258.076381733107,0.423076923076923,NA,"844260778522539284"
"844260850660374031","C15H13F2N7O2","[M + H]+",1,0.998378579682226,76.0441285845317,3.48795822800317,72.5561703565285,"35","JOXSMAKUPLSCFK","CNC1=CC2=NC3=C(C=NN13)C(=O)NCCOC4=C(C(=CC(=N4)N2)F)F",NA,1.3,9,-258.798340698986,0.426356589147287,NA,"844260778522539284"
"844260850660374031","C15H13F2N7O2","[M + H]+",1,0.998378579682226,76.0441285845317,3.48795822800317,72.5561703565285,"35","DOKYXQUHEBRWHL","CNC1=CC2=NC3=C(C=NN13)C(=O)NCCOC4=NC(=C(C(=C4)F)F)N2",NA,1.3,10,-258.80754512734,0.423076923076923,NA,"844260778522539284"
"844260850660374031","C15H13F2N7O2","[M + H]+",1,0.998378579682226,76.0441285845317,3.48795822800317,72.5561703565285,"35","RGLWMSKFLHMTMK","C1=CC(=C(N=C1)OC2=C(C=C(C=C2)F)F)CNC(=O)CN3C(=NN=N3)N","2-(5-amino-1H-tetrazol-1-yl)-N-{[2-(2,4-difluorophenoxy)pyridin-3-yl]methyl}acetamide",1.2,11,-265.855073094384,0.433070866141732,NA,"844260778522539284"
"844260850660374031","C15H13F2N7O2","[M + H]+",1,0.998378579682226,76.0441285845317,3.48795822800317,72.5561703565285,"35","OIALPWCJCSMRGK","C1C2(CC1(F)F)CN(C2)C(=O)C3=CN(N=N3)C4=NN5C=CC=C5C(=O)N4","2-[4-(6,6-difluoro-2-azaspiro[3.3]heptane-2-carbonyl)triazol-1-yl]-3H-pyrrolo[2,1-f][1,2,4]triazin-4-one",0.9,15,-300.739317167207,0.4,NA,"844260778522539284"
"844260850660374031","C15H13F2N7O2","[M + H]+",1,0.998378579682226,76.0441285845317,3.48795822800317,72.5561703565285,"35","ZKLPXXGDZRZHGE","C1CC12CN(CC2(F)F)C3=CC(=NN4C3=NC=N4)C5=CNC(=O)NC5=O","5-[8-(7,7-difluoro-5-azaspiro[2.4]heptan-5-yl)-[1,2,4]triazolo[1,5-b]pyridazin-6-yl]-1H-pyrimidine-2,4-dione",0.3,39,-352.887674039455,0.344594594594595,NA,"844260778522539284"
"844260850660374031","C15H13F2N7O2","[M + H]+",1,0.998378579682226,76.0441285845317,3.48795822800317,72.5561703565285,"35","JMTPBJUZPYHNEA","C1CC12CN(CC2(F)F)C3=CC(=NN4C3=NN=C4)C5=CNC(=O)NC5=O","5-[8-(7,7-difluoro-5-azaspiro[2.4]heptan-5-yl)-[1,2,4]triazolo[4,3-b]pyridazin-6-yl]-1H-pyrimidine-2,4-dione",-0.3,41,-354.61423274469,0.342281879194631,NA,"844260778522539284"
"844260850660374031","C15H13F2N7O2","[M + H]+",1,0.998378579682226,76.0441285845317,3.48795822800317,72.5561703565285,"35","IPONHXGOODDWMS","C1CC12CN(CC2(F)F)C3=CC(=NC4=NC=NN34)C5=CNC(=O)NC5=O","5-[7-(7,7-difluoro-5-azaspiro[2.4]heptan-5-yl)-[1,2,4]triazolo[1,5-a]pyrimidin-5-yl]-1H-pyrimidine-2,4-dione",0.4,74,-373.149735016958,0.32258064516129,NA,"844260778522539284"
"844260850660374031","C15H13F2N7O2","[M + H]+",1,0.998378579682226,76.0441285845317,3.48795822800317,72.5561703565285,"35","XCRZLFRHRAYWPB","CN1N=C(N=N1)C(=O)NC2CCC3=C2C=CC(=C3)C4=NOC(=N4)C(F)F","N-[5-[5-(difluoromethyl)-1,2,4-oxadiazol-3-yl]-2,3-dihydro-1H-inden-1-yl]-2-methyltetrazole-5-carboxamide",2.2,81,-376.982111344202,0.317567567567568,NA,"844260778522539284"
"844260850660374032","C12H14F3N7O3","[M + H]+",2,0.00135630326201937,69.4427588508624,2.07950244388273,67.3632564069797,"35","CFYZNRWKQYLEBN","CN1C(=C(C(=N1)N2CC(C2)(C3=NC=NN3C)OC)[N+](=O)[O-])C(F)(F)F","5-[3-Methoxy-1-[1-methyl-4-nitro-5-(trifluoromethyl)pyrazol-3-yl]azetidin-3-yl]-1-methyl-1,2,4-triazole",0.5,5,-238.167699629103,0.413223140495868,NA,"844260778522539284"
"844260850660374032","C12H14F3N7O3","[M + H]+",2,0.00135630326201937,69.4427588508624,2.07950244388273,67.3632564069797,"35","WSXZVUWPGPFFRD","CC1=NC(=NN1C2=NNC(=N2)C(F)(F)F)C(=O)NCC(C)(C)C(=O)O","2,2-dimethyl-3-[[5-methyl-1-[5-(trifluoromethyl)-1H-1,2,4-triazol-3-yl]-1,2,4-triazole-3-carbonyl]amino]propanoic acid",1.4,12,-289.34638418685,0.321428571428571,NA,"844260778522539284"
"844260850660374032","C12H14F3N7O3","[M + H]+",2,0.00135630326201937,69.4427588508624,2.07950244388273,67.3632564069797,"35","WXKDRRFOSNTCKL","CC1=NC(=NN1C2=NNC(=N2)C(F)(F)F)C(=O)N(CC(=O)O)C(C)C","2-[[5-methyl-1-[5-(trifluoromethyl)-1H-1,2,4-triazol-3-yl]-1,2,4-triazole-3-carbonyl]-propan-2-ylamino]acetic acid",1.6,13,-294.17399981242,0.305555555555556,NA,"844260778522539284"
"844260850660374032","C12H14F3N7O3","[M + H]+",2,0.00135630326201937,69.4427588508624,2.07950244388273,67.3632564069797,"35","PHSLFFNBMPDTLL","CC1=NC(=NN1C2=NNC(=N2)C(F)(F)F)C(=O)N(C)C(C)(C)C(=O)O","2-methyl-2-[methyl-[5-methyl-1-[5-(trifluoromethyl)-1H-1,2,4-triazol-3-yl]-1,2,4-triazole-3-carbonyl]amino]propanoic acid",1.4,14,-297.130016436586,0.283687943262411,NA,"844260778522539284"
"844260850660374032","C12H14F3N7O3","[M + H]+",2,0.00135630326201937,69.4427588508624,2.07950244388273,67.3632564069797,"35","FWQFKNAIHMGGGE","CCCN(CC(=O)O)C(=O)C1=NN(C(=N1)C)C2=NNC(=N2)C(F)(F)F","2-[[5-methyl-1-[5-(trifluoromethyl)-1H-1,2,4-triazol-3-yl]-1,2,4-triazole-3-carbonyl]-propylamino]acetic acid",1.7,16,-306.972008049371,0.302631578947368,NA,"844260778522539284"
"844260850660374032","C12H14F3N7O3","[M + H]+",2,0.00135630326201937,69.4427588508624,2.07950244388273,67.3632564069797,"35","RIVMOGGKOUBILA","C1=C(C(=O)NC(=O)N1CC(F)(F)F)CNC(=O)CCCC2=NNN=N2","N-[[2,4-dioxo-1-(2,2,2-trifluoroethyl)pyrimidin-5-yl]methyl]-4-(2H-tetrazol-5-yl)butanamide",-0.2,17,-309.236099029614,0.347222222222222,NA,"844260778522539284"
"844260850660374032","C12H14F3N7O3","[M + H]+",2,0.00135630326201937,69.4427588508624,2.07950244388273,67.3632564069797,"35","WLFUMOWTTXBNHH","CCC(C)(C(=O)O)NC(=O)C1=NN(C(=N1)C)C2=NNC(=N2)C(F)(F)F","2-methyl-2-[[5-methyl-1-[5-(trifluoromethyl)-1H-1,2,4-triazol-3-yl]-1,2,4-triazole-3-carbonyl]amino]butanoic acid",1.7,18,-325.705549755794,0.288590604026846,NA,"844260778522539284"
"844260850660374032","C12H14F3N7O3","[M + H]+",2,0.00135630326201937,69.4427588508624,2.07950244388273,67.3632564069797,"35","KDGIFBZCSXNMKY","CC1=NC(=NN1C2=NNC(=N2)C(F)(F)F)C(=O)NCC(C)CC(=O)O","3-methyl-4-[[5-methyl-1-[5-(trifluoromethyl)-1H-1,2,4-triazol-3-yl]-1,2,4-triazole-3-carbonyl]amino]butanoic acid",1.3,20,-331.403901845484,0.328767123287671,NA,"844260778522539284"
"844260850660374032","C12H14F3N7O3","[M + H]+",2,0.00135630326201937,69.4427588508624,2.07950244388273,67.3632564069797,"35","HTBCVVYYGFODDC","CC1=NC(=NN1C2=NNC(=N2)C(F)(F)F)C(=O)NC(C(C)C)C(=O)O","3-methyl-2-[[5-methyl-1-[5-(trifluoromethyl)-1H-1,2,4-triazol-3-yl]-1,2,4-triazole-3-carbonyl]amino]butanoic acid",2,61,-364.979768393759,0.265822784810127,NA,"844260778522539284"
"844260850660374032","C12H14F3N7O3","[M + H]+",2,0.00135630326201937,69.4427588508624,2.07950244388273,67.3632564069797,"35","IGPSHAHSHFVEGF","CC1=NC(=NN1C2=NNC(=N2)C(F)(F)F)C(=O)NCCCCC(=O)O","5-[[5-methyl-1-[5-(trifluoromethyl)-1H-1,2,4-triazol-3-yl]-1,2,4-triazole-3-carbonyl]amino]pentanoic acid",1.2,103,-391.075585349804,0.296969696969697,NA,"844260778522539284"
"844260850660374032","C12H14F3N7O3","[M + H]+",2,0.00135630326201937,69.4427588508624,2.07950244388273,67.3632564069797,"35","KGFWOLWQESAWQX","CC1=NC(=NN1C2=NNC(=N2)C(F)(F)F)C(=O)NC(C)CCC(=O)O","4-[[5-methyl-1-[5-(trifluoromethyl)-1H-1,2,4-triazol-3-yl]-1,2,4-triazole-3-carbonyl]amino]pentanoic acid",1.3,164,-412.393761214034,0.2875,NA,"844260778522539284"
"844260850660374032","C12H14F3N7O3","[M + H]+",2,0.00135630326201937,69.4427588508624,2.07950244388273,67.3632564069797,"35","YQALYJYBDXGRTD","CCCC(C(=O)O)NC(=O)C1=NN(C(=N1)C)C2=NNC(=N2)C(F)(F)F","2-[[5-methyl-1-[5-(trifluoromethyl)-1H-1,2,4-triazol-3-yl]-1,2,4-triazole-3-carbonyl]amino]pentanoic acid",1.9,352,-473.525338845028,0.239130434782609,NA,"844260778522539284"
"844260850660374033","C14H17F2N3O6","[M + H]+",3,9.623863272247e-05,66.7970716274184,2.57493263949119,64.2221389879272,"35","WXVJJJQBBQNPFF","CC(C)(C)OC(=O)NC(CNC1=CC(=C(C=C1[N+](=O)[O-])F)F)C(=O)O","3-(4,5-Difluoro-2-nitroanilino)-2-[(2-methylpropan-2-yl)oxycarbonylamino]propanoic acid",2.8,40,-354.389353136961,0.238636363636364,NA,"844260778522539284"
"844260850660374033","C14H17F2N3O6","[M + H]+",3,9.623863272247e-05,66.7970716274184,2.57493263949119,64.2221389879272,"35","DCCUFNSJKULQNP","CC(C)(C)OC(=O)NC(CNC1=CC(=C(C=C1F)[N+](=O)[O-])F)C(=O)O","(2S)-3-(2,5-difluoro-4-nitroanilino)-2-[(2-methylpropan-2-yl)oxycarbonylamino]propanoic acid",2.8,42,-354.91302090603,0.23121387283237,NA,"844260778522539284"
"844260850660374033","C14H17F2N3O6","[M + H]+",3,9.623863272247e-05,66.7970716274184,2.57493263949119,64.2221389879272,"35","NYNAAGTVQZRHQO","CCCCOC(=O)OCC1=C(C(C(O1)N2C=CC(=NC2=O)N)(F)F)O","[(2R)-2-(4-amino-2-oxopyrimidin-1-yl)-3,3-difluoro-4-hydroxy-2H-furan-5-yl]methyl butyl carbonate",0.5,94,-384.917546243953,0.235632183908046,NA,"844260778522539284"
"844260850660374033","C14H17F2N3O6","[M + H]+",3,9.623863272247e-05,66.7970716274184,2.57493263949119,64.2221389879272,"35","HLPCOTYSWJFYDT","CC(C)(CCC(=O)O)NC(=O)NC1=C(C=CC(=C1)[N+](=O)[O-])OC(F)F","4-[[2-(Difluoromethoxy)-5-nitrophenyl]carbamoylamino]-4-methylpentanoic acid",2.1,144,-407.986423753693,0.271186440677966,NA,"844260778522539284"
"844260850660374033","C14H17F2N3O6","[M + H]+",3,9.623863272247e-05,66.7970716274184,2.57493263949119,64.2221389879272,"35","YNLFTOUVPKSGBP","CCCNC(=O)CNC(=O)C1=CC(=C(C=C1[N+](=O)[O-])OC(F)F)OC","4-(difluoromethoxy)-5-methoxy-2-nitro-N-[2-oxo-2-(propylamino)ethyl]benzamide",2.2,213,-426.865124726935,0.285714285714286,NA,"844260778522539284"
"844260850660374033","C14H17F2N3O6","[M + H]+",3,9.623863272247e-05,66.7970716274184,2.57493263949119,64.2221389879272,"35","SAPQPOWNBCHXIV","CCNC(=O)CN(C)C(=O)C1=CC(=C(C=C1[N+](=O)[O-])OC(F)F)OC","4-(difluoromethoxy)-N-[2-(ethylamino)-2-oxoethyl]-5-methoxy-N-methyl-2-nitrobenzamide",1.8,219,-429.407580747327,0.290322580645161,NA,"844260778522539284"
"844260850660374033","C14H17F2N3O6","[M + H]+",3,9.623863272247e-05,66.7970716274184,2.57493263949119,64.2221389879272,"35","YMYJOCWHWAYWTB","CCNC(=O)C(C)NC(=O)C1=CC(=C(C=C1[N+](=O)[O-])OC(F)F)OC","4-(difluoromethoxy)-N-[1-(ethylamino)-1-oxopropan-2-yl]-5-methoxy-2-nitrobenzamide",2,270,-445.550930513124,0.269430051813472,NA,"844260778522539284"
"844260850660374033","C14H17F2N3O6","[M + H]+",3,9.623863272247e-05,66.7970716274184,2.57493263949119,64.2221389879272,"35","OZGOYTYDOKZRNL","COC1=C(C=C(C(=C1)C(=O)NCC2CNCC2O)[N+](=O)[O-])OC(F)F","4-(difluoromethoxy)-N-[(4-hydroxypyrrolidin-3-yl)methyl]-5-methoxy-2-nitrobenzamide",1.5,363,-476.668086404971,0.261083743842365,NA,"844260778522539284"
"844260850660374033","C14H17F2N3O6","[M + H]+",3,9.623863272247e-05,66.7970716274184,2.57493263949119,64.2221389879272,"35","DPZIFPKPVOPRBQ","CC(C1C(C(C(O1)N2C=CC(=NC2=O)N)(F)F)OC(=O)C)OC(=O)C","[(2R,3R,5R)-2-[(1S)-1-acetyloxyethyl]-5-(4-amino-2-oxopyrimidin-1-yl)-4,4-difluorooxolan-3-yl] acetate",-0.3,427,-498.808910767109,0.206896551724138,NA,"844260778522539284"
"844260850660374033","C14H17F2N3O6","[M + H]+",3,9.623863272247e-05,66.7970716274184,2.57493263949119,64.2221389879272,"35","HSDNLXGJTHTADB","C1=CN(C(=O)N=C1N)C2C(C(C(O2)COC(=O)CCCC=O)O)(F)F","[(2R,3R,5R)-5-(4-amino-2-oxopyrimidin-1-yl)-4,4-difluoro-3-hydroxyoxolan-2-yl]methyl 5-oxopentanoate",-1.6,512,-543.429601631975,0.195454545454545,NA,"844260778522539284"
"844260850660374033","C14H17F2N3O6","[M + H]+",3,9.623863272247e-05,66.7970716274184,2.57493263949119,64.2221389879272,"35","QBYZHSLKSKNBMT","C1=CN(C(=O)N=C1N)C2C(C(C(O2)CC(=O)CCCC(=O)O)O)(F)F","6-[(2R,5R)-5-(4-amino-2-oxopyrimidin-1-yl)-4,4-difluoro-3-hydroxyoxolan-2-yl]-5-oxohexanoic acid",-1.8,534,-554.438726835163,0.184210526315789,NA,"844260778522539284"
"844260850660374033","C14H17F2N3O6","[M + H]+",3,9.623863272247e-05,66.7970716274184,2.57493263949119,64.2221389879272,"35","COQIKROFTRQKPD","C1=CC(=CC=C1COC(=O)NC(CCCN)(C(F)F)C(=O)O)[N+](=O)[O-]","5-Amino-2-(difluoromethyl)-2-[(4-nitrophenyl)methoxycarbonylamino]pentanoic acid",-0.9,556,-574.747908521137,0.186274509803922,NA,"844260778522539284"
"844260850660374033","C14H17F2N3O6","[M + H]+",3,9.623863272247e-05,66.7970716274184,2.57493263949119,64.2221389879272,"35","JTBRAGZZOUJIOM","C1=CC(=CC=C1COC(=O)NCCCC(C(F)F)(C(=O)O)N)[N+](=O)[O-]","2-Amino-2-(difluoromethyl)-5-[(4-nitrophenyl)methoxycarbonylamino]pentanoic acid",-0.9,559,-575.62153146368,0.188405797101449,NA,"844260778522539284"
"844260850660374033","C14H17F2N3O6","[M + H]+",3,9.623863272247e-05,66.7970716274184,2.57493263949119,64.2221389879272,"35","JQDFOYOLKOJNIP","C1CN(CCC1(F)F)C(=O)C2C(C(C(O2)N3C=CC(=O)NC3=O)O)O","1-[(2R,3R,4S,5S)-5-(4,4-difluoropiperidine-1-carbonyl)-3,4-dihydroxyoxolan-2-yl]pyrimidine-2,4-dione",-1,573,-595.958278446848,0.172131147540984,NA,"844260778522539284"
"844260850660374034","C11H18F3N3O7","[M + H]+",4,7.90728773262851e-05,66.6006106878383,0.877768581422611,65.7228421064157,"35",NA,NA,NA,NA,NA,NA,NA,NA,"844260778522539284"
"844260850660374035","C9H15N9O7","[M + H]+",5,6.23009186003331e-05,66.3622169332831,0,66.3622169332831,"35",NA,NA,NA,NA,NA,NA,NA,NA,"844260778522539284"
"844260850660374036","C19H17F2NO4","[M + H]+",6,1.28470265594535e-05,64.7833531512233,2.02445667378864,62.7588964774347,"35","SBPINCGTPCWQAB","CCOC(=O)C(=CC(=O)C=CC1=CC=CN1CC2=C(C=CC=C2F)F)O","ethyl (2Z,5E)-6-[1-[(2,6-difluorophenyl)methyl]pyrrol-2-yl]-2-hydroxy-4-oxo-hexa-2,5-dienoate",3.5,19,-330.87116135184,0.271028037383178,NA,"844260778522539284"
"844260850660374036","C19H17F2NO4","[M + H]+",6,1.28470265594535e-05,64.7833531512233,2.02445667378864,62.7588964774347,"35","RJNMWPGOUKTNOK","COC(=O)C(=NOC)C1=CC=CC=C1COC2=CC=C(C=C2)C=C(F)F","Methyl 2-[2-[[4-(2,2-difluoroethenyl)phenoxy]methyl]phenyl]-2-methoxyiminoacetate",4.5,21,-336.922797422532,0.346938775510204,NA,"844260778522539284"
"844260850660374036","C19H17F2NO4","[M + H]+",6,1.28470265594535e-05,64.7833531512233,2.02445667378864,62.7588964774347,"35","OCIRWFVZYGWHTE","CC1=C(C=CC(=C1)OCC(=O)O)NC(=O)C2CC2C3=C(C=C(C=C3)F)F","2-[4-[[2-(2,4-Difluorophenyl)cyclopropanecarbonyl]amino]-3-methylphenoxy]acetic acid",3.1,22,-339.894693180023,0.325581395348837,NA,"844260778522539284"
"844260850660374036","C19H17F2NO4","[M + H]+",6,1.28470265594535e-05,64.7833531512233,2.02445667378864,62.7588964774347,"35","RIDDUNOVYJNVRB","CCOC(=O)C(=CC(=O)C=CC1=CC=CN1CC2=CC(=CC(=C2)F)F)O","ethyl (2Z,5E)-6-[1-[(3,5-difluorophenyl)methyl]pyrrol-2-yl]-2-hydroxy-4-oxo-hexa-2,5-dienoate",3.5,23,-341.600552667444,0.26605504587156,NA,"844260778522539284"
"844260850660374036","C19H17F2NO4","[M + H]+",6,1.28470265594535e-05,64.7833531512233,2.02445667378864,62.7588964774347,"35","SIGSTKJXPZSXHA","CN(C1=CC=C(C=C1)OCC(=O)O)C(=O)C2CC2C3=C(C=C(C=C3)F)F","2-[4-[[2-(2,4-Difluorophenyl)cyclopropanecarbonyl]-methylamino]phenoxy]acetic acid",2.9,24,-341.717397213659,0.305970149253731,NA,"844260778522539284"
"844260850660374036","C19H17F2NO4","[M + H]+",6,1.28470265594535e-05,64.7833531512233,2.02445667378864,62.7588964774347,"35","QPDUHIQOZUOZND","COC(=O)C(C1=CC=CC=C1)(C(=C(C(=O)OCC2=CC=CC=C2)F)F)N","(E)-2,3-Difluoro-4-amino-4-phenyl-2-pentenedioic acid 1-benzyl 5-methyl ester",2.7,25,-342.695091506332,0.258620689655172,NA,"844260778522539284"
"844260850660374036","C19H17F2NO4","[M + H]+",6,1.28470265594535e-05,64.7833531512233,2.02445667378864,62.7588964774347,"35","FOSKDASGVDQHNX","CC1=CC(=CC=C1)NC(=O)COC(=O)C=CC2=CC=C(C=C2)OC(F)F","[2-(3-methylanilino)-2-oxoethyl] (E)-3-[4-(difluoromethoxy)phenyl]prop-2-enoate",4.4,26,-343.006412388337,0.312,NA,"844260778522539284"
"844260850660374036","C19H17F2NO4","[M + H]+",6,1.28470265594535e-05,64.7833531512233,2.02445667378864,62.7588964774347,"35","KDABXUDXVNRRDF","CC1=C(C=CC(=C1)OCC(=O)O)NC(=O)C2CC2C3=C(C=CC=C3F)F","2-[4-[[2-(2,6-Difluorophenyl)cyclopropanecarbonyl]amino]-3-methylphenoxy]acetic acid",3.1,27,-343.724279811591,0.35,NA,"844260778522539284"
"844260850660374036","C19H17F2NO4","[M + H]+",6,1.28470265594535e-05,64.7833531512233,2.02445667378864,62.7588964774347,"35","OQNAPFSUZZLKIL","CC1=CC=C(C=C1)C=CC(=O)OCC(=O)NC2=CC=C(C=C2)OC(F)F","[2-[4-(difluoromethoxy)anilino]-2-oxoethyl] (E)-3-(4-methylphenyl)prop-2-enoate",4.4,28,-343.879723505714,0.342105263157895,NA,"844260778522539284"
"844260850660374036","C19H17F2NO4","[M + H]+",6,1.28470265594535e-05,64.7833531512233,2.02445667378864,62.7588964774347,"35","UYKLPKVIJHNFJX","CCOC(=O)C(=CC(=O)C=CC1=CC=CN1CC2=CC(=C(C=C2)F)F)O","6-[1-(3,4-Difluorobenzyl)-1H-pyrrole-2-yl]-2-hydroxy-4-oxo-2,5-hexadienoic acid ethyl ester",3.5,29,-346.547130477911,0.263157894736842,NA,"844260778522539284"
"844260850660374036","C19H17F2NO4","[M + H]+",6,1.28470265594535e-05,64.7833531512233,2.02445667378864,62.7588964774347,"35","DDTGXOZZTPLBPD","CCOC(=O)C(=O)CC(=O)C=CC1=CC=CN1CC2=C(C=CC=C2F)F","ethyl (E)-6-[1-[(2,6-difluorophenyl)methyl]pyrrol-2-yl]-2,4-dioxohex-5-enoate",2.9,30,-348.383293830861,0.275229357798165,NA,"844260778522539284"
"844260850660374036","C19H17F2NO4","[M + H]+",6,1.28470265594535e-05,64.7833531512233,2.02445667378864,62.7588964774347,"35","ZPZYDSVTDVAGES","COC1=CC=C(C=C1)C(C(=O)O)NC(=O)C2CC2C3=C(C=C(C=C3)F)F","2-[[2-(2,4-Difluorophenyl)cyclopropanecarbonyl]amino]-2-(4-methoxyphenyl)acetic acid",2.9,31,-349.734533427845,0.26530612244898,NA,"844260778522539284"
"844260850660374036","C19H17F2NO4","[M + H]+",6,1.28470265594535e-05,64.7833531512233,2.02445667378864,62.7588964774347,"35","NDLIYEPHFDFQGW","COC1=CC=C(C=C1)OCC(=O)NCC#CCOC2=C(C=C(C=C2)F)F","N-(4-(2,4-difluorophenoxy)but-2-yn-1-yl)-2-(4-methoxyphenoxy)acetamide",3.1,32,-350.162916963468,0.317307692307692,NA,"844260778522539284"
"844260850660374036","C19H17F2NO4","[M + H]+",6,1.28470265594535e-05,64.7833531512233,2.02445667378864,62.7588964774347,"35","AKKIYJUXSGEVIB","CCOC(=O)C(=CC(=O)C=CC1=CC=CN1CC2=C(C(=CC=C2)F)F)O","ethyl (2Z,5E)-6-[1-[(2,3-difluorophenyl)methyl]pyrrol-2-yl]-2-hydroxy-4-oxo-hexa-2,5-dienoate",3.5,33,-350.811010423686,0.26605504587156,NA,"844260778522539284"
"844260850660374036","C19H17F2NO4","[M + H]+",6,1.28470265594535e-05,64.7833531512233,2.02445667378864,62.7588964774347,"35","LPPXGYHDXBOFCQ","CCOC(C1=C(C=C(C=C1F)OC2=CC=C(C=C2)C#N)F)C(=O)OCC","Ethyl 2-[4-(4-cyanophenoxy)-2,6-difluorophenyl]-2-ethoxyacetate",3.9,34,-351.071393514219,0.297297297297297,NA,"844260778522539284"
"844260850660374037","C13H18F2N5O3P","[M + H]+",7,7.97583303735119e-06,64.3066568621197,2.1033740517076,62.2032828104121,"35",NA,NA,NA,NA,NA,NA,NA,NA,"844260778522539284"
"844260850660374038","C20H15N3O4","[M + H]+",8,4.50777164926662e-06,63.7360437031494,0.774675038830662,62.9613686643188,"35",NA,NA,NA,NA,NA,NA,NA,NA,"844260778522539284"
"844260850660374039","C17H16FN3O5","[M + H]+",9,1.63231686285345e-06,62.720241156666,2.54169317096011,60.1785479857059,"35",NA,NA,NA,NA,NA,NA,NA,NA,"844260778522539284"
"844260850660374040","C12H22F2NO7P","[M + H]+",10,2.69782783134417e-07,60.9201026121271,1.17955859531173,59.7405440168153,"35",NA,NA,NA,NA,NA,NA,NA,NA,"844260778522539284"
