"formulaId","molecularFormula","adduct","rank.x","siriusScoreNormalized","siriusScore","isotopeScore","treeScore","xcms_fts","inchiKey","smiles","structureName","xlogP","rank.y","csiScore","tanimotoSimilarity","mcesDistToTopHit","sirius_fts"
"844260481827585933","C17H16FN3O4","[M + H]+",1,0.998686737607953,58.0960188744033,2.91486566358995,55.1811532108133,"1","FVCPNISTSVVUPX","COC1=CC(=C(C=C1)O)C=NNC(=O)CNC(=O)C2=CC=C(C=C2)F","4-fluoro-N-[2-[(2Z)-2-[(2-hydroxy-5-methoxyphenyl)methylidene]hydrazinyl]-2-oxoethyl]benzamide",1.9,1,-323.493809447409,0.261363636363636,0,"844260171910459832"
"844260481827585933","C17H16FN3O4","[M + H]+",1,0.998686737607953,58.0960188744033,2.91486566358995,55.1811532108133,"1","ZBLZEVQPDZRXNP","COC1=CC=CC(=C1O)C=NNC(=O)CNC(=O)C2=CC=C(C=C2)F","4-fluoro-N-[2-[2-[(2-hydroxy-3-methoxyphenyl)methylidene]hydrazinyl]-2-oxoethyl]benzamide",1.9,2,-385.210656561847,0.229508196721311,2,"844260171910459832"
"844260481827585933","C17H16FN3O4","[M + H]+",1,0.998686737607953,58.0960188744033,2.91486566358995,55.1811532108133,"1","LHZAPCAVMNVKID","CCOC1=C(C=CC(=C1)C=NNC(=O)C(=O)NC2=CC=C(C=C2)F)O","N'-[(3-ethoxy-4-hydroxyphenyl)methylideneamino]-N-(4-fluorophenyl)oxamide",2.5,3,-389.517519200433,0.247126436781609,Inf,"844260171910459832"
"844260481827585933","C17H16FN3O4","[M + H]+",1,0.998686737607953,58.0960188744033,2.91486566358995,55.1811532108133,"1","HAZCGTFRKOCWQZ","CC(=O)NC(CC1=CC=C(C=C1)F)C(=O)NC2=CC=C(C=C2)[N+](=O)[O-]","2-Acetamido-3-(4-fluorophenyl)-N-(4-nitrophenyl)propanamide (3c)",2.7804983,4,-389.956490819953,0.156565656565657,NA,"844260171910459832"
"844260481827585933","C17H16FN3O4","[M + H]+",1,0.998686737607953,58.0960188744033,2.91486566358995,55.1811532108133,"1","RYUXKVAKPFRBTB","CC(=O)NC(CC1=CC=CC=C1F)C(=O)NC2=CC=C(C=C2)[N+](=O)[O-]","2-Acetamido-3-(2-fluorophenyl)-N-(4-nitrophenyl)propanamide (1c)",2.4,5,-408.461207864578,0.157068062827225,NA,"844260171910459832"
"844260481827585933","C17H16FN3O4","[M + H]+",1,0.998686737607953,58.0960188744033,2.91486566358995,55.1811532108133,"1","JKZPDGNJAAVKEG","CC(=O)NC(CC1=CC(=CC=C1)F)C(=O)NC2=CC=C(C=C2)[N+](=O)[O-]","2-Acetamido-3-(3-fluorophenyl)-N-(4-nitrophenyl)propanamide (2c)",2.4,6,-414.949823355728,0.161458333333333,NA,"844260171910459832"
"844260481827585933","C17H16FN3O4","[M + H]+",1,0.998686737607953,58.0960188744033,2.91486566358995,55.1811532108133,"1","NWVXUXFCAZFSQH","C1CN(CCN1)C2=C(C=C3C(=C2)N(C=C(C3=O)C(=O)O)C4CC4=O)F","Oxo-ciprofloxacin",0.33245212,7,-417.089819685688,0.276041666666667,NA,"844260171910459832"
"844260481827585933","C17H16FN3O4","[M + H]+",1,0.998686737607953,58.0960188744033,2.91486566358995,55.1811532108133,"1","MYYZZOHRULFPOQ","C1CC1N2C=C(C(=O)C3=CC(=C(C=C32)N4CCNC(=O)C4)F)C(=O)O","Oxociprofloxacin",0.96316284,8,-465.778365101331,0.259803921568627,NA,"844260171910459832"
"844260481827585933","C17H16FN3O4","[M + H]+",1,0.998686737607953,58.0960188744033,2.91486566358995,55.1811532108133,"1","VDCWENWOWUDREX","CC1=CC(=NO1)C(=O)N2CCC3COC(=O)N3C4=C(C2)C=CC(=C4)F","14-fluoro-9-(5-methyl-1,2-oxazole-3-carbonyl)-4-oxa-2,9-diazatricyclo[9.4.0.0²,⁶]pentadeca-1(15),11,13-trien-3-one",1.9,9,-476.294776640827,0.255434782608696,NA,"844260171910459832"
"844260481827585933","C17H16FN3O4","[M + H]+",1,0.998686737607953,58.0960188744033,2.91486566358995,55.1811532108133,"1","VCWNLVLFIZZTLZ","C1C2C(CN1C(=O)C3=CC=NO3)OCC(=O)N2CC4=CC=C(C=C4)F","4-[(4-fluorophenyl)methyl]-6-(1,2-oxazole-5-carbonyl)-octahydropyrrolo[3,4-b][1,4]oxazin-3-one",0.8,10,-497.625931439828,0.220512820512821,NA,"844260171910459832"
"844260481827585934","C14H16F3N4O3","[M + H]+",2,0.00105328456570197,51.2414911603727,1.42071232070382,49.8207788396688,"1",NA,NA,NA,NA,NA,NA,NA,NA,"844260171910459832"
"844260481827585935","C14H17F2N3O5","[M + H]+",3,0.000129884446485801,49.1484676239032,2.88196011976018,46.2665075041431,"1",NA,NA,NA,NA,NA,NA,NA,NA,"844260171910459832"
"844260481827585936","C9H15N9O6","[M + H]+",4,7.6761136557818e-05,48.6225209195874,0.0652494184912022,48.5572715010962,"1",NA,NA,NA,NA,NA,NA,NA,NA,"844260171910459832"
"844260481827585937","C11H18F3N3O6","[M + H]+",5,4.32376576849336e-05,48.0485342631209,0.76411251312682,47.2844217499941,"1",NA,NA,NA,NA,NA,NA,NA,NA,"844260171910459832"
"844260481827585938","C12H14F3N7O2","[M + H]+",6,5.89780765415888e-06,46.0564031397322,1.70778640899802,44.3486167307342,"1",NA,NA,NA,NA,NA,NA,NA,NA,"844260171910459832"
"844260481827585939","C15H13F2N7O","[M + H]+",7,1.93468092873558e-06,44.9417648600907,3.4823652022235,41.4593996578672,"1",NA,NA,NA,NA,NA,NA,NA,NA,"844260171910459832"
"844260481827585940","C19H17F2NO3","[M + H]+",8,1.19533485902556e-06,44.4602488048037,1.40199172832561,43.0582570764781,"1",NA,NA,NA,NA,NA,NA,NA,NA,"844260171910459832"
"844260481827585941","C12H22F2NO6P","[M + H]+",9,4.82171804264315e-07,43.5523676538569,0.708038908894962,42.8443287449619,"1",NA,NA,NA,NA,NA,NA,NA,NA,"844260171910459832"
"844260481827585942","C15H21FNO5P","[M + H]+",10,3.78886333549443e-07,43.3113034115546,3.24990444418819,40.0613989673665,"1",NA,NA,NA,NA,NA,NA,NA,NA,"844260171910459832"
"844260481248771961","C14H20FN3O4S","[M + H]+",1,0.838411142519622,41.5237810615642,0,41.5237810615642,"2",NA,NA,NA,NA,NA,NA,NA,NA,"844260171964985785"
"844260481248771962","C17H19N3O3S","[M + H]+",2,0.157648741400027,39.8526418603183,0,39.8526418603183,"2","SUBDBMMJDZJVOS","CC1=CN=C(C(=C1OC)C)CS(=O)C2=NC3=C(N2)C=C(C=C3)OC","6-methoxy-2-[(4-methoxy-3,5-dimethylpyridin-2-yl)methanesulfinyl]-1H-1,3-benzodiazole",2.6206226,1,-9.28580187388581,0.983606557377049,0,"844260171964985785"
"844260481248771962","C17H19N3O3S","[M + H]+",2,0.157648741400027,39.8526418603183,0,39.8526418603183,"2","ZWNARYKSNTWUOM","C1CN(CN1CC2=CC=CC=C2)C(=O)C3=CC=C(C=C3)S(=O)(=O)N","4-[3-(Phenylmethyl)imidazolidin-1-yl]carbonylbenzenesulfonamide",1.3,2,-464.368515118916,0.141509433962264,Inf,"844260171964985785"
"844260481248771962","C17H19N3O3S","[M + H]+",2,0.157648741400027,39.8526418603183,0,39.8526418603183,"2","FDDLMBKEDYPNER","C1CN(CCN1CCC(=O)C2=CC=CS2)C3=CC=C(C=C3)[N+](=O)[O-]","3-[4-(4-Nitrophenyl)piperazino]-1-(2-thienyl)-1-propanone",3,3,-493.461568360049,0.146341463414634,NA,"844260171964985785"
"844260481248771962","C17H19N3O3S","[M + H]+",2,0.157648741400027,39.8526418603183,0,39.8526418603183,"2","SJXKOSOSNRUTAX","C1CN(CCN1CC2=CC=CO2)C(=S)NC3=CC4=C(C=C3)OCO4","N-(1,3-benzodioxol-5-yl)-4-(furan-2-ylmethyl)piperazin-4-ium-1-carbothioamide",1.9,4,-511.944006007128,0.23469387755102,NA,"844260171964985785"
"844260481248771962","C17H19N3O3S","[M + H]+",2,0.157648741400027,39.8526418603183,0,39.8526418603183,"2","HVGVNYJRZJHYBS","CC1=CC(=C(C=C1)S(=O)(=O)NC2=CC3=C(C=C2)N(C(=O)N3C)C)C","N-(1,3-dimethyl-2-oxo-2,3-dihydro-1H-benzimidazol-5-yl)-2,4-dimethylbenzenesulfonamide",2.2,5,-529.380829246715,0.317647058823529,NA,"844260171964985785"
"844260481248771962","C17H19N3O3S","[M + H]+",2,0.157648741400027,39.8526418603183,0,39.8526418603183,"2","LJAVIEUWQYYONW","COC1=CC=C(C=C1)C2=NC(=NC=C2)SCC(=O)N3CCOCC3","2-[[4-(4-Methoxyphenyl)-2-pyrimidinyl]thio]-1-(4-morpholinyl)ethanone",1.8,6,-540.535736553351,0.308056872037915,NA,"844260171964985785"
"844260481248771962","C17H19N3O3S","[M + H]+",2,0.157648741400027,39.8526418603183,0,39.8526418603183,"2","IBAYUWQIQGOLBX","CCOC1=C(C=CC(=C1)C=NNC(=S)NC2=CC=C(C=C2)OC)O","1-[(3-Ethoxy-4-hydroxyphenyl)methylideneamino]-3-(4-methoxyphenyl)thiourea",3.1,7,-546.244523390849,0.244791666666667,NA,"844260171964985785"
"844260481248771962","C17H19N3O3S","[M + H]+",2,0.157648741400027,39.8526418603183,0,39.8526418603183,"2","ABBDYGNALLZFNP","COC1=C(C=C(C=C1)C(=O)NNC(=S)NCC2=CC=CC=C2)OC","N-Benzyl-2-(3,4-dimethoxybenzoyl)hydrazinecarbothioamide",2.6,8,-569.251843122801,0.158914728682171,NA,"844260171964985785"
"844260481248771962","C17H19N3O3S","[M + H]+",2,0.157648741400027,39.8526418603183,0,39.8526418603183,"2","KMCSXFINGGBOFP","C1CN(CC2=CC=CC=C21)CC(=O)NC3=CC=C(C=C3)S(=O)(=O)N","N-(4-sulfamoylphenyl)-2-(1,2,3,4-tetrahydroisoquinolin-2-yl)acetamide",1.3,9,-576.838958505469,0.135021097046413,NA,"844260171964985785"
"844260481248771962","C17H19N3O3S","[M + H]+",2,0.157648741400027,39.8526418603183,0,39.8526418603183,"2","AIBMIQGSVBRQNH","COC1=CC(=CC(=C1OC)OC)C=NNC(=S)NC2=CC=CC=C2","(Phenylcarbamothioylamino)-[(3,4,5-trimethoxyphenyl)methylidene]azanium",3.1,10,-577.694962457428,0.183574879227053,NA,"844260171964985785"
"844260481248771962","C17H19N3O3S","[M + H]+",2,0.157648741400027,39.8526418603183,0,39.8526418603183,"2","HHTWCWCZKQRKRJ","CN1C2=CC=CC=C2N(C3=CC=CC=C3S1(=O)=O)C(=O)CN(C)C","6-Methyl-6,11-dihydro-11-((N,N-dimethylamino)acetyl)dibenzo(c,f)-(1,2,5)-thiadiazepine 5,5-dioxide",1.7,11,-603.689389809607,0.2,NA,"844260171964985785"
"844260481248771962","C17H19N3O3S","[M + H]+",2,0.157648741400027,39.8526418603183,0,39.8526418603183,"2","RHRSBTVNCCOGDJ","CC1=CC(=NC(=N1)SC(C2=CC=CC=C2)C(=O)O)N3CCOCC3","(2S)-2-(4-methyl-6-morpholin-4-ylpyrimidin-2-yl)sulfanyl-2-phenylacetate",2.8,12,-609.958751106073,0.207729468599034,NA,"844260171964985785"
"844260481248771962","C17H19N3O3S","[M + H]+",2,0.157648741400027,39.8526418603183,0,39.8526418603183,"2","RSMGOJOYNVIKHB","COC1=C(C(=C(C=C1)C=NNC(=S)NC2=CC=CC=C2)OC)OC","1-Phenyl-3-[(2,3,4-trimethoxyphenyl)methylideneamino]thiourea",3.1,13,-612.476451938668,0.202970297029703,NA,"844260171964985785"
"844260481248771962","C17H19N3O3S","[M + H]+",2,0.157648741400027,39.8526418603183,0,39.8526418603183,"2","FUYKCLPJJPJJTN","COC1=CC(=C(C=C1C=NNC(=S)NC2=CC=CC=C2)OC)OC","(Phenylcarbamothioylamino)-[(2,4,5-trimethoxyphenyl)methylidene]azanium",3.1,14,-636.401821763612,0.205,NA,"844260171964985785"
"844260481248771962","C17H19N3O3S","[M + H]+",2,0.157648741400027,39.8526418603183,0,39.8526418603183,"2","WPIILTPYKOWHQU","COC1=CC2=C(C=C1)NC=C2CCNS(=O)(=O)C3=CC=C(C=C3)N","4-amino-N-[2-(5-methoxy-1H-indol-3-yl)ethyl]benzene-1-sulfonamide",2.4006016,15,-646.394684680936,0.339712918660287,NA,"844260171964985785"
"844260481248771963","C16H24ClNO3S","[M + H]+",3,0.00251668901895361,35.7152166141235,0,35.7152166141235,"2",NA,NA,NA,NA,NA,NA,NA,NA,"844260171964985785"
"844260481248771964","C14H22ClN4O2S","[M + H]+",4,0.00127553821883567,35.0356406798244,0,35.0356406798244,"2",NA,NA,NA,NA,NA,NA,NA,NA,"844260171964985785"
"844260481248771965","C14H23N3O3S2","[M + H]+",5,0.000101989182152732,32.5093839292182,0,32.5093839292182,"2",NA,NA,NA,NA,NA,NA,NA,NA,"844260171964985785"
"844260481248771966","C13H20BClN2O6","[M + H]+",6,2.8597033483491e-05,31.2378201669772,0,31.2378201669772,"2",NA,NA,NA,NA,NA,NA,NA,NA,"844260171964985785"
"844260481248771967","C11H18F3N3O6","[M + H]+",7,7.01281198740608e-06,29.8322559389264,0.736729812629903,29.0955261262965,"2",NA,NA,NA,NA,NA,NA,NA,NA,"844260171964985785"
"844260481248771968","C15H13F2N7O","[M + H]+",8,4.67164210255294e-06,29.4260278167144,3.30873065567697,26.1172971610374,"2",NA,NA,NA,NA,NA,NA,NA,NA,"844260171964985785"
"844260481248771969","C14H17F2N3O5","[M + H]+",9,3.14518359393876e-06,29.0303894437842,2.42514923817365,26.6052402056106,"2",NA,NA,NA,NA,NA,NA,NA,NA,"844260171964985785"
"844260481248771970","C11H21F2N3O5S","[M + H]+",10,6.54983082766939e-07,27.4613713073674,0,27.4613713073674,"2",NA,NA,NA,NA,NA,NA,NA,NA,"844260171964985785"
"844260481664008067","C17H16FN3O4","[M + H]+",1,0.533520641876442,46.5130962549849,2.86120768644623,43.6518885685387,"3","FVCPNISTSVVUPX","COC1=CC(=C(C=C1)O)C=NNC(=O)CNC(=O)C2=CC=C(C=C2)F","4-fluoro-N-[2-[(2Z)-2-[(2-hydroxy-5-methoxyphenyl)methylidene]hydrazinyl]-2-oxoethyl]benzamide",1.9,1,-298.882481507067,0.261627906976744,0,"844260171973374394"
"844260481664008067","C17H16FN3O4","[M + H]+",1,0.533520641876442,46.5130962549849,2.86120768644623,43.6518885685387,"3","ZBLZEVQPDZRXNP","COC1=CC=CC(=C1O)C=NNC(=O)CNC(=O)C2=CC=C(C=C2)F","4-fluoro-N-[2-[2-[(2-hydroxy-3-methoxyphenyl)methylidene]hydrazinyl]-2-oxoethyl]benzamide",1.9,2,-355.565040956372,0.242937853107345,2,"844260171973374394"
"844260481664008067","C17H16FN3O4","[M + H]+",1,0.533520641876442,46.5130962549849,2.86120768644623,43.6518885685387,"3","LHZAPCAVMNVKID","CCOC1=C(C=CC(=C1)C=NNC(=O)C(=O)NC2=CC=C(C=C2)F)O","N'-[(3-ethoxy-4-hydroxyphenyl)methylideneamino]-N-(4-fluorophenyl)oxamide",2.5,3,-362.533254391382,0.269461077844311,Inf,"844260171973374394"
"844260481664008067","C17H16FN3O4","[M + H]+",1,0.533520641876442,46.5130962549849,2.86120768644623,43.6518885685387,"3","HAZCGTFRKOCWQZ","CC(=O)NC(CC1=CC=C(C=C1)F)C(=O)NC2=CC=C(C=C2)[N+](=O)[O-]","2-Acetamido-3-(4-fluorophenyl)-N-(4-nitrophenyl)propanamide (3c)",2.7804983,4,-373.376861061744,0.178947368421053,NA,"844260171973374394"
"844260481664008067","C17H16FN3O4","[M + H]+",1,0.533520641876442,46.5130962549849,2.86120768644623,43.6518885685387,"3","NWVXUXFCAZFSQH","C1CN(CCN1)C2=C(C=C3C(=C2)N(C=C(C3=O)C(=O)O)C4CC4=O)F","Oxo-ciprofloxacin",0.33245212,5,-377.473284396046,0.333333333333333,NA,"844260171973374394"
"844260481664008067","C17H16FN3O4","[M + H]+",1,0.533520641876442,46.5130962549849,2.86120768644623,43.6518885685387,"3","JKZPDGNJAAVKEG","CC(=O)NC(CC1=CC(=CC=C1)F)C(=O)NC2=CC=C(C=C2)[N+](=O)[O-]","2-Acetamido-3-(3-fluorophenyl)-N-(4-nitrophenyl)propanamide (2c)",2.4,6,-396.71296639042,0.184782608695652,NA,"844260171973374394"
"844260481664008067","C17H16FN3O4","[M + H]+",1,0.533520641876442,46.5130962549849,2.86120768644623,43.6518885685387,"3","RYUXKVAKPFRBTB","CC(=O)NC(CC1=CC=CC=C1F)C(=O)NC2=CC=C(C=C2)[N+](=O)[O-]","2-Acetamido-3-(2-fluorophenyl)-N-(4-nitrophenyl)propanamide (1c)",2.4,7,-401.971713647953,0.180327868852459,NA,"844260171973374394"
"844260481664008067","C17H16FN3O4","[M + H]+",1,0.533520641876442,46.5130962549849,2.86120768644623,43.6518885685387,"3","VDCWENWOWUDREX","CC1=CC(=NO1)C(=O)N2CCC3COC(=O)N3C4=C(C2)C=CC(=C4)F","14-fluoro-9-(5-methyl-1,2-oxazole-3-carbonyl)-4-oxa-2,9-diazatricyclo[9.4.0.0²,⁶]pentadeca-1(15),11,13-trien-3-one",1.9,8,-417.317285312922,0.291428571428571,NA,"844260171973374394"
"844260481664008067","C17H16FN3O4","[M + H]+",1,0.533520641876442,46.5130962549849,2.86120768644623,43.6518885685387,"3","MYYZZOHRULFPOQ","C1CC1N2C=C(C(=O)C3=CC(=C(C=C32)N4CCNC(=O)C4)F)C(=O)O","Oxociprofloxacin",0.96316284,9,-417.811741556823,0.3125,NA,"844260171973374394"
"844260481664008067","C17H16FN3O4","[M + H]+",1,0.533520641876442,46.5130962549849,2.86120768644623,43.6518885685387,"3","VCWNLVLFIZZTLZ","C1C2C(CN1C(=O)C3=CC=NO3)OCC(=O)N2CC4=CC=C(C=C4)F","4-[(4-fluorophenyl)methyl]-6-(1,2-oxazole-5-carbonyl)-octahydropyrrolo[3,4-b][1,4]oxazin-3-one",0.8,10,-457.355963309008,0.232804232804233,NA,"844260171973374394"
"844260481664008068","C14H17F2N3O5","[M + H]+",2,0.360248131266383,46.1203915411061,2.73673705803918,43.3836544830669,"3",NA,NA,NA,NA,NA,NA,NA,NA,"844260171973374394"
"844260481664008069","C11H18F3N3O6","[M + H]+",3,0.0905309574462184,44.7392903570061,0.616757804855496,44.1225325521506,"3",NA,NA,NA,NA,NA,NA,NA,NA,"844260171973374394"
"844260481664008070","C9H15N9O6","[M + H]+",4,0.0071994405406201,42.2076018138757,0,42.2076018138757,"3",NA,NA,NA,NA,NA,NA,NA,NA,"844260171973374394"
"844260481664008071","C12H14F3N7O2","[M + H]+",5,0.00548973971561152,41.9364793373264,1.61343140474991,40.3230479325765,"3",NA,NA,NA,NA,NA,NA,NA,NA,"844260171973374394"
"844260481664008072","C14H16F3N4O3","[M + H]+",6,0.00207313857249948,40.9626621711415,1.36473310414974,39.5979290669918,"3",NA,NA,NA,NA,NA,NA,NA,NA,"844260171973374394"
"844260481664008073","C15H13F2N7O","[M + H]+",7,0.000570201659390305,39.6718333012465,3.47889328532361,36.1929400159229,"3",NA,NA,NA,NA,NA,NA,NA,NA,"844260171973374394"
"844260481664008074","C12H22F2NO6P","[M + H]+",8,0.00031566953111896,39.0805390933535,0.599580762075765,38.4809583312777,"3",NA,NA,NA,NA,NA,NA,NA,NA,"844260171973374394"
"844260481664008075","C11H17N6O7","[M + H]+",9,2.87589898916448e-05,36.6847936248309,0.913403864528646,35.7713897603023,"3",NA,NA,NA,NA,NA,NA,NA,NA,"844260171973374394"
"844260481664008076","C14H23N2O4P2","[M + H]+",10,4.78905690097581e-06,34.8921767174707,2.42223726479391,32.4699394526768,"3",NA,NA,NA,NA,NA,NA,NA,NA,"844260171973374394"
"844260468267399235","C17H16FN3O4","[M + Na]+",1,0.999911624336544,55.9069527977445,2.76717714782955,53.1397756499149,"4","NWVXUXFCAZFSQH","C1CN(CCN1)C2=C(C=C3C(=C2)N(C=C(C3=O)C(=O)O)C4CC4=O)F","Oxo-ciprofloxacin",0.33245212,1,-270.208229352373,0.494047619047619,0,"844260171981763003"
"844260468267399235","C17H16FN3O4","[M + Na]+",1,0.999911624336544,55.9069527977445,2.76717714782955,53.1397756499149,"4","FVCPNISTSVVUPX","COC1=CC(=C(C=C1)O)C=NNC(=O)CNC(=O)C2=CC=C(C=C2)F","4-fluoro-N-[2-[(2Z)-2-[(2-hydroxy-5-methoxyphenyl)methylidene]hydrazinyl]-2-oxoethyl]benzamide",1.9,2,-307.348641182916,0.295454545454545,Inf,"844260171981763003"
"844260468267399235","C17H16FN3O4","[M + Na]+",1,0.999911624336544,55.9069527977445,2.76717714782955,53.1397756499149,"4","MYYZZOHRULFPOQ","C1CC1N2C=C(C(=O)C3=CC(=C(C=C32)N4CCNC(=O)C4)F)C(=O)O","Oxociprofloxacin",0.96316284,3,-341.983481339928,0.47752808988764,NA,"844260171981763003"
"844260468267399235","C17H16FN3O4","[M + Na]+",1,0.999911624336544,55.9069527977445,2.76717714782955,53.1397756499149,"4","LHZAPCAVMNVKID","CCOC1=C(C=CC(=C1)C=NNC(=O)C(=O)NC2=CC=C(C=C2)F)O","N'-[(3-ethoxy-4-hydroxyphenyl)methylideneamino]-N-(4-fluorophenyl)oxamide",2.5,4,-350.968293246702,0.311764705882353,NA,"844260171981763003"
"844260468267399235","C17H16FN3O4","[M + Na]+",1,0.999911624336544,55.9069527977445,2.76717714782955,53.1397756499149,"4","ZBLZEVQPDZRXNP","COC1=CC=CC(=C1O)C=NNC(=O)CNC(=O)C2=CC=C(C=C2)F","4-fluoro-N-[2-[2-[(2-hydroxy-3-methoxyphenyl)methylidene]hydrazinyl]-2-oxoethyl]benzamide",1.9,5,-352.981853665401,0.290502793296089,NA,"844260171981763003"
"844260468267399235","C17H16FN3O4","[M + Na]+",1,0.999911624336544,55.9069527977445,2.76717714782955,53.1397756499149,"4","HAZCGTFRKOCWQZ","CC(=O)NC(CC1=CC=C(C=C1)F)C(=O)NC2=CC=C(C=C2)[N+](=O)[O-]","2-Acetamido-3-(4-fluorophenyl)-N-(4-nitrophenyl)propanamide (3c)",2.7804983,6,-396.531215394369,0.198979591836735,NA,"844260171981763003"
"844260468267399235","C17H16FN3O4","[M + Na]+",1,0.999911624336544,55.9069527977445,2.76717714782955,53.1397756499149,"4","JKZPDGNJAAVKEG","CC(=O)NC(CC1=CC(=CC=C1)F)C(=O)NC2=CC=C(C=C2)[N+](=O)[O-]","2-Acetamido-3-(3-fluorophenyl)-N-(4-nitrophenyl)propanamide (2c)",2.4,7,-404.883466887618,0.211640211640212,NA,"844260171981763003"
"844260468267399235","C17H16FN3O4","[M + Na]+",1,0.999911624336544,55.9069527977445,2.76717714782955,53.1397756499149,"4","RYUXKVAKPFRBTB","CC(=O)NC(CC1=CC=CC=C1F)C(=O)NC2=CC=C(C=C2)[N+](=O)[O-]","2-Acetamido-3-(2-fluorophenyl)-N-(4-nitrophenyl)propanamide (1c)",2.4,8,-431.502872214454,0.201058201058201,NA,"844260171981763003"
"844260468267399235","C17H16FN3O4","[M + Na]+",1,0.999911624336544,55.9069527977445,2.76717714782955,53.1397756499149,"4","VCWNLVLFIZZTLZ","C1C2C(CN1C(=O)C3=CC=NO3)OCC(=O)N2CC4=CC=C(C=C4)F","4-[(4-fluorophenyl)methyl]-6-(1,2-oxazole-5-carbonyl)-octahydropyrrolo[3,4-b][1,4]oxazin-3-one",0.8,9,-435.358525115712,0.238578680203046,NA,"844260171981763003"
"844260468267399235","C17H16FN3O4","[M + Na]+",1,0.999911624336544,55.9069527977445,2.76717714782955,53.1397756499149,"4","VDCWENWOWUDREX","CC1=CC(=NO1)C(=O)N2CCC3COC(=O)N3C4=C(C2)C=CC(=C4)F","14-fluoro-9-(5-methyl-1,2-oxazole-3-carbonyl)-4-oxa-2,9-diazatricyclo[9.4.0.0²,⁶]pentadeca-1(15),11,13-trien-3-one",1.9,10,-456.478532786843,0.302197802197802,NA,"844260171981763003"
"844260468267399236","C14H17F2N3O5","[M + Na]+",2,6.20648815240821e-05,46.2197109334145,2.92457304503572,43.2951378883787,"4",NA,NA,NA,NA,NA,NA,NA,NA,"844260171981763003"
"844260468267399237","C15H13F2N7O","[M + Na]+",3,1.22293450500859e-05,44.5953690148819,3.39744667444775,41.1979223404342,"4",NA,NA,NA,NA,NA,NA,NA,NA,"844260171981763003"
"844260468267399238","C20H15N3O3","[M + Na]+",4,5.84871777150766e-06,43.8577530722107,0.86014210874272,42.997610963468,"4",NA,NA,NA,NA,NA,NA,NA,NA,"844260171981763003"
"844260468267399239","C11H18F3N3O6","[M + Na]+",5,2.39518463839304e-06,42.9649909405151,1.15126405511748,41.8137268853976,"4",NA,NA,NA,NA,NA,NA,NA,NA,"844260171981763003"
"844260468267399240","C9H15N9O6","[M + Na]+",6,1.78103341802187e-06,42.6687243871087,0.479481033052932,42.1892433540558,"4",NA,NA,NA,NA,NA,NA,NA,NA,"844260171981763003"
"844260468267399241","C14H16F3N4O3","[M + Na]+",7,1.30800373268698e-06,42.3600327261162,1.78118372503321,40.5788490010829,"4",NA,NA,NA,NA,NA,NA,NA,NA,"844260171981763003"
"844260468267399242","C22H16FNO2","[M + Na]+",8,1.24712444813006e-06,42.3123710790867,0.56597286939714,41.7463982096896,"4",NA,NA,NA,NA,NA,NA,NA,NA,"844260171981763003"
"844260468267399243","C14H17F6NO2","[M + Na]+",9,9.69586591551286e-07,42.0606451267407,2.05968020522508,40.0009649215156,"4",NA,NA,NA,NA,NA,NA,NA,NA,"844260171981763003"
"844260468267399244","C12H14F3N7O2","[M + Na]+",10,2.30524466431892e-07,40.6241323422113,2.00728474129565,38.6168476009157,"4",NA,NA,NA,NA,NA,NA,NA,NA,"844260171981763003"
"844260472491063373","C17H16FN3O4","[M + H]+",1,0.999957795062205,53.15362897685,2.76784511318753,50.3857838636625,"5","FVCPNISTSVVUPX","COC1=CC(=C(C=C1)O)C=NNC(=O)CNC(=O)C2=CC=C(C=C2)F","4-fluoro-N-[2-[(2Z)-2-[(2-hydroxy-5-methoxyphenyl)methylidene]hydrazinyl]-2-oxoethyl]benzamide",1.9,1,-287.439157154721,0.267441860465116,0,"844260171994345916"
"844260472491063373","C17H16FN3O4","[M + H]+",1,0.999957795062205,53.15362897685,2.76784511318753,50.3857838636625,"5","ZBLZEVQPDZRXNP","COC1=CC=CC(=C1O)C=NNC(=O)CNC(=O)C2=CC=C(C=C2)F","4-fluoro-N-[2-[2-[(2-hydroxy-3-methoxyphenyl)methylidene]hydrazinyl]-2-oxoethyl]benzamide",1.9,2,-351.786705103888,0.23463687150838,2,"844260171994345916"
"844260472491063373","C17H16FN3O4","[M + H]+",1,0.999957795062205,53.15362897685,2.76784511318753,50.3857838636625,"5","LHZAPCAVMNVKID","CCOC1=C(C=CC(=C1)C=NNC(=O)C(=O)NC2=CC=C(C=C2)F)O","N'-[(3-ethoxy-4-hydroxyphenyl)methylideneamino]-N-(4-fluorophenyl)oxamide",2.5,3,-363.627459029118,0.252941176470588,Inf,"844260171994345916"
"844260472491063373","C17H16FN3O4","[M + H]+",1,0.999957795062205,53.15362897685,2.76784511318753,50.3857838636625,"5","HAZCGTFRKOCWQZ","CC(=O)NC(CC1=CC=C(C=C1)F)C(=O)NC2=CC=C(C=C2)[N+](=O)[O-]","2-Acetamido-3-(4-fluorophenyl)-N-(4-nitrophenyl)propanamide (3c)",2.7804983,4,-383.726339290702,0.153846153846154,NA,"844260171994345916"
"844260472491063373","C17H16FN3O4","[M + H]+",1,0.999957795062205,53.15362897685,2.76784511318753,50.3857838636625,"5","RYUXKVAKPFRBTB","CC(=O)NC(CC1=CC=CC=C1F)C(=O)NC2=CC=C(C=C2)[N+](=O)[O-]","2-Acetamido-3-(2-fluorophenyl)-N-(4-nitrophenyl)propanamide (1c)",2.4,5,-403.784454970139,0.154255319148936,NA,"844260171994345916"
"844260472491063373","C17H16FN3O4","[M + H]+",1,0.999957795062205,53.15362897685,2.76784511318753,50.3857838636625,"5","JKZPDGNJAAVKEG","CC(=O)NC(CC1=CC(=CC=C1)F)C(=O)NC2=CC=C(C=C2)[N+](=O)[O-]","2-Acetamido-3-(3-fluorophenyl)-N-(4-nitrophenyl)propanamide (2c)",2.4,6,-407.189242717358,0.158730158730159,NA,"844260171994345916"
"844260472491063373","C17H16FN3O4","[M + H]+",1,0.999957795062205,53.15362897685,2.76784511318753,50.3857838636625,"5","NWVXUXFCAZFSQH","C1CN(CCN1)C2=C(C=C3C(=C2)N(C=C(C3=O)C(=O)O)C4CC4=O)F","Oxo-ciprofloxacin",0.33245212,7,-413.287947088028,0.281914893617021,NA,"844260171994345916"
"844260472491063373","C17H16FN3O4","[M + H]+",1,0.999957795062205,53.15362897685,2.76784511318753,50.3857838636625,"5","VDCWENWOWUDREX","CC1=CC(=NO1)C(=O)N2CCC3COC(=O)N3C4=C(C2)C=CC(=C4)F","14-fluoro-9-(5-methyl-1,2-oxazole-3-carbonyl)-4-oxa-2,9-diazatricyclo[9.4.0.0²,⁶]pentadeca-1(15),11,13-trien-3-one",1.9,8,-442.813860751639,0.261111111111111,NA,"844260171994345916"
"844260472491063373","C17H16FN3O4","[M + H]+",1,0.999957795062205,53.15362897685,2.76784511318753,50.3857838636625,"5","MYYZZOHRULFPOQ","C1CC1N2C=C(C(=O)C3=CC(=C(C=C32)N4CCNC(=O)C4)F)C(=O)O","Oxociprofloxacin",0.96316284,9,-451.370509136079,0.265,NA,"844260171994345916"
"844260472491063373","C17H16FN3O4","[M + H]+",1,0.999957795062205,53.15362897685,2.76784511318753,50.3857838636625,"5","VCWNLVLFIZZTLZ","C1C2C(CN1C(=O)C3=CC=NO3)OCC(=O)N2CC4=CC=C(C=C4)F","4-[(4-fluorophenyl)methyl]-6-(1,2-oxazole-5-carbonyl)-octahydropyrrolo[3,4-b][1,4]oxazin-3-one",0.8,10,-498.55454454294,0.225130890052356,NA,"844260171994345916"
"844260472491063374","C14H17F2N3O5","[M + H]+",2,2.17429053006837e-05,42.4174481359643,2.91076039760263,39.5066877383617,"5",NA,NA,NA,NA,NA,NA,NA,NA,"844260171994345916"
"844260472491063375","C19H17F2NO3","[M + H]+",3,9.44757570174331e-06,41.5839187938099,1.51621114694176,40.0677076468681,"5",NA,NA,NA,NA,NA,NA,NA,NA,"844260171994345916"
"844260472491063376","C11H18F3N3O6","[M + H]+",4,5.15293053359387e-06,40.9777262131997,1.11446934146167,39.8632568717381,"5",NA,NA,NA,NA,NA,NA,NA,NA,"844260171994345916"
"844260472491063377","C9H15N9O6","[M + H]+",5,3.65541871373799e-06,40.6343712705168,0.32331119738034,40.3110600731364,"5",NA,NA,NA,NA,NA,NA,NA,NA,"844260171994345916"
"844260472491063378","C14H16F3N4O3","[M + H]+",6,9.39213344085606e-07,39.2754480026325,1.68179676869302,37.5936512339395,"5",NA,NA,NA,NA,NA,NA,NA,NA,"844260171994345916"
"844260472491063379","C12H14F3N7O2","[M + H]+",7,7.01081665538645e-07,38.9830297246098,1.97030786964237,37.0127218549674,"5",NA,NA,NA,NA,NA,NA,NA,NA,"844260171994345916"
"844260472491063380","C15H21FNO5P","[M + H]+",8,4.58964155337873e-07,38.5593774597974,3.37134374629632,35.188033713501,"5",NA,NA,NA,NA,NA,NA,NA,NA,"844260171994345916"
"844260472491063381","C12H22F2NO6P","[M + H]+",9,4.97497198978439e-08,36.3374101791267,1.14830720551557,35.1891029736111,"5",NA,NA,NA,NA,NA,NA,NA,NA,"844260171994345916"
"844260472491063382","C15H13F2N7O","[M + H]+",10,3.82256134466909e-08,36.0739111457295,3.50177563137464,32.5721355143548,"5",NA,NA,NA,NA,NA,NA,NA,NA,"844260171994345916"
"844260466392545337","C17H19N3O3S","[M + Na]+",1,0.874672622243108,48.2703152106311,3.75967314766128,44.5106420629698,"6","SUBDBMMJDZJVOS","CC1=CN=C(C(=C1OC)C)CS(=O)C2=NC3=C(N2)C=C(C=C3)OC","6-methoxy-2-[(4-methoxy-3,5-dimethylpyridin-2-yl)methanesulfinyl]-1H-1,3-benzodiazole",2.6206226,1,-25.3523150343526,0.944444444444444,0,"844260172002734525"
"844260466392545337","C17H19N3O3S","[M + Na]+",1,0.874672622243108,48.2703152106311,3.75967314766128,44.5106420629698,"6","ZWNARYKSNTWUOM","C1CN(CN1CC2=CC=CC=C2)C(=O)C3=CC=C(C=C3)S(=O)(=O)N","4-[3-(Phenylmethyl)imidazolidin-1-yl]carbonylbenzenesulfonamide",1.3,3,-435.11308272467,0.13953488372093,NA,"844260172002734525"
"844260466392545337","C17H19N3O3S","[M + Na]+",1,0.874672622243108,48.2703152106311,3.75967314766128,44.5106420629698,"6","HVGVNYJRZJHYBS","CC1=CC(=C(C=C1)S(=O)(=O)NC2=CC3=C(C=C2)N(C(=O)N3C)C)C","N-(1,3-dimethyl-2-oxo-2,3-dihydro-1H-benzimidazol-5-yl)-2,4-dimethylbenzenesulfonamide",2.2,4,-444.509019490298,0.312138728323699,NA,"844260172002734525"
"844260466392545337","C17H19N3O3S","[M + Na]+",1,0.874672622243108,48.2703152106311,3.75967314766128,44.5106420629698,"6","FDDLMBKEDYPNER","C1CN(CCN1CCC(=O)C2=CC=CS2)C3=CC=C(C=C3)[N+](=O)[O-]","3-[4-(4-Nitrophenyl)piperazino]-1-(2-thienyl)-1-propanone",3,5,-451.326654853266,0.144230769230769,NA,"844260172002734525"
"844260466392545337","C17H19N3O3S","[M + Na]+",1,0.874672622243108,48.2703152106311,3.75967314766128,44.5106420629698,"6","SJXKOSOSNRUTAX","C1CN(CCN1CC2=CC=CO2)C(=S)NC3=CC4=C(C=C3)OCO4","N-(1,3-benzodioxol-5-yl)-4-(furan-2-ylmethyl)piperazin-4-ium-1-carbothioamide",1.9,6,-520.827261869106,0.231155778894472,NA,"844260172002734525"
"844260466392545337","C17H19N3O3S","[M + Na]+",1,0.874672622243108,48.2703152106311,3.75967314766128,44.5106420629698,"6","KMCSXFINGGBOFP","C1CN(CC2=CC=CC=C21)CC(=O)NC3=CC=C(C=C3)S(=O)(=O)N","N-(4-sulfamoylphenyl)-2-(1,2,3,4-tetrahydroisoquinolin-2-yl)acetamide",1.3,7,-529.821824839679,0.133333333333333,NA,"844260172002734525"
"844260466392545337","C17H19N3O3S","[M + Na]+",1,0.874672622243108,48.2703152106311,3.75967314766128,44.5106420629698,"6","HHTWCWCZKQRKRJ","CN1C2=CC=CC=C2N(C3=CC=CC=C3S1(=O)=O)C(=O)CN(C)C","6-Methyl-6,11-dihydro-11-((N,N-dimethylamino)acetyl)dibenzo(c,f)-(1,2,5)-thiadiazepine 5,5-dioxide",1.7,8,-542.572795507124,0.196891191709845,NA,"844260172002734525"
"844260466392545337","C17H19N3O3S","[M + Na]+",1,0.874672622243108,48.2703152106311,3.75967314766128,44.5106420629698,"6","LJAVIEUWQYYONW","COC1=CC=C(C=C1)C2=NC(=NC=C2)SCC(=O)N3CCOCC3","2-[[4-(4-Methoxyphenyl)-2-pyrimidinyl]thio]-1-(4-morpholinyl)ethanone",1.8,9,-559.170018819183,0.309859154929577,NA,"844260172002734525"
"844260466392545337","C17H19N3O3S","[M + Na]+",1,0.874672622243108,48.2703152106311,3.75967314766128,44.5106420629698,"6","ABBDYGNALLZFNP","COC1=C(C=C(C=C1)C(=O)NNC(=S)NCC2=CC=CC=C2)OC","N-Benzyl-2-(3,4-dimethoxybenzoyl)hydrazinecarbothioamide",2.6,10,-559.187688446023,0.157088122605364,NA,"844260172002734525"
"844260466392545337","C17H19N3O3S","[M + Na]+",1,0.874672622243108,48.2703152106311,3.75967314766128,44.5106420629698,"6","IBAYUWQIQGOLBX","CCOC1=C(C=CC(=C1)C=NNC(=S)NC2=CC=C(C=C2)OC)O","1-[(3-Ethoxy-4-hydroxyphenyl)methylideneamino]-3-(4-methoxyphenyl)thiourea",3.1,11,-564.956063884251,0.241025641025641,NA,"844260172002734525"
"844260466392545337","C17H19N3O3S","[M + Na]+",1,0.874672622243108,48.2703152106311,3.75967314766128,44.5106420629698,"6","AIBMIQGSVBRQNH","COC1=CC(=CC(=C1OC)OC)C=NNC(=S)NC2=CC=CC=C2","(Phenylcarbamothioylamino)-[(3,4,5-trimethoxyphenyl)methylidene]azanium",3.1,12,-569.229513077848,0.180952380952381,NA,"844260172002734525"
"844260466392545337","C17H19N3O3S","[M + Na]+",1,0.874672622243108,48.2703152106311,3.75967314766128,44.5106420629698,"6","RHRSBTVNCCOGDJ","CC1=CC(=NC(=N1)SC(C2=CC=CC=C2)C(=O)O)N3CCOCC3","(2S)-2-(4-methyl-6-morpholin-4-ylpyrimidin-2-yl)sulfanyl-2-phenylacetate",2.8,13,-577.476777335458,0.210526315789474,NA,"844260172002734525"
"844260466392545337","C17H19N3O3S","[M + Na]+",1,0.874672622243108,48.2703152106311,3.75967314766128,44.5106420629698,"6","RSMGOJOYNVIKHB","COC1=C(C(=C(C=C1)C=NNC(=S)NC2=CC=CC=C2)OC)OC","1-Phenyl-3-[(2,3,4-trimethoxyphenyl)methylideneamino]thiourea",3.1,15,-605.41951599223,0.2,NA,"844260172002734525"
"844260466392545337","C17H19N3O3S","[M + Na]+",1,0.874672622243108,48.2703152106311,3.75967314766128,44.5106420629698,"6","VGDNTYWCSGTKDA","C1C2CN(CC1C3=CC=CC(=O)N3C2)S(=O)(=O)C4=CC=C(C=C4)N",NA,0.8,16,-612.122655298395,0.187793427230047,NA,"844260172002734525"
"844260466392545337","C17H19N3O3S","[M + Na]+",1,0.874672622243108,48.2703152106311,3.75967314766128,44.5106420629698,"6","WPIILTPYKOWHQU","COC1=CC2=C(C=C1)NC=C2CCNS(=O)(=O)C3=CC=C(C=C3)N","4-amino-N-[2-(5-methoxy-1H-indol-3-yl)ethyl]benzene-1-sulfonamide",2.4006016,17,-618.103369369859,0.328638497652582,NA,"844260172002734525"
"844260466392545338","C14H21N2O6S","[M + Na]+",2,0.0837572439566607,45.924388202261,2.41191940691129,43.5124687953497,"6",NA,NA,NA,NA,NA,NA,NA,NA,"844260172002734525"
"844260466392545339","C14H20FN3O4S","[M + Na]+",3,0.0404266230137385,45.1959540937115,3.18210534756807,42.0138487461434,"6",NA,NA,NA,NA,NA,NA,NA,NA,"844260172002734525"
"844260466392545340","C14H23N3O3S2","[M + Na]+",4,0.000825778430235619,41.3050367545795,0,41.3050367545795,"6","WBLFCWDWOFARFH","CC(C)CN1C2CN(CC2OCCS1(=O)=O)CC3=NC=CS3","(5aS,8aR)-1-(2-methylpropyl)-7-(1,3-thiazol-2-ylmethyl)-3,4,5a,6,8,8a-hexahydropyrrolo[3,4-f][1,4,5]oxathiazepine 2,2-dioxide",1,2,-378.025696278143,0.27683615819209,Inf,"844260172002734525"
"844260466392545340","C14H23N3O3S2","[M + Na]+",4,0.000825778430235619,41.3050367545795,0,41.3050367545795,"6","VDWQLXDLGJSQDR","C1=C(NC=N1)CC(C(=O)O)NC(=O)CCCCC(CCS)S","(2S)-2-[6,8-bis(sulfanyl)octanoylamino]-3-(1H-imidazol-5-yl)propanoic acid",1.3,14,-596.442121424223,0.19811320754717,NA,"844260172002734525"
"844260466392545341","C17H16FN3O4","[M + Na]+",5,0.000277017428091511,40.2127906828153,2.77283115761385,37.4399595252014,"6",NA,NA,NA,NA,NA,NA,NA,NA,"844260172002734525"
"844260466392545342","C15H13F2N7O","[M + Na]+",6,3.14276256496782e-05,38.0363975651887,3.40350610715141,34.6328914580373,"6",NA,NA,NA,NA,NA,NA,NA,NA,"844260172002734525"
"844260466392545343","C14H17F2N3O5","[M + Na]+",7,4.02215138205715e-06,35.9805271904539,2.6802071844524,33.3003200060015,"6",NA,NA,NA,NA,NA,NA,NA,NA,"844260172002734525"
"844260466392545344","C14H17F6NO2","[M + Na]+",8,1.49430604881291e-06,34.9903721789903,1.79367912944217,33.1966930495482,"6",NA,NA,NA,NA,NA,NA,NA,NA,"844260172002734525"
"844260466392545345","C22H16FNO2","[M + Na]+",9,1.41938521207581e-06,34.9389340899305,1.07186787009069,33.8670662198398,"6",NA,NA,NA,NA,NA,NA,NA,NA,"844260172002734525"
"844260466392545346","C14H16F3N4O3","[M + Na]+",10,1.01331400061049e-06,34.6019364095324,1.60081533742048,33.0011210721119,"6",NA,NA,NA,NA,NA,NA,NA,NA,"844260172002734525"
"844260456892446714","C14H17F2N3O5","[M + H]+",1,0.337257149501533,45.0674206863646,2.54434953452205,42.5230711518426,"7","KDWCPERQQNFZRD","CN(CCN1CCOCC1=O)C2=C(C=CC(=C2)OC(F)F)[N+](=O)[O-]","4-[2-[5-(difluoromethoxy)-N-methyl-2-nitroanilino]ethyl]morpholin-3-one",1.9,374,-362.355067738699,0.289473684210526,NA,"844260172011123134"
"844260456892446714","C14H17F2N3O5","[M + H]+",1,0.337257149501533,45.0674206863646,2.54434953452205,42.5230711518426,"7","RYYXIOLNZYBGHQ","COCCNC(=O)NC(=O)CNC1=C(C=C(C(=C1)C(=O)OC)F)F","Methyl 2,4-difluoro-5-[[2-(2-methoxyethylcarbamoylamino)-2-oxoethyl]amino]benzoate",1.3,409,-369.590833924627,0.212121212121212,NA,"844260172011123134"
"844260456892446714","C14H17F2N3O5","[M + H]+",1,0.337257149501533,45.0674206863646,2.54434953452205,42.5230711518426,"7","IWCQONMLHVONLN","CCOC(=O)N1CCN(CC1)C2=C(C=C(C(=C2CO)F)[N+](=O)[O-])F","3,6-Difluoro-2-(4-ethoxycarbonyl-1-piperazinyl)-5-nitrobenzyl alcohol",1.2,446,-377.957937253514,0.202127659574468,NA,"844260172011123134"
"844260456892446714","C14H17F2N3O5","[M + H]+",1,0.337257149501533,45.0674206863646,2.54434953452205,42.5230711518426,"7","HYDWDTMGPGGKTI","COC1=CC(=C(C(=C1)F)C2CN=C(C2NC(=O)O)NOCCO)F","[3-(2,6-difluoro-4-methoxyphenyl)-5-(2-hydroxyethoxyamino)-3,4-dihydro-2H-pyrrol-4-yl]carbamic acid",0.5,448,-377.987818277902,0.228723404255319,NA,"844260172011123134"
"844260456892446714","C14H17F2N3O5","[M + H]+",1,0.337257149501533,45.0674206863646,2.54434953452205,42.5230711518426,"7","JAUWZCPMXGOVFY","CC1CN(CC(O1)C)C(=O)NC2=C(C=CC(=C2)[N+](=O)[O-])OC(F)F","N-[2-(difluoromethoxy)-5-nitrophenyl]-2,6-dimethylmorpholine-4-carboxamide",2.4,453,-379.121564666847,0.247422680412371,NA,"844260172011123134"
"844260456892446714","C14H17F2N3O5","[M + H]+",1,0.337257149501533,45.0674206863646,2.54434953452205,42.5230711518426,"7","YXIAMSPSABAWNR","CC(C)(C)OC(=O)NC1COC2=C(C=CC(=N2)OC(F)F)NC1=O","tert-butyl N-[(3S)-7-(difluoromethoxy)-2-oxo-3,4-dihydro-1H-pyrido[2,3-b][1,4]oxazepin-3-yl]carbamate",2.1,483,-388.846561395889,0.270408163265306,NA,"844260172011123134"
"844260456892446714","C14H17F2N3O5","[M + H]+",1,0.337257149501533,45.0674206863646,2.54434953452205,42.5230711518426,"7","CVPJVRLLJNRSGB","CCOC(=O)C(ONC(=O)N1CC(C=C(C1)C2=NC=CO2)C)(F)F","ethyl 2,2-difluoro-2-[[(3R)-3-methyl-5-(1,3-oxazol-2-yl)-3,6-dihydro-2H-pyridine-1-carbonyl]amino]oxyacetate",1.3,544,-408.260180035935,0.179487179487179,NA,"844260172011123134"
"844260456892446714","C14H17F2N3O5","[M + H]+",1,0.337257149501533,45.0674206863646,2.54434953452205,42.5230711518426,"7","SEAHIGNPSSUMPC","CC(C(=O)NC1=CC=CC=C1OC(F)F)OC(=O)CCNC(=O)N","[(2S)-1-[2-(difluoromethoxy)anilino]-1-oxopropan-2-yl] 3-(carbamoylamino)propanoate",1,604,-430.139496218775,0.200956937799043,NA,"844260172011123134"
"844260456892446714","C14H17F2N3O5","[M + H]+",1,0.337257149501533,45.0674206863646,2.54434953452205,42.5230711518426,"7","CKVPZSUBKHFSJC","CC(C)(C)OC(=O)N1CCC(C1OC2=C(N=CC=C2)[N+](=O)[O-])(F)F","tert-butyl (2S)-3,3-difluoro-2-(2-nitropyridin-3-yl)oxypyrrolidine-1-carboxylate",2.8,616,-436.821516093366,0.262886597938144,NA,"844260172011123134"
"844260456892446714","C14H17F2N3O5","[M + H]+",1,0.337257149501533,45.0674206863646,2.54434953452205,42.5230711518426,"7","GQSKWIKDDRTCQV","COC1=C(C=C(C(=C1)C(=O)NCC(C2CC2)N)[N+](=O)[O-])OC(F)F","N-(2-amino-2-cyclopropylethyl)-4-(difluoromethoxy)-5-methoxy-2-nitrobenzamide",1.8,622,-439.573853474134,0.22488038277512,NA,"844260172011123134"
"844260456892446714","C14H17F2N3O5","[M + H]+",1,0.337257149501533,45.0674206863646,2.54434953452205,42.5230711518426,"7","WHKVCNFTYQCLNE","C1CN(CCC1CO)C(=O)NC2=C(C=CC(=C2)[N+](=O)[O-])OC(F)F","N-[2-(difluoromethoxy)-5-nitrophenyl]-4-(hydroxymethyl)piperidine-1-carboxamide",1.9,625,-440.390361795637,0.221674876847291,NA,"844260172011123134"
"844260456892446714","C14H17F2N3O5","[M + H]+",1,0.337257149501533,45.0674206863646,2.54434953452205,42.5230711518426,"7","DVBMXBGFCSKWEE","CC(=O)NC(C1=NC2=CC(=C(C=C2N1)F)F)C(C(C(CO)O)O)O","N-[(2R)-1-(5,6-difluoro-1H-benzimidazol-2-yl)-2,3,4,5-tetrahydroxypentyl]acetamide",-1.7,647,-449.681880828314,0.279620853080569,NA,"844260172011123134"
"844260456892446714","C14H17F2N3O5","[M + H]+",1,0.337257149501533,45.0674206863646,2.54434953452205,42.5230711518426,"7","ROORJEYJMZRBRE","CC(C)(C)OC(=O)N1CC(C(C1)(F)F)OC2=C(N=CC=C2)[N+](=O)[O-]","Tert-butyl 3,3-difluoro-4-(2-nitropyridin-3-yl)oxypyrrolidine-1-carboxylate",2.4,660,-456.622508844409,0.26865671641791,NA,"844260172011123134"
"844260456892446714","C14H17F2N3O5","[M + H]+",1,0.337257149501533,45.0674206863646,2.54434953452205,42.5230711518426,"7","FCWVTDIMXVCREB","C1COC(CN1C(=O)NCC2=C(N=CC=C2)OCC(F)F)C(=O)O","4-[[2-(2,2-Difluoroethoxy)pyridin-3-yl]methylcarbamoyl]morpholine-2-carboxylic acid",0.4,664,-458.241788322231,0.247572815533981,NA,"844260172011123134"
"844260456892446714","C14H17F2N3O5","[M + H]+",1,0.337257149501533,45.0674206863646,2.54434953452205,42.5230711518426,"7","UPBKGPXMJNJLOS","COCC1CC(C(O1)N2C=CC(=NC2=O)NC(=O)OCC=C)(F)F","prop-2-enyl N-[1-[(2R,5S)-3,3-difluoro-5-(methoxymethyl)oxolan-2-yl]-2-oxopyrimidin-4-yl]carbamate",0.9,666,-462.575610717685,0.215962441314554,NA,"844260172011123134"
"844260456892446715","C9H15N9O6","[M + H]+",2,0.26226694246048,44.815937841514,0,44.815937841514,"7","AOMBUTLTOUELDR","CN1C2C3N(C(N2C)C4N(C1C(N4[N+](=O)[O-])N3[N+](=O)[O-])C)[N+](=O)[O-]","2,4,6-Trimethyl-8,10,12-trinitro-2,4,6,8,10,12-hexazatetracyclo[5.5.0.03,11.05,9]dodecane",1.7,3,-160.652989718631,0.151260504201681,NA,"844260172011123134"
"844260456892446715","C9H15N9O6","[M + H]+",2,0.26226694246048,44.815937841514,0,44.815937841514,"7","BAXFLFSLUMDRCR","C(C(=O)NN)N1C(=O)N(C(=O)N(C1=O)CC(=O)NN)CC(=O)NN","2-[3,5-Bis(2-hydrazinyl-2-oxoethyl)-2,4,6-trioxo-1,3,5-triazinan-1-yl]acetohydrazide",-4.8,7,-190.066105132153,0.19047619047619,NA,"844260172011123134"
"844260456892446716","C11H18F3N3O6","[M + H]+",3,0.259312533453457,44.8046090191913,0.887559557978946,43.9170494612124,"7",NA,NA,NA,NA,NA,NA,NA,NA,"844260172011123134"
"844260456892446717","C14H16F3N4O3","[M + H]+",4,0.0815972796566461,43.6483709159632,1.86452681126425,41.7838441046989,"7",NA,NA,NA,NA,NA,NA,NA,NA,"844260172011123134"
"844260456892446718","C12H14F3N7O2","[M + H]+",5,0.0411240691938865,42.963168567336,2.04147860542585,40.9216899619102,"7","HWXZKOZWBLQEKW","CC1=C(N(N=C1C(F)(F)F)C)NC(=O)N2CCN3C(=NNC3=O)C2","N-[2,4-dimethyl-5-(trifluoromethyl)pyrazol-3-yl]-3-oxo-2,5,6,8-tetrahydro-[1,2,4]triazolo[4,3-a]pyrazine-7-carboxamide",0,25,-254.373502771458,0.321167883211679,NA,"844260172011123134"
"844260456892446718","C12H14F3N7O2","[M + H]+",5,0.0411240691938865,42.963168567336,2.04147860542585,40.9216899619102,"7","IFYXVNRZCDYQKN","C1C=CN=C(C1O)N2C(=CC(=N2)CN(N)N=C(C(F)(F)F)N)C=O","N'-[amino-[[5-formyl-1-(3-hydroxy-3,4-dihydropyridin-2-yl)pyrazol-3-yl]methyl]amino]-2,2,2-trifluoroethanimidamide",0.2,37,-264.299721282904,0.346456692913386,NA,"844260172011123134"
"844260456892446718","C12H14F3N7O2","[M + H]+",5,0.0411240691938865,42.963168567336,2.04147860542585,40.9216899619102,"7","RTTFJVBSZDECDO","CN(C)C1=NC(=NC(=N1)N)COC(=O)CN2C=CC(=N2)C(F)(F)F","[4-Amino-6-(dimethylamino)-1,3,5-triazin-2-yl]methyl 2-[3-(trifluoromethyl)pyrazol-1-yl]acetate",0.9,38,-264.855864701453,0.360294117647059,NA,"844260172011123134"
"844260456892446718","C12H14F3N7O2","[M + H]+",5,0.0411240691938865,42.963168567336,2.04147860542585,40.9216899619102,"7","PPGDMTJHHGPQCS","C1CCC2=NN(C(=O)N2CC1)CC(=O)NC3=NNC(=N3)C(F)(F)F","2-(3-oxo-6,7,8,9-tetrahydro-5H-[1,2,4]triazolo[4,3-a]azepin-2-yl)-N-[5-(trifluoromethyl)-1H-1,2,4-triazol-3-yl]acetamide",0.6,107,-299.670229043116,0.312056737588652,NA,"844260172011123134"
"844260456892446718","C12H14F3N7O2","[M + H]+",5,0.0411240691938865,42.963168567336,2.04147860542585,40.9216899619102,"7","UWEWKEWSZOLGGS","CC1CN(CCN1C2=NC3=C(C=NN3C(=N2)N)C(F)(F)F)C(=O)O","(3S)-4-[4-amino-8-(trifluoromethyl)pyrazolo[1,5-a][1,3,5]triazin-2-yl]-3-methylpiperazine-1-carboxylic acid",0.9,116,-300.997173751244,0.299363057324841,NA,"844260172011123134"
"844260456892446718","C12H14F3N7O2","[M + H]+",5,0.0411240691938865,42.963168567336,2.04147860542585,40.9216899619102,"7","YDOLGRJEXOMTBA","CC1=C(C2=NN=C(N2N=C1NCCC(=O)NC(=O)N)C(F)(F)F)C","N-carbamoyl-3-[[7,8-dimethyl-3-(trifluoromethyl)-[1,2,4]triazolo[4,3-b]pyridazin-6-yl]amino]propanamide",0.7,166,-311.719521945426,0.354166666666667,NA,"844260172011123134"
"844260456892446718","C12H14F3N7O2","[M + H]+",5,0.0411240691938865,42.963168567336,2.04147860542585,40.9216899619102,"7","YFAOZSCRWGGTHT","CN1C(=NN(C1=O)C2CCN(CC2)C(=O)C3=NC=NN3)C(F)(F)F","1-(1-(1H-1,2,4-triazole-5-carbonyl)piperidin-4-yl)-4-methyl-3-(trifluoromethyl)-1H-1,2,4-triazol-5(4H)-one",0.8,327,-351.187068888785,0.257861635220126,NA,"844260172011123134"
"844260456892446718","C12H14F3N7O2","[M + H]+",5,0.0411240691938865,42.963168567336,2.04147860542585,40.9216899619102,"7","JPUBTAPBJQSJLC","CN1C=CC(=N1)C2=C(C(=O)NC(C2)C(F)(F)F)N(C)N=NNC=O","N-[(Z)-[methyl-[4-(1-methylpyrazol-3-yl)-6-oxo-2-(trifluoromethyl)-2,3-dihydro-1H-pyridin-5-yl]amino]diazenyl]formamide",1.2,429,-373.484915296221,0.26797385620915,NA,"844260172011123134"
"844260456892446718","C12H14F3N7O2","[M + H]+",5,0.0411240691938865,42.963168567336,2.04147860542585,40.9216899619102,"7","ZOYGWZALIZNHIN","C1CN(CC1CC(=O)N)C2=NC(=NC3=NNN=C32)OCC(F)(F)F","2-[(3S)-1-[5-(2,2,2-trifluoroethoxy)-2H-triazolo[4,5-d]pyrimidin-7-yl]pyrrolidin-3-yl]acetamide",0.7,437,-375.935203404147,0.310344827586207,NA,"844260172011123134"
"844260456892446718","C12H14F3N7O2","[M + H]+",5,0.0411240691938865,42.963168567336,2.04147860542585,40.9216899619102,"7","NYHOWMBHIQJUCE","CC(=O)NC1CCN(C1)C2=NC(=NC3=NNN=C32)OCC(F)(F)F","N-[(3S)-1-[5-(2,2,2-trifluoroethoxy)-2H-triazolo[4,5-d]pyrimidin-7-yl]pyrrolidin-3-yl]acetamide",1,470,-385.854782755266,0.302857142857143,NA,"844260172011123134"
"844260456892446719","C17H16FN3O4","[M + H]+",6,0.00847062691066451,41.3831795134416,2.45268940070266,38.930490112739,"7","HUACEUAGDOKFRA","CC1=C(C=C(C=C1)F)NC(=O)CNC(=O)C2=CC(=C(C=C2)C)[N+](=O)[O-]","N-[2-(5-fluoro-2-methylanilino)-2-oxoethyl]-4-methyl-3-nitrobenzamide",2.8,13,-222.817418311099,0.269736842105263,NA,"844260172011123134"
"844260456892446719","C17H16FN3O4","[M + H]+",6,0.00847062691066451,41.3831795134416,2.45268940070266,38.930490112739,"7","OLVHFTHXMQGFTJ","CC1=CC(=C(C=C1)NC(=O)C2=C(C=CC(=C2)[N+](=O)[O-])NC(=O)CF)C","N-(2,4-Dimethylphenyl)-2-(2-fluoroacetamido)-5-nitrobenzamide",3.4,14,-224.125198654871,0.256944444444444,NA,"844260172011123134"
"844260456892446719","C17H16FN3O4","[M + H]+",6,0.00847062691066451,41.3831795134416,2.45268940070266,38.930490112739,"7","UCSFQLGHANDYFD","CC1=C(C(=CC=C1)NC(=O)C2=C(C=CC(=C2)[N+](=O)[O-])NC(=O)CF)C","N-(2-fluoroacetamido-5-nitrobenzoyl)-2,3-dimethylaniline",3.4,15,-224.57666471492,0.258741258741259,NA,"844260172011123134"
"844260456892446719","C17H16FN3O4","[M + H]+",6,0.00847062691066451,41.3831795134416,2.45268940070266,38.930490112739,"7","UNYACWKKYGKRRP","COC1=CC(=C(C=C1)NC(=O)CN2C3=C(C=C(C=C3)F)NC2=O)OC","N-(2,4-dimethoxyphenyl)-2-(5-fluoro-2-oxo-3H-benzimidazol-1-yl)acetamide",1.7,17,-231.298146734364,0.466666666666667,NA,"844260172011123134"
"844260456892446719","C17H16FN3O4","[M + H]+",6,0.00847062691066451,41.3831795134416,2.45268940070266,38.930490112739,"7","JYGCCMHOHMOCHN","COC1=CC(=C(C=C1)OC)NC(=O)CN2C3=C(C=C(C=C3)F)NC2=O","N-(2,5-dimethoxyphenyl)-2-(5-fluoro-2-oxo-3H-benzimidazol-1-yl)acetamide",1.7,19,-233.725984456977,0.514492753623188,NA,"844260172011123134"
"844260456892446719","C17H16FN3O4","[M + H]+",6,0.00847062691066451,41.3831795134416,2.45268940070266,38.930490112739,"7","VIBFDRRGMQTBRN","COC1=CC=CN2C1=NC(=C(C2=O)CO)NC3=CC=C(C=C3)OCF","2-[4-(Fluoromethoxy)anilino]-3-(hydroxymethyl)-9-methoxypyrido[1,2-a]pyrimidin-4-one",2.1,20,-238.078034140978,0.428571428571429,NA,"844260172011123134"
"844260456892446719","C17H16FN3O4","[M + H]+",6,0.00847062691066451,41.3831795134416,2.45268940070266,38.930490112739,"7","ZNJSHDBWLSXPBX","CCC1=NOC(=C1)CNC(=O)C2=COC(=N2)COC3=CC=CC=C3F","N-[(3-ethyl-1,2-oxazol-5-yl)methyl]-2-[(2-fluorophenoxy)methyl]-1,3-oxazole-4-carboxamide",2.4,23,-252.603183731157,0.364285714285714,NA,"844260172011123134"
"844260456892446719","C17H16FN3O4","[M + H]+",6,0.00847062691066451,41.3831795134416,2.45268940070266,38.930490112739,"7","OZXBHYOPBZHISH","COC1=CC(=CC(=C1OC)OC)NC(=O)C2=CN3C=C(C=CC3=N2)F","6-fluoro-N-(3,4,5-trimethoxyphenyl)imidazo[1,2-a]pyridine-2-carboxamide",2.9,26,-256.182076388075,0.472602739726027,NA,"844260172011123134"
"844260456892446719","C17H16FN3O4","[M + H]+",6,0.00847062691066451,41.3831795134416,2.45268940070266,38.930490112739,"7","KGVCMHWTLKLZCC","COC1=C(C=C(C=C1)NC(=O)CN2C3=C(C=C(C=C3)F)NC2=O)OC","N-(3,4-dimethoxyphenyl)-2-(5-fluoro-2-oxo-3H-benzimidazol-1-yl)acetamide",1.7,28,-256.572285500758,0.483443708609272,NA,"844260172011123134"
"844260456892446719","C17H16FN3O4","[M + H]+",6,0.00847062691066451,41.3831795134416,2.45268940070266,38.930490112739,"7","RRQLCAIBPRRUCX","CCN1C2=C(C(=CC=C2)F)N=C1COC3=C(C=CC(=C3)[N+](=O)[O-])OC","1-Ethyl-4-fluoro-2-[(2-methoxy-5-nitrophenoxy)methyl]benzimidazole",3.1,30,-256.914157157044,0.48936170212766,NA,"844260172011123134"
"844260456892446719","C17H16FN3O4","[M + H]+",6,0.00847062691066451,41.3831795134416,2.45268940070266,38.930490112739,"7","DFUHVGHEWASGIO","CCC1=NOC(=C1)CNC(=O)C2=COC(=N2)COC3=CC(=CC=C3)F","N-[(3-ethyl-5-isoxazolyl)methyl]-2-[(3-fluorophenoxy)methyl]-1,3-oxazole-4-carboxamide",2.4,31,-257.881894017837,0.37410071942446,NA,"844260172011123134"
"844260456892446719","C17H16FN3O4","[M + H]+",6,0.00847062691066451,41.3831795134416,2.45268940070266,38.930490112739,"7","ZLEDPAPCLQPRPW","CC1=NOC(=C1)CN(C)C(=O)C2=COC(=N2)COC3=CC=CC=C3F","2-[(2-fluorophenoxy)methyl]-N-methyl-N-[(3-methyl-5-isoxazolyl)methyl]-1,3-oxazole-4-carboxamide",2.1,33,-261.085479416869,0.347222222222222,NA,"844260172011123134"
"844260456892446719","C17H16FN3O4","[M + H]+",6,0.00847062691066451,41.3831795134416,2.45268940070266,38.930490112739,"7","OAIYHWHPRMBXQL","CCOC(=O)NC1=CC=CC(=C1)C(=O)NC2=CC(=C(C=C2)F)C(=O)N","ethyl N-[3-[(3-carbamoyl-4-fluorophenyl)carbamoyl]phenyl]carbamate",1.7,34,-262.964189855117,0.231788079470199,NA,"844260172011123134"
"844260456892446719","C17H16FN3O4","[M + H]+",6,0.00847062691066451,41.3831795134416,2.45268940070266,38.930490112739,"7","BNUJDUBCNUBRET","COC1=CC(=C(C=C1)OC)C=NNC(=O)C(=O)NC2=CC=CC=C2F","N'-[(2,5-dimethoxyphenyl)methylideneamino]-N-(2-fluorophenyl)oxamide",2.5,35,-263.053225734603,0.289308176100629,NA,"844260172011123134"
"844260456892446719","C17H16FN3O4","[M + H]+",6,0.00847062691066451,41.3831795134416,2.45268940070266,38.930490112739,"7","DYHUYECVADCOMH","CC1=C(C=C(C=C1)C(=O)NCCNC(=O)C2=CC(=CC=C2)[N+](=O)[O-])F","3-fluoro-4-methyl-N-[2-[(3-nitrobenzoyl)amino]ethyl]benzamide",2.5,36,-263.852481178373,0.228758169934641,NA,"844260172011123134"
"844260456892446720","C15H13F2N7O","[M + H]+",7,0.0054462029632618,40.9414936539654,3.44413790442487,37.4973557495406,"7","JTSTWKIGATWXTF","CC1=NC(=NC(=N1)N)C2=C(N=CC(=C2)F)NC3=CC(=C(N=C3)OC)F","4-(5-Fluoro-2-(5-fluoro-6-methoxypyridin-3-ylamino)pyridin-3-YL)-6-methyl-1,3,5-triazin-2-amine",1.9,1,-152.742639120866,0.532110091743119,0,"844260172011123134"
"844260456892446720","C15H13F2N7O","[M + H]+",7,0.0054462029632618,40.9414936539654,3.44413790442487,37.4973557495406,"7","YTRLNEAYBRWQPJ","CC(C1=NOC(=N1)CC2=NC=NN2)C3=NC4=CC=CC=C4N3C(F)F","3-[1-[1-(difluoromethyl)benzimidazol-2-yl]ethyl]-5-(1H-1,2,4-triazol-5-ylmethyl)-1,2,4-oxadiazole",2.9,2,-156.431846707155,0.518181818181818,Inf,"844260172011123134"
"844260456892446720","C15H13F2N7O","[M + H]+",7,0.0054462029632618,40.9414936539654,3.44413790442487,37.4973557495406,"7","MQVBBWVQXHPMPR","C1=CC(=C(C(=C1)F)CN(NC2=CNN=C2)NC(=O)C3=CN=CN=C3)F","N'-[(2,6-difluorophenyl)methyl]-N'-(1H-pyrazol-4-ylamino)pyrimidine-5-carbohydrazide",2.1,4,-179.936881688241,0.446428571428571,NA,"844260172011123134"
"844260456892446720","C15H13F2N7O","[M + H]+",7,0.0054462029632618,40.9414936539654,3.44413790442487,37.4973557495406,"7","VBSXQQWDJBMXPB","C1=CC(=C(C(=C1)F)CNC2=NC(=NC=C2C(=O)N)NC3=CNN=C3)F","4-[(2,6-difluorophenyl)methylamino]-2-(1H-pyrazol-4-ylamino)pyrimidine-5-carboxamide",1.8,5,-185.653907381643,0.425,NA,"844260172011123134"
"844260456892446720","C15H13F2N7O","[M + H]+",7,0.0054462029632618,40.9414936539654,3.44413790442487,37.4973557495406,"7","HJSFOUOOTROZTO","CC1=NC2=NC=NN2C(=C1CC3=NC(=C(C=C3)C#N)OCC(F)F)N","6-[(7-Amino-5-methyl-[1,2,4]triazolo[1,5-a]pyrimidin-6-yl)methyl]-2-(2,2-difluoroethoxy)pyridine-3-carbonitrile",1.9,6,-188.411774964485,0.504132231404959,NA,"844260172011123134"
"844260456892446720","C15H13F2N7O","[M + H]+",7,0.0054462029632618,40.9414936539654,3.44413790442487,37.4973557495406,"7","ICKITLLBYZLHFH","CC1=NC2=NON=C2C(=C1CC3=NC(=C(C=C3)NCC(F)F)C#N)N",NA,2.5,8,-191.099306907944,0.448275862068966,NA,"844260172011123134"
"844260456892446720","C15H13F2N7O","[M + H]+",7,0.0054462029632618,40.9414936539654,3.44413790442487,37.4973557495406,"7","WPYPMWYYODXLIP","CC1=CC(=NC(=N1)N)NC2=CN(N=C2C(=O)N)C3=C(C=CC=C3F)F","4-[(2-Amino-6-methylpyrimidin-4-yl)amino]-1-(2,6-difluorophenyl)pyrazole-3-carboxamide",2.1,10,-195.881682968197,0.475409836065574,NA,"844260172011123134"
"844260456892446720","C15H13F2N7O","[M + H]+",7,0.0054462029632618,40.9414936539654,3.44413790442487,37.4973557495406,"7","FMIKZRJTWLKBRN","CC1=C(N=C(C(=N1)C(=O)NCC2=C(C=CC=C2F)F)N)N3N=CC=N3","3-amino-N-[(2,6-difluorophenyl)methyl]-6-methyl-5-(triazol-2-yl)pyrazine-2-carboxamide",2,11,-199.942400900634,0.440677966101695,NA,"844260172011123134"
"844260456892446720","C15H13F2N7O","[M + H]+",7,0.0054462029632618,40.9414936539654,3.44413790442487,37.4973557495406,"7","UNOLYPSFWIKMAJ","C1=CC=C(C=C1)C=CC(C(=O)NC2=CN(N=C2)CC3=NNN=N3)(F)F","(E)-2,2-difluoro-4-phenyl-N-[1-(2H-tetrazol-5-ylmethyl)pyrazol-4-yl]but-3-enamide",1.6,12,-219.536559031038,0.344262295081967,NA,"844260172011123134"
"844260456892446720","C15H13F2N7O","[M + H]+",7,0.0054462029632618,40.9414936539654,3.44413790442487,37.4973557495406,"7","GXABJCVNISZUSB","CN1C=C(C=N1)NC2=NC=CC(=N2)C3=CN=C(C=C3)NC(=O)C(F)F","2,2-difluoro-N-[5-[2-[(1-methylpyrazol-4-yl)amino]pyrimidin-4-yl]pyridin-2-yl]acetamide",1.3,16,-226.488410375964,0.459016393442623,NA,"844260172011123134"
"844260456892446720","C15H13F2N7O","[M + H]+",7,0.0054462029632618,40.9414936539654,3.44413790442487,37.4973557495406,"7","GIXMTDDSXCDPBC","C1C(C1(F)F)N2C(=CC=N2)CNC(=O)C3=CN(N=N3)C4=CN=CC=C4","N-[[2-(2,2-difluorocyclopropyl)pyrazol-3-yl]methyl]-1-pyridin-3-yltriazole-4-carboxamide",0.5,21,-239.583450614962,0.4,NA,"844260172011123134"
"844260456892446720","C15H13F2N7O","[M + H]+",7,0.0054462029632618,40.9414936539654,3.44413790442487,37.4973557495406,"7","IBILLMHRWJAVGZ","C1=CN(N=C1)C2=NC(=NC(=N2)NCCC(=O)N)C3=CC(=CC(=C3)F)F","3-[[4-(3,5-Difluorophenyl)-6-pyrazol-1-yl-1,3,5-triazin-2-yl]amino]propanamide",1.9,22,-243.977160804913,0.412213740458015,NA,"844260172011123134"
"844260456892446720","C15H13F2N7O","[M + H]+",7,0.0054462029632618,40.9414936539654,3.44413790442487,37.4973557495406,"7","KLDFYAKMDGPMDJ","CN(C)C(=O)C1=CC(=C(N=C1)N)C2=NN=NN2C3=C(C(=CC=C3)F)F","6-amino-5-[1-(2,3-difluorophenyl)tetrazol-5-yl]-N,N-dimethylpyridine-3-carboxamide",1.1,24,-253.932370988017,0.421052631578947,NA,"844260172011123134"
"844260456892446720","C15H13F2N7O","[M + H]+",7,0.0054462029632618,40.9414936539654,3.44413790442487,37.4973557495406,"7","LXNFGOMEISTOMK","C1CN(CC1(F)F)C2=NN3C(=NC=C3C(=O)NC4=NN=CC=C4)C=C2","6-(3,3-difluoropyrrolidin-1-yl)-N-pyridazin-3-ylimidazo[1,2-b]pyridazine-3-carboxamide",1,27,-256.307811417901,0.389312977099237,NA,"844260172011123134"
"844260456892446720","C15H13F2N7O","[M + H]+",7,0.0054462029632618,40.9414936539654,3.44413790442487,37.4973557495406,"7","LYANVZWCRWWOGQ","C1C(CN1C(=O)C2=CC(=C(C=C2)F)F)N3C=C(N=N3)CN4N=CC=N4","(3,4-Difluorophenyl)-[3-[4-(triazol-2-ylmethyl)triazol-1-yl]azetidin-1-yl]methanone",0.7,29,-256.78548000109,0.296875,NA,"844260172011123134"
"844260456892446721","C12H22F2NO6P","[M + H]+",8,0.00336401470398098,40.4597101051724,1.21400001071573,39.2457100944566,"7","VHUVXFCYSUJQFR","C[N+](C)(C)CCOP(=O)(O)OCC(COC=CF)OC=CF","[(2R)-2,3-bis[(Z)-2-fluoroethenoxy]propyl] 2-(trimethylazaniumyl)ethyl phosphate",-0.2,9,-194.202717774404,0.275862068965517,NA,"844260172011123134"
"844260456892446721","C12H22F2NO6P","[M + H]+",8,0.00336401470398098,40.4597101051724,1.21400001071573,39.2457100944566,"7","WEIWQLJKRVSURI","CCOP(=O)(C(CC1COC(N1C(=O)O)(C)C)(F)F)OCC","(4S)-4-(2-diethoxyphosphoryl-2,2-difluoroethyl)-2,2-dimethyl-1,3-oxazolidine-3-carboxylic acid",1.3,18,-231.539288625986,0.267716535433071,NA,"844260172011123134"
"844260456892446721","C12H22F2NO6P","[M + H]+",8,0.00336401470398098,40.4597101051724,1.21400001071573,39.2457100944566,"7","RGEHLMMNBNGZOP","CC(=C)C(=O)OCC[N+](C)(C)CCOP(=O)(O)OCC(F)F","2,2-Difluoroethyl 2-[dimethyl-[2-(2-methylprop-2-enoyloxy)ethyl]azaniumyl]ethyl phosphate",0.7,57,-275.759146109394,0.267175572519084,NA,"844260172011123134"
"844260456892446722","C9H15F4N7O3","[M + H]+",9,0.000888563461646465,39.1284257837528,0,39.1284257837528,"7",NA,NA,NA,NA,NA,NA,NA,NA,"844260172011123134"
"844260456892446723","C11H17N6O7","[M + H]+",10,0.000203195402424943,37.6529878026947,1.38474563416889,36.2682421685258,"7",NA,NA,NA,NA,NA,NA,NA,NA,"844260172011123134"
"844260458817632270","C17H16FN3O4","[M + Na]+",1,0.976947966027161,44.1095973593439,2.491991027403,41.6176063319409,"8","NWVXUXFCAZFSQH","C1CN(CCN1)C2=C(C=C3C(=C2)N(C=C(C3=O)C(=O)O)C4CC4=O)F","Oxo-ciprofloxacin",0.33245212,1,-275.559118080264,0.5,0,"844260172019511743"
"844260458817632270","C17H16FN3O4","[M + Na]+",1,0.976947966027161,44.1095973593439,2.491991027403,41.6176063319409,"8","MYYZZOHRULFPOQ","C1CC1N2C=C(C(=O)C3=CC(=C(C=C32)N4CCNC(=O)C4)F)C(=O)O","Oxociprofloxacin",0.96316284,2,-305.775979840593,0.491228070175439,Inf,"844260172019511743"
"844260458817632270","C17H16FN3O4","[M + Na]+",1,0.976947966027161,44.1095973593439,2.491991027403,41.6176063319409,"8","FVCPNISTSVVUPX","COC1=CC(=C(C=C1)O)C=NNC(=O)CNC(=O)C2=CC=C(C=C2)F","4-fluoro-N-[2-[(2Z)-2-[(2-hydroxy-5-methoxyphenyl)methylidene]hydrazinyl]-2-oxoethyl]benzamide",1.9,3,-357.123715984336,0.27906976744186,NA,"844260172019511743"
"844260458817632270","C17H16FN3O4","[M + Na]+",1,0.976947966027161,44.1095973593439,2.491991027403,41.6176063319409,"8","JKZPDGNJAAVKEG","CC(=O)NC(CC1=CC(=CC=C1)F)C(=O)NC2=CC=C(C=C2)[N+](=O)[O-]","2-Acetamido-3-(3-fluorophenyl)-N-(4-nitrophenyl)propanamide (2c)",2.4,4,-371.496523652106,0.23463687150838,NA,"844260172019511743"
"844260458817632270","C17H16FN3O4","[M + Na]+",1,0.976947966027161,44.1095973593439,2.491991027403,41.6176063319409,"8","HAZCGTFRKOCWQZ","CC(=O)NC(CC1=CC=C(C=C1)F)C(=O)NC2=CC=C(C=C2)[N+](=O)[O-]","2-Acetamido-3-(4-fluorophenyl)-N-(4-nitrophenyl)propanamide (3c)",2.7804983,5,-376.180562732131,0.227027027027027,NA,"844260172019511743"
"844260458817632270","C17H16FN3O4","[M + Na]+",1,0.976947966027161,44.1095973593439,2.491991027403,41.6176063319409,"8","LHZAPCAVMNVKID","CCOC1=C(C=CC(=C1)C=NNC(=O)C(=O)NC2=CC=C(C=C2)F)O","N'-[(3-ethoxy-4-hydroxyphenyl)methylideneamino]-N-(4-fluorophenyl)oxamide",2.5,6,-408.021697824011,0.310975609756098,NA,"844260172019511743"
"844260458817632270","C17H16FN3O4","[M + Na]+",1,0.976947966027161,44.1095973593439,2.491991027403,41.6176063319409,"8","ZBLZEVQPDZRXNP","COC1=CC=CC(=C1O)C=NNC(=O)CNC(=O)C2=CC=C(C=C2)F","4-fluoro-N-[2-[2-[(2-hydroxy-3-methoxyphenyl)methylidene]hydrazinyl]-2-oxoethyl]benzamide",1.9,7,-409.099594648488,0.267045454545455,NA,"844260172019511743"
"844260458817632270","C17H16FN3O4","[M + Na]+",1,0.976947966027161,44.1095973593439,2.491991027403,41.6176063319409,"8","RYUXKVAKPFRBTB","CC(=O)NC(CC1=CC=CC=C1F)C(=O)NC2=CC=C(C=C2)[N+](=O)[O-]","2-Acetamido-3-(2-fluorophenyl)-N-(4-nitrophenyl)propanamide (1c)",2.4,8,-415.785752727764,0.230337078651685,NA,"844260172019511743"
"844260458817632270","C17H16FN3O4","[M + Na]+",1,0.976947966027161,44.1095973593439,2.491991027403,41.6176063319409,"8","VCWNLVLFIZZTLZ","C1C2C(CN1C(=O)C3=CC=NO3)OCC(=O)N2CC4=CC=C(C=C4)F","4-[(4-fluorophenyl)methyl]-6-(1,2-oxazole-5-carbonyl)-octahydropyrrolo[3,4-b][1,4]oxazin-3-one",0.8,9,-416.037605473815,0.25531914893617,NA,"844260172019511743"
"844260458817632270","C17H16FN3O4","[M + Na]+",1,0.976947966027161,44.1095973593439,2.491991027403,41.6176063319409,"8","VDCWENWOWUDREX","CC1=CC(=NO1)C(=O)N2CCC3COC(=O)N3C4=C(C2)C=CC(=C4)F","14-fluoro-9-(5-methyl-1,2-oxazole-3-carbonyl)-4-oxa-2,9-diazatricyclo[9.4.0.0²,⁶]pentadeca-1(15),11,13-trien-3-one",1.9,10,-457.566451469624,0.323699421965318,NA,"844260172019511743"
"844260458817632271","C15H13F2N7O","[M + Na]+",2,0.019451880048542,40.1931076936341,3.41243665707538,36.7806710365587,"8",NA,NA,NA,NA,NA,NA,NA,NA,"844260172019511743"
"844260458817632272","C14H17F2N3O5","[M + Na]+",3,0.00208319885556855,37.9590685913173,2.40087974656508,35.5581888447522,"8",NA,NA,NA,NA,NA,NA,NA,NA,"844260172019511743"
"844260458817632273","C12H14F3N7O2","[M + Na]+",4,0.000619087994377466,36.7456561069455,1.93263943632777,34.8130166706177,"8",NA,NA,NA,NA,NA,NA,NA,NA,"844260172019511743"
"844260458817632274","C9H15N9O6","[M + Na]+",5,0.000247604587234522,35.8292417560996,0,35.8292417560996,"8",NA,NA,NA,NA,NA,NA,NA,NA,"844260172019511743"
"844260458817632275","C19H17F2NO3","[M + Na]+",6,0.000194094868264032,35.5857557398718,2.18082873088493,33.4049270089869,"8",NA,NA,NA,NA,NA,NA,NA,NA,"844260172019511743"
"844260458817632276","C8H19N5O10","[M + Na]+",7,0.000121525392229989,35.117531919158,0,35.117531919158,"8",NA,NA,NA,NA,NA,NA,NA,NA,"844260172019511743"
"844260458817632277","C11H18F3N3O6","[M + Na]+",8,0.000107866805228048,34.9983058697425,0.592925873615741,34.4053799961267,"8",NA,NA,NA,NA,NA,NA,NA,NA,"844260172019511743"
"844260458817632278","C14H16F3N4O3","[M + Na]+",9,5.17207568275542e-05,34.2632678756321,1.86433695903896,32.3989309165931,"8",NA,NA,NA,NA,NA,NA,NA,NA,"844260172019511743"
"844260458817632279","C20H14FN4O","[M + Na]+",10,5.16583345166119e-05,34.2620602364912,2.82069859943936,31.4413616370518,"8",NA,NA,NA,NA,NA,NA,NA,NA,"844260172019511743"
"844260457987160068","C15H13F2N7O","[M + Na]+",1,0.821268516803532,44.2597684603316,3.46866195051675,40.7911065098148,"9",NA,NA,NA,NA,NA,NA,NA,NA,"844260172027900352"
"844260457987160069","C17H16FN3O4","[M + Na]+",2,0.148476837900747,42.549347316035,2.46830097481096,40.0810463412241,"9","NWVXUXFCAZFSQH","C1CN(CCN1)C2=C(C=C3C(=C2)N(C=C(C3=O)C(=O)O)C4CC4=O)F","Oxo-ciprofloxacin",0.33245212,1,-276.140344779839,0.464285714285714,0,"844260172027900352"
"844260457987160069","C17H16FN3O4","[M + Na]+",2,0.148476837900747,42.549347316035,2.46830097481096,40.0810463412241,"9","MYYZZOHRULFPOQ","C1CC1N2C=C(C(=O)C3=CC(=C(C=C32)N4CCNC(=O)C4)F)C(=O)O","Oxociprofloxacin",0.96316284,2,-316.892367757647,0.457627118644068,Inf,"844260172027900352"
"844260457987160069","C17H16FN3O4","[M + Na]+",2,0.148476837900747,42.549347316035,2.46830097481096,40.0810463412241,"9","JKZPDGNJAAVKEG","CC(=O)NC(CC1=CC(=CC=C1)F)C(=O)NC2=CC=C(C=C2)[N+](=O)[O-]","2-Acetamido-3-(3-fluorophenyl)-N-(4-nitrophenyl)propanamide (2c)",2.4,3,-367.116230508252,0.265536723163842,NA,"844260172027900352"
"844260457987160069","C17H16FN3O4","[M + Na]+",2,0.148476837900747,42.549347316035,2.46830097481096,40.0810463412241,"9","HAZCGTFRKOCWQZ","CC(=O)NC(CC1=CC=C(C=C1)F)C(=O)NC2=CC=C(C=C2)[N+](=O)[O-]","2-Acetamido-3-(4-fluorophenyl)-N-(4-nitrophenyl)propanamide (3c)",2.7804983,4,-383.258159549961,0.256830601092896,NA,"844260172027900352"
"844260457987160069","C17H16FN3O4","[M + Na]+",2,0.148476837900747,42.549347316035,2.46830097481096,40.0810463412241,"9","VCWNLVLFIZZTLZ","C1C2C(CN1C(=O)C3=CC=NO3)OCC(=O)N2CC4=CC=C(C=C4)F","4-[(4-fluorophenyl)methyl]-6-(1,2-oxazole-5-carbonyl)-octahydropyrrolo[3,4-b][1,4]oxazin-3-one",0.8,5,-389.703940457131,0.28494623655914,NA,"844260172027900352"
"844260457987160069","C17H16FN3O4","[M + Na]+",2,0.148476837900747,42.549347316035,2.46830097481096,40.0810463412241,"9","RYUXKVAKPFRBTB","CC(=O)NC(CC1=CC=CC=C1F)C(=O)NC2=CC=C(C=C2)[N+](=O)[O-]","2-Acetamido-3-(2-fluorophenyl)-N-(4-nitrophenyl)propanamide (1c)",2.4,6,-398.130066199955,0.261363636363636,NA,"844260172027900352"
"844260457987160069","C17H16FN3O4","[M + Na]+",2,0.148476837900747,42.549347316035,2.46830097481096,40.0810463412241,"9","FVCPNISTSVVUPX","COC1=CC(=C(C=C1)O)C=NNC(=O)CNC(=O)C2=CC=C(C=C2)F","4-fluoro-N-[2-[(2Z)-2-[(2-hydroxy-5-methoxyphenyl)methylidene]hydrazinyl]-2-oxoethyl]benzamide",1.9,7,-410.357702544476,0.296511627906977,NA,"844260172027900352"
"844260457987160069","C17H16FN3O4","[M + Na]+",2,0.148476837900747,42.549347316035,2.46830097481096,40.0810463412241,"9","VDCWENWOWUDREX","CC1=CC(=NO1)C(=O)N2CCC3COC(=O)N3C4=C(C2)C=CC(=C4)F","14-fluoro-9-(5-methyl-1,2-oxazole-3-carbonyl)-4-oxa-2,9-diazatricyclo[9.4.0.0²,⁶]pentadeca-1(15),11,13-trien-3-one",1.9,8,-412.07805010122,0.35672514619883,NA,"844260172027900352"
"844260457987160069","C17H16FN3O4","[M + Na]+",2,0.148476837900747,42.549347316035,2.46830097481096,40.0810463412241,"9","LHZAPCAVMNVKID","CCOC1=C(C=CC(=C1)C=NNC(=O)C(=O)NC2=CC=C(C=C2)F)O","N'-[(3-ethoxy-4-hydroxyphenyl)methylideneamino]-N-(4-fluorophenyl)oxamide",2.5,9,-414.628272482231,0.305389221556886,NA,"844260172027900352"
"844260457987160069","C17H16FN3O4","[M + Na]+",2,0.148476837900747,42.549347316035,2.46830097481096,40.0810463412241,"9","ZBLZEVQPDZRXNP","COC1=CC=CC(=C1O)C=NNC(=O)CNC(=O)C2=CC=C(C=C2)F","4-fluoro-N-[2-[2-[(2-hydroxy-3-methoxyphenyl)methylidene]hydrazinyl]-2-oxoethyl]benzamide",1.9,10,-430.327512870126,0.284090909090909,NA,"844260172027900352"
"844260457987160070","C14H17F2N3O5","[M + Na]+",3,0.0109581670315616,39.9430033695774,2.48987632633644,37.4531270432409,"9",NA,NA,NA,NA,NA,NA,NA,NA,"844260172027900352"
"844260457987160071","C14H16F3N4O3","[M + Na]+",4,0.00710300445707042,39.5094362011965,2.0856254035442,37.4238107976523,"9",NA,NA,NA,NA,NA,NA,NA,NA,"844260172027900352"
"844260457987160072","C12H14F3N7O2","[M + Na]+",5,0.00659548583673286,39.4353037945806,2.17442312397539,37.2608806706052,"9",NA,NA,NA,NA,NA,NA,NA,NA,"844260172027900352"
"844260457987160073","C11H18F3N3O6","[M + Na]+",6,0.00238932306853832,38.4199284345934,0.783029474145603,37.6368989604478,"9",NA,NA,NA,NA,NA,NA,NA,NA,"844260172027900352"
"844260457987160074","C20H14FN4O","[M + Na]+",7,0.000952166551912075,37.4999030336846,2.75252452101736,34.7473785126673,"9",NA,NA,NA,NA,NA,NA,NA,NA,"844260172027900352"
"844260457987160075","C14H17F6NO2","[M + Na]+",8,0.000878064273522628,37.4188828601311,2.12745446170266,35.2914283984285,"9",NA,NA,NA,NA,NA,NA,NA,NA,"844260172027900352"
"844260457987160076","C22H16FNO2","[M + Na]+",9,0.000625586873473344,37.079853271419,1.25911759397611,35.8207356774429,"9",NA,NA,NA,NA,NA,NA,NA,NA,"844260172027900352"
"844260457987160077","C19H17F2NO3","[M + Na]+",10,0.000348988971926186,36.4962033873455,2.17508913868733,34.3211142486581,"9",NA,NA,NA,NA,NA,NA,NA,NA,"844260172027900352"
"844260413783390181","C15H13F2N7O","[M + Na]+",1,0.849783430619367,40.8641987692329,3.45008414106145,37.4141146281714,"10",NA,NA,NA,NA,NA,NA,NA,NA,"844260172036288961"
"844260413783390182","C17H16FN3O4","[M + Na]+",2,0.135341084634763,39.0270153846388,2.4295420276546,36.5974733569842,"10","NWVXUXFCAZFSQH","C1CN(CCN1)C2=C(C=C3C(=C2)N(C=C(C3=O)C(=O)O)C4CC4=O)F","Oxo-ciprofloxacin",0.33245212,1,-281.077137655417,0.490909090909091,0,"844260172036288961"
"844260413783390182","C17H16FN3O4","[M + Na]+",2,0.135341084634763,39.0270153846388,2.4295420276546,36.5974733569842,"10","MYYZZOHRULFPOQ","C1CC1N2C=C(C(=O)C3=CC(=C(C=C32)N4CCNC(=O)C4)F)C(=O)O","Oxociprofloxacin",0.96316284,2,-344.205285349522,0.482758620689655,Inf,"844260172036288961"
"844260413783390182","C17H16FN3O4","[M + Na]+",2,0.135341084634763,39.0270153846388,2.4295420276546,36.5974733569842,"10","FVCPNISTSVVUPX","COC1=CC(=C(C=C1)O)C=NNC(=O)CNC(=O)C2=CC=C(C=C2)F","4-fluoro-N-[2-[(2Z)-2-[(2-hydroxy-5-methoxyphenyl)methylidene]hydrazinyl]-2-oxoethyl]benzamide",1.9,3,-375.3469393841,0.304093567251462,NA,"844260172036288961"
"844260413783390182","C17H16FN3O4","[M + Na]+",2,0.135341084634763,39.0270153846388,2.4295420276546,36.5974733569842,"10","JKZPDGNJAAVKEG","CC(=O)NC(CC1=CC(=CC=C1)F)C(=O)NC2=CC=C(C=C2)[N+](=O)[O-]","2-Acetamido-3-(3-fluorophenyl)-N-(4-nitrophenyl)propanamide (2c)",2.4,4,-388.035218318567,0.244444444444444,NA,"844260172036288961"
"844260413783390182","C17H16FN3O4","[M + Na]+",2,0.135341084634763,39.0270153846388,2.4295420276546,36.5974733569842,"10","HAZCGTFRKOCWQZ","CC(=O)NC(CC1=CC=C(C=C1)F)C(=O)NC2=CC=C(C=C2)[N+](=O)[O-]","2-Acetamido-3-(4-fluorophenyl)-N-(4-nitrophenyl)propanamide (3c)",2.7804983,5,-396.672025080649,0.236559139784946,NA,"844260172036288961"
"844260413783390182","C17H16FN3O4","[M + Na]+",2,0.135341084634763,39.0270153846388,2.4295420276546,36.5974733569842,"10","VCWNLVLFIZZTLZ","C1C2C(CN1C(=O)C3=CC=NO3)OCC(=O)N2CC4=CC=C(C=C4)F","4-[(4-fluorophenyl)methyl]-6-(1,2-oxazole-5-carbonyl)-octahydropyrrolo[3,4-b][1,4]oxazin-3-one",0.8,6,-400.767765805187,0.264550264550265,NA,"844260172036288961"
"844260413783390182","C17H16FN3O4","[M + Na]+",2,0.135341084634763,39.0270153846388,2.4295420276546,36.5974733569842,"10","LHZAPCAVMNVKID","CCOC1=C(C=CC(=C1)C=NNC(=O)C(=O)NC2=CC=C(C=C2)F)O","N'-[(3-ethoxy-4-hydroxyphenyl)methylideneamino]-N-(4-fluorophenyl)oxamide",2.5,7,-414.375086430691,0.321212121212121,NA,"844260172036288961"
"844260413783390182","C17H16FN3O4","[M + Na]+",2,0.135341084634763,39.0270153846388,2.4295420276546,36.5974733569842,"10","RYUXKVAKPFRBTB","CC(=O)NC(CC1=CC=CC=C1F)C(=O)NC2=CC=C(C=C2)[N+](=O)[O-]","2-Acetamido-3-(2-fluorophenyl)-N-(4-nitrophenyl)propanamide (1c)",2.4,8,-424.715419061094,0.240223463687151,NA,"844260172036288961"
"844260413783390182","C17H16FN3O4","[M + Na]+",2,0.135341084634763,39.0270153846388,2.4295420276546,36.5974733569842,"10","ZBLZEVQPDZRXNP","COC1=CC=CC(=C1O)C=NNC(=O)CNC(=O)C2=CC=C(C=C2)F","4-fluoro-N-[2-[2-[(2-hydroxy-3-methoxyphenyl)methylidene]hydrazinyl]-2-oxoethyl]benzamide",1.9,9,-428.875829796335,0.291428571428571,NA,"844260172036288961"
"844260413783390182","C17H16FN3O4","[M + Na]+",2,0.135341084634763,39.0270153846388,2.4295420276546,36.5974733569842,"10","VDCWENWOWUDREX","CC1=CC(=NO1)C(=O)N2CCC3COC(=O)N3C4=C(C2)C=CC(=C4)F","14-fluoro-9-(5-methyl-1,2-oxazole-3-carbonyl)-4-oxa-2,9-diazatricyclo[9.4.0.0²,⁶]pentadeca-1(15),11,13-trien-3-one",1.9,10,-435.745775360821,0.341040462427746,NA,"844260172036288961"
"844260413783390183","C12H14F3N7O2","[M + Na]+",3,0.00898881324137827,36.3151980707431,2.32380040563631,33.9913976651068,"10",NA,NA,NA,NA,NA,NA,NA,NA,"844260172036288961"
"844260413783390184","C14H17F2N3O5","[M + Na]+",4,0.00274938738423448,35.1305953572114,2.63885637606801,32.4917389811434,"10",NA,NA,NA,NA,NA,NA,NA,NA,"844260172036288961"
"844260413783390185","C9H15N9O6","[M + Na]+",5,0.000757926526311656,33.8420484106939,0.237741844119304,33.6043065665746,"10",NA,NA,NA,NA,NA,NA,NA,NA,"844260172036288961"
"844260413783390186","C11H18F3N3O6","[M + Na]+",6,0.000688451835433437,33.7459073206611,1.09791369645968,32.6479936242014,"10",NA,NA,NA,NA,NA,NA,NA,NA,"844260172036288961"
"844260413783390187","C14H17F6NO2","[M + Na]+",7,0.000491062401111525,33.4080331702963,2.39183858814761,31.0161945821487,"10",NA,NA,NA,NA,NA,NA,NA,NA,"844260172036288961"
"844260413783390188","C22H16FNO2","[M + Na]+",8,0.000319443462426324,32.9780422624837,0.917219154843968,32.0608231076397,"10",NA,NA,NA,NA,NA,NA,NA,NA,"844260172036288961"
"844260413783390189","C20H14FN4O","[M + Na]+",9,0.000278754076502807,32.8417919076296,2.37108647769333,30.4707054299362,"10",NA,NA,NA,NA,NA,NA,NA,NA,"844260172036288961"
"844260413783390190","C14H16F3N4O3","[M + Na]+",10,0.000183107168633246,32.421533563116,2.18484984429593,30.23668371882,"10",NA,NA,NA,NA,NA,NA,NA,NA,"844260172036288961"
"844260399531144956","C14H16F3N4O3","[M + H]+",1,0.958480762932048,48.6979087568086,2.03925482452399,46.6586539322846,"11",NA,NA,NA,NA,NA,NA,NA,NA,"844260172040483266"
"844260399531144957","C11H18F3N3O6","[M + H]+",2,0.016323696336817,44.6251770796133,1.3248961971507,43.3002808824626,"11",NA,NA,NA,NA,NA,NA,NA,NA,"844260172040483266"
"844260399531144958","C9H15N9O6","[M + H]+",3,0.0118516981312154,44.3050304240227,0.384188190159902,43.9208422338628,"11","AOMBUTLTOUELDR","CN1C2C3N(C(N2C)C4N(C1C(N4[N+](=O)[O-])N3[N+](=O)[O-])C)[N+](=O)[O-]","2,4,6-Trimethyl-8,10,12-trinitro-2,4,6,8,10,12-hexazatetracyclo[5.5.0.03,11.05,9]dodecane",1.7,1,-154.445290950186,0.150442477876106,0,"844260172040483266"
"844260399531144958","C9H15N9O6","[M + H]+",3,0.0118516981312154,44.3050304240227,0.384188190159902,43.9208422338628,"11","BAXFLFSLUMDRCR","C(C(=O)NN)N1C(=O)N(C(=O)N(C1=O)CC(=O)NN)CC(=O)NN","2-[3,5-Bis(2-hydrazinyl-2-oxoethyl)-2,4,6-trioxo-1,3,5-triazinan-1-yl]acetohydrazide",-4.8,3,-189.690040869869,0.201680672268908,NA,"844260172040483266"
"844260399531144959","C14H17F2N3O5","[M + H]+",4,0.00776335661795535,43.8819740590269,2.81087557410737,41.0710984849196,"11","RYYXIOLNZYBGHQ","COCCNC(=O)NC(=O)CNC1=C(C=C(C(=C1)C(=O)OC)F)F","Methyl 2,4-difluoro-5-[[2-(2-methoxyethylcarbamoylamino)-2-oxoethyl]amino]benzoate",1.3,13,-360.289739241454,0.214285714285714,NA,"844260172040483266"
"844260399531144959","C14H17F2N3O5","[M + H]+",4,0.00776335661795535,43.8819740590269,2.81087557410737,41.0710984849196,"11","HYDWDTMGPGGKTI","COC1=CC(=C(C(=C1)F)C2CN=C(C2NC(=O)O)NOCCO)F","[3-(2,6-difluoro-4-methoxyphenyl)-5-(2-hydroxyethoxyamino)-3,4-dihydro-2H-pyrrol-4-yl]carbamic acid",0.5,14,-363.831553346582,0.231182795698925,NA,"844260172040483266"
"844260399531144959","C14H17F2N3O5","[M + H]+",4,0.00776335661795535,43.8819740590269,2.81087557410737,41.0710984849196,"11","KDWCPERQQNFZRD","CN(CCN1CCOCC1=O)C2=C(C=CC(=C2)OC(F)F)[N+](=O)[O-]","4-[2-[5-(difluoromethoxy)-N-methyl-2-nitroanilino]ethyl]morpholin-3-one",1.9,15,-363.834706921114,0.285714285714286,NA,"844260172040483266"
"844260399531144959","C14H17F2N3O5","[M + H]+",4,0.00776335661795535,43.8819740590269,2.81087557410737,41.0710984849196,"11","IWCQONMLHVONLN","CCOC(=O)N1CCN(CC1)C2=C(C=C(C(=C2CO)F)[N+](=O)[O-])F","3,6-Difluoro-2-(4-ethoxycarbonyl-1-piperazinyl)-5-nitrobenzyl alcohol",1.2,16,-366.238681568782,0.210810810810811,NA,"844260172040483266"
"844260399531144959","C14H17F2N3O5","[M + H]+",4,0.00776335661795535,43.8819740590269,2.81087557410737,41.0710984849196,"11","YXIAMSPSABAWNR","CC(C)(C)OC(=O)NC1COC2=C(C=CC(=N2)OC(F)F)NC1=O","tert-butyl N-[(3S)-7-(difluoromethoxy)-2-oxo-3,4-dihydro-1H-pyrido[2,3-b][1,4]oxazepin-3-yl]carbamate",2.1,17,-369.03097629534,0.260204081632653,NA,"844260172040483266"
"844260399531144959","C14H17F2N3O5","[M + H]+",4,0.00776335661795535,43.8819740590269,2.81087557410737,41.0710984849196,"11","JAUWZCPMXGOVFY","CC1CN(CC(O1)C)C(=O)NC2=C(C=CC(=C2)[N+](=O)[O-])OC(F)F","N-[2-(difluoromethoxy)-5-nitrophenyl]-2,6-dimethylmorpholine-4-carboxamide",2.4,18,-369.457843968761,0.243523316062176,NA,"844260172040483266"
"844260399531144959","C14H17F2N3O5","[M + H]+",4,0.00776335661795535,43.8819740590269,2.81087557410737,41.0710984849196,"11","CVPJVRLLJNRSGB","CCOC(=O)C(ONC(=O)N1CC(C=C(C1)C2=NC=CO2)C)(F)F","ethyl 2,2-difluoro-2-[[(3R)-3-methyl-5-(1,3-oxazol-2-yl)-3,6-dihydro-2H-pyridine-1-carbonyl]amino]oxyacetate",1.3,22,-387.141357861981,0.175257731958763,NA,"844260172040483266"
"844260399531144959","C14H17F2N3O5","[M + H]+",4,0.00776335661795535,43.8819740590269,2.81087557410737,41.0710984849196,"11","SEAHIGNPSSUMPC","CC(C(=O)NC1=CC=CC=C1OC(F)F)OC(=O)CCNC(=O)N","[(2S)-1-[2-(difluoromethoxy)anilino]-1-oxopropan-2-yl] 3-(carbamoylamino)propanoate",1,23,-415.313875650978,0.191387559808612,NA,"844260172040483266"
"844260399531144959","C14H17F2N3O5","[M + H]+",4,0.00776335661795535,43.8819740590269,2.81087557410737,41.0710984849196,"11","CKVPZSUBKHFSJC","CC(C)(C)OC(=O)N1CCC(C1OC2=C(N=CC=C2)[N+](=O)[O-])(F)F","tert-butyl (2S)-3,3-difluoro-2-(2-nitropyridin-3-yl)oxypyrrolidine-1-carboxylate",2.8,24,-419.019268461655,0.265625,NA,"844260172040483266"
"844260399531144959","C14H17F2N3O5","[M + H]+",4,0.00776335661795535,43.8819740590269,2.81087557410737,41.0710984849196,"11","UPBKGPXMJNJLOS","COCC1CC(C(O1)N2C=CC(=NC2=O)NC(=O)OCC=C)(F)F","prop-2-enyl N-[1-[(2R,5S)-3,3-difluoro-5-(methoxymethyl)oxolan-2-yl]-2-oxopyrimidin-4-yl]carbamate",0.9,25,-431.045004195745,0.218009478672986,NA,"844260172040483266"
"844260399531144959","C14H17F2N3O5","[M + H]+",4,0.00776335661795535,43.8819740590269,2.81087557410737,41.0710984849196,"11","GQSKWIKDDRTCQV","COC1=C(C=C(C(=C1)C(=O)NCC(C2CC2)N)[N+](=O)[O-])OC(F)F","N-(2-amino-2-cyclopropylethyl)-4-(difluoromethoxy)-5-methoxy-2-nitrobenzamide",1.8,26,-436.426707971679,0.215311004784689,NA,"844260172040483266"
"844260399531144959","C14H17F2N3O5","[M + H]+",4,0.00776335661795535,43.8819740590269,2.81087557410737,41.0710984849196,"11","ROORJEYJMZRBRE","CC(C)(C)OC(=O)N1CC(C(C1)(F)F)OC2=C(N=CC=C2)[N+](=O)[O-]","Tert-butyl 3,3-difluoro-4-(2-nitropyridin-3-yl)oxypyrrolidine-1-carboxylate",2.4,27,-438.481223835134,0.271356783919598,NA,"844260172040483266"
"844260399531144959","C14H17F2N3O5","[M + H]+",4,0.00776335661795535,43.8819740590269,2.81087557410737,41.0710984849196,"11","WHKVCNFTYQCLNE","C1CN(CCC1CO)C(=O)NC2=C(C=CC(=C2)[N+](=O)[O-])OC(F)F","N-[2-(difluoromethoxy)-5-nitrophenyl]-4-(hydroxymethyl)piperidine-1-carboxamide",1.9,28,-438.574423504328,0.217821782178218,NA,"844260172040483266"
"844260399531144959","C14H17F2N3O5","[M + H]+",4,0.00776335661795535,43.8819740590269,2.81087557410737,41.0710984849196,"11","DVBMXBGFCSKWEE","CC(=O)NC(C1=NC2=CC(=C(C=C2N1)F)F)C(C(C(CO)O)O)O","N-[(2R)-1-(5,6-difluoro-1H-benzimidazol-2-yl)-2,3,4,5-tetrahydroxypentyl]acetamide",-1.7,29,-438.735971977175,0.282296650717703,NA,"844260172040483266"
"844260399531144959","C14H17F2N3O5","[M + H]+",4,0.00776335661795535,43.8819740590269,2.81087557410737,41.0710984849196,"11","FCWVTDIMXVCREB","C1COC(CN1C(=O)NCC2=C(N=CC=C2)OCC(F)F)C(=O)O","4-[[2-(2,2-Difluoroethoxy)pyridin-3-yl]methylcarbamoyl]morpholine-2-carboxylic acid",0.4,30,-441.442815458164,0.25,NA,"844260172040483266"
"844260399531144960","C12H14F3N7O2","[M + H]+",5,0.00407215213369082,43.2367309039724,2.29470560073985,40.9420253032325,"11","HWXZKOZWBLQEKW","CC1=C(N(N=C1C(F)(F)F)C)NC(=O)N2CCN3C(=NNC3=O)C2","N-[2,4-dimethyl-5-(trifluoromethyl)pyrazol-3-yl]-3-oxo-2,5,6,8-tetrahydro-[1,2,4]triazolo[4,3-a]pyrazine-7-carboxamide",0,5,-252.345915703739,0.333333333333333,NA,"844260172040483266"
"844260399531144960","C12H14F3N7O2","[M + H]+",5,0.00407215213369082,43.2367309039724,2.29470560073985,40.9420253032325,"11","IFYXVNRZCDYQKN","C1C=CN=C(C1O)N2C(=CC(=N2)CN(N)N=C(C(F)(F)F)N)C=O","N'-[amino-[[5-formyl-1-(3-hydroxy-3,4-dihydropyridin-2-yl)pyrazol-3-yl]methyl]amino]-2,2,2-trifluoroethanimidamide",0.2,6,-257.71823906323,0.338461538461538,NA,"844260172040483266"
"844260399531144960","C12H14F3N7O2","[M + H]+",5,0.00407215213369082,43.2367309039724,2.29470560073985,40.9420253032325,"11","RTTFJVBSZDECDO","CN(C)C1=NC(=NC(=N1)N)COC(=O)CN2C=CC(=N2)C(F)(F)F","[4-Amino-6-(dimethylamino)-1,3,5-triazin-2-yl]methyl 2-[3-(trifluoromethyl)pyrazol-1-yl]acetate",0.9,7,-262.758646179684,0.352517985611511,NA,"844260172040483266"
"844260399531144960","C12H14F3N7O2","[M + H]+",5,0.00407215213369082,43.2367309039724,2.29470560073985,40.9420253032325,"11","PPGDMTJHHGPQCS","C1CCC2=NN(C(=O)N2CC1)CC(=O)NC3=NNC(=N3)C(F)(F)F","2-(3-oxo-6,7,8,9-tetrahydro-5H-[1,2,4]triazolo[4,3-a]azepin-2-yl)-N-[5-(trifluoromethyl)-1H-1,2,4-triazol-3-yl]acetamide",0.6,9,-298.132996668149,0.323943661971831,NA,"844260172040483266"
"844260399531144960","C12H14F3N7O2","[M + H]+",5,0.00407215213369082,43.2367309039724,2.29470560073985,40.9420253032325,"11","UWEWKEWSZOLGGS","CC1CN(CCN1C2=NC3=C(C=NN3C(=N2)N)C(F)(F)F)C(=O)O","(3S)-4-[4-amino-8-(trifluoromethyl)pyrazolo[1,5-a][1,3,5]triazin-2-yl]-3-methylpiperazine-1-carboxylic acid",0.9,10,-299.40025098951,0.30188679245283,NA,"844260172040483266"
"844260399531144960","C12H14F3N7O2","[M + H]+",5,0.00407215213369082,43.2367309039724,2.29470560073985,40.9420253032325,"11","YDOLGRJEXOMTBA","CC1=C(C2=NN=C(N2N=C1NCCC(=O)NC(=O)N)C(F)(F)F)C","N-carbamoyl-3-[[7,8-dimethyl-3-(trifluoromethyl)-[1,2,4]triazolo[4,3-b]pyridazin-6-yl]amino]propanamide",0.7,11,-304.970483945643,0.36551724137931,NA,"844260172040483266"
"844260399531144960","C12H14F3N7O2","[M + H]+",5,0.00407215213369082,43.2367309039724,2.29470560073985,40.9420253032325,"11","YFAOZSCRWGGTHT","CN1C(=NN(C1=O)C2CCN(CC2)C(=O)C3=NC=NN3)C(F)(F)F","1-(1-(1H-1,2,4-triazole-5-carbonyl)piperidin-4-yl)-4-methyl-3-(trifluoromethyl)-1H-1,2,4-triazol-5(4H)-one",0.8,12,-353.981585478185,0.26875,NA,"844260172040483266"
"844260399531144960","C12H14F3N7O2","[M + H]+",5,0.00407215213369082,43.2367309039724,2.29470560073985,40.9420253032325,"11","JPUBTAPBJQSJLC","CN1C=CC(=N1)C2=C(C(=O)NC(C2)C(F)(F)F)N(C)N=NNC=O","N-[(Z)-[methyl-[4-(1-methylpyrazol-3-yl)-6-oxo-2-(trifluoromethyl)-2,3-dihydro-1H-pyridin-5-yl]amino]diazenyl]formamide",1.2,19,-374.280737026586,0.262820512820513,NA,"844260172040483266"
"844260399531144960","C12H14F3N7O2","[M + H]+",5,0.00407215213369082,43.2367309039724,2.29470560073985,40.9420253032325,"11","ZOYGWZALIZNHIN","C1CN(CC1CC(=O)N)C2=NC(=NC3=NNN=C32)OCC(F)(F)F","2-[(3S)-1-[5-(2,2,2-trifluoroethoxy)-2H-triazolo[4,5-d]pyrimidin-7-yl]pyrrolidin-3-yl]acetamide",0.7,20,-377.920000513335,0.3125,NA,"844260172040483266"
"844260399531144960","C12H14F3N7O2","[M + H]+",5,0.00407215213369082,43.2367309039724,2.29470560073985,40.9420253032325,"11","NYHOWMBHIQJUCE","CC(=O)NC1CCN(C1)C2=NC(=NC3=NNN=C32)OCC(F)(F)F","N-[(3S)-1-[5-(2,2,2-trifluoroethoxy)-2H-triazolo[4,5-d]pyrimidin-7-yl]pyrrolidin-3-yl]acetamide",1,21,-384.246606279882,0.305084745762712,NA,"844260172040483266"
"844260399531144961","C12H22F2NO6P","[M + H]+",6,0.00066991798879257,41.4319592856196,1.47396700899377,39.9579922766259,"11","VHUVXFCYSUJQFR","C[N+](C)(C)CCOP(=O)(O)OCC(COC=CF)OC=CF","[(2R)-2,3-bis[(Z)-2-fluoroethenoxy]propyl] 2-(trimethylazaniumyl)ethyl phosphate",-0.2,2,-187.317716808965,0.290598290598291,Inf,"844260172040483266"
"844260399531144961","C12H22F2NO6P","[M + H]+",6,0.00066991798879257,41.4319592856196,1.47396700899377,39.9579922766259,"11","WEIWQLJKRVSURI","CCOP(=O)(C(CC1COC(N1C(=O)O)(C)C)(F)F)OCC","(4S)-4-(2-diethoxyphosphoryl-2,2-difluoroethyl)-2,2-dimethyl-1,3-oxazolidine-3-carboxylic acid",1.3,4,-227.163751914649,0.28125,NA,"844260172040483266"
"844260399531144961","C12H22F2NO6P","[M + H]+",6,0.00066991798879257,41.4319592856196,1.47396700899377,39.9579922766259,"11","RGEHLMMNBNGZOP","CC(=C)C(=O)OCC[N+](C)(C)CCOP(=O)(O)OCC(F)F","2,2-Difluoroethyl 2-[dimethyl-[2-(2-methylprop-2-enoyloxy)ethyl]azaniumyl]ethyl phosphate",0.7,8,-278.621733509307,0.270676691729323,NA,"844260172040483266"
"844260399531144962","C15H13F2N7O","[M + H]+",7,0.000433633768413812,40.9970043117901,3.53954747556246,37.4574568362276,"11",NA,NA,NA,NA,NA,NA,NA,NA,"844260172040483266"
"844260399531144963","C9H15F4N7O3","[M + H]+",8,0.000187802208029098,40.1601933095624,0,40.1601933095624,"11",NA,NA,NA,NA,NA,NA,NA,NA,"844260172040483266"
"844260399531144964","C17H16FN3O4","[M + H]+",9,0.000164888160486195,40.0300714143587,2.52797726995148,37.5020941444072,"11",NA,NA,NA,NA,NA,NA,NA,NA,"844260172040483266"
"844260399531144965","C11H17N6O7","[M + H]+",10,3.72983412707189e-05,38.5437528412209,1.7061148244192,36.8376380168017,"11",NA,NA,NA,NA,NA,NA,NA,NA,"844260172040483266"
"844260362730321650","C17H16FN3O4","[M + Na]+",1,0.936548612819353,48.5727600502885,2.56643154031102,46.0063285099775,"12","NWVXUXFCAZFSQH","C1CN(CCN1)C2=C(C=C3C(=C2)N(C=C(C3=O)C(=O)O)C4CC4=O)F","Oxo-ciprofloxacin",0.33245212,1,-295.174339711279,0.429411764705882,0,"844260172048871875"
"844260362730321650","C17H16FN3O4","[M + Na]+",1,0.936548612819353,48.5727600502885,2.56643154031102,46.0063285099775,"12","MYYZZOHRULFPOQ","C1CC1N2C=C(C(=O)C3=CC(=C(C=C32)N4CCNC(=O)C4)F)C(=O)O","Oxociprofloxacin",0.96316284,2,-358.278986807906,0.424581005586592,Inf,"844260172048871875"
"844260362730321650","C17H16FN3O4","[M + Na]+",1,0.936548612819353,48.5727600502885,2.56643154031102,46.0063285099775,"12","FVCPNISTSVVUPX","COC1=CC(=C(C=C1)O)C=NNC(=O)CNC(=O)C2=CC=C(C=C2)F","4-fluoro-N-[2-[(2Z)-2-[(2-hydroxy-5-methoxyphenyl)methylidene]hydrazinyl]-2-oxoethyl]benzamide",1.9,3,-365.179598292328,0.27906976744186,NA,"844260172048871875"
"844260362730321650","C17H16FN3O4","[M + Na]+",1,0.936548612819353,48.5727600502885,2.56643154031102,46.0063285099775,"12","JKZPDGNJAAVKEG","CC(=O)NC(CC1=CC(=CC=C1)F)C(=O)NC2=CC=C(C=C2)[N+](=O)[O-]","2-Acetamido-3-(3-fluorophenyl)-N-(4-nitrophenyl)propanamide (2c)",2.4,4,-378.703390742893,0.248587570621469,NA,"844260172048871875"
"844260362730321650","C17H16FN3O4","[M + Na]+",1,0.936548612819353,48.5727600502885,2.56643154031102,46.0063285099775,"12","HAZCGTFRKOCWQZ","CC(=O)NC(CC1=CC=C(C=C1)F)C(=O)NC2=CC=C(C=C2)[N+](=O)[O-]","2-Acetamido-3-(4-fluorophenyl)-N-(4-nitrophenyl)propanamide (3c)",2.7804983,5,-384.174947624045,0.240437158469945,NA,"844260172048871875"
"844260362730321650","C17H16FN3O4","[M + Na]+",1,0.936548612819353,48.5727600502885,2.56643154031102,46.0063285099775,"12","VCWNLVLFIZZTLZ","C1C2C(CN1C(=O)C3=CC=NO3)OCC(=O)N2CC4=CC=C(C=C4)F","4-[(4-fluorophenyl)methyl]-6-(1,2-oxazole-5-carbonyl)-octahydropyrrolo[3,4-b][1,4]oxazin-3-one",0.8,6,-407.426194783618,0.262032085561497,NA,"844260172048871875"
"844260362730321650","C17H16FN3O4","[M + Na]+",1,0.936548612819353,48.5727600502885,2.56643154031102,46.0063285099775,"12","RYUXKVAKPFRBTB","CC(=O)NC(CC1=CC=CC=C1F)C(=O)NC2=CC=C(C=C2)[N+](=O)[O-]","2-Acetamido-3-(2-fluorophenyl)-N-(4-nitrophenyl)propanamide (1c)",2.4,7,-417.980166970119,0.244318181818182,NA,"844260172048871875"
"844260362730321650","C17H16FN3O4","[M + Na]+",1,0.936548612819353,48.5727600502885,2.56643154031102,46.0063285099775,"12","ZBLZEVQPDZRXNP","COC1=CC=CC(=C1O)C=NNC(=O)CNC(=O)C2=CC=C(C=C2)F","4-fluoro-N-[2-[2-[(2-hydroxy-3-methoxyphenyl)methylidene]hydrazinyl]-2-oxoethyl]benzamide",1.9,8,-420.120153379775,0.267045454545455,NA,"844260172048871875"
"844260362730321650","C17H16FN3O4","[M + Na]+",1,0.936548612819353,48.5727600502885,2.56643154031102,46.0063285099775,"12","LHZAPCAVMNVKID","CCOC1=C(C=CC(=C1)C=NNC(=O)C(=O)NC2=CC=C(C=C2)F)O","N'-[(3-ethoxy-4-hydroxyphenyl)methylideneamino]-N-(4-fluorophenyl)oxamide",2.5,9,-428.594758319654,0.303030303030303,NA,"844260172048871875"
"844260362730321650","C17H16FN3O4","[M + Na]+",1,0.936548612819353,48.5727600502885,2.56643154031102,46.0063285099775,"12","VDCWENWOWUDREX","CC1=CC(=NO1)C(=O)N2CCC3COC(=O)N3C4=C(C2)C=CC(=C4)F","14-fluoro-9-(5-methyl-1,2-oxazole-3-carbonyl)-4-oxa-2,9-diazatricyclo[9.4.0.0²,⁶]pentadeca-1(15),11,13-trien-3-one",1.9,10,-429.445747756055,0.339181286549708,NA,"844260172048871875"
"844260362730321651","C14H17F2N3O5","[M + Na]+",2,0.052986472967196,45.7005952746501,2.82448375530824,42.8761115193419,"12",NA,NA,NA,NA,NA,NA,NA,NA,"844260172048871875"
"844260362730321652","C15H13F2N7O","[M + Na]+",3,0.00721685142483463,43.7069773877544,3.54234043895082,40.1646369488036,"12",NA,NA,NA,NA,NA,NA,NA,NA,"844260172048871875"
"844260362730321653","C19H17F2NO3","[M + Na]+",4,0.0010819950392965,41.8093652163681,1.90281159639694,39.9065536199711,"12",NA,NA,NA,NA,NA,NA,NA,NA,"844260172048871875"
"844260362734515958","C14H16F3N4O3","[M + Na]+",5,0.00108010423523249,41.8076161712911,2.19688991006779,39.6107262612233,"12",NA,NA,NA,NA,NA,NA,NA,NA,"844260172048871875"
"844260362734515959","C12H14F3N7O2","[M + Na]+",6,0.000333797536486993,40.6333379727196,2.38784574308217,38.2454922296375,"12",NA,NA,NA,NA,NA,NA,NA,NA,"844260172048871875"
"844260362734515960","C9H15N9O6","[M + Na]+",7,0.000313096359513647,40.5693143427586,0.448383158663481,40.1209311840951,"12",NA,NA,NA,NA,NA,NA,NA,NA,"844260172048871875"
"844260362734515961","C11H18F3N3O6","[M + Na]+",8,0.000218495768749073,40.2095699910812,1.32707616147528,38.8824938296059,"12",NA,NA,NA,NA,NA,NA,NA,NA,"844260172048871875"
"844260362734515962","C15H21FNO5P","[M + Na]+",9,0.000125716924452397,39.6568360898848,3.27125308454642,36.3855830053383,"12",NA,NA,NA,NA,NA,NA,NA,NA,"844260172048871875"
"844260362734515963","C8H19N5O10","[M + Na]+",10,4.93012393565957e-05,38.7207525615376,0,38.7207525615376,"12",NA,NA,NA,NA,NA,NA,NA,NA,"844260172048871875"
"844260357806208682","C17H16FN3O4","[M + Na]+",1,0.99895908685635,54.5204121299524,2.52274183211261,51.9976702978398,"13","NWVXUXFCAZFSQH","C1CN(CCN1)C2=C(C=C3C(=C2)N(C=C(C3=O)C(=O)O)C4CC4=O)F","Oxo-ciprofloxacin",0.33245212,7,-323.58996652351,0.390804597701149,NA,"844260172053066180"
"844260357806208682","C17H16FN3O4","[M + Na]+",1,0.99895908685635,54.5204121299524,2.52274183211261,51.9976702978398,"13","FVCPNISTSVVUPX","COC1=CC(=C(C=C1)O)C=NNC(=O)CNC(=O)C2=CC=C(C=C2)F","4-fluoro-N-[2-[(2Z)-2-[(2-hydroxy-5-methoxyphenyl)methylidene]hydrazinyl]-2-oxoethyl]benzamide",1.9,12,-340.922882410482,0.319277108433735,NA,"844260172053066180"
"844260357806208682","C17H16FN3O4","[M + Na]+",1,0.99895908685635,54.5204121299524,2.52274183211261,51.9976702978398,"13","MYYZZOHRULFPOQ","C1CC1N2C=C(C(=O)C3=CC(=C(C=C32)N4CCNC(=O)C4)F)C(=O)O","Oxociprofloxacin",0.96316284,16,-345.273262174412,0.380434782608696,NA,"844260172053066180"
"844260357806208682","C17H16FN3O4","[M + Na]+",1,0.99895908685635,54.5204121299524,2.52274183211261,51.9976702978398,"13","JKZPDGNJAAVKEG","CC(=O)NC(CC1=CC(=CC=C1)F)C(=O)NC2=CC=C(C=C2)[N+](=O)[O-]","2-Acetamido-3-(3-fluorophenyl)-N-(4-nitrophenyl)propanamide (2c)",2.4,19,-361.66381178102,0.242937853107345,NA,"844260172053066180"
"844260357806208682","C17H16FN3O4","[M + Na]+",1,0.99895908685635,54.5204121299524,2.52274183211261,51.9976702978398,"13","HAZCGTFRKOCWQZ","CC(=O)NC(CC1=CC=C(C=C1)F)C(=O)NC2=CC=C(C=C2)[N+](=O)[O-]","2-Acetamido-3-(4-fluorophenyl)-N-(4-nitrophenyl)propanamide (3c)",2.7804983,20,-362.598852920327,0.234972677595628,NA,"844260172053066180"
"844260357806208682","C17H16FN3O4","[M + Na]+",1,0.99895908685635,54.5204121299524,2.52274183211261,51.9976702978398,"13","LHZAPCAVMNVKID","CCOC1=C(C=CC(=C1)C=NNC(=O)C(=O)NC2=CC=C(C=C2)F)O","N'-[(3-ethoxy-4-hydroxyphenyl)methylideneamino]-N-(4-fluorophenyl)oxamide",2.5,21,-365.06751979766,0.345911949685535,NA,"844260172053066180"
"844260357806208682","C17H16FN3O4","[M + Na]+",1,0.99895908685635,54.5204121299524,2.52274183211261,51.9976702978398,"13","ZBLZEVQPDZRXNP","COC1=CC=CC(=C1O)C=NNC(=O)CNC(=O)C2=CC=C(C=C2)F","4-fluoro-N-[2-[2-[(2-hydroxy-3-methoxyphenyl)methylidene]hydrazinyl]-2-oxoethyl]benzamide",1.9,25,-378.434023332976,0.305882352941176,NA,"844260172053066180"
"844260357806208682","C17H16FN3O4","[M + Na]+",1,0.99895908685635,54.5204121299524,2.52274183211261,51.9976702978398,"13","RYUXKVAKPFRBTB","CC(=O)NC(CC1=CC=CC=C1F)C(=O)NC2=CC=C(C=C2)[N+](=O)[O-]","2-Acetamido-3-(2-fluorophenyl)-N-(4-nitrophenyl)propanamide (1c)",2.4,29,-404.119349641934,0.238636363636364,NA,"844260172053066180"
"844260357806208682","C17H16FN3O4","[M + Na]+",1,0.99895908685635,54.5204121299524,2.52274183211261,51.9976702978398,"13","VDCWENWOWUDREX","CC1=CC(=NO1)C(=O)N2CCC3COC(=O)N3C4=C(C2)C=CC(=C4)F","14-fluoro-9-(5-methyl-1,2-oxazole-3-carbonyl)-4-oxa-2,9-diazatricyclo[9.4.0.0²,⁶]pentadeca-1(15),11,13-trien-3-one",1.9,30,-411.772135086541,0.310344827586207,NA,"844260172053066180"
"844260357806208682","C17H16FN3O4","[M + Na]+",1,0.99895908685635,54.5204121299524,2.52274183211261,51.9976702978398,"13","VCWNLVLFIZZTLZ","C1C2C(CN1C(=O)C3=CC=NO3)OCC(=O)N2CC4=CC=C(C=C4)F","4-[(4-fluorophenyl)methyl]-6-(1,2-oxazole-5-carbonyl)-octahydropyrrolo[3,4-b][1,4]oxazin-3-one",0.8,33,-437.558778324112,0.25668449197861,NA,"844260172053066180"
"844260357806208683","C15H13F2N7O","[M + Na]+",2,0.000477109752828792,46.8736895814677,3.45081867392582,43.4228709075418,"13",NA,NA,NA,NA,NA,NA,NA,NA,"844260172053066180"
"844260357806208684","C20H15N3O3","[M + Na]+",3,0.000440170702732515,46.7931056396888,0.749024607643193,46.0440810320456,"13","JXKKWYPQTJBSEX","CC1=C2C(=CC(=N1)C(=O)NC3=CC=CC=C3C(=O)O)C4=CC=CC=C4N2","2-{1-methyl-9H-pyrido[3,4-b]indole-3-amido}benzoic acid",4,1,-200.492098727376,0.507142857142857,0,"844260172053066180"
"844260357806208684","C20H15N3O3","[M + Na]+",3,0.000440170702732515,46.7931056396888,0.749024607643193,46.0440810320456,"13","NVVIQGMTHCUMFT","C1=CC=C2C(=C1)N=C(O2)C3=C(C=CC(=C3)NC(=O)C4=CC=C(C=C4)N)O","4-amino-N-[3-(3H-1,3-benzoxazol-2-ylidene)-4-oxo-1-cyclohexa-1,5-dienyl]benzamide",3.2,2,-268.062098802625,0.427631578947368,Inf,"844260172053066180"
"844260357806208684","C20H15N3O3","[M + Na]+",3,0.000440170702732515,46.7931056396888,0.749024607643193,46.0440810320456,"13","VRLHOPLBQZRORF","C1=CC=C(C=C1)OC2=CC=C(C=C2)CC3=NC4=C(N3)C=C(C=C4)[N+](=O)[O-]","6-nitro-2-[(4-phenoxyphenyl)methyl]-1H-benzimidazole",5.05114,3,-268.634576417195,0.354609929078014,NA,"844260172053066180"
"844260357806208684","C20H15N3O3","[M + Na]+",3,0.000440170702732515,46.7931056396888,0.749024607643193,46.0440810320456,"13","UJSFKBQYVJAODI","CC1=NC2=CC=CC=C2C(=C1)NC(=O)CN3C(=O)C4=CC=CC=C4C3=O","2-(1,3-dioxo-2,3-dihydro-1H-isoindol-2-yl)-N-(2-methylquinolin-4-yl)acetamide",2.5,4,-282.918146591265,0.373417721518987,NA,"844260172053066180"
"844260357806208684","C20H15N3O3","[M + Na]+",3,0.000440170702732515,46.7931056396888,0.749024607643193,46.0440810320456,"13","LMVKUABUTVWKMO","CC1=CC(=O)C(=C(O1)C2=C(N=C(N2)C3=CN=CC=C3)C4=CC=CC=C4)O","3-hydroxy-6-methyl-2-[4-phenyl-2-(pyridin-3-yl)-1H-imidazol-5-yl]-4H-pyran-4-one",2.4,5,-291.70992662223,0.395833333333333,NA,"844260172053066180"
"844260357806208684","C20H15N3O3","[M + Na]+",3,0.000440170702732515,46.7931056396888,0.749024607643193,46.0440810320456,"13","FPGWJDJJATWIGG","C1=CC=C(C=C1)CN2C=C(C3=CC=CC=C32)C=C4C(=O)NC(=O)NC4=O","5-(1-Benzyl-1H-indol-3-ylmethylene)-pyrimidine-2,4,6-trione",2.6,6,-323.261989017947,0.335570469798658,NA,"844260172053066180"
"844260357806208684","C20H15N3O3","[M + Na]+",3,0.000440170702732515,46.7931056396888,0.749024607643193,46.0440810320456,"13","XESXXGNCJARCOG","C1=CC=C(C=C1)C(=O)OC2=CC=C(C=C2)C=NNC(=O)C3=CC=NC=C3","[4-[(Pyridine-4-carbonylhydrazinylidene)methyl]phenyl] benzoate",3.6089172,8,-324.205859411886,0.324137931034483,NA,"844260172053066180"
"844260357806208684","C20H15N3O3","[M + Na]+",3,0.000440170702732515,46.7931056396888,0.749024607643193,46.0440810320456,"13","WQZYSJSRZGJXED","CC1=CC(=CC=C1)N2C(=C(C(=O)NC2=O)C=C3C=NC4=CC=CC=C43)O","6-hydroxy-5-[(E)-indol-3-ylidenemethyl]-1-(3-methylphenyl)pyrimidine-2,4-dione",2.2,9,-330.587781933044,0.384,NA,"844260172053066180"
"844260357806208684","C20H15N3O3","[M + Na]+",3,0.000440170702732515,46.7931056396888,0.749024607643193,46.0440810320456,"13","HJWKNTSKQQKAID","CC1=NC(=CN2C=CC3=CC=CC=C32)C(=O)N1C4=CC=C(C=C4)C(=O)O","4-[4-(Indol-1-ylmethylidene)-2-methyl-5-oxoimidazol-1-yl]benzoic acid",2.5,10,-337.411208459345,0.417808219178082,NA,"844260172053066180"
"844260357806208684","C20H15N3O3","[M + Na]+",3,0.000440170702732515,46.7931056396888,0.749024607643193,46.0440810320456,"13","JSLHLVGXXJERCS","CC1=CC=CC=C1N2C(=C(C(=O)NC2=O)C=C3C=NC4=CC=CC=C43)O","6-hydroxy-5-[(Z)-indol-3-ylidenemethyl]-1-(2-methylphenyl)pyrimidine-2,4-dione",2.2,11,-338.917308997309,0.390243902439024,NA,"844260172053066180"
"844260357806208684","C20H15N3O3","[M + Na]+",3,0.000440170702732515,46.7931056396888,0.749024607643193,46.0440810320456,"13","DDSMABIPZUNONT","CN1C2=CC=CC=C2C(=O)C(=C3C(=CC4=CC=CC=C4)C(=O)NN3)C1=O","(3Z)-3-[(4Z)-4-benzylidene-5-oxopyrazolidin-3-ylidene]-1-methylquinoline-2,4-dione",2.5,13,-342.283135845622,0.366906474820144,NA,"844260172053066180"
"844260357806208684","C20H15N3O3","[M + Na]+",3,0.000440170702732515,46.7931056396888,0.749024607643193,46.0440810320456,"13","RKWPAZPDEURDLU","CC1=CC=C(C=C1)N2C(=C(C(=O)NC2=O)C=C3C=NC4=CC=CC=C43)O","5-(1H-Indol-3-ylmethylene)-1-p-tolyl-pyrimidine-2,4,6-trione",2.2,14,-343.26328942076,0.377952755905512,NA,"844260172053066180"
"844260357806208684","C20H15N3O3","[M + Na]+",3,0.000440170702732515,46.7931056396888,0.749024607643193,46.0440810320456,"13","QQIBMIWXDUCPDX","C1CN=C(C2=C1C3=C(N2)C=CC(=C3)O)C(=O)C4=CNC5=C4C=C(C=C5)O",NA,2.7,15,-344.958113806294,0.368055555555556,NA,"844260172053066180"
"844260357806208684","C20H15N3O3","[M + Na]+",3,0.000440170702732515,46.7931056396888,0.749024607643193,46.0440810320456,"13","IVMNCXYYMGVUKG","CN1C=C(C2=CC=CC=C21)C=C3C(=O)NC(=O)N(C3=O)C4=CC=CC=C4","5-(1-Methyl-1H-indol-3-ylmethylene)-1-phenyl-pyrimidine-2,4,6-trione",2.8,17,-349.56563476548,0.364864864864865,NA,"844260172053066180"
"844260357806208684","C20H15N3O3","[M + Na]+",3,0.000440170702732515,46.7931056396888,0.749024607643193,46.0440810320456,"13","MUZVYMMACNXBKT","C1=CC=C2C(=C1)C(C(=O)N2)C3C=C(NC3=O)C4=CNC5=C4C=C(C=C5)O","3-[5-(5-hydroxy-1H-indol-3-yl)-2-oxo-2,3-dihydro-1H-pyrrol-3-yl]-2,3-dihydro-1H-indol-2-one",1.7,18,-356.368018382111,0.361290322580645,NA,"844260172053066180"
"844260357806208685","C14H17F2N3O5","[M + Na]+",4,5.79063370714013e-05,44.7647698544041,2.5623054010593,42.2024644533448,"13",NA,NA,NA,NA,NA,NA,NA,NA,"844260172053066180"
"844260357806208686","C19H17F2NO3","[M + Na]+",5,3.6371901567841e-05,44.2997395688562,2.10167911696914,42.198060451887,"13",NA,NA,NA,NA,NA,NA,NA,NA,"844260172053066180"
"844260357806208687","C9H15N9O6","[M + Na]+",6,7.3721922187453e-06,42.7036581408909,0,42.7036581408909,"13",NA,NA,NA,NA,NA,NA,NA,NA,"844260172053066180"
"844260357806208688","C8H19N5O10","[M + Na]+",7,7.06116604526887e-06,42.6605532273448,0,42.6605532273448,"13",NA,NA,NA,NA,NA,NA,NA,NA,"844260172053066180"
"844260357806208689","C14H16F3N4O3","[M + Na]+",8,5.08556320676208e-06,42.332348809084,1.9868506524015,40.3454981566825,"13",NA,NA,NA,NA,NA,NA,NA,NA,"844260172053066180"
"844260357806208690","C11H18F3N3O6","[M + Na]+",9,2.09832194662486e-06,41.4470809795227,0.870358997260772,40.5767219822619,"13",NA,NA,NA,NA,NA,NA,NA,NA,"844260172053066180"
"844260357806208691","C14H17F6NO2","[M + Na]+",10,2.08160879497106e-06,41.4390840811267,2.13424534966906,39.3048387314576,"13",NA,NA,NA,NA,NA,NA,NA,NA,"844260172053066180"
"844260356849907360","C14H16F3N4O3","[M + H]+",1,0.670578636121996,60.3856425130346,2.03686498776537,58.3487775252692,"14",NA,NA,NA,NA,NA,NA,NA,NA,"844260172057260485"
"844260356849907361","C9H15N9O6","[M + H]+",2,0.118370725808582,58.6513229810063,0.331290743193795,58.3200322378125,"14","AOMBUTLTOUELDR","CN1C2C3N(C(N2C)C4N(C1C(N4[N+](=O)[O-])N3[N+](=O)[O-])C)[N+](=O)[O-]","2,4,6-Trimethyl-8,10,12-trinitro-2,4,6,8,10,12-hexazatetracyclo[5.5.0.03,11.05,9]dodecane",1.7,3,-166.764052570429,0.144067796610169,NA,"844260172057260485"
"844260356849907361","C9H15N9O6","[M + H]+",2,0.118370725808582,58.6513229810063,0.331290743193795,58.3200322378125,"14","BAXFLFSLUMDRCR","C(C(=O)NN)N1C(=O)N(C(=O)N(C1=O)CC(=O)NN)CC(=O)NN","2-[3,5-Bis(2-hydrazinyl-2-oxoethyl)-2,4,6-trioxo-1,3,5-triazinan-1-yl]acetohydrazide",-4.8,9,-193.58673419284,0.193548387096774,NA,"844260172057260485"
"844260356849907362","C11H18F3N3O6","[M + H]+",3,0.112289524264829,58.5985821112755,1.27347432133572,57.3251077899398,"14",NA,NA,NA,NA,NA,NA,NA,NA,"844260172057260485"
"844260356849907363","C14H17F2N3O5","[M + H]+",4,0.0797398982790024,58.2562716036596,2.78718572004166,55.4690858836179,"14","KDWCPERQQNFZRD","CN(CCN1CCOCC1=O)C2=C(C=CC(=C2)OC(F)F)[N+](=O)[O-]","4-[2-[5-(difluoromethoxy)-N-methyl-2-nitroanilino]ethyl]morpholin-3-one",1.9,34,-363.637290936108,0.284210526315789,NA,"844260172057260485"
"844260356849907363","C14H17F2N3O5","[M + H]+",4,0.0797398982790024,58.2562716036596,2.78718572004166,55.4690858836179,"14","RYYXIOLNZYBGHQ","COCCNC(=O)NC(=O)CNC1=C(C=C(C(=C1)C(=O)OC)F)F","Methyl 2,4-difluoro-5-[[2-(2-methoxyethylcarbamoylamino)-2-oxoethyl]amino]benzoate",1.3,35,-368.184323448288,0.219387755102041,NA,"844260172057260485"
"844260356849907363","C14H17F2N3O5","[M + H]+",4,0.0797398982790024,58.2562716036596,2.78718572004166,55.4690858836179,"14","HYDWDTMGPGGKTI","COC1=CC(=C(C(=C1)F)C2CN=C(C2NC(=O)O)NOCCO)F","[3-(2,6-difluoro-4-methoxyphenyl)-5-(2-hydroxyethoxyamino)-3,4-dihydro-2H-pyrrol-4-yl]carbamic acid",0.5,37,-369.219635482405,0.243243243243243,NA,"844260172057260485"
"844260356849907363","C14H17F2N3O5","[M + H]+",4,0.0797398982790024,58.2562716036596,2.78718572004166,55.4690858836179,"14","IWCQONMLHVONLN","CCOC(=O)N1CCN(CC1)C2=C(C=C(C(=C2CO)F)[N+](=O)[O-])F","3,6-Difluoro-2-(4-ethoxycarbonyl-1-piperazinyl)-5-nitrobenzyl alcohol",1.2,38,-372.821119578677,0.216216216216216,NA,"844260172057260485"
"844260356849907363","C14H17F2N3O5","[M + H]+",4,0.0797398982790024,58.2562716036596,2.78718572004166,55.4690858836179,"14","JAUWZCPMXGOVFY","CC1CN(CC(O1)C)C(=O)NC2=C(C=CC(=C2)[N+](=O)[O-])OC(F)F","N-[2-(difluoromethoxy)-5-nitrophenyl]-2,6-dimethylmorpholine-4-carboxamide",2.4,39,-378.806982894621,0.242268041237113,NA,"844260172057260485"
"844260356849907363","C14H17F2N3O5","[M + H]+",4,0.0797398982790024,58.2562716036596,2.78718572004166,55.4690858836179,"14","YXIAMSPSABAWNR","CC(C)(C)OC(=O)NC1COC2=C(C=CC(=N2)OC(F)F)NC1=O","tert-butyl N-[(3S)-7-(difluoromethoxy)-2-oxo-3,4-dihydro-1H-pyrido[2,3-b][1,4]oxazepin-3-yl]carbamate",2.1,40,-379.629051484996,0.26530612244898,NA,"844260172057260485"
"844260356849907363","C14H17F2N3O5","[M + H]+",4,0.0797398982790024,58.2562716036596,2.78718572004166,55.4690858836179,"14","CVPJVRLLJNRSGB","CCOC(=O)C(ONC(=O)N1CC(C=C(C1)C2=NC=CO2)C)(F)F","ethyl 2,2-difluoro-2-[[(3R)-3-methyl-5-(1,3-oxazol-2-yl)-3,6-dihydro-2H-pyridine-1-carbonyl]amino]oxyacetate",1.3,44,-398.555445741382,0.174358974358974,NA,"844260172057260485"
"844260356849907363","C14H17F2N3O5","[M + H]+",4,0.0797398982790024,58.2562716036596,2.78718572004166,55.4690858836179,"14","SEAHIGNPSSUMPC","CC(C(=O)NC1=CC=CC=C1OC(F)F)OC(=O)CCNC(=O)N","[(2S)-1-[2-(difluoromethoxy)anilino]-1-oxopropan-2-yl] 3-(carbamoylamino)propanoate",1,45,-429.755747130384,0.196172248803828,NA,"844260172057260485"
"844260356849907363","C14H17F2N3O5","[M + H]+",4,0.0797398982790024,58.2562716036596,2.78718572004166,55.4690858836179,"14","CKVPZSUBKHFSJC","CC(C)(C)OC(=O)N1CCC(C1OC2=C(N=CC=C2)[N+](=O)[O-])(F)F","tert-butyl (2S)-3,3-difluoro-2-(2-nitropyridin-3-yl)oxypyrrolidine-1-carboxylate",2.8,46,-430.266736893565,0.264248704663212,NA,"844260172057260485"
"844260356849907363","C14H17F2N3O5","[M + H]+",4,0.0797398982790024,58.2562716036596,2.78718572004166,55.4690858836179,"14","DVBMXBGFCSKWEE","CC(=O)NC(C1=NC2=CC(=C(C=C2N1)F)F)C(C(C(CO)O)O)O","N-[(2R)-1-(5,6-difluoro-1H-benzimidazol-2-yl)-2,3,4,5-tetrahydroxypentyl]acetamide",-1.7,47,-441.629363196799,0.293269230769231,NA,"844260172057260485"
"844260356849907363","C14H17F2N3O5","[M + H]+",4,0.0797398982790024,58.2562716036596,2.78718572004166,55.4690858836179,"14","WHKVCNFTYQCLNE","C1CN(CCC1CO)C(=O)NC2=C(C=CC(=C2)[N+](=O)[O-])OC(F)F","N-[2-(difluoromethoxy)-5-nitrophenyl]-4-(hydroxymethyl)piperidine-1-carboxamide",1.9,48,-442.528437860401,0.222772277227723,NA,"844260172057260485"
"844260356849907363","C14H17F2N3O5","[M + H]+",4,0.0797398982790024,58.2562716036596,2.78718572004166,55.4690858836179,"14","GQSKWIKDDRTCQV","COC1=C(C=C(C(=C1)C(=O)NCC(C2CC2)N)[N+](=O)[O-])OC(F)F","N-(2-amino-2-cyclopropylethyl)-4-(difluoromethoxy)-5-methoxy-2-nitrobenzamide",1.8,49,-445.985020019646,0.220095693779904,NA,"844260172057260485"
"844260356849907363","C14H17F2N3O5","[M + H]+",4,0.0797398982790024,58.2562716036596,2.78718572004166,55.4690858836179,"14","UPBKGPXMJNJLOS","COCC1CC(C(O1)N2C=CC(=NC2=O)NC(=O)OCC=C)(F)F","prop-2-enyl N-[1-[(2R,5S)-3,3-difluoro-5-(methoxymethyl)oxolan-2-yl]-2-oxopyrimidin-4-yl]carbamate",0.9,50,-450.050863754031,0.216981132075472,NA,"844260172057260485"
"844260356849907363","C14H17F2N3O5","[M + H]+",4,0.0797398982790024,58.2562716036596,2.78718572004166,55.4690858836179,"14","ROORJEYJMZRBRE","CC(C)(C)OC(=O)N1CC(C(C1)(F)F)OC2=C(N=CC=C2)[N+](=O)[O-]","Tert-butyl 3,3-difluoro-4-(2-nitropyridin-3-yl)oxypyrrolidine-1-carboxylate",2.4,51,-451.213351674186,0.27,NA,"844260172057260485"
"844260356849907363","C14H17F2N3O5","[M + H]+",4,0.0797398982790024,58.2562716036596,2.78718572004166,55.4690858836179,"14","FCWVTDIMXVCREB","C1COC(CN1C(=O)NCC2=C(N=CC=C2)OCC(F)F)C(=O)O","4-[[2-(2,2-Difluoroethoxy)pyridin-3-yl]methylcarbamoyl]morpholine-2-carboxylic acid",0.4,52,-455.692201196883,0.254901960784314,NA,"844260172057260485"
"844260356849907364","C12H14F3N7O2","[M + H]+",5,0.014839678178844,56.5748060888079,2.28321365497654,54.2915924338314,"14","HWXZKOZWBLQEKW","CC1=C(N(N=C1C(F)(F)F)C)NC(=O)N2CCN3C(=NNC3=O)C2","N-[2,4-dimethyl-5-(trifluoromethyl)pyrazol-3-yl]-3-oxo-2,5,6,8-tetrahydro-[1,2,4]triazolo[4,3-a]pyrazine-7-carboxamide",0,19,-256.596813218782,0.307692307692308,NA,"844260172057260485"
"844260356849907364","C12H14F3N7O2","[M + H]+",5,0.014839678178844,56.5748060888079,2.28321365497654,54.2915924338314,"14","IFYXVNRZCDYQKN","C1C=CN=C(C1O)N2C(=CC(=N2)CN(N)N=C(C(F)(F)F)N)C=O","N'-[amino-[[5-formyl-1-(3-hydroxy-3,4-dihydropyridin-2-yl)pyrazol-3-yl]methyl]amino]-2,2,2-trifluoroethanimidamide",0.2,22,-258.716007268511,0.311111111111111,NA,"844260172057260485"
"844260356849907364","C12H14F3N7O2","[M + H]+",5,0.014839678178844,56.5748060888079,2.28321365497654,54.2915924338314,"14","RTTFJVBSZDECDO","CN(C)C1=NC(=NC(=N1)N)COC(=O)CN2C=CC(=N2)C(F)(F)F","[4-Amino-6-(dimethylamino)-1,3,5-triazin-2-yl]methyl 2-[3-(trifluoromethyl)pyrazol-1-yl]acetate",0.9,23,-265.442580256071,0.345070422535211,NA,"844260172057260485"
"844260356849907364","C12H14F3N7O2","[M + H]+",5,0.014839678178844,56.5748060888079,2.28321365497654,54.2915924338314,"14","PPGDMTJHHGPQCS","C1CCC2=NN(C(=O)N2CC1)CC(=O)NC3=NNC(=N3)C(F)(F)F","2-(3-oxo-6,7,8,9-tetrahydro-5H-[1,2,4]triazolo[4,3-a]azepin-2-yl)-N-[5-(trifluoromethyl)-1H-1,2,4-triazol-3-yl]acetamide",0.6,29,-302.859122730335,0.290540540540541,NA,"844260172057260485"
"844260356849907364","C12H14F3N7O2","[M + H]+",5,0.014839678178844,56.5748060888079,2.28321365497654,54.2915924338314,"14","UWEWKEWSZOLGGS","CC1CN(CCN1C2=NC3=C(C=NN3C(=N2)N)C(F)(F)F)C(=O)O","(3S)-4-[4-amino-8-(trifluoromethyl)pyrazolo[1,5-a][1,3,5]triazin-2-yl]-3-methylpiperazine-1-carboxylic acid",0.9,30,-303.298680743702,0.280487804878049,NA,"844260172057260485"
"844260356849907364","C12H14F3N7O2","[M + H]+",5,0.014839678178844,56.5748060888079,2.28321365497654,54.2915924338314,"14","YDOLGRJEXOMTBA","CC1=C(C2=NN=C(N2N=C1NCCC(=O)NC(=O)N)C(F)(F)F)C","N-carbamoyl-3-[[7,8-dimethyl-3-(trifluoromethyl)-[1,2,4]triazolo[4,3-b]pyridazin-6-yl]amino]propanamide",0.7,32,-308.174884600976,0.34,NA,"844260172057260485"
"844260356849907364","C12H14F3N7O2","[M + H]+",5,0.014839678178844,56.5748060888079,2.28321365497654,54.2915924338314,"14","YFAOZSCRWGGTHT","CN1C(=NN(C1=O)C2CCN(CC2)C(=O)C3=NC=NN3)C(F)(F)F","1-(1-(1H-1,2,4-triazole-5-carbonyl)piperidin-4-yl)-4-methyl-3-(trifluoromethyl)-1H-1,2,4-triazol-5(4H)-one",0.8,36,-368.876046802527,0.240963855421687,NA,"844260172057260485"
"844260356849907364","C12H14F3N7O2","[M + H]+",5,0.014839678178844,56.5748060888079,2.28321365497654,54.2915924338314,"14","ZOYGWZALIZNHIN","C1CN(CC1CC(=O)N)C2=NC(=NC3=NNN=C32)OCC(F)(F)F","2-[(3S)-1-[5-(2,2,2-trifluoroethoxy)-2H-triazolo[4,5-d]pyrimidin-7-yl]pyrrolidin-3-yl]acetamide",0.7,41,-389.284492963967,0.292817679558011,NA,"844260172057260485"
"844260356849907364","C12H14F3N7O2","[M + H]+",5,0.014839678178844,56.5748060888079,2.28321365497654,54.2915924338314,"14","JPUBTAPBJQSJLC","CN1C=CC(=N1)C2=C(C(=O)NC(C2)C(F)(F)F)N(C)N=NNC=O","N-[(Z)-[methyl-[4-(1-methylpyrazol-3-yl)-6-oxo-2-(trifluoromethyl)-2,3-dihydro-1H-pyridin-5-yl]amino]diazenyl]formamide",1.2,42,-389.987885716736,0.257861635220126,NA,"844260172057260485"
"844260356849907364","C12H14F3N7O2","[M + H]+",5,0.014839678178844,56.5748060888079,2.28321365497654,54.2915924338314,"14","NYHOWMBHIQJUCE","CC(=O)NC1CCN(C1)C2=NC(=NC3=NNN=C32)OCC(F)(F)F","N-[(3S)-1-[5-(2,2,2-trifluoroethoxy)-2H-triazolo[4,5-d]pyrimidin-7-yl]pyrrolidin-3-yl]acetamide",1,43,-395.66508750538,0.285714285714286,NA,"844260172057260485"
"844260356849907365","C12H22F2NO6P","[M + H]+",6,0.00242313285697391,54.7625628092997,1.4127455570157,53.349817252284,"14","VHUVXFCYSUJQFR","C[N+](C)(C)CCOP(=O)(O)OCC(COC=CF)OC=CF","[(2R)-2,3-bis[(Z)-2-fluoroethenoxy]propyl] 2-(trimethylazaniumyl)ethyl phosphate",-0.2,5,-185.369928377813,0.280701754385965,NA,"844260172057260485"
"844260356849907365","C12H22F2NO6P","[M + H]+",6,0.00242313285697391,54.7625628092997,1.4127455570157,53.349817252284,"14","WEIWQLJKRVSURI","CCOP(=O)(C(CC1COC(N1C(=O)O)(C)C)(F)F)OCC","(4S)-4-(2-diethoxyphosphoryl-2,2-difluoroethyl)-2,2-dimethyl-1,3-oxazolidine-3-carboxylic acid",1.3,13,-224.752420010823,0.272,NA,"844260172057260485"
"844260356849907365","C12H22F2NO6P","[M + H]+",6,0.00242313285697391,54.7625628092997,1.4127455570157,53.349817252284,"14","RGEHLMMNBNGZOP","CC(=C)C(=O)OCC[N+](C)(C)CCOP(=O)(O)OCC(F)F","2,2-Difluoroethyl 2-[dimethyl-[2-(2-methylprop-2-enoyloxy)ethyl]azaniumyl]ethyl phosphate",0.7,26,-279.09933080335,0.261538461538462,NA,"844260172057260485"
"844260356849907366","C15H13F2N7O","[M + H]+",7,0.00148025994937832,54.2697192511903,3.56145871385675,50.7082605373335,"14","JTSTWKIGATWXTF","CC1=NC(=NC(=N1)N)C2=C(N=CC(=C2)F)NC3=CC(=C(N=C3)OC)F","4-(5-Fluoro-2-(5-fluoro-6-methoxypyridin-3-ylamino)pyridin-3-YL)-6-methyl-1,3,5-triazin-2-amine",1.9,1,-155.572757472595,0.532110091743119,0,"844260172057260485"
"844260356849907366","C15H13F2N7O","[M + H]+",7,0.00148025994937832,54.2697192511903,3.56145871385675,50.7082605373335,"14","YTRLNEAYBRWQPJ","CC(C1=NOC(=N1)CC2=NC=NN2)C3=NC4=CC=CC=C4N3C(F)F","3-[1-[1-(difluoromethyl)benzimidazol-2-yl]ethyl]-5-(1H-1,2,4-triazol-5-ylmethyl)-1,2,4-oxadiazole",2.9,2,-156.507288126383,0.518181818181818,Inf,"844260172057260485"
"844260356849907366","C15H13F2N7O","[M + H]+",7,0.00148025994937832,54.2697192511903,3.56145871385675,50.7082605373335,"14","MQVBBWVQXHPMPR","C1=CC(=C(C(=C1)F)CN(NC2=CNN=C2)NC(=O)C3=CN=CN=C3)F","N'-[(2,6-difluorophenyl)methyl]-N'-(1H-pyrazol-4-ylamino)pyrimidine-5-carbohydrazide",2.1,4,-182.362520299246,0.446428571428571,NA,"844260172057260485"
"844260356849907366","C15H13F2N7O","[M + H]+",7,0.00148025994937832,54.2697192511903,3.56145871385675,50.7082605373335,"14","VBSXQQWDJBMXPB","C1=CC(=C(C(=C1)F)CNC2=NC(=NC=C2C(=O)N)NC3=CNN=C3)F","4-[(2,6-difluorophenyl)methylamino]-2-(1H-pyrazol-4-ylamino)pyrimidine-5-carboxamide",1.8,6,-188.535755950218,0.425,NA,"844260172057260485"
"844260356849907366","C15H13F2N7O","[M + H]+",7,0.00148025994937832,54.2697192511903,3.56145871385675,50.7082605373335,"14","HJSFOUOOTROZTO","CC1=NC2=NC=NN2C(=C1CC3=NC(=C(C=C3)C#N)OCC(F)F)N","6-[(7-Amino-5-methyl-[1,2,4]triazolo[1,5-a]pyrimidin-6-yl)methyl]-2-(2,2-difluoroethoxy)pyridine-3-carbonitrile",1.9,7,-189.637846113059,0.504132231404959,NA,"844260172057260485"
"844260356849907366","C15H13F2N7O","[M + H]+",7,0.00148025994937832,54.2697192511903,3.56145871385675,50.7082605373335,"14","ICKITLLBYZLHFH","CC1=NC2=NON=C2C(=C1CC3=NC(=C(C=C3)NCC(F)F)C#N)N",NA,2.5,8,-191.72286735743,0.448275862068966,NA,"844260172057260485"
"844260356849907366","C15H13F2N7O","[M + H]+",7,0.00148025994937832,54.2697192511903,3.56145871385675,50.7082605373335,"14","WPYPMWYYODXLIP","CC1=CC(=NC(=N1)N)NC2=CN(N=C2C(=O)N)C3=C(C=CC=C3F)F","4-[(2-Amino-6-methylpyrimidin-4-yl)amino]-1-(2,6-difluorophenyl)pyrazole-3-carboxamide",2.1,10,-198.168657280221,0.475409836065574,NA,"844260172057260485"
"844260356849907366","C15H13F2N7O","[M + H]+",7,0.00148025994937832,54.2697192511903,3.56145871385675,50.7082605373335,"14","FMIKZRJTWLKBRN","CC1=C(N=C(C(=N1)C(=O)NCC2=C(C=CC=C2F)F)N)N3N=CC=N3","3-amino-N-[(2,6-difluorophenyl)methyl]-6-methyl-5-(triazol-2-yl)pyrazine-2-carboxamide",2,11,-202.235596754387,0.440677966101695,NA,"844260172057260485"
"844260356849907366","C15H13F2N7O","[M + H]+",7,0.00148025994937832,54.2697192511903,3.56145871385675,50.7082605373335,"14","UNOLYPSFWIKMAJ","C1=CC=C(C=C1)C=CC(C(=O)NC2=CN(N=C2)CC3=NNN=N3)(F)F","(E)-2,2-difluoro-4-phenyl-N-[1-(2H-tetrazol-5-ylmethyl)pyrazol-4-yl]but-3-enamide",1.6,12,-219.565315282565,0.344262295081967,NA,"844260172057260485"
"844260356849907366","C15H13F2N7O","[M + H]+",7,0.00148025994937832,54.2697192511903,3.56145871385675,50.7082605373335,"14","GXABJCVNISZUSB","CN1C=C(C=N1)NC2=NC=CC(=N2)C3=CN=C(C=C3)NC(=O)C(F)F","2,2-difluoro-N-[5-[2-[(1-methylpyrazol-4-yl)amino]pyrimidin-4-yl]pyridin-2-yl]acetamide",1.3,14,-229.002507841128,0.459016393442623,NA,"844260172057260485"
"844260356849907366","C15H13F2N7O","[M + H]+",7,0.00148025994937832,54.2697192511903,3.56145871385675,50.7082605373335,"14","GIXMTDDSXCDPBC","C1C(C1(F)F)N2C(=CC=N2)CNC(=O)C3=CN(N=N3)C4=CN=CC=C4","N-[[2-(2,2-difluorocyclopropyl)pyrazol-3-yl]methyl]-1-pyridin-3-yltriazole-4-carboxamide",0.5,15,-240.292478392196,0.4,NA,"844260172057260485"
"844260356849907366","C15H13F2N7O","[M + H]+",7,0.00148025994937832,54.2697192511903,3.56145871385675,50.7082605373335,"14","IBILLMHRWJAVGZ","C1=CN(N=C1)C2=NC(=NC(=N2)NCCC(=O)N)C3=CC(=CC(=C3)F)F","3-[[4-(3,5-Difluorophenyl)-6-pyrazol-1-yl-1,3,5-triazin-2-yl]amino]propanamide",1.9,16,-244.551271408809,0.412213740458015,NA,"844260172057260485"
"844260356849907366","C15H13F2N7O","[M + H]+",7,0.00148025994937832,54.2697192511903,3.56145871385675,50.7082605373335,"14","LXNFGOMEISTOMK","C1CN(CC1(F)F)C2=NN3C(=NC=C3C(=O)NC4=NN=CC=C4)C=C2","6-(3,3-difluoropyrrolidin-1-yl)-N-pyridazin-3-ylimidazo[1,2-b]pyridazine-3-carboxamide",1,17,-254.380771026115,0.389312977099237,NA,"844260172057260485"
"844260356849907366","C15H13F2N7O","[M + H]+",7,0.00148025994937832,54.2697192511903,3.56145871385675,50.7082605373335,"14","KLDFYAKMDGPMDJ","CN(C)C(=O)C1=CC(=C(N=C1)N)C2=NN=NN2C3=C(C(=CC=C3)F)F","6-amino-5-[1-(2,3-difluorophenyl)tetrazol-5-yl]-N,N-dimethylpyridine-3-carboxamide",1.1,18,-255.533268703584,0.421052631578947,NA,"844260172057260485"
"844260356849907366","C15H13F2N7O","[M + H]+",7,0.00148025994937832,54.2697192511903,3.56145871385675,50.7082605373335,"14","LYANVZWCRWWOGQ","C1C(CN1C(=O)C2=CC(=C(C=C2)F)F)N3C=C(N=N3)CN4N=CC=N4","(3,4-Difluorophenyl)-[3-[4-(triazol-2-ylmethyl)triazol-1-yl]azetidin-1-yl]methanone",0.7,20,-256.892884169203,0.296875,NA,"844260172057260485"
"844260356849907367","C11H17N6O7","[M + H]+",8,0.000117369943412623,51.7350771143672,1.6819812833199,50.0530958310473,"14",NA,NA,NA,NA,NA,NA,NA,NA,"844260172057260485"
"844260356849907368","C9H15F4N7O3","[M + H]+",9,0.000115546070539324,51.7194155879425,0,51.7194155879425,"14",NA,NA,NA,NA,NA,NA,NA,NA,"844260172057260485"
"844260356849907369","C17H16FN3O4","[M + H]+",10,3.57519202880939e-05,50.5463502404332,2.53569686958518,48.010653370848,"14",NA,NA,NA,NA,NA,NA,NA,NA,"844260172057260485"
"844260329511433844","C14H17F2N3O5","[M + H]+",1,0.413664981216835,54.3722651758751,2.38380952290107,51.9884556529741,"15",NA,NA,NA,NA,NA,NA,NA,NA,"844260172061454790"
"844260329511433845","C9H15N9O6","[M + H]+",2,0.252388598385293,53.8781787106091,0,53.8781787106091,"15",NA,NA,NA,NA,NA,NA,NA,NA,"844260172061454790"
"844260329511433846","C11H18F3N3O6","[M + H]+",3,0.212084275838325,53.7041924769805,0.610434526292884,53.0937579506876,"15",NA,NA,NA,NA,NA,NA,NA,NA,"844260172061454790"
"844260329511433847","C17H16FN3O4","[M + H]+",4,0.0609766708416588,52.4577000995661,2.42363663859387,50.0340634609722,"15","FVCPNISTSVVUPX","COC1=CC(=C(C=C1)O)C=NNC(=O)CNC(=O)C2=CC=C(C=C2)F","4-fluoro-N-[2-[(2Z)-2-[(2-hydroxy-5-methoxyphenyl)methylidene]hydrazinyl]-2-oxoethyl]benzamide",1.9,1,-300.202943587709,0.27710843373494,0,"844260172061454790"
"844260329511433847","C17H16FN3O4","[M + H]+",4,0.0609766708416588,52.4577000995661,2.42363663859387,50.0340634609722,"15","ZBLZEVQPDZRXNP","COC1=CC=CC(=C1O)C=NNC(=O)CNC(=O)C2=CC=C(C=C2)F","4-fluoro-N-[2-[2-[(2-hydroxy-3-methoxyphenyl)methylidene]hydrazinyl]-2-oxoethyl]benzamide",1.9,2,-347.744884188651,0.257309941520468,2,"844260172061454790"
"844260329511433847","C17H16FN3O4","[M + H]+",4,0.0609766708416588,52.4577000995661,2.42363663859387,50.0340634609722,"15","NWVXUXFCAZFSQH","C1CN(CCN1)C2=C(C=C3C(=C2)N(C=C(C3=O)C(=O)O)C4CC4=O)F","Oxo-ciprofloxacin",0.33245212,3,-354.611780273371,0.358381502890173,Inf,"844260172061454790"
"844260329511433847","C17H16FN3O4","[M + H]+",4,0.0609766708416588,52.4577000995661,2.42363663859387,50.0340634609722,"15","LHZAPCAVMNVKID","CCOC1=C(C=CC(=C1)C=NNC(=O)C(=O)NC2=CC=C(C=C2)F)O","N'-[(3-ethoxy-4-hydroxyphenyl)methylideneamino]-N-(4-fluorophenyl)oxamide",2.5,4,-359.552796236925,0.310126582278481,NA,"844260172061454790"
"844260329511433847","C17H16FN3O4","[M + H]+",4,0.0609766708416588,52.4577000995661,2.42363663859387,50.0340634609722,"15","VDCWENWOWUDREX","CC1=CC(=NO1)C(=O)N2CCC3COC(=O)N3C4=C(C2)C=CC(=C4)F","14-fluoro-9-(5-methyl-1,2-oxazole-3-carbonyl)-4-oxa-2,9-diazatricyclo[9.4.0.0²,⁶]pentadeca-1(15),11,13-trien-3-one",1.9,5,-360.342431511328,0.331325301204819,NA,"844260172061454790"
"844260329511433847","C17H16FN3O4","[M + H]+",4,0.0609766708416588,52.4577000995661,2.42363663859387,50.0340634609722,"15","HAZCGTFRKOCWQZ","CC(=O)NC(CC1=CC=C(C=C1)F)C(=O)NC2=CC=C(C=C2)[N+](=O)[O-]","2-Acetamido-3-(4-fluorophenyl)-N-(4-nitrophenyl)propanamide (3c)",2.7804983,6,-369.631506907609,0.19672131147541,NA,"844260172061454790"
"844260329511433847","C17H16FN3O4","[M + H]+",4,0.0609766708416588,52.4577000995661,2.42363663859387,50.0340634609722,"15","JKZPDGNJAAVKEG","CC(=O)NC(CC1=CC(=CC=C1)F)C(=O)NC2=CC=C(C=C2)[N+](=O)[O-]","2-Acetamido-3-(3-fluorophenyl)-N-(4-nitrophenyl)propanamide (2c)",2.4,7,-382.490724076522,0.203389830508475,NA,"844260172061454790"
"844260329511433847","C17H16FN3O4","[M + H]+",4,0.0609766708416588,52.4577000995661,2.42363663859387,50.0340634609722,"15","RYUXKVAKPFRBTB","CC(=O)NC(CC1=CC=CC=C1F)C(=O)NC2=CC=C(C=C2)[N+](=O)[O-]","2-Acetamido-3-(2-fluorophenyl)-N-(4-nitrophenyl)propanamide (1c)",2.4,8,-394.447687697229,0.198863636363636,NA,"844260172061454790"
"844260329511433847","C17H16FN3O4","[M + H]+",4,0.0609766708416588,52.4577000995661,2.42363663859387,50.0340634609722,"15","MYYZZOHRULFPOQ","C1CC1N2C=C(C(=O)C3=CC(=C(C=C32)N4CCNC(=O)C4)F)C(=O)O","Oxociprofloxacin",0.96316284,9,-398.767030815442,0.335135135135135,NA,"844260172061454790"
"844260329511433847","C17H16FN3O4","[M + H]+",4,0.0609766708416588,52.4577000995661,2.42363663859387,50.0340634609722,"15","VCWNLVLFIZZTLZ","C1C2C(CN1C(=O)C3=CC=NO3)OCC(=O)N2CC4=CC=C(C=C4)F","4-[(4-fluorophenyl)methyl]-6-(1,2-oxazole-5-carbonyl)-octahydropyrrolo[3,4-b][1,4]oxazin-3-one",0.8,10,-428.638622523156,0.266666666666667,NA,"844260172061454790"
"844260329511433848","C12H14F3N7O2","[M + H]+",5,0.0451884000456067,52.1580491715047,1.92093858703381,50.2371105844709,"15",NA,NA,NA,NA,NA,NA,NA,NA,"844260172061454790"
"844260329511433849","C14H16F3N4O3","[M + H]+",6,0.0068304782243809,50.2686034431048,1.78722373423272,48.4813797088721,"15",NA,NA,NA,NA,NA,NA,NA,NA,"844260172061454790"
"844260329511433850","C15H13F2N7O","[M + H]+",7,0.00539039851273482,50.0318280715224,3.45282209149919,46.5790059800233,"15",NA,NA,NA,NA,NA,NA,NA,NA,"844260172061454790"
"844260329511433851","C12H22F2NO6P","[M + H]+",8,0.00278837325526845,49.3726671169207,0.954425924951148,48.4182411919695,"15",NA,NA,NA,NA,NA,NA,NA,NA,"844260172061454790"
"844260329511433852","C9H15F4N7O3","[M + H]+",9,0.000449966235311745,47.5486260220889,0,47.5486260220889,"15",NA,NA,NA,NA,NA,NA,NA,NA,"844260172061454790"
"844260329511433853","C11H17N6O7","[M + H]+",10,0.000189833522649581,46.6856009662749,1.21289949227524,45.4727014739997,"15",NA,NA,NA,NA,NA,NA,NA,NA,"844260172061454790"
"844260327443641962","C14H16F3N4O3","[M + H]+",1,0.789321001983037,47.6273288272577,1.80027966191332,45.8270491653444,"16",NA,NA,NA,NA,NA,NA,NA,NA,"844260172061454791"
"844260327443641963","C14H17F2N3O5","[M + H]+",2,0.0724057034604647,45.2384408158988,2.53906061715027,42.6993801987486,"16","KDWCPERQQNFZRD","CN(CCN1CCOCC1=O)C2=C(C=CC(=C2)OC(F)F)[N+](=O)[O-]","4-[2-[5-(difluoromethoxy)-N-methyl-2-nitroanilino]ethyl]morpholin-3-one",1.9,431,-363.499439889537,0.287958115183246,NA,"844260172061454791"
"844260327443641963","C14H17F2N3O5","[M + H]+",2,0.0724057034604647,45.2384408158988,2.53906061715027,42.6993801987486,"16","RYYXIOLNZYBGHQ","COCCNC(=O)NC(=O)CNC1=C(C=C(C(=C1)C(=O)OC)F)F","Methyl 2,4-difluoro-5-[[2-(2-methoxyethylcarbamoylamino)-2-oxoethyl]amino]benzoate",1.3,452,-369.234046021818,0.205,NA,"844260172061454791"
"844260327443641963","C14H17F2N3O5","[M + H]+",2,0.0724057034604647,45.2384408158988,2.53906061715027,42.6993801987486,"16","JAUWZCPMXGOVFY","CC1CN(CC(O1)C)C(=O)NC2=C(C=CC(=C2)[N+](=O)[O-])OC(F)F","N-[2-(difluoromethoxy)-5-nitrophenyl]-2,6-dimethylmorpholine-4-carboxamide",2.4,492,-377.262100342538,0.246153846153846,NA,"844260172061454791"
"844260327443641963","C14H17F2N3O5","[M + H]+",2,0.0724057034604647,45.2384408158988,2.53906061715027,42.6993801987486,"16","IWCQONMLHVONLN","CCOC(=O)N1CCN(CC1)C2=C(C=C(C(=C2CO)F)[N+](=O)[O-])F","3,6-Difluoro-2-(4-ethoxycarbonyl-1-piperazinyl)-5-nitrobenzyl alcohol",1.2,498,-378.024054495797,0.201058201058201,NA,"844260172061454791"
"844260327443641963","C14H17F2N3O5","[M + H]+",2,0.0724057034604647,45.2384408158988,2.53906061715027,42.6993801987486,"16","HYDWDTMGPGGKTI","COC1=CC(=C(C(=C1)F)C2CN=C(C2NC(=O)O)NOCCO)F","[3-(2,6-difluoro-4-methoxyphenyl)-5-(2-hydroxyethoxyamino)-3,4-dihydro-2H-pyrrol-4-yl]carbamic acid",0.5,503,-379.995135545629,0.221052631578947,NA,"844260172061454791"
"844260327443641963","C14H17F2N3O5","[M + H]+",2,0.0724057034604647,45.2384408158988,2.53906061715027,42.6993801987486,"16","YXIAMSPSABAWNR","CC(C)(C)OC(=O)NC1COC2=C(C=CC(=N2)OC(F)F)NC1=O","tert-butyl N-[(3S)-7-(difluoromethoxy)-2-oxo-3,4-dihydro-1H-pyrido[2,3-b][1,4]oxazepin-3-yl]carbamate",2.1,506,-381.749567695778,0.262626262626263,NA,"844260172061454791"
"844260327443641963","C14H17F2N3O5","[M + H]+",2,0.0724057034604647,45.2384408158988,2.53906061715027,42.6993801987486,"16","CVPJVRLLJNRSGB","CCOC(=O)C(ONC(=O)N1CC(C=C(C1)C2=NC=CO2)C)(F)F","ethyl 2,2-difluoro-2-[[(3R)-3-methyl-5-(1,3-oxazol-2-yl)-3,6-dihydro-2H-pyridine-1-carbonyl]amino]oxyacetate",1.3,556,-398.099105337773,0.178571428571429,NA,"844260172061454791"
"844260327443641963","C14H17F2N3O5","[M + H]+",2,0.0724057034604647,45.2384408158988,2.53906061715027,42.6993801987486,"16","SEAHIGNPSSUMPC","CC(C(=O)NC1=CC=CC=C1OC(F)F)OC(=O)CCNC(=O)N","[(2S)-1-[2-(difluoromethoxy)anilino]-1-oxopropan-2-yl] 3-(carbamoylamino)propanoate",1,631,-422.034531079302,0.194312796208531,NA,"844260172061454791"
"844260327443641963","C14H17F2N3O5","[M + H]+",2,0.0724057034604647,45.2384408158988,2.53906061715027,42.6993801987486,"16","CKVPZSUBKHFSJC","CC(C)(C)OC(=O)N1CCC(C1OC2=C(N=CC=C2)[N+](=O)[O-])(F)F","tert-butyl (2S)-3,3-difluoro-2-(2-nitropyridin-3-yl)oxypyrrolidine-1-carboxylate",2.8,644,-429.390718603018,0.261538461538462,NA,"844260172061454791"
"844260327443641963","C14H17F2N3O5","[M + H]+",2,0.0724057034604647,45.2384408158988,2.53906061715027,42.6993801987486,"16","WHKVCNFTYQCLNE","C1CN(CCC1CO)C(=O)NC2=C(C=CC(=C2)[N+](=O)[O-])OC(F)F","N-[2-(difluoromethoxy)-5-nitrophenyl]-4-(hydroxymethyl)piperidine-1-carboxamide",1.9,651,-434.352656067908,0.220588235294118,NA,"844260172061454791"
"844260327443641963","C14H17F2N3O5","[M + H]+",2,0.0724057034604647,45.2384408158988,2.53906061715027,42.6993801987486,"16","GQSKWIKDDRTCQV","COC1=C(C=C(C(=C1)C(=O)NCC(C2CC2)N)[N+](=O)[O-])OC(F)F","N-(2-amino-2-cyclopropylethyl)-4-(difluoromethoxy)-5-methoxy-2-nitrobenzamide",1.8,656,-437.841015726919,0.218009478672986,NA,"844260172061454791"
"844260327443641963","C14H17F2N3O5","[M + H]+",2,0.0724057034604647,45.2384408158988,2.53906061715027,42.6993801987486,"16","DVBMXBGFCSKWEE","CC(=O)NC(C1=NC2=CC(=C(C=C2N1)F)F)C(C(C(CO)O)O)O","N-[(2R)-1-(5,6-difluoro-1H-benzimidazol-2-yl)-2,3,4,5-tetrahydroxypentyl]acetamide",-1.7,668,-447.583411426135,0.272300469483568,NA,"844260172061454791"
"844260327443641963","C14H17F2N3O5","[M + H]+",2,0.0724057034604647,45.2384408158988,2.53906061715027,42.6993801987486,"16","ROORJEYJMZRBRE","CC(C)(C)OC(=O)N1CC(C(C1)(F)F)OC2=C(N=CC=C2)[N+](=O)[O-]","Tert-butyl 3,3-difluoro-4-(2-nitropyridin-3-yl)oxypyrrolidine-1-carboxylate",2.4,672,-448.709742694924,0.267326732673267,NA,"844260172061454791"
"844260327443641963","C14H17F2N3O5","[M + H]+",2,0.0724057034604647,45.2384408158988,2.53906061715027,42.6993801987486,"16","UPBKGPXMJNJLOS","COCC1CC(C(O1)N2C=CC(=NC2=O)NC(=O)OCC=C)(F)F","prop-2-enyl N-[1-[(2R,5S)-3,3-difluoro-5-(methoxymethyl)oxolan-2-yl]-2-oxopyrimidin-4-yl]carbamate",0.9,674,-450.178201322529,0.214953271028037,NA,"844260172061454791"
"844260327443641963","C14H17F2N3O5","[M + H]+",2,0.0724057034604647,45.2384408158988,2.53906061715027,42.6993801987486,"16","FCWVTDIMXVCREB","C1COC(CN1C(=O)NCC2=C(N=CC=C2)OCC(F)F)C(=O)O","4-[[2-(2,2-Difluoroethoxy)pyridin-3-yl]methylcarbamoyl]morpholine-2-carboxylic acid",0.4,677,-451.04253043154,0.246376811594203,NA,"844260172061454791"
"844260327443641964","C9H15N9O6","[M + H]+",3,0.0686905338891767,45.1857671431712,0,45.1857671431712,"16","AOMBUTLTOUELDR","CN1C2C3N(C(N2C)C4N(C1C(N4[N+](=O)[O-])N3[N+](=O)[O-])C)[N+](=O)[O-]","2,4,6-Trimethyl-8,10,12-trinitro-2,4,6,8,10,12-hexazatetracyclo[5.5.0.03,11.05,9]dodecane",1.7,3,-159.318422354488,0.142857142857143,NA,"844260172061454791"
"844260327443641964","C9H15N9O6","[M + H]+",3,0.0686905338891767,45.1857671431712,0,45.1857671431712,"16","BAXFLFSLUMDRCR","C(C(=O)NN)N1C(=O)N(C(=O)N(C1=O)CC(=O)NN)CC(=O)NN","2-[3,5-Bis(2-hydrazinyl-2-oxoethyl)-2,4,6-trioxo-1,3,5-triazinan-1-yl]acetohydrazide",-4.8,6,-189.06187312239,0.192,NA,"844260172061454791"
"844260327443641965","C11H18F3N3O6","[M + H]+",4,0.0564029778776427,44.9886776988908,0.83733232516421,44.1513453737266,"16",NA,NA,NA,NA,NA,NA,NA,NA,"844260172061454791"
"844260327443641966","C12H14F3N7O2","[M + H]+",5,0.00972549211225109,43.2309062335581,1.97638114747364,41.2545250860844,"16","HWXZKOZWBLQEKW","CC1=C(N(N=C1C(F)(F)F)C)NC(=O)N2CCN3C(=NNC3=O)C2","N-[2,4-dimethyl-5-(trifluoromethyl)pyrazol-3-yl]-3-oxo-2,5,6,8-tetrahydro-[1,2,4]triazolo[4,3-a]pyrazine-7-carboxamide",0,28,-253.273249927271,0.328467153284672,NA,"844260172061454791"
"844260327443641966","C12H14F3N7O2","[M + H]+",5,0.00972549211225109,43.2309062335581,1.97638114747364,41.2545250860844,"16","IFYXVNRZCDYQKN","C1C=CN=C(C1O)N2C(=CC(=N2)CN(N)N=C(C(F)(F)F)N)C=O","N'-[amino-[[5-formyl-1-(3-hydroxy-3,4-dihydropyridin-2-yl)pyrazol-3-yl]methyl]amino]-2,2,2-trifluoroethanimidamide",0.2,42,-263.259782639277,0.34375,NA,"844260172061454791"
"844260327443641966","C12H14F3N7O2","[M + H]+",5,0.00972549211225109,43.2309062335581,1.97638114747364,41.2545250860844,"16","RTTFJVBSZDECDO","CN(C)C1=NC(=NC(=N1)N)COC(=O)CN2C=CC(=N2)C(F)(F)F","[4-Amino-6-(dimethylamino)-1,3,5-triazin-2-yl]methyl 2-[3-(trifluoromethyl)pyrazol-1-yl]acetate",0.9,43,-264.661628735408,0.357664233576642,NA,"844260172061454791"
"844260327443641966","C12H14F3N7O2","[M + H]+",5,0.00972549211225109,43.2309062335581,1.97638114747364,41.2545250860844,"16","PPGDMTJHHGPQCS","C1CCC2=NN(C(=O)N2CC1)CC(=O)NC3=NNC(=N3)C(F)(F)F","2-(3-oxo-6,7,8,9-tetrahydro-5H-[1,2,4]triazolo[4,3-a]azepin-2-yl)-N-[5-(trifluoromethyl)-1H-1,2,4-triazol-3-yl]acetamide",0.6,151,-297.333455719202,0.319148936170213,NA,"844260172061454791"
"844260327443641966","C12H14F3N7O2","[M + H]+",5,0.00972549211225109,43.2309062335581,1.97638114747364,41.2545250860844,"16","UWEWKEWSZOLGGS","CC1CN(CCN1C2=NC3=C(C=NN3C(=N2)N)C(F)(F)F)C(=O)O","(3S)-4-[4-amino-8-(trifluoromethyl)pyrazolo[1,5-a][1,3,5]triazin-2-yl]-3-methylpiperazine-1-carboxylic acid",0.9,164,-299.310816255244,0.29746835443038,NA,"844260172061454791"
"844260327443641966","C12H14F3N7O2","[M + H]+",5,0.00972549211225109,43.2309062335581,1.97638114747364,41.2545250860844,"16","YDOLGRJEXOMTBA","CC1=C(C2=NN=C(N2N=C1NCCC(=O)NC(=O)N)C(F)(F)F)C","N-carbamoyl-3-[[7,8-dimethyl-3-(trifluoromethyl)-[1,2,4]triazolo[4,3-b]pyridazin-6-yl]amino]propanamide",0.7,208,-309.874376940725,0.361111111111111,NA,"844260172061454791"
"844260327443641966","C12H14F3N7O2","[M + H]+",5,0.00972549211225109,43.2309062335581,1.97638114747364,41.2545250860844,"16","YFAOZSCRWGGTHT","CN1C(=NN(C1=O)C2CCN(CC2)C(=O)C3=NC=NN3)C(F)(F)F","1-(1-(1H-1,2,4-triazole-5-carbonyl)piperidin-4-yl)-4-methyl-3-(trifluoromethyl)-1H-1,2,4-triazol-5(4H)-one",0.8,374,-347.190062838587,0.264150943396226,NA,"844260172061454791"
"844260327443641966","C12H14F3N7O2","[M + H]+",5,0.00972549211225109,43.2309062335581,1.97638114747364,41.2545250860844,"16","JPUBTAPBJQSJLC","CN1C=CC(=N1)C2=C(C(=O)NC(C2)C(F)(F)F)N(C)N=NNC=O","N-[(Z)-[methyl-[4-(1-methylpyrazol-3-yl)-6-oxo-2-(trifluoromethyl)-2,3-dihydro-1H-pyridin-5-yl]amino]diazenyl]formamide",1.2,456,-370.322047581397,0.266233766233766,NA,"844260172061454791"
"844260327443641966","C12H14F3N7O2","[M + H]+",5,0.00972549211225109,43.2309062335581,1.97638114747364,41.2545250860844,"16","ZOYGWZALIZNHIN","C1CN(CC1CC(=O)N)C2=NC(=NC3=NNN=C32)OCC(F)(F)F","2-[(3S)-1-[5-(2,2,2-trifluoroethoxy)-2H-triazolo[4,5-d]pyrimidin-7-yl]pyrrolidin-3-yl]acetamide",0.7,468,-372.607264112792,0.308571428571429,NA,"844260172061454791"
"844260327443641966","C12H14F3N7O2","[M + H]+",5,0.00972549211225109,43.2309062335581,1.97638114747364,41.2545250860844,"16","NYHOWMBHIQJUCE","CC(=O)NC1CCN(C1)C2=NC(=NC3=NNN=C32)OCC(F)(F)F","N-[(3S)-1-[5-(2,2,2-trifluoroethoxy)-2H-triazolo[4,5-d]pyrimidin-7-yl]pyrrolidin-3-yl]acetamide",1,509,-383.139666063717,0.301136363636364,NA,"844260172061454791"
"844260327443641967","C17H16FN3O4","[M + H]+",6,0.00143971951842504,41.3206040582762,2.49791716911735,38.8226868891589,"16","HUACEUAGDOKFRA","CC1=C(C=C(C=C1)F)NC(=O)CNC(=O)C2=CC(=C(C=C2)C)[N+](=O)[O-]","N-[2-(5-fluoro-2-methylanilino)-2-oxoethyl]-4-methyl-3-nitrobenzamide",2.8,12,-218.032494109843,0.263513513513513,NA,"844260172061454791"
"844260327443641967","C17H16FN3O4","[M + H]+",6,0.00143971951842504,41.3206040582762,2.49791716911735,38.8226868891589,"16","UNYACWKKYGKRRP","COC1=CC(=C(C=C1)NC(=O)CN2C3=C(C=C(C=C3)F)NC2=O)OC","N-(2,4-dimethoxyphenyl)-2-(5-fluoro-2-oxo-3H-benzimidazol-1-yl)acetamide",1.7,16,-230.986044115429,0.426666666666667,NA,"844260172061454791"
"844260327443641967","C17H16FN3O4","[M + H]+",6,0.00143971951842504,41.3206040582762,2.49791716911735,38.8226868891589,"16","OLVHFTHXMQGFTJ","CC1=CC(=C(C=C1)NC(=O)C2=C(C=CC(=C2)[N+](=O)[O-])NC(=O)CF)C","N-(2,4-Dimethylphenyl)-2-(2-fluoroacetamido)-5-nitrobenzamide",3.4,17,-231.063942618723,0.268115942028986,NA,"844260172061454791"
"844260327443641967","C17H16FN3O4","[M + H]+",6,0.00143971951842504,41.3206040582762,2.49791716911735,38.8226868891589,"16","UCSFQLGHANDYFD","CC1=C(C(=CC=C1)NC(=O)C2=C(C=CC(=C2)[N+](=O)[O-])NC(=O)CF)C","N-(2-fluoroacetamido-5-nitrobenzoyl)-2,3-dimethylaniline",3.4,18,-233.165332535899,0.27007299270073,NA,"844260172061454791"
"844260327443641967","C17H16FN3O4","[M + H]+",6,0.00143971951842504,41.3206040582762,2.49791716911735,38.8226868891589,"16","JYGCCMHOHMOCHN","COC1=CC(=C(C=C1)OC)NC(=O)CN2C3=C(C=C(C=C3)F)NC2=O","N-(2,5-dimethoxyphenyl)-2-(5-fluoro-2-oxo-3H-benzimidazol-1-yl)acetamide",1.7,19,-233.920638020155,0.481751824817518,NA,"844260172061454791"
"844260327443641967","C17H16FN3O4","[M + H]+",6,0.00143971951842504,41.3206040582762,2.49791716911735,38.8226868891589,"16","OZXBHYOPBZHISH","COC1=CC(=CC(=C1OC)OC)NC(=O)C2=CN3C=C(C=CC3=N2)F","6-fluoro-N-(3,4,5-trimethoxyphenyl)imidazo[1,2-a]pyridine-2-carboxamide",2.9,20,-238.235536503204,0.503597122302158,NA,"844260172061454791"
"844260327443641967","C17H16FN3O4","[M + H]+",6,0.00143971951842504,41.3206040582762,2.49791716911735,38.8226868891589,"16","DYHUYECVADCOMH","CC1=C(C=C(C=C1)C(=O)NCCNC(=O)C2=CC(=CC=C2)[N+](=O)[O-])F","3-fluoro-4-methyl-N-[2-[(3-nitrobenzoyl)amino]ethyl]benzamide",2.5,23,-245.38045570556,0.238095238095238,NA,"844260172061454791"
"844260327443641967","C17H16FN3O4","[M + H]+",6,0.00143971951842504,41.3206040582762,2.49791716911735,38.8226868891589,"16","ZNJSHDBWLSXPBX","CCC1=NOC(=C1)CNC(=O)C2=COC(=N2)COC3=CC=CC=C3F","N-[(3-ethyl-1,2-oxazol-5-yl)methyl]-2-[(2-fluorophenoxy)methyl]-1,3-oxazole-4-carboxamide",2.4,24,-245.924023557523,0.37037037037037,NA,"844260172061454791"
"844260327443641967","C17H16FN3O4","[M + H]+",6,0.00143971951842504,41.3206040582762,2.49791716911735,38.8226868891589,"16","VIBFDRRGMQTBRN","COC1=CC=CN2C1=NC(=C(C2=O)CO)NC3=CC=C(C=C3)OCF","2-[4-(Fluoromethoxy)anilino]-3-(hydroxymethyl)-9-methoxypyrido[1,2-a]pyrimidin-4-one",2.1,25,-246.754764689342,0.426573426573427,NA,"844260172061454791"
"844260327443641967","C17H16FN3O4","[M + H]+",6,0.00143971951842504,41.3206040582762,2.49791716911735,38.8226868891589,"16","DFUHVGHEWASGIO","CCC1=NOC(=C1)CNC(=O)C2=COC(=N2)COC3=CC(=CC=C3)F","N-[(3-ethyl-5-isoxazolyl)methyl]-2-[(3-fluorophenoxy)methyl]-1,3-oxazole-4-carboxamide",2.4,26,-250.454657115592,0.380597014925373,NA,"844260172061454791"
"844260327443641967","C17H16FN3O4","[M + H]+",6,0.00143971951842504,41.3206040582762,2.49791716911735,38.8226868891589,"16","OAIYHWHPRMBXQL","CCOC(=O)NC1=CC=CC(=C1)C(=O)NC2=CC(=C(C=C2)F)C(=O)N","ethyl N-[3-[(3-carbamoyl-4-fluorophenyl)carbamoyl]phenyl]carbamate",1.7,27,-252.80055023139,0.25,NA,"844260172061454791"
"844260327443641967","C17H16FN3O4","[M + H]+",6,0.00143971951842504,41.3206040582762,2.49791716911735,38.8226868891589,"16","BNUJDUBCNUBRET","COC1=CC(=C(C=C1)OC)C=NNC(=O)C(=O)NC2=CC=CC=C2F","N'-[(2,5-dimethoxyphenyl)methylideneamino]-N-(2-fluorophenyl)oxamide",2.5,30,-253.852096927542,0.309210526315789,NA,"844260172061454791"
"844260327443641967","C17H16FN3O4","[M + H]+",6,0.00143971951842504,41.3206040582762,2.49791716911735,38.8226868891589,"16","ZLEDPAPCLQPRPW","CC1=NOC(=C1)CN(C)C(=O)C2=COC(=N2)COC3=CC=CC=C3F","2-[(2-fluorophenoxy)methyl]-N-methyl-N-[(3-methyl-5-isoxazolyl)methyl]-1,3-oxazole-4-carboxamide",2.1,33,-256.273466344295,0.352517985611511,NA,"844260172061454791"
"844260327443641967","C17H16FN3O4","[M + H]+",6,0.00143971951842504,41.3206040582762,2.49791716911735,38.8226868891589,"16","QFOKEUYTVDOEOA","C1C2=C(C(=CC(=C2)F)CCNC(=O)C3=NC=C(C=C3)C(=O)N)OCO1","2-N-[2-(6-fluoro-4H-1,3-benzodioxin-8-yl)ethyl]pyridine-2,5-dicarboxamide",0.9,35,-257.220274643012,0.354838709677419,NA,"844260172061454791"
"844260327443641967","C17H16FN3O4","[M + H]+",6,0.00143971951842504,41.3206040582762,2.49791716911735,38.8226868891589,"16","KGVCMHWTLKLZCC","COC1=C(C=C(C=C1)NC(=O)CN2C3=C(C=C(C=C3)F)NC2=O)OC","N-(3,4-dimethoxyphenyl)-2-(5-fluoro-2-oxo-3H-benzimidazol-1-yl)acetamide",1.7,36,-257.486100257108,0.453333333333333,NA,"844260172061454791"
"844260327443641968","C15H13F2N7O","[M + H]+",7,0.00106440703755951,41.0185736143932,3.45848210437785,37.5600915100154,"16","JTSTWKIGATWXTF","CC1=NC(=NC(=N1)N)C2=C(N=CC(=C2)F)NC3=CC(=C(N=C3)OC)F","4-(5-Fluoro-2-(5-fluoro-6-methoxypyridin-3-ylamino)pyridin-3-YL)-6-methyl-1,3,5-triazin-2-amine",1.9,1,-156.236809347772,0.532110091743119,0,"844260172061454791"
"844260327443641968","C15H13F2N7O","[M + H]+",7,0.00106440703755951,41.0185736143932,3.45848210437785,37.5600915100154,"16","YTRLNEAYBRWQPJ","CC(C1=NOC(=N1)CC2=NC=NN2)C3=NC4=CC=CC=C4N3C(F)F","3-[1-[1-(difluoromethyl)benzimidazol-2-yl]ethyl]-5-(1H-1,2,4-triazol-5-ylmethyl)-1,2,4-oxadiazole",2.9,2,-158.949675834863,0.518181818181818,Inf,"844260172061454791"
"844260327443641968","C15H13F2N7O","[M + H]+",7,0.00106440703755951,41.0185736143932,3.45848210437785,37.5600915100154,"16","MQVBBWVQXHPMPR","C1=CC(=C(C(=C1)F)CN(NC2=CNN=C2)NC(=O)C3=CN=CN=C3)F","N'-[(2,6-difluorophenyl)methyl]-N'-(1H-pyrazol-4-ylamino)pyrimidine-5-carbohydrazide",2.1,4,-181.25035134389,0.446428571428571,NA,"844260172061454791"
"844260327443641968","C15H13F2N7O","[M + H]+",7,0.00106440703755951,41.0185736143932,3.45848210437785,37.5600915100154,"16","VBSXQQWDJBMXPB","C1=CC(=C(C(=C1)F)CNC2=NC(=NC=C2C(=O)N)NC3=CNN=C3)F","4-[(2,6-difluorophenyl)methylamino]-2-(1H-pyrazol-4-ylamino)pyrimidine-5-carboxamide",1.8,5,-187.414393617116,0.425,NA,"844260172061454791"
"844260327443641968","C15H13F2N7O","[M + H]+",7,0.00106440703755951,41.0185736143932,3.45848210437785,37.5600915100154,"16","HJSFOUOOTROZTO","CC1=NC2=NC=NN2C(=C1CC3=NC(=C(C=C3)C#N)OCC(F)F)N","6-[(7-Amino-5-methyl-[1,2,4]triazolo[1,5-a]pyrimidin-6-yl)methyl]-2-(2,2-difluoroethoxy)pyridine-3-carbonitrile",1.9,7,-191.466442176061,0.504132231404959,NA,"844260172061454791"
"844260327443641968","C15H13F2N7O","[M + H]+",7,0.00106440703755951,41.0185736143932,3.45848210437785,37.5600915100154,"16","ICKITLLBYZLHFH","CC1=NC2=NON=C2C(=C1CC3=NC(=C(C=C3)NCC(F)F)C#N)N",NA,2.5,9,-192.98666255355,0.448275862068966,NA,"844260172061454791"
"844260327443641968","C15H13F2N7O","[M + H]+",7,0.00106440703755951,41.0185736143932,3.45848210437785,37.5600915100154,"16","WPYPMWYYODXLIP","CC1=CC(=NC(=N1)N)NC2=CN(N=C2C(=O)N)C3=C(C=CC=C3F)F","4-[(2-Amino-6-methylpyrimidin-4-yl)amino]-1-(2,6-difluorophenyl)pyrazole-3-carboxamide",2.1,10,-198.725066848392,0.475409836065574,NA,"844260172061454791"
"844260327443641968","C15H13F2N7O","[M + H]+",7,0.00106440703755951,41.0185736143932,3.45848210437785,37.5600915100154,"16","FMIKZRJTWLKBRN","CC1=C(N=C(C(=N1)C(=O)NCC2=C(C=CC=C2F)F)N)N3N=CC=N3","3-amino-N-[(2,6-difluorophenyl)methyl]-6-methyl-5-(triazol-2-yl)pyrazine-2-carboxamide",2,11,-201.347394214077,0.440677966101695,NA,"844260172061454791"
"844260327443641968","C15H13F2N7O","[M + H]+",7,0.00106440703755951,41.0185736143932,3.45848210437785,37.5600915100154,"16","UNOLYPSFWIKMAJ","C1=CC=C(C=C1)C=CC(C(=O)NC2=CN(N=C2)CC3=NNN=N3)(F)F","(E)-2,2-difluoro-4-phenyl-N-[1-(2H-tetrazol-5-ylmethyl)pyrazol-4-yl]but-3-enamide",1.6,13,-219.150142435171,0.344262295081967,NA,"844260172061454791"
"844260327443641968","C15H13F2N7O","[M + H]+",7,0.00106440703755951,41.0185736143932,3.45848210437785,37.5600915100154,"16","GXABJCVNISZUSB","CN1C=C(C=N1)NC2=NC=CC(=N2)C3=CN=C(C=C3)NC(=O)C(F)F","2,2-difluoro-N-[5-[2-[(1-methylpyrazol-4-yl)amino]pyrimidin-4-yl]pyridin-2-yl]acetamide",1.3,15,-228.121573951616,0.459016393442623,NA,"844260172061454791"
"844260327443641968","C15H13F2N7O","[M + H]+",7,0.00106440703755951,41.0185736143932,3.45848210437785,37.5600915100154,"16","GIXMTDDSXCDPBC","C1C(C1(F)F)N2C(=CC=N2)CNC(=O)C3=CN(N=N3)C4=CN=CC=C4","N-[[2-(2,2-difluorocyclopropyl)pyrazol-3-yl]methyl]-1-pyridin-3-yltriazole-4-carboxamide",0.5,21,-240.661333668971,0.4,NA,"844260172061454791"
"844260327443641968","C15H13F2N7O","[M + H]+",7,0.00106440703755951,41.0185736143932,3.45848210437785,37.5600915100154,"16","IBILLMHRWJAVGZ","C1=CN(N=C1)C2=NC(=NC(=N2)NCCC(=O)N)C3=CC(=CC(=C3)F)F","3-[[4-(3,5-Difluorophenyl)-6-pyrazol-1-yl-1,3,5-triazin-2-yl]amino]propanamide",1.9,22,-243.81523749811,0.412213740458015,NA,"844260172061454791"
"844260327443641968","C15H13F2N7O","[M + H]+",7,0.00106440703755951,41.0185736143932,3.45848210437785,37.5600915100154,"16","KLDFYAKMDGPMDJ","CN(C)C(=O)C1=CC(=C(N=C1)N)C2=NN=NN2C3=C(C(=CC=C3)F)F","6-amino-5-[1-(2,3-difluorophenyl)tetrazol-5-yl]-N,N-dimethylpyridine-3-carboxamide",1.1,29,-253.76455805773,0.421052631578947,NA,"844260172061454791"
"844260327443641968","C15H13F2N7O","[M + H]+",7,0.00106440703755951,41.0185736143932,3.45848210437785,37.5600915100154,"16","LYANVZWCRWWOGQ","C1C(CN1C(=O)C2=CC(=C(C=C2)F)F)N3C=C(N=N3)CN4N=CC=N4","(3,4-Difluorophenyl)-[3-[4-(triazol-2-ylmethyl)triazol-1-yl]azetidin-1-yl]methanone",0.7,31,-254.642617371376,0.296875,NA,"844260172061454791"
"844260327443641968","C15H13F2N7O","[M + H]+",7,0.00106440703755951,41.0185736143932,3.45848210437785,37.5600915100154,"16","LXNFGOMEISTOMK","C1CN(CC1(F)F)C2=NN3C(=NC=C3C(=O)NC4=NN=CC=C4)C=C2","6-(3,3-difluoropyrrolidin-1-yl)-N-pyridazin-3-ylimidazo[1,2-b]pyridazine-3-carboxamide",1,32,-255.532336147761,0.389312977099237,NA,"844260172061454791"
"844260327443641969","C12H22F2NO6P","[M + H]+",8,0.00069160730101713,40.5874187740079,1.09568594712882,39.4917328268791,"16","VHUVXFCYSUJQFR","C[N+](C)(C)CCOP(=O)(O)OCC(COC=CF)OC=CF","[(2R)-2,3-bis[(Z)-2-fluoroethenoxy]propyl] 2-(trimethylazaniumyl)ethyl phosphate",-0.2,8,-191.626024335111,0.282051282051282,NA,"844260172061454791"
"844260327443641969","C12H22F2NO6P","[M + H]+",8,0.00069160730101713,40.5874187740079,1.09568594712882,39.4917328268791,"16","WEIWQLJKRVSURI","CCOP(=O)(C(CC1COC(N1C(=O)O)(C)C)(F)F)OCC","(4S)-4-(2-diethoxyphosphoryl-2,2-difluoroethyl)-2,2-dimethyl-1,3-oxazolidine-3-carboxylic acid",1.3,14,-227.509773683081,0.2734375,NA,"844260172061454791"
"844260327443641969","C12H22F2NO6P","[M + H]+",8,0.00069160730101713,40.5874187740079,1.09568594712882,39.4917328268791,"16","RGEHLMMNBNGZOP","CC(=C)C(=O)OCC[N+](C)(C)CCOP(=O)(O)OCC(F)F","2,2-Difluoroethyl 2-[dimethyl-[2-(2-methylprop-2-enoyloxy)ethyl]azaniumyl]ethyl phosphate",0.7,82,-281.624265091048,0.272727272727273,NA,"844260172061454791"
"844260327443641970","C9H15F4N7O3","[M + H]+",9,0.000193921480091706,39.3158537988875,0,39.3158537988875,"16",NA,NA,NA,NA,NA,NA,NA,NA,"844260172061454791"
"844260327443641971","C11H17N6O7","[M + H]+",10,5.03305990478765e-05,37.9670136866686,1.30435540452454,36.6626582821441,"16",NA,NA,NA,NA,NA,NA,NA,NA,"844260172061454791"
"844260320422376300","C17H19N3O3S","[M + H]+",1,0.569541819351207,59.8673671711723,0.0628788800166102,59.8044882911557,"17","SUBDBMMJDZJVOS","CC1=CN=C(C(=C1OC)C)CS(=O)C2=NC3=C(N2)C=C(C=C3)OC","6-methoxy-2-[(4-methoxy-3,5-dimethylpyridin-2-yl)methanesulfinyl]-1H-1,3-benzodiazole",2.6206226,1,-9.13427317491015,0.983606557377049,0,"844260172069843400"
"844260320422376300","C17H19N3O3S","[M + H]+",1,0.569541819351207,59.8673671711723,0.0628788800166102,59.8044882911557,"17","ZWNARYKSNTWUOM","C1CN(CN1CC2=CC=CC=C2)C(=O)C3=CC=C(C=C3)S(=O)(=O)N","4-[3-(Phenylmethyl)imidazolidin-1-yl]carbonylbenzenesulfonamide",1.3,13,-435.448994490929,0.141509433962264,NA,"844260172069843400"
"844260320422376300","C17H19N3O3S","[M + H]+",1,0.569541819351207,59.8673671711723,0.0628788800166102,59.8044882911557,"17","FDDLMBKEDYPNER","C1CN(CCN1CCC(=O)C2=CC=CS2)C3=CC=C(C=C3)[N+](=O)[O-]","3-[4-(4-Nitrophenyl)piperazino]-1-(2-thienyl)-1-propanone",3,14,-474.733246959022,0.146341463414634,NA,"844260172069843400"
"844260320422376300","C17H19N3O3S","[M + H]+",1,0.569541819351207,59.8673671711723,0.0628788800166102,59.8044882911557,"17","HVGVNYJRZJHYBS","CC1=CC(=C(C=C1)S(=O)(=O)NC2=CC3=C(C=C2)N(C(=O)N3C)C)C","N-(1,3-dimethyl-2-oxo-2,3-dihydro-1H-benzimidazol-5-yl)-2,4-dimethylbenzenesulfonamide",2.2,15,-487.223563338858,0.317647058823529,NA,"844260172069843400"
"844260320422376300","C17H19N3O3S","[M + H]+",1,0.569541819351207,59.8673671711723,0.0628788800166102,59.8044882911557,"17","SJXKOSOSNRUTAX","C1CN(CCN1CC2=CC=CO2)C(=S)NC3=CC4=C(C=C3)OCO4","N-(1,3-benzodioxol-5-yl)-4-(furan-2-ylmethyl)piperazin-4-ium-1-carbothioamide",1.9,16,-501.737260378039,0.23469387755102,NA,"844260172069843400"
"844260320422376300","C17H19N3O3S","[M + H]+",1,0.569541819351207,59.8673671711723,0.0628788800166102,59.8044882911557,"17","IBAYUWQIQGOLBX","CCOC1=C(C=CC(=C1)C=NNC(=S)NC2=CC=C(C=C2)OC)O","1-[(3-Ethoxy-4-hydroxyphenyl)methylideneamino]-3-(4-methoxyphenyl)thiourea",3.1,17,-540.298949096993,0.244791666666667,NA,"844260172069843400"
"844260320422376300","C17H19N3O3S","[M + H]+",1,0.569541819351207,59.8673671711723,0.0628788800166102,59.8044882911557,"17","LJAVIEUWQYYONW","COC1=CC=C(C=C1)C2=NC(=NC=C2)SCC(=O)N3CCOCC3","2-[[4-(4-Methoxyphenyl)-2-pyrimidinyl]thio]-1-(4-morpholinyl)ethanone",1.8,18,-540.688898840384,0.308056872037915,NA,"844260172069843400"
"844260320422376300","C17H19N3O3S","[M + H]+",1,0.569541819351207,59.8673671711723,0.0628788800166102,59.8044882911557,"17","KMCSXFINGGBOFP","C1CN(CC2=CC=CC=C21)CC(=O)NC3=CC=C(C=C3)S(=O)(=O)N","N-(4-sulfamoylphenyl)-2-(1,2,3,4-tetrahydroisoquinolin-2-yl)acetamide",1.3,19,-556.586331971855,0.135021097046413,NA,"844260172069843400"
"844260320422376300","C17H19N3O3S","[M + H]+",1,0.569541819351207,59.8673671711723,0.0628788800166102,59.8044882911557,"17","ABBDYGNALLZFNP","COC1=C(C=C(C=C1)C(=O)NNC(=S)NCC2=CC=CC=C2)OC","N-Benzyl-2-(3,4-dimethoxybenzoyl)hydrazinecarbothioamide",2.6,20,-564.928162116162,0.158914728682171,NA,"844260172069843400"
"844260320422376300","C17H19N3O3S","[M + H]+",1,0.569541819351207,59.8673671711723,0.0628788800166102,59.8044882911557,"17","AIBMIQGSVBRQNH","COC1=CC(=CC(=C1OC)OC)C=NNC(=S)NC2=CC=CC=C2","(Phenylcarbamothioylamino)-[(3,4,5-trimethoxyphenyl)methylidene]azanium",3.1,21,-575.734188198466,0.183574879227053,NA,"844260172069843400"
"844260320422376300","C17H19N3O3S","[M + H]+",1,0.569541819351207,59.8673671711723,0.0628788800166102,59.8044882911557,"17","HHTWCWCZKQRKRJ","CN1C2=CC=CC=C2N(C3=CC=CC=C3S1(=O)=O)C(=O)CN(C)C","6-Methyl-6,11-dihydro-11-((N,N-dimethylamino)acetyl)dibenzo(c,f)-(1,2,5)-thiadiazepine 5,5-dioxide",1.7,22,-588.26644063037,0.2,NA,"844260172069843400"
"844260320422376300","C17H19N3O3S","[M + H]+",1,0.569541819351207,59.8673671711723,0.0628788800166102,59.8044882911557,"17","RSMGOJOYNVIKHB","COC1=C(C(=C(C=C1)C=NNC(=S)NC2=CC=CC=C2)OC)OC","1-Phenyl-3-[(2,3,4-trimethoxyphenyl)methylideneamino]thiourea",3.1,23,-606.925181616051,0.202970297029703,NA,"844260172069843400"
"844260320422376300","C17H19N3O3S","[M + H]+",1,0.569541819351207,59.8673671711723,0.0628788800166102,59.8044882911557,"17","RHRSBTVNCCOGDJ","CC1=CC(=NC(=N1)SC(C2=CC=CC=C2)C(=O)O)N3CCOCC3","(2S)-2-(4-methyl-6-morpholin-4-ylpyrimidin-2-yl)sulfanyl-2-phenylacetate",2.8,24,-607.424778176059,0.207729468599034,NA,"844260172069843400"
"844260320422376300","C17H19N3O3S","[M + H]+",1,0.569541819351207,59.8673671711723,0.0628788800166102,59.8044882911557,"17","YPHDMWLZRDJBET","CC(=O)N1CCC2=CC=CC=C2C1C3=C(N(C(=S)N(C3=O)C)C)O","5-(2-acetyl-1,2,3,4-tetrahydroisoquinolin-1-yl)-6-hydroxy-1,3-dimethyl-2-sulfanylidene-1,2,3,4-tetrahydropyrimidin-4-one",0.9,25,-613.21643259327,0.167400881057269,NA,"844260172069843400"
"844260320422376300","C17H19N3O3S","[M + H]+",1,0.569541819351207,59.8673671711723,0.0628788800166102,59.8044882911557,"17","WPIILTPYKOWHQU","COC1=CC2=C(C=C1)NC=C2CCNS(=O)(=O)C3=CC=C(C=C3)N","4-amino-N-[2-(5-methoxy-1H-indol-3-yl)ethyl]benzene-1-sulfonamide",2.4006016,26,-617.796269519568,0.339712918660287,NA,"844260172069843400"
"844260320422376301","C14H22ClN4O2S","[M + H]+",2,0.340283104190101,59.3523128898088,0,59.3523128898088,"17",NA,NA,NA,NA,NA,NA,NA,NA,"844260172069843400"
"844260320422376302","C14H20FN3O4S","[M + H]+",3,0.048268829874619,57.399320967408,0,57.399320967408,"17",NA,NA,NA,NA,NA,NA,NA,NA,"844260172069843400"
"844260320422376303","C16H24ClNO3S","[M + H]+",4,0.0281340728097415,56.8595163565793,0,56.8595163565793,"17",NA,NA,NA,NA,NA,NA,NA,NA,"844260172069843400"
"844260320422376304","C17H16FN3O4","[M + H]+",5,0.0126240391616681,56.0581378255432,2.28918581416508,53.7689520113781,"17","FVCPNISTSVVUPX","COC1=CC(=C(C=C1)O)C=NNC(=O)CNC(=O)C2=CC=C(C=C2)F","4-fluoro-N-[2-[(2Z)-2-[(2-hydroxy-5-methoxyphenyl)methylidene]hydrazinyl]-2-oxoethyl]benzamide",1.9,2,-267.190577831367,0.300613496932515,Inf,"844260172069843400"
"844260320422376304","C17H16FN3O4","[M + H]+",5,0.0126240391616681,56.0581378255432,2.28918581416508,53.7689520113781,"17","ZBLZEVQPDZRXNP","COC1=CC=CC(=C1O)C=NNC(=O)CNC(=O)C2=CC=C(C=C2)F","4-fluoro-N-[2-[2-[(2-hydroxy-3-methoxyphenyl)methylidene]hydrazinyl]-2-oxoethyl]benzamide",1.9,3,-315.278786801815,0.279761904761905,NA,"844260172069843400"
"844260320422376304","C17H16FN3O4","[M + H]+",5,0.0126240391616681,56.0581378255432,2.28918581416508,53.7689520113781,"17","LHZAPCAVMNVKID","CCOC1=C(C=CC(=C1)C=NNC(=O)C(=O)NC2=CC=C(C=C2)F)O","N'-[(3-ethoxy-4-hydroxyphenyl)methylideneamino]-N-(4-fluorophenyl)oxamide",2.5,5,-318.396687957608,0.344155844155844,NA,"844260172069843400"
"844260320422376304","C17H16FN3O4","[M + H]+",5,0.0126240391616681,56.0581378255432,2.28918581416508,53.7689520113781,"17","NWVXUXFCAZFSQH","C1CN(CCN1)C2=C(C=C3C(=C2)N(C=C(C3=O)C(=O)O)C4CC4=O)F","Oxo-ciprofloxacin",0.33245212,6,-325.906724612533,0.382352941176471,NA,"844260172069843400"
"844260320422376304","C17H16FN3O4","[M + H]+",5,0.0126240391616681,56.0581378255432,2.28918581416508,53.7689520113781,"17","HAZCGTFRKOCWQZ","CC(=O)NC(CC1=CC=C(C=C1)F)C(=O)NC2=CC=C(C=C2)[N+](=O)[O-]","2-Acetamido-3-(4-fluorophenyl)-N-(4-nitrophenyl)propanamide (3c)",2.7804983,7,-355.813052069385,0.203296703296703,NA,"844260172069843400"
"844260320422376304","C17H16FN3O4","[M + H]+",5,0.0126240391616681,56.0581378255432,2.28918581416508,53.7689520113781,"17","VDCWENWOWUDREX","CC1=CC(=NO1)C(=O)N2CCC3COC(=O)N3C4=C(C2)C=CC(=C4)F","14-fluoro-9-(5-methyl-1,2-oxazole-3-carbonyl)-4-oxa-2,9-diazatricyclo[9.4.0.0²,⁶]pentadeca-1(15),11,13-trien-3-one",1.9,8,-365.322372623483,0.355828220858896,NA,"844260172069843400"
"844260320422376304","C17H16FN3O4","[M + H]+",5,0.0126240391616681,56.0581378255432,2.28918581416508,53.7689520113781,"17","MYYZZOHRULFPOQ","C1CC1N2C=C(C(=O)C3=CC(=C(C=C32)N4CCNC(=O)C4)F)C(=O)O","Oxociprofloxacin",0.96316284,9,-370.806575172178,0.364640883977901,NA,"844260172069843400"
"844260320422376304","C17H16FN3O4","[M + H]+",5,0.0126240391616681,56.0581378255432,2.28918581416508,53.7689520113781,"17","JKZPDGNJAAVKEG","CC(=O)NC(CC1=CC(=CC=C1)F)C(=O)NC2=CC=C(C=C2)[N+](=O)[O-]","2-Acetamido-3-(3-fluorophenyl)-N-(4-nitrophenyl)propanamide (2c)",2.4,10,-373.593911201602,0.210227272727273,NA,"844260172069843400"
"844260320422376304","C17H16FN3O4","[M + H]+",5,0.0126240391616681,56.0581378255432,2.28918581416508,53.7689520113781,"17","RYUXKVAKPFRBTB","CC(=O)NC(CC1=CC=CC=C1F)C(=O)NC2=CC=C(C=C2)[N+](=O)[O-]","2-Acetamido-3-(2-fluorophenyl)-N-(4-nitrophenyl)propanamide (1c)",2.4,11,-398.990288501774,0.205714285714286,NA,"844260172069843400"
"844260320422376304","C17H16FN3O4","[M + H]+",5,0.0126240391616681,56.0581378255432,2.28918581416508,53.7689520113781,"17","VCWNLVLFIZZTLZ","C1C2C(CN1C(=O)C3=CC=NO3)OCC(=O)N2CC4=CC=C(C=C4)F","4-[(4-fluorophenyl)methyl]-6-(1,2-oxazole-5-carbonyl)-octahydropyrrolo[3,4-b][1,4]oxazin-3-one",0.8,12,-410.41826330247,0.273743016759777,NA,"844260172069843400"
"844260320422376305","C13H20BClN2O6","[M + H]+",6,0.000886585415518365,53.4021571525776,0,53.4021571525776,"17","RJXOEUFRQATKAB","[B-](C(CC1=CC=C(C=C1)Cl)NC(=O)C)(O)(O)OCC(C(=O)O)N","[(1R)-1-acetamido-2-(4-chlorophenyl)ethyl]-[(2S)-2-amino-3-hydroxy-3-oxo-propoxy]-dihydroxy-boron",0.87474024,4,-317.809529995096,0.257861635220126,NA,"844260172069843400"
"844260320422376306","C15H13F2N7O","[M + H]+",7,0.000245666392164689,52.1187541664471,2.96682816678991,49.1519259996572,"17",NA,NA,NA,NA,NA,NA,NA,NA,"844260172069843400"
"844260320422376307","C9H15N9O6","[M + H]+",8,3.85511946379946e-06,47.9641816761499,0,47.9641816761499,"17",NA,NA,NA,NA,NA,NA,NA,NA,"844260172069843400"
"844260320422376308","C14H23N3O3S2","[M + H]+",9,3.79269769652949e-06,47.9478572394715,0,47.9478572394715,"17",NA,NA,NA,NA,NA,NA,NA,NA,"844260172069843400"
"844260320422376309","C14H17F2N3O5","[M + H]+",10,2.51144495210781e-06,47.5356379459375,1.56310574692243,45.9725321990151,"17",NA,NA,NA,NA,NA,NA,NA,NA,"844260172069843400"
"844260300797227863","C14H17F2N3O5","[M + H]+",1,0.37773504896742,44.5128793531606,2.64728345504332,41.8655958981173,"18","RYYXIOLNZYBGHQ","COCCNC(=O)NC(=O)CNC1=C(C=C(C(=C1)C(=O)OC)F)F","Methyl 2,4-difluoro-5-[[2-(2-methoxyethylcarbamoylamino)-2-oxoethyl]amino]benzoate",1.3,401,-361.950320534188,0.206030150753769,NA,"844260172074037705"
"844260300797227863","C14H17F2N3O5","[M + H]+",1,0.37773504896742,44.5128793531606,2.64728345504332,41.8655958981173,"18","KDWCPERQQNFZRD","CN(CCN1CCOCC1=O)C2=C(C=CC(=C2)OC(F)F)[N+](=O)[O-]","4-[2-[5-(difluoromethoxy)-N-methyl-2-nitroanilino]ethyl]morpholin-3-one",1.9,415,-364.309343966074,0.289473684210526,NA,"844260172074037705"
"844260300797227863","C14H17F2N3O5","[M + H]+",1,0.37773504896742,44.5128793531606,2.64728345504332,41.8655958981173,"18","JAUWZCPMXGOVFY","CC1CN(CC(O1)C)C(=O)NC2=C(C=CC(=C2)[N+](=O)[O-])OC(F)F","N-[2-(difluoromethoxy)-5-nitrophenyl]-2,6-dimethylmorpholine-4-carboxamide",2.4,446,-372.050555376355,0.247422680412371,NA,"844260172074037705"
"844260300797227863","C14H17F2N3O5","[M + H]+",1,0.37773504896742,44.5128793531606,2.64728345504332,41.8655958981173,"18","HYDWDTMGPGGKTI","COC1=CC(=C(C(=C1)F)C2CN=C(C2NC(=O)O)NOCCO)F","[3-(2,6-difluoro-4-methoxyphenyl)-5-(2-hydroxyethoxyamino)-3,4-dihydro-2H-pyrrol-4-yl]carbamic acid",0.5,447,-372.722811334883,0.222222222222222,NA,"844260172074037705"
"844260300797227863","C14H17F2N3O5","[M + H]+",1,0.37773504896742,44.5128793531606,2.64728345504332,41.8655958981173,"18","IWCQONMLHVONLN","CCOC(=O)N1CCN(CC1)C2=C(C=C(C(=C2CO)F)[N+](=O)[O-])F","3,6-Difluoro-2-(4-ethoxycarbonyl-1-piperazinyl)-5-nitrobenzyl alcohol",1.2,451,-373.151120098413,0.202127659574468,NA,"844260172074037705"
"844260300797227863","C14H17F2N3O5","[M + H]+",1,0.37773504896742,44.5128793531606,2.64728345504332,41.8655958981173,"18","YXIAMSPSABAWNR","CC(C)(C)OC(=O)NC1COC2=C(C=CC(=N2)OC(F)F)NC1=O","tert-butyl N-[(3S)-7-(difluoromethoxy)-2-oxo-3,4-dihydro-1H-pyrido[2,3-b][1,4]oxazepin-3-yl]carbamate",2.1,482,-379.843380317755,0.263959390862944,NA,"844260172074037705"
"844260300797227863","C14H17F2N3O5","[M + H]+",1,0.37773504896742,44.5128793531606,2.64728345504332,41.8655958981173,"18","CVPJVRLLJNRSGB","CCOC(=O)C(ONC(=O)N1CC(C=C(C1)C2=NC=CO2)C)(F)F","ethyl 2,2-difluoro-2-[[(3R)-3-methyl-5-(1,3-oxazol-2-yl)-3,6-dihydro-2H-pyridine-1-carbonyl]amino]oxyacetate",1.3,526,-395.380649121291,0.179487179487179,NA,"844260172074037705"
"844260300797227863","C14H17F2N3O5","[M + H]+",1,0.37773504896742,44.5128793531606,2.64728345504332,41.8655958981173,"18","SEAHIGNPSSUMPC","CC(C(=O)NC1=CC=CC=C1OC(F)F)OC(=O)CCNC(=O)N","[(2S)-1-[2-(difluoromethoxy)anilino]-1-oxopropan-2-yl] 3-(carbamoylamino)propanoate",1,587,-415.427191397915,0.200956937799043,NA,"844260172074037705"
"844260300797227863","C14H17F2N3O5","[M + H]+",1,0.37773504896742,44.5128793531606,2.64728345504332,41.8655958981173,"18","CKVPZSUBKHFSJC","CC(C)(C)OC(=O)N1CCC(C1OC2=C(N=CC=C2)[N+](=O)[O-])(F)F","tert-butyl (2S)-3,3-difluoro-2-(2-nitropyridin-3-yl)oxypyrrolidine-1-carboxylate",2.8,617,-427.925736456772,0.262886597938144,NA,"844260172074037705"
"844260300797227863","C14H17F2N3O5","[M + H]+",1,0.37773504896742,44.5128793531606,2.64728345504332,41.8655958981173,"18","GQSKWIKDDRTCQV","COC1=C(C=C(C(=C1)C(=O)NCC(C2CC2)N)[N+](=O)[O-])OC(F)F","N-(2-amino-2-cyclopropylethyl)-4-(difluoromethoxy)-5-methoxy-2-nitrobenzamide",1.8,625,-431.683136556814,0.22488038277512,NA,"844260172074037705"
"844260300797227863","C14H17F2N3O5","[M + H]+",1,0.37773504896742,44.5128793531606,2.64728345504332,41.8655958981173,"18","WHKVCNFTYQCLNE","C1CN(CCC1CO)C(=O)NC2=C(C=CC(=C2)[N+](=O)[O-])OC(F)F","N-[2-(difluoromethoxy)-5-nitrophenyl]-4-(hydroxymethyl)piperidine-1-carboxamide",1.9,642,-438.475499052704,0.221674876847291,NA,"844260172074037705"
"844260300797227863","C14H17F2N3O5","[M + H]+",1,0.37773504896742,44.5128793531606,2.64728345504332,41.8655958981173,"18","UPBKGPXMJNJLOS","COCC1CC(C(O1)N2C=CC(=NC2=O)NC(=O)OCC=C)(F)F","prop-2-enyl N-[1-[(2R,5S)-3,3-difluoro-5-(methoxymethyl)oxolan-2-yl]-2-oxopyrimidin-4-yl]carbamate",0.9,648,-440.726638365671,0.215962441314554,NA,"844260172074037705"
"844260300797227863","C14H17F2N3O5","[M + H]+",1,0.37773504896742,44.5128793531606,2.64728345504332,41.8655958981173,"18","ROORJEYJMZRBRE","CC(C)(C)OC(=O)N1CC(C(C1)(F)F)OC2=C(N=CC=C2)[N+](=O)[O-]","Tert-butyl 3,3-difluoro-4-(2-nitropyridin-3-yl)oxypyrrolidine-1-carboxylate",2.4,656,-447.007083571779,0.26865671641791,NA,"844260172074037705"
"844260300797227863","C14H17F2N3O5","[M + H]+",1,0.37773504896742,44.5128793531606,2.64728345504332,41.8655958981173,"18","FCWVTDIMXVCREB","C1COC(CN1C(=O)NCC2=C(N=CC=C2)OCC(F)F)C(=O)O","4-[[2-(2,2-Difluoroethoxy)pyridin-3-yl]methylcarbamoyl]morpholine-2-carboxylic acid",0.4,663,-451.022335082194,0.247572815533981,NA,"844260172074037705"
"844260300797227863","C14H17F2N3O5","[M + H]+",1,0.37773504896742,44.5128793531606,2.64728345504332,41.8655958981173,"18","XWVFCEKLRRYUPK","C1CC(CCC1NC(=O)NC2=C(C=CC(=C2)[N+](=O)[O-])OC(F)F)O","1-[2-(Difluoromethoxy)-5-nitrophenyl]-3-(4-hydroxycyclohexyl)urea",2.3,666,-454.274522126924,0.2,NA,"844260172074037705"
"844260300797227864","C14H16F3N4O3","[M + H]+",2,0.234022652705149,44.0341042490685,1.58525500664964,42.4488492424189,"18",NA,NA,NA,NA,NA,NA,NA,NA,"844260172074037705"
"844260300797227865","C9H15N9O6","[M + H]+",3,0.125716866349544,43.4127186179507,0,43.4127186179507,"18","AOMBUTLTOUELDR","CN1C2C3N(C(N2C)C4N(C1C(N4[N+](=O)[O-])N3[N+](=O)[O-])C)[N+](=O)[O-]","2,4,6-Trimethyl-8,10,12-trinitro-2,4,6,8,10,12-hexazatetracyclo[5.5.0.03,11.05,9]dodecane",1.7,3,-165.906242403376,0.146551724137931,NA,"844260172074037705"
"844260300797227865","C9H15N9O6","[M + H]+",3,0.125716866349544,43.4127186179507,0,43.4127186179507,"18","BAXFLFSLUMDRCR","C(C(=O)NN)N1C(=O)N(C(=O)N(C1=O)CC(=O)NN)CC(=O)NN","2-[3,5-Bis(2-hydrazinyl-2-oxoethyl)-2,4,6-trioxo-1,3,5-triazinan-1-yl]acetohydrazide",-4.8,6,-183.481366891097,0.19672131147541,NA,"844260172074037705"
"844260300797227866","C11H18F3N3O6","[M + H]+",4,0.121280542612645,43.3767927278969,0.793071094206501,42.5837216336904,"18",NA,NA,NA,NA,NA,NA,NA,NA,"844260172074037705"
"844260300797227867","C17H16FN3O4","[M + H]+",5,0.10933309682366,43.2730854884795,2.6946696880885,40.578415800391,"18","HUACEUAGDOKFRA","CC1=C(C=C(C=C1)F)NC(=O)CNC(=O)C2=CC(=C(C=C2)C)[N+](=O)[O-]","N-[2-(5-fluoro-2-methylanilino)-2-oxoethyl]-4-methyl-3-nitrobenzamide",2.8,12,-203.551369259072,0.326086956521739,NA,"844260172074037705"
"844260300797227867","C17H16FN3O4","[M + H]+",5,0.10933309682366,43.2730854884795,2.6946696880885,40.578415800391,"18","OLVHFTHXMQGFTJ","CC1=CC(=C(C=C1)NC(=O)C2=C(C=CC(=C2)[N+](=O)[O-])NC(=O)CF)C","N-(2,4-Dimethylphenyl)-2-(2-fluoroacetamido)-5-nitrobenzamide",3.4,13,-215.331064818517,0.295454545454545,NA,"844260172074037705"
"844260300797227867","C17H16FN3O4","[M + H]+",5,0.10933309682366,43.2730854884795,2.6946696880885,40.578415800391,"18","UCSFQLGHANDYFD","CC1=C(C(=CC=C1)NC(=O)C2=C(C=CC(=C2)[N+](=O)[O-])NC(=O)CF)C","N-(2-fluoroacetamido-5-nitrobenzoyl)-2,3-dimethylaniline",3.4,15,-224.06380961516,0.297709923664122,NA,"844260172074037705"
"844260300797227867","C17H16FN3O4","[M + H]+",5,0.10933309682366,43.2730854884795,2.6946696880885,40.578415800391,"18","UNYACWKKYGKRRP","COC1=CC(=C(C=C1)NC(=O)CN2C3=C(C=C(C=C3)F)NC2=O)OC","N-(2,4-dimethoxyphenyl)-2-(5-fluoro-2-oxo-3H-benzimidazol-1-yl)acetamide",1.7,18,-233.105948788574,0.418918918918919,NA,"844260172074037705"
"844260300797227867","C17H16FN3O4","[M + H]+",5,0.10933309682366,43.2730854884795,2.6946696880885,40.578415800391,"18","JYGCCMHOHMOCHN","COC1=CC(=C(C=C1)OC)NC(=O)CN2C3=C(C=C(C=C3)F)NC2=O","N-(2,5-dimethoxyphenyl)-2-(5-fluoro-2-oxo-3H-benzimidazol-1-yl)acetamide",1.7,19,-236.17084920765,0.485074626865672,NA,"844260172074037705"
"844260300797227867","C17H16FN3O4","[M + H]+",5,0.10933309682366,43.2730854884795,2.6946696880885,40.578415800391,"18","VIBFDRRGMQTBRN","COC1=CC=CN2C1=NC(=C(C2=O)CO)NC3=CC=C(C=C3)OCF","2-[4-(Fluoromethoxy)anilino]-3-(hydroxymethyl)-9-methoxypyrido[1,2-a]pyrimidin-4-one",2.1,21,-238.20985554366,0.398601398601399,NA,"844260172074037705"
"844260300797227867","C17H16FN3O4","[M + H]+",5,0.10933309682366,43.2730854884795,2.6946696880885,40.578415800391,"18","ZNJSHDBWLSXPBX","CCC1=NOC(=C1)CNC(=O)C2=COC(=N2)COC3=CC=CC=C3F","N-[(3-ethyl-1,2-oxazol-5-yl)methyl]-2-[(2-fluorophenoxy)methyl]-1,3-oxazole-4-carboxamide",2.4,23,-246.673121529263,0.403100775193798,NA,"844260172074037705"
"844260300797227867","C17H16FN3O4","[M + H]+",5,0.10933309682366,43.2730854884795,2.6946696880885,40.578415800391,"18","DFUHVGHEWASGIO","CCC1=NOC(=C1)CNC(=O)C2=COC(=N2)COC3=CC(=CC=C3)F","N-[(3-ethyl-5-isoxazolyl)methyl]-2-[(3-fluorophenoxy)methyl]-1,3-oxazole-4-carboxamide",2.4,24,-249.759354122708,0.4140625,NA,"844260172074037705"
"844260300797227867","C17H16FN3O4","[M + H]+",5,0.10933309682366,43.2730854884795,2.6946696880885,40.578415800391,"18","RRQLCAIBPRRUCX","CCN1C2=C(C(=CC=C2)F)N=C1COC3=C(C=CC(=C3)[N+](=O)[O-])OC","1-Ethyl-4-fluoro-2-[(2-methoxy-5-nitrophenoxy)methyl]benzimidazole",3.1,25,-250.581488709445,0.481481481481481,NA,"844260172074037705"
"844260300797227867","C17H16FN3O4","[M + H]+",5,0.10933309682366,43.2730854884795,2.6946696880885,40.578415800391,"18","DYHUYECVADCOMH","CC1=C(C=C(C=C1)C(=O)NCCNC(=O)C2=CC(=CC=C2)[N+](=O)[O-])F","3-fluoro-4-methyl-N-[2-[(3-nitrobenzoyl)amino]ethyl]benzamide",2.5,26,-250.839625958302,0.271428571428571,NA,"844260172074037705"
"844260300797227867","C17H16FN3O4","[M + H]+",5,0.10933309682366,43.2730854884795,2.6946696880885,40.578415800391,"18","DVXYGTHIZAYIDG","CC1=C(C=C(C=C1)C(=O)N(CC(=O)NC)C2=CC(=CC=C2)F)[N+](=O)[O-]","N-(3-fluorophenyl)-4-methyl-N-[2-(methylamino)-2-oxoethyl]-3-nitrobenzamide",2.6,30,-253.370984226101,0.295302013422819,NA,"844260172074037705"
"844260300797227867","C17H16FN3O4","[M + H]+",5,0.10933309682366,43.2730854884795,2.6946696880885,40.578415800391,"18","ZLEDPAPCLQPRPW","CC1=NOC(=C1)CN(C)C(=O)C2=COC(=N2)COC3=CC=CC=C3F","2-[(2-fluorophenoxy)methyl]-N-methyl-N-[(3-methyl-5-isoxazolyl)methyl]-1,3-oxazole-4-carboxamide",2.1,32,-256.480338253666,0.373134328358209,NA,"844260172074037705"
"844260300797227867","C17H16FN3O4","[M + H]+",5,0.10933309682366,43.2730854884795,2.6946696880885,40.578415800391,"18","LGQSGABOMBKPQZ","CC1=C(C=C(C=C1)C(=NNC(=O)COC2=CC=CC=C2F)C)[N+](=O)[O-]","2-(2-fluorophenoxy)-N-[(Z)-1-(4-methyl-3-nitrophenyl)ethylideneamino]acetamide",3.4,33,-258.960233241321,0.367647058823529,NA,"844260172074037705"
"844260300797227867","C17H16FN3O4","[M + H]+",5,0.10933309682366,43.2730854884795,2.6946696880885,40.578415800391,"18","SGJPJKAHYCXKBL","CC1=CC(=C(C=C1)OCC(=O)NNC(=C)C2=CC=C(C=C2)F)[N+](=O)[O-]","N'-[1-(4-fluorophenyl)ethenyl]-2-(4-methyl-2-nitrophenoxy)acetohydrazide",4,34,-259.215881072918,0.362962962962963,NA,"844260172074037705"
"844260300797227867","C17H16FN3O4","[M + H]+",5,0.10933309682366,43.2730854884795,2.6946696880885,40.578415800391,"18","KGVCMHWTLKLZCC","COC1=C(C=C(C=C1)NC(=O)CN2C3=C(C=C(C=C3)F)NC2=O)OC","N-(3,4-dimethoxyphenyl)-2-(5-fluoro-2-oxo-3H-benzimidazol-1-yl)acetamide",1.7,35,-259.66722839935,0.436241610738255,NA,"844260172074037705"
"844260300797227868","C12H14F3N7O2","[M + H]+",6,0.0240238253443111,41.7577323925683,1.79834028815543,39.9593921044128,"18","HWXZKOZWBLQEKW","CC1=C(N(N=C1C(F)(F)F)C)NC(=O)N2CCN3C(=NNC3=O)C2","N-[2,4-dimethyl-5-(trifluoromethyl)pyrazol-3-yl]-3-oxo-2,5,6,8-tetrahydro-[1,2,4]triazolo[4,3-a]pyrazine-7-carboxamide",0,36,-261.987222368641,0.338345864661654,NA,"844260172074037705"
"844260300797227868","C12H14F3N7O2","[M + H]+",6,0.0240238253443111,41.7577323925683,1.79834028815543,39.9593921044128,"18","IFYXVNRZCDYQKN","C1C=CN=C(C1O)N2C(=CC(=N2)CN(N)N=C(C(F)(F)F)N)C=O","N'-[amino-[[5-formyl-1-(3-hydroxy-3,4-dihydropyridin-2-yl)pyrazol-3-yl]methyl]amino]-2,2,2-trifluoroethanimidamide",0.2,51,-270.990960969777,0.354838709677419,NA,"844260172074037705"
"844260300797227868","C12H14F3N7O2","[M + H]+",6,0.0240238253443111,41.7577323925683,1.79834028815543,39.9593921044128,"18","RTTFJVBSZDECDO","CN(C)C1=NC(=NC(=N1)N)COC(=O)CN2C=CC(=N2)C(F)(F)F","[4-Amino-6-(dimethylamino)-1,3,5-triazin-2-yl]methyl 2-[3-(trifluoromethyl)pyrazol-1-yl]acetate",0.9,56,-273.688179910236,0.378787878787879,NA,"844260172074037705"
"844260300797227868","C12H14F3N7O2","[M + H]+",6,0.0240238253443111,41.7577323925683,1.79834028815543,39.9593921044128,"18","PPGDMTJHHGPQCS","C1CCC2=NN(C(=O)N2CC1)CC(=O)NC3=NNC(=N3)C(F)(F)F","2-(3-oxo-6,7,8,9-tetrahydro-5H-[1,2,4]triazolo[4,3-a]azepin-2-yl)-N-[5-(trifluoromethyl)-1H-1,2,4-triazol-3-yl]acetamide",0.6,149,-302.099474717941,0.318840579710145,NA,"844260172074037705"
"844260300797227868","C12H14F3N7O2","[M + H]+",6,0.0240238253443111,41.7577323925683,1.79834028815543,39.9593921044128,"18","UWEWKEWSZOLGGS","CC1CN(CCN1C2=NC3=C(C=NN3C(=N2)N)C(F)(F)F)C(=O)O","(3S)-4-[4-amino-8-(trifluoromethyl)pyrazolo[1,5-a][1,3,5]triazin-2-yl]-3-methylpiperazine-1-carboxylic acid",0.9,176,-307.325169456908,0.296774193548387,NA,"844260172074037705"
"844260300797227868","C12H14F3N7O2","[M + H]+",6,0.0240238253443111,41.7577323925683,1.79834028815543,39.9593921044128,"18","YDOLGRJEXOMTBA","CC1=C(C2=NN=C(N2N=C1NCCC(=O)NC(=O)N)C(F)(F)F)C","N-carbamoyl-3-[[7,8-dimethyl-3-(trifluoromethyl)-[1,2,4]triazolo[4,3-b]pyridazin-6-yl]amino]propanamide",0.7,220,-317.047431880773,0.361702127659574,NA,"844260172074037705"
"844260300797227868","C12H14F3N7O2","[M + H]+",6,0.0240238253443111,41.7577323925683,1.79834028815543,39.9593921044128,"18","YFAOZSCRWGGTHT","CN1C(=NN(C1=O)C2CCN(CC2)C(=O)C3=NC=NN3)C(F)(F)F","1-(1-(1H-1,2,4-triazole-5-carbonyl)piperidin-4-yl)-4-methyl-3-(trifluoromethyl)-1H-1,2,4-triazol-5(4H)-one",0.8,370,-352.470541154962,0.262820512820513,NA,"844260172074037705"
"844260300797227868","C12H14F3N7O2","[M + H]+",6,0.0240238253443111,41.7577323925683,1.79834028815543,39.9593921044128,"18","JPUBTAPBJQSJLC","CN1C=CC(=N1)C2=C(C(=O)NC(C2)C(F)(F)F)N(C)N=NNC=O","N-[(Z)-[methyl-[4-(1-methylpyrazol-3-yl)-6-oxo-2-(trifluoromethyl)-2,3-dihydro-1H-pyridin-5-yl]amino]diazenyl]formamide",1.2,445,-371.974834484449,0.273333333333333,NA,"844260172074037705"
"844260300797227868","C12H14F3N7O2","[M + H]+",6,0.0240238253443111,41.7577323925683,1.79834028815543,39.9593921044128,"18","ZOYGWZALIZNHIN","C1CN(CC1CC(=O)N)C2=NC(=NC3=NNN=C32)OCC(F)(F)F","2-[(3S)-1-[5-(2,2,2-trifluoroethoxy)-2H-triazolo[4,5-d]pyrimidin-7-yl]pyrrolidin-3-yl]acetamide",0.7,473,-377.751635514843,0.293103448275862,NA,"844260172074037705"
"844260300797227868","C12H14F3N7O2","[M + H]+",6,0.0240238253443111,41.7577323925683,1.79834028815543,39.9593921044128,"18","NYHOWMBHIQJUCE","CC(=O)NC1CCN(C1)C2=NC(=NC3=NNN=C32)OCC(F)(F)F","N-[(3S)-1-[5-(2,2,2-trifluoroethoxy)-2H-triazolo[4,5-d]pyrimidin-7-yl]pyrrolidin-3-yl]acetamide",1,516,-391.253991216922,0.285714285714286,NA,"844260172074037705"
"844260300797227869","C15H13F2N7O","[M + H]+",7,0.00633582716857099,40.4249067084164,3.49124677064289,36.9336599377735,"18","JTSTWKIGATWXTF","CC1=NC(=NC(=N1)N)C2=C(N=CC(=C2)F)NC3=CC(=C(N=C3)OC)F","4-(5-Fluoro-2-(5-fluoro-6-methoxypyridin-3-ylamino)pyridin-3-YL)-6-methyl-1,3,5-triazin-2-amine",1.9,1,-154.639977566469,0.518518518518518,0,"844260172074037705"
"844260300797227869","C15H13F2N7O","[M + H]+",7,0.00633582716857099,40.4249067084164,3.49124677064289,36.9336599377735,"18","YTRLNEAYBRWQPJ","CC(C1=NOC(=N1)CC2=NC=NN2)C3=NC4=CC=CC=C4N3C(F)F","3-[1-[1-(difluoromethyl)benzimidazol-2-yl]ethyl]-5-(1H-1,2,4-triazol-5-ylmethyl)-1,2,4-oxadiazole",2.9,2,-158.918808828275,0.518518518518518,Inf,"844260172074037705"
"844260300797227869","C15H13F2N7O","[M + H]+",7,0.00633582716857099,40.4249067084164,3.49124677064289,36.9336599377735,"18","MQVBBWVQXHPMPR","C1=CC(=C(C(=C1)F)CN(NC2=CNN=C2)NC(=O)C3=CN=CN=C3)F","N'-[(2,6-difluorophenyl)methyl]-N'-(1H-pyrazol-4-ylamino)pyrimidine-5-carbohydrazide",2.1,4,-177.838141638356,0.458715596330275,NA,"844260172074037705"
"844260300797227869","C15H13F2N7O","[M + H]+",7,0.00633582716857099,40.4249067084164,3.49124677064289,36.9336599377735,"18","VBSXQQWDJBMXPB","C1=CC(=C(C(=C1)F)CNC2=NC(=NC=C2C(=O)N)NC3=CNN=C3)F","4-[(2,6-difluorophenyl)methylamino]-2-(1H-pyrazol-4-ylamino)pyrimidine-5-carboxamide",1.8,5,-182.37099737489,0.435897435897436,NA,"844260172074037705"
"844260300797227869","C15H13F2N7O","[M + H]+",7,0.00633582716857099,40.4249067084164,3.49124677064289,36.9336599377735,"18","HJSFOUOOTROZTO","CC1=NC2=NC=NN2C(=C1CC3=NC(=C(C=C3)C#N)OCC(F)F)N","6-[(7-Amino-5-methyl-[1,2,4]triazolo[1,5-a]pyrimidin-6-yl)methyl]-2-(2,2-difluoroethoxy)pyridine-3-carbonitrile",1.9,7,-189.878843794109,0.491666666666667,NA,"844260172074037705"
"844260300797227869","C15H13F2N7O","[M + H]+",7,0.00633582716857099,40.4249067084164,3.49124677064289,36.9336599377735,"18","ICKITLLBYZLHFH","CC1=NC2=NON=C2C(=C1CC3=NC(=C(C=C3)NCC(F)F)C#N)N",NA,2.5,9,-190.995295658805,0.434782608695652,NA,"844260172074037705"
"844260300797227869","C15H13F2N7O","[M + H]+",7,0.00633582716857099,40.4249067084164,3.49124677064289,36.9336599377735,"18","WPYPMWYYODXLIP","CC1=CC(=NC(=N1)N)NC2=CN(N=C2C(=O)N)C3=C(C=CC=C3F)F","4-[(2-Amino-6-methylpyrimidin-4-yl)amino]-1-(2,6-difluorophenyl)pyrazole-3-carboxamide",2.1,10,-194.06935986139,0.475,NA,"844260172074037705"
"844260300797227869","C15H13F2N7O","[M + H]+",7,0.00633582716857099,40.4249067084164,3.49124677064289,36.9336599377735,"18","FMIKZRJTWLKBRN","CC1=C(N=C(C(=N1)C(=O)NCC2=C(C=CC=C2F)F)N)N3N=CC=N3","3-amino-N-[(2,6-difluorophenyl)methyl]-6-methyl-5-(triazol-2-yl)pyrazine-2-carboxamide",2,11,-197.435911610798,0.439655172413793,NA,"844260172074037705"
"844260300797227869","C15H13F2N7O","[M + H]+",7,0.00633582716857099,40.4249067084164,3.49124677064289,36.9336599377735,"18","UNOLYPSFWIKMAJ","C1=CC=C(C=C1)C=CC(C(=O)NC2=CN(N=C2)CC3=NNN=N3)(F)F","(E)-2,2-difluoro-4-phenyl-N-[1-(2H-tetrazol-5-ylmethyl)pyrazol-4-yl]but-3-enamide",1.6,14,-216.617541007729,0.352941176470588,NA,"844260172074037705"
"844260300797227869","C15H13F2N7O","[M + H]+",7,0.00633582716857099,40.4249067084164,3.49124677064289,36.9336599377735,"18","GXABJCVNISZUSB","CN1C=C(C=N1)NC2=NC=CC(=N2)C3=CN=C(C=C3)NC(=O)C(F)F","2,2-difluoro-N-[5-[2-[(1-methylpyrazol-4-yl)amino]pyrimidin-4-yl]pyridin-2-yl]acetamide",1.3,16,-225.746286172361,0.458333333333333,NA,"844260172074037705"
"844260300797227869","C15H13F2N7O","[M + H]+",7,0.00633582716857099,40.4249067084164,3.49124677064289,36.9336599377735,"18","GIXMTDDSXCDPBC","C1C(C1(F)F)N2C(=CC=N2)CNC(=O)C3=CN(N=N3)C4=CN=CC=C4","N-[[2-(2,2-difluorocyclopropyl)pyrazol-3-yl]methyl]-1-pyridin-3-yltriazole-4-carboxamide",0.5,20,-238.054882645306,0.398373983739837,NA,"844260172074037705"
"844260300797227869","C15H13F2N7O","[M + H]+",7,0.00633582716857099,40.4249067084164,3.49124677064289,36.9336599377735,"18","IBILLMHRWJAVGZ","C1=CN(N=C1)C2=NC(=NC(=N2)NCCC(=O)N)C3=CC(=CC(=C3)F)F","3-[[4-(3,5-Difluorophenyl)-6-pyrazol-1-yl-1,3,5-triazin-2-yl]amino]propanamide",1.9,22,-238.74240255068,0.421875,NA,"844260172074037705"
"844260300797227869","C15H13F2N7O","[M + H]+",7,0.00633582716857099,40.4249067084164,3.49124677064289,36.9336599377735,"18","KLDFYAKMDGPMDJ","CN(C)C(=O)C1=CC(=C(N=C1)N)C2=NN=NN2C3=C(C(=CC=C3)F)F","6-amino-5-[1-(2,3-difluorophenyl)tetrazol-5-yl]-N,N-dimethylpyridine-3-carboxamide",1.1,27,-250.868844033773,0.419847328244275,NA,"844260172074037705"
"844260300797227869","C15H13F2N7O","[M + H]+",7,0.00633582716857099,40.4249067084164,3.49124677064289,36.9336599377735,"18","LXNFGOMEISTOMK","C1CN(CC1(F)F)C2=NN3C(=NC=C3C(=O)NC4=NN=CC=C4)C=C2","6-(3,3-difluoropyrrolidin-1-yl)-N-pyridazin-3-ylimidazo[1,2-b]pyridazine-3-carboxamide",1,28,-252.187590316915,0.3984375,NA,"844260172074037705"
"844260300797227869","C15H13F2N7O","[M + H]+",7,0.00633582716857099,40.4249067084164,3.49124677064289,36.9336599377735,"18","LYANVZWCRWWOGQ","C1C(CN1C(=O)C2=CC(=C(C=C2)F)F)N3C=C(N=N3)CN4N=CC=N4","(3,4-Difluorophenyl)-[3-[4-(triazol-2-ylmethyl)triazol-1-yl]azetidin-1-yl]methanone",0.7,29,-253.225548466301,0.304,NA,"844260172074037705"
"844260300797227870","C12H22F2NO6P","[M + H]+",8,0.00119320625179757,38.7553303451307,0.832509954901443,37.9228203902292,"18","VHUVXFCYSUJQFR","C[N+](C)(C)CCOP(=O)(O)OCC(COC=CF)OC=CF","[(2R)-2,3-bis[(Z)-2-fluoroethenoxy]propyl] 2-(trimethylazaniumyl)ethyl phosphate",-0.2,8,-190.207217393497,0.275862068965517,NA,"844260172074037705"
"844260300797227870","C12H22F2NO6P","[M + H]+",8,0.00119320625179757,38.7553303451307,0.832509954901443,37.9228203902292,"18","WEIWQLJKRVSURI","CCOP(=O)(C(CC1COC(N1C(=O)O)(C)C)(F)F)OCC","(4S)-4-(2-diethoxyphosphoryl-2,2-difluoroethyl)-2,2-dimethyl-1,3-oxazolidine-3-carboxylic acid",1.3,17,-227.683094708301,0.267716535433071,NA,"844260172074037705"
"844260300797227870","C12H22F2NO6P","[M + H]+",8,0.00119320625179757,38.7553303451307,0.832509954901443,37.9228203902292,"18","RGEHLMMNBNGZOP","CC(=C)C(=O)OCC[N+](C)(C)CCOP(=O)(O)OCC(F)F","2,2-Difluoroethyl 2-[dimethyl-[2-(2-methylprop-2-enoyloxy)ethyl]azaniumyl]ethyl phosphate",0.7,54,-272.336982307909,0.267175572519084,NA,"844260172074037705"
"844260300797227871","C9H15F4N7O3","[M + H]+",9,0.000183244837851116,36.8817542233716,0,36.8817542233716,"18",NA,NA,NA,NA,NA,NA,NA,NA,"844260172074037705"
"844260300797227872","C11H17N6O7","[M + H]+",10,9.3581139488435e-05,36.2097599149694,1.11028980798436,35.099470106985,"18",NA,NA,NA,NA,NA,NA,NA,NA,"844260172074037705"
"844260247844139796","C15H13F2N7O","[M + H]+",1,0.581228673806141,42.4293449888989,2.88898248757757,39.5403625013213,"19",NA,NA,NA,NA,NA,NA,NA,NA,"844260172078232010"
"844260247844139797","C14H20FN3O4S","[M + H]+",2,0.187306478811235,41.2969469223047,0,41.2969469223047,"19",NA,NA,NA,NA,NA,NA,NA,NA,"844260172078232010"
"844260247844139798","C17H19N3O3S","[M + H]+",3,0.101023614868307,40.6795550229855,0,40.6795550229855,"19","SUBDBMMJDZJVOS","CC1=CN=C(C(=C1OC)C)CS(=O)C2=NC3=C(N2)C=C(C=C3)OC","6-methoxy-2-[(4-methoxy-3,5-dimethylpyridin-2-yl)methanesulfinyl]-1H-1,3-benzodiazole",2.6206226,1,-13.7858622771046,0.983606557377049,0,"844260172078232010"
"844260247844139798","C17H19N3O3S","[M + H]+",3,0.101023614868307,40.6795550229855,0,40.6795550229855,"19","ZWNARYKSNTWUOM","C1CN(CN1CC2=CC=CC=C2)C(=O)C3=CC=C(C=C3)S(=O)(=O)N","4-[3-(Phenylmethyl)imidazolidin-1-yl]carbonylbenzenesulfonamide",1.3,3,-435.563427620422,0.141509433962264,NA,"844260172078232010"
"844260247844139798","C17H19N3O3S","[M + H]+",3,0.101023614868307,40.6795550229855,0,40.6795550229855,"19","HVGVNYJRZJHYBS","CC1=CC(=C(C=C1)S(=O)(=O)NC2=CC3=C(C=C2)N(C(=O)N3C)C)C","N-(1,3-dimethyl-2-oxo-2,3-dihydro-1H-benzimidazol-5-yl)-2,4-dimethylbenzenesulfonamide",2.2,4,-445.75511092427,0.317647058823529,NA,"844260172078232010"
"844260247844139798","C17H19N3O3S","[M + H]+",3,0.101023614868307,40.6795550229855,0,40.6795550229855,"19","FDDLMBKEDYPNER","C1CN(CCN1CCC(=O)C2=CC=CS2)C3=CC=C(C=C3)[N+](=O)[O-]","3-[4-(4-Nitrophenyl)piperazino]-1-(2-thienyl)-1-propanone",3,5,-470.050481123284,0.146341463414634,NA,"844260172078232010"
"844260247844139798","C17H19N3O3S","[M + H]+",3,0.101023614868307,40.6795550229855,0,40.6795550229855,"19","SJXKOSOSNRUTAX","C1CN(CCN1CC2=CC=CO2)C(=S)NC3=CC4=C(C=C3)OCO4","N-(1,3-benzodioxol-5-yl)-4-(furan-2-ylmethyl)piperazin-4-ium-1-carbothioamide",1.9,6,-498.307415144448,0.23469387755102,NA,"844260172078232010"
"844260247844139798","C17H19N3O3S","[M + H]+",3,0.101023614868307,40.6795550229855,0,40.6795550229855,"19","IBAYUWQIQGOLBX","CCOC1=C(C=CC(=C1)C=NNC(=S)NC2=CC=C(C=C2)OC)O","1-[(3-Ethoxy-4-hydroxyphenyl)methylideneamino]-3-(4-methoxyphenyl)thiourea",3.1,7,-514.54331053329,0.244791666666667,NA,"844260172078232010"
"844260247844139798","C17H19N3O3S","[M + H]+",3,0.101023614868307,40.6795550229855,0,40.6795550229855,"19","LJAVIEUWQYYONW","COC1=CC=C(C=C1)C2=NC(=NC=C2)SCC(=O)N3CCOCC3","2-[[4-(4-Methoxyphenyl)-2-pyrimidinyl]thio]-1-(4-morpholinyl)ethanone",1.8,8,-532.542701143741,0.308056872037915,NA,"844260172078232010"
"844260247844139798","C17H19N3O3S","[M + H]+",3,0.101023614868307,40.6795550229855,0,40.6795550229855,"19","KMCSXFINGGBOFP","C1CN(CC2=CC=CC=C21)CC(=O)NC3=CC=C(C=C3)S(=O)(=O)N","N-(4-sulfamoylphenyl)-2-(1,2,3,4-tetrahydroisoquinolin-2-yl)acetamide",1.3,9,-547.086835939717,0.135021097046413,NA,"844260172078232010"
"844260247844139798","C17H19N3O3S","[M + H]+",3,0.101023614868307,40.6795550229855,0,40.6795550229855,"19","ABBDYGNALLZFNP","COC1=C(C=C(C=C1)C(=O)NNC(=S)NCC2=CC=CC=C2)OC","N-Benzyl-2-(3,4-dimethoxybenzoyl)hydrazinecarbothioamide",2.6,10,-558.253542752734,0.158914728682171,NA,"844260172078232010"
"844260247844139798","C17H19N3O3S","[M + H]+",3,0.101023614868307,40.6795550229855,0,40.6795550229855,"19","AIBMIQGSVBRQNH","COC1=CC(=CC(=C1OC)OC)C=NNC(=S)NC2=CC=CC=C2","(Phenylcarbamothioylamino)-[(3,4,5-trimethoxyphenyl)methylidene]azanium",3.1,11,-560.621663687299,0.183574879227053,NA,"844260172078232010"
"844260247844139798","C17H19N3O3S","[M + H]+",3,0.101023614868307,40.6795550229855,0,40.6795550229855,"19","HHTWCWCZKQRKRJ","CN1C2=CC=CC=C2N(C3=CC=CC=C3S1(=O)=O)C(=O)CN(C)C","6-Methyl-6,11-dihydro-11-((N,N-dimethylamino)acetyl)dibenzo(c,f)-(1,2,5)-thiadiazepine 5,5-dioxide",1.7,12,-583.121384405027,0.2,NA,"844260172078232010"
"844260247844139798","C17H19N3O3S","[M + H]+",3,0.101023614868307,40.6795550229855,0,40.6795550229855,"19","RSMGOJOYNVIKHB","COC1=C(C(=C(C=C1)C=NNC(=S)NC2=CC=CC=C2)OC)OC","1-Phenyl-3-[(2,3,4-trimethoxyphenyl)methylideneamino]thiourea",3.1,13,-592.329858084939,0.202970297029703,NA,"844260172078232010"
"844260247844139798","C17H19N3O3S","[M + H]+",3,0.101023614868307,40.6795550229855,0,40.6795550229855,"19","RHRSBTVNCCOGDJ","CC1=CC(=NC(=N1)SC(C2=CC=CC=C2)C(=O)O)N3CCOCC3","(2S)-2-(4-methyl-6-morpholin-4-ylpyrimidin-2-yl)sulfanyl-2-phenylacetate",2.8,14,-596.458686222216,0.207729468599034,NA,"844260172078232010"
"844260247844139798","C17H19N3O3S","[M + H]+",3,0.101023614868307,40.6795550229855,0,40.6795550229855,"19","WPIILTPYKOWHQU","COC1=CC2=C(C=C1)NC=C2CCNS(=O)(=O)C3=CC=C(C=C3)N","4-amino-N-[2-(5-methoxy-1H-indol-3-yl)ethyl]benzene-1-sulfonamide",2.4006016,15,-597.428858819475,0.339712918660287,NA,"844260172078232010"
"844260247844139798","C17H19N3O3S","[M + H]+",3,0.101023614868307,40.6795550229855,0,40.6795550229855,"19","YPHDMWLZRDJBET","CC(=O)N1CCC2=CC=CC=C2C1C3=C(N(C(=S)N(C3=O)C)C)O","5-(2-acetyl-1,2,3,4-tetrahydroisoquinolin-1-yl)-6-hydroxy-1,3-dimethyl-2-sulfanylidene-1,2,3,4-tetrahydropyrimidin-4-one",0.9,16,-603.573238779664,0.167400881057269,NA,"844260172078232010"
"844260247844139799","C14H22ClN4O2S","[M + H]+",4,0.0402244389897728,39.7586754688727,0,39.7586754688727,"19",NA,NA,NA,NA,NA,NA,NA,NA,"844260172078232010"
"844260247844139800","C13H20BClN2O6","[M + H]+",5,0.0328828399499747,39.5571516625288,0,39.5571516625288,"19","RJXOEUFRQATKAB","[B-](C(CC1=CC=C(C=C1)Cl)NC(=O)C)(O)(O)OCC(C(=O)O)N","[(1R)-1-acetamido-2-(4-chlorophenyl)ethyl]-[(2S)-2-amino-3-hydroxy-3-oxo-propoxy]-dihydroxy-boron",0.87474024,2,-329.87997739511,0.289473684210526,Inf,"844260172078232010"
"844260247844139801","C14H17F2N3O5","[M + H]+",6,0.0305478120559044,39.4834937874846,2.5838706346456,36.899623152839,"19",NA,NA,NA,NA,NA,NA,NA,NA,"844260172078232010"
"844260247844139802","C14H16F3N4O3","[M + H]+",7,0.0116820578854167,38.522254873597,2.1244539888907,36.3978008847063,"19",NA,NA,NA,NA,NA,NA,NA,NA,"844260172078232010"
"844260247844139803","C12H14F3N7O2","[M + H]+",8,0.00731222235503288,38.053747966191,2.34808097655466,35.7056669896364,"19",NA,NA,NA,NA,NA,NA,NA,NA,"844260172078232010"
"844260247844139804","C11H18F3N3O6","[M + H]+",9,0.00288254207927595,37.1228732941386,1.52156233872338,35.6013109554152,"19",NA,NA,NA,NA,NA,NA,NA,NA,"844260172078232010"
"844260247844139805","C9H15N9O6","[M + H]+",10,0.00139971733692208,36.4004710369341,0.49707164937012,35.903399387564,"19",NA,NA,NA,NA,NA,NA,NA,NA,"844260172078232010"
"844260210430947946","C14H16F3N4O3","[M + H]+",1,0.920500201581161,60.5267399984858,2.04440949288187,58.482330505604,"20",NA,NA,NA,NA,NA,NA,NA,NA,"844260172082426315"
"844260210430947947","C11H18F3N3O6","[M + H]+",2,0.0312992053622465,57.145415488258,1.46599502976312,55.6794204584948,"20",NA,NA,NA,NA,NA,NA,NA,NA,"844260172082426315"
"844260210430947948","C9H15N9O6","[M + H]+",3,0.0227514183448456,56.8264502671038,0.547954688094426,56.2784955790093,"20","AOMBUTLTOUELDR","CN1C2C3N(C(N2C)C4N(C1C(N4[N+](=O)[O-])N3[N+](=O)[O-])C)[N+](=O)[O-]","2,4,6-Trimethyl-8,10,12-trinitro-2,4,6,8,10,12-hexazatetracyclo[5.5.0.03,11.05,9]dodecane",1.7,3,-164.234563278403,0.142857142857143,NA,"844260172082426315"
"844260210430947948","C9H15N9O6","[M + H]+",3,0.0227514183448456,56.8264502671038,0.547954688094426,56.2784955790093,"20","BAXFLFSLUMDRCR","C(C(=O)NN)N1C(=O)N(C(=O)N(C1=O)CC(=O)NN)CC(=O)NN","2-[3,5-Bis(2-hydrazinyl-2-oxoethyl)-2,4,6-trioxo-1,3,5-triazinan-1-yl]acetohydrazide",-4.8,9,-193.642187167004,0.192,NA,"844260172082426315"
"844260210430947949","C14H17F2N3O5","[M + H]+",4,0.0159423974219148,56.4708048437549,2.88028945592255,53.5905153878324,"20","RYYXIOLNZYBGHQ","COCCNC(=O)NC(=O)CNC1=C(C=C(C(=C1)C(=O)OC)F)F","Methyl 2,4-difluoro-5-[[2-(2-methoxyethylcarbamoylamino)-2-oxoethyl]amino]benzoate",1.3,34,-354.254805457802,0.230366492146597,NA,"844260172082426315"
"844260210430947949","C14H17F2N3O5","[M + H]+",4,0.0159423974219148,56.4708048437549,2.88028945592255,53.5905153878324,"20","HYDWDTMGPGGKTI","COC1=CC(=C(C(=C1)F)C2CN=C(C2NC(=O)O)NOCCO)F","[3-(2,6-difluoro-4-methoxyphenyl)-5-(2-hydroxyethoxyamino)-3,4-dihydro-2H-pyrrol-4-yl]carbamic acid",0.5,35,-356.631426980272,0.255555555555556,NA,"844260172082426315"
"844260210430947949","C14H17F2N3O5","[M + H]+",4,0.0159423974219148,56.4708048437549,2.88028945592255,53.5905153878324,"20","IWCQONMLHVONLN","CCOC(=O)N1CCN(CC1)C2=C(C=C(C(=C2CO)F)[N+](=O)[O-])F","3,6-Difluoro-2-(4-ethoxycarbonyl-1-piperazinyl)-5-nitrobenzyl alcohol",1.2,36,-356.892231558517,0.23463687150838,NA,"844260172082426315"
"844260210430947949","C14H17F2N3O5","[M + H]+",4,0.0159423974219148,56.4708048437549,2.88028945592255,53.5905153878324,"20","KDWCPERQQNFZRD","CN(CCN1CCOCC1=O)C2=C(C=CC(=C2)OC(F)F)[N+](=O)[O-]","4-[2-[5-(difluoromethoxy)-N-methyl-2-nitroanilino]ethyl]morpholin-3-one",1.9,37,-356.917107373419,0.297297297297297,NA,"844260172082426315"
"844260210430947949","C14H17F2N3O5","[M + H]+",4,0.0159423974219148,56.4708048437549,2.88028945592255,53.5905153878324,"20","YXIAMSPSABAWNR","CC(C)(C)OC(=O)NC1COC2=C(C=CC(=N2)OC(F)F)NC1=O","tert-butyl N-[(3S)-7-(difluoromethoxy)-2-oxo-3,4-dihydro-1H-pyrido[2,3-b][1,4]oxazepin-3-yl]carbamate",2.1,39,-371.882914309531,0.264248704663212,NA,"844260172082426315"
"844260210430947949","C14H17F2N3O5","[M + H]+",4,0.0159423974219148,56.4708048437549,2.88028945592255,53.5905153878324,"20","JAUWZCPMXGOVFY","CC1CN(CC(O1)C)C(=O)NC2=C(C=CC(=C2)[N+](=O)[O-])OC(F)F","N-[2-(difluoromethoxy)-5-nitrophenyl]-2,6-dimethylmorpholine-4-carboxamide",2.4,40,-372.640546894614,0.253968253968254,NA,"844260172082426315"
"844260210430947949","C14H17F2N3O5","[M + H]+",4,0.0159423974219148,56.4708048437549,2.88028945592255,53.5905153878324,"20","CVPJVRLLJNRSGB","CCOC(=O)C(ONC(=O)N1CC(C=C(C1)C2=NC=CO2)C)(F)F","ethyl 2,2-difluoro-2-[[(3R)-3-methyl-5-(1,3-oxazol-2-yl)-3,6-dihydro-2H-pyridine-1-carbonyl]amino]oxyacetate",1.3,42,-389.82534830212,0.184210526315789,NA,"844260172082426315"
"844260210430947949","C14H17F2N3O5","[M + H]+",4,0.0159423974219148,56.4708048437549,2.88028945592255,53.5905153878324,"20","SEAHIGNPSSUMPC","CC(C(=O)NC1=CC=CC=C1OC(F)F)OC(=O)CCNC(=O)N","[(2S)-1-[2-(difluoromethoxy)anilino]-1-oxopropan-2-yl] 3-(carbamoylamino)propanoate",1,45,-422.103647391027,0.194174757281553,NA,"844260172082426315"
"844260210430947949","C14H17F2N3O5","[M + H]+",4,0.0159423974219148,56.4708048437549,2.88028945592255,53.5905153878324,"20","CKVPZSUBKHFSJC","CC(C)(C)OC(=O)N1CCC(C1OC2=C(N=CC=C2)[N+](=O)[O-])(F)F","tert-butyl (2S)-3,3-difluoro-2-(2-nitropyridin-3-yl)oxypyrrolidine-1-carboxylate",2.8,46,-424.116024997296,0.26984126984127,NA,"844260172082426315"
"844260210430947949","C14H17F2N3O5","[M + H]+",4,0.0159423974219148,56.4708048437549,2.88028945592255,53.5905153878324,"20","GQSKWIKDDRTCQV","COC1=C(C=C(C(=C1)C(=O)NCC(C2CC2)N)[N+](=O)[O-])OC(F)F","N-(2-amino-2-cyclopropylethyl)-4-(difluoromethoxy)-5-methoxy-2-nitrobenzamide",1.8,47,-430.746376168643,0.230392156862745,NA,"844260172082426315"
"844260210430947949","C14H17F2N3O5","[M + H]+",4,0.0159423974219148,56.4708048437549,2.88028945592255,53.5905153878324,"20","WHKVCNFTYQCLNE","C1CN(CCC1CO)C(=O)NC2=C(C=CC(=C2)[N+](=O)[O-])OC(F)F","N-[2-(difluoromethoxy)-5-nitrophenyl]-4-(hydroxymethyl)piperidine-1-carboxamide",1.9,48,-434.595746478031,0.233502538071066,NA,"844260172082426315"
"844260210430947949","C14H17F2N3O5","[M + H]+",4,0.0159423974219148,56.4708048437549,2.88028945592255,53.5905153878324,"20","ROORJEYJMZRBRE","CC(C)(C)OC(=O)N1CC(C(C1)(F)F)OC2=C(N=CC=C2)[N+](=O)[O-]","Tert-butyl 3,3-difluoro-4-(2-nitropyridin-3-yl)oxypyrrolidine-1-carboxylate",2.4,49,-447.053391184144,0.275510204081633,NA,"844260172082426315"
"844260210430947949","C14H17F2N3O5","[M + H]+",4,0.0159423974219148,56.4708048437549,2.88028945592255,53.5905153878324,"20","DVBMXBGFCSKWEE","CC(=O)NC(C1=NC2=CC(=C(C=C2N1)F)F)C(C(C(CO)O)O)O","N-[(2R)-1-(5,6-difluoro-1H-benzimidazol-2-yl)-2,3,4,5-tetrahydroxypentyl]acetamide",-1.7,50,-448.491661487274,0.299019607843137,NA,"844260172082426315"
"844260210430947949","C14H17F2N3O5","[M + H]+",4,0.0159423974219148,56.4708048437549,2.88028945592255,53.5905153878324,"20","FCWVTDIMXVCREB","C1COC(CN1C(=O)NCC2=C(N=CC=C2)OCC(F)F)C(=O)O","4-[[2-(2,2-Difluoroethoxy)pyridin-3-yl]methylcarbamoyl]morpholine-2-carboxylic acid",0.4,51,-450.248960067936,0.26,NA,"844260172082426315"
"844260210430947949","C14H17F2N3O5","[M + H]+",4,0.0159423974219148,56.4708048437549,2.88028945592255,53.5905153878324,"20","UPBKGPXMJNJLOS","COCC1CC(C(O1)N2C=CC(=NC2=O)NC(=O)OCC=C)(F)F","prop-2-enyl N-[1-[(2R,5S)-3,3-difluoro-5-(methoxymethyl)oxolan-2-yl]-2-oxopyrimidin-4-yl]carbamate",0.9,52,-452.113653713855,0.233009708737864,NA,"844260172082426315"
"844260210430947950","C12H14F3N7O2","[M + H]+",5,0.00720179096435873,55.6761525189617,2.32959097745266,53.346561541509,"20","HWXZKOZWBLQEKW","CC1=C(N(N=C1C(F)(F)F)C)NC(=O)N2CCN3C(=NNC3=O)C2","N-[2,4-dimethyl-5-(trifluoromethyl)pyrazol-3-yl]-3-oxo-2,5,6,8-tetrahydro-[1,2,4]triazolo[4,3-a]pyrazine-7-carboxamide",0,21,-256.483355040966,0.302816901408451,NA,"844260172082426315"
"844260210430947950","C12H14F3N7O2","[M + H]+",5,0.00720179096435873,55.6761525189617,2.32959097745266,53.346561541509,"20","IFYXVNRZCDYQKN","C1C=CN=C(C1O)N2C(=CC(=N2)CN(N)N=C(C(F)(F)F)N)C=O","N'-[amino-[[5-formyl-1-(3-hydroxy-3,4-dihydropyridin-2-yl)pyrazol-3-yl]methyl]amino]-2,2,2-trifluoroethanimidamide",0.2,22,-258.342104944787,0.305970149253731,NA,"844260172082426315"
"844260210430947950","C12H14F3N7O2","[M + H]+",5,0.00720179096435873,55.6761525189617,2.32959097745266,53.346561541509,"20","RTTFJVBSZDECDO","CN(C)C1=NC(=NC(=N1)N)COC(=O)CN2C=CC(=N2)C(F)(F)F","[4-Amino-6-(dimethylamino)-1,3,5-triazin-2-yl]methyl 2-[3-(trifluoromethyl)pyrazol-1-yl]acetate",0.9,23,-264.037504915921,0.340425531914894,NA,"844260172082426315"
"844260210430947950","C12H14F3N7O2","[M + H]+",5,0.00720179096435873,55.6761525189617,2.32959097745266,53.346561541509,"20","PPGDMTJHHGPQCS","C1CCC2=NN(C(=O)N2CC1)CC(=O)NC3=NNC(=N3)C(F)(F)F","2-(3-oxo-6,7,8,9-tetrahydro-5H-[1,2,4]triazolo[4,3-a]azepin-2-yl)-N-[5-(trifluoromethyl)-1H-1,2,4-triazol-3-yl]acetamide",0.6,30,-302.915410403092,0.285714285714286,NA,"844260172082426315"
"844260210430947950","C12H14F3N7O2","[M + H]+",5,0.00720179096435873,55.6761525189617,2.32959097745266,53.346561541509,"20","UWEWKEWSZOLGGS","CC1CN(CCN1C2=NC3=C(C=NN3C(=N2)N)C(F)(F)F)C(=O)O","(3S)-4-[4-amino-8-(trifluoromethyl)pyrazolo[1,5-a][1,3,5]triazin-2-yl]-3-methylpiperazine-1-carboxylic acid",0.9,31,-303.085745784297,0.283950617283951,NA,"844260172082426315"
"844260210430947950","C12H14F3N7O2","[M + H]+",5,0.00720179096435873,55.6761525189617,2.32959097745266,53.346561541509,"20","YDOLGRJEXOMTBA","CC1=C(C2=NN=C(N2N=C1NCCC(=O)NC(=O)N)C(F)(F)F)C","N-carbamoyl-3-[[7,8-dimethyl-3-(trifluoromethyl)-[1,2,4]triazolo[4,3-b]pyridazin-6-yl]amino]propanamide",0.7,33,-308.250212960114,0.326666666666667,NA,"844260172082426315"
"844260210430947950","C12H14F3N7O2","[M + H]+",5,0.00720179096435873,55.6761525189617,2.32959097745266,53.346561541509,"20","YFAOZSCRWGGTHT","CN1C(=NN(C1=O)C2CCN(CC2)C(=O)C3=NC=NN3)C(F)(F)F","1-(1-(1H-1,2,4-triazole-5-carbonyl)piperidin-4-yl)-4-methyl-3-(trifluoromethyl)-1H-1,2,4-triazol-5(4H)-one",0.8,38,-369.690755498323,0.24390243902439,NA,"844260172082426315"
"844260210430947950","C12H14F3N7O2","[M + H]+",5,0.00720179096435873,55.6761525189617,2.32959097745266,53.346561541509,"20","JPUBTAPBJQSJLC","CN1C=CC(=N1)C2=C(C(=O)NC(C2)C(F)(F)F)N(C)N=NNC=O","N-[(Z)-[methyl-[4-(1-methylpyrazol-3-yl)-6-oxo-2-(trifluoromethyl)-2,3-dihydro-1H-pyridin-5-yl]amino]diazenyl]formamide",1.2,41,-389.799988937706,0.245283018867925,NA,"844260172082426315"
"844260210430947950","C12H14F3N7O2","[M + H]+",5,0.00720179096435873,55.6761525189617,2.32959097745266,53.346561541509,"20","ZOYGWZALIZNHIN","C1CN(CC1CC(=O)N)C2=NC(=NC3=NNN=C32)OCC(F)(F)F","2-[(3S)-1-[5-(2,2,2-trifluoroethoxy)-2H-triazolo[4,5-d]pyrimidin-7-yl]pyrrolidin-3-yl]acetamide",0.7,43,-390.249470519905,0.288888888888889,NA,"844260172082426315"
"844260210430947950","C12H14F3N7O2","[M + H]+",5,0.00720179096435873,55.6761525189617,2.32959097745266,53.346561541509,"20","NYHOWMBHIQJUCE","CC(=O)NC1CCN(C1)C2=NC(=NC3=NNN=C32)OCC(F)(F)F","N-[(3S)-1-[5-(2,2,2-trifluoroethoxy)-2H-triazolo[4,5-d]pyrimidin-7-yl]pyrrolidin-3-yl]acetamide",1,44,-395.621424944631,0.281767955801105,NA,"844260172082426315"
"844260210430947951","C12H22F2NO6P","[M + H]+",6,0.00145163273057216,54.0745117228523,1.65850614454499,52.4160055783073,"20","VHUVXFCYSUJQFR","C[N+](C)(C)CCOP(=O)(O)OCC(COC=CF)OC=CF","[(2R)-2,3-bis[(Z)-2-fluoroethenoxy]propyl] 2-(trimethylazaniumyl)ethyl phosphate",-0.2,6,-185.643232282143,0.282051282051282,NA,"844260172082426315"
"844260210430947951","C12H22F2NO6P","[M + H]+",6,0.00145163273057216,54.0745117228523,1.65850614454499,52.4160055783073,"20","WEIWQLJKRVSURI","CCOP(=O)(C(CC1COC(N1C(=O)O)(C)C)(F)F)OCC","(4S)-4-(2-diethoxyphosphoryl-2,2-difluoroethyl)-2,2-dimethyl-1,3-oxazolidine-3-carboxylic acid",1.3,14,-226.437656540548,0.2734375,NA,"844260172082426315"
"844260210430947951","C12H22F2NO6P","[M + H]+",6,0.00145163273057216,54.0745117228523,1.65850614454499,52.4160055783073,"20","RGEHLMMNBNGZOP","CC(=C)C(=O)OCC[N+](C)(C)CCOP(=O)(O)OCC(F)F","2,2-Difluoroethyl 2-[dimethyl-[2-(2-methylprop-2-enoyloxy)ethyl]azaniumyl]ethyl phosphate",0.7,26,-277.843376236011,0.263157894736842,NA,"844260172082426315"
"844260210430947952","C15H13F2N7O","[M + H]+",7,0.000616467352590219,53.2180728649838,3.46800791418867,49.7500649507951,"20","JTSTWKIGATWXTF","CC1=NC(=NC(=N1)N)C2=C(N=CC(=C2)F)NC3=CC(=C(N=C3)OC)F","4-(5-Fluoro-2-(5-fluoro-6-methoxypyridin-3-ylamino)pyridin-3-YL)-6-methyl-1,3,5-triazin-2-amine",1.9,1,-151.807633016831,0.546296296296296,0,"844260172082426315"
"844260210430947952","C15H13F2N7O","[M + H]+",7,0.000616467352590219,53.2180728649838,3.46800791418867,49.7500649507951,"20","YTRLNEAYBRWQPJ","CC(C1=NOC(=N1)CC2=NC=NN2)C3=NC4=CC=CC=C4N3C(F)F","3-[1-[1-(difluoromethyl)benzimidazol-2-yl]ethyl]-5-(1H-1,2,4-triazol-5-ylmethyl)-1,2,4-oxadiazole",2.9,2,-162.557040824656,0.504504504504504,Inf,"844260172082426315"
"844260210430947952","C15H13F2N7O","[M + H]+",7,0.000616467352590219,53.2180728649838,3.46800791418867,49.7500649507951,"20","MQVBBWVQXHPMPR","C1=CC(=C(C(=C1)F)CN(NC2=CNN=C2)NC(=O)C3=CN=CN=C3)F","N'-[(2,6-difluorophenyl)methyl]-N'-(1H-pyrazol-4-ylamino)pyrimidine-5-carbohydrazide",2.1,4,-180.949480182376,0.446428571428571,NA,"844260172082426315"
"844260210430947952","C15H13F2N7O","[M + H]+",7,0.000616467352590219,53.2180728649838,3.46800791418867,49.7500649507951,"20","VBSXQQWDJBMXPB","C1=CC(=C(C(=C1)F)CNC2=NC(=NC=C2C(=O)N)NC3=CNN=C3)F","4-[(2,6-difluorophenyl)methylamino]-2-(1H-pyrazol-4-ylamino)pyrimidine-5-carboxamide",1.8,5,-184.412008613724,0.436974789915966,NA,"844260172082426315"
"844260210430947952","C15H13F2N7O","[M + H]+",7,0.000616467352590219,53.2180728649838,3.46800791418867,49.7500649507951,"20","HJSFOUOOTROZTO","CC1=NC2=NC=NN2C(=C1CC3=NC(=C(C=C3)C#N)OCC(F)F)N","6-[(7-Amino-5-methyl-[1,2,4]triazolo[1,5-a]pyrimidin-6-yl)methyl]-2-(2,2-difluoroethoxy)pyridine-3-carbonitrile",1.9,7,-189.361991020245,0.516666666666667,NA,"844260172082426315"
"844260210430947952","C15H13F2N7O","[M + H]+",7,0.000616467352590219,53.2180728649838,3.46800791418867,49.7500649507951,"20","ICKITLLBYZLHFH","CC1=NC2=NON=C2C(=C1CC3=NC(=C(C=C3)NCC(F)F)C#N)N",NA,2.5,8,-191.377033701414,0.460869565217391,NA,"844260172082426315"
"844260210430947952","C15H13F2N7O","[M + H]+",7,0.000616467352590219,53.2180728649838,3.46800791418867,49.7500649507951,"20","WPYPMWYYODXLIP","CC1=CC(=NC(=N1)N)NC2=CN(N=C2C(=O)N)C3=C(C=CC=C3F)F","4-[(2-Amino-6-methylpyrimidin-4-yl)amino]-1-(2,6-difluorophenyl)pyrazole-3-carboxamide",2.1,10,-194.583702223032,0.487603305785124,NA,"844260172082426315"
"844260210430947952","C15H13F2N7O","[M + H]+",7,0.000616467352590219,53.2180728649838,3.46800791418867,49.7500649507951,"20","FMIKZRJTWLKBRN","CC1=C(N=C(C(=N1)C(=O)NCC2=C(C=CC=C2F)F)N)N3N=CC=N3","3-amino-N-[(2,6-difluorophenyl)methyl]-6-methyl-5-(triazol-2-yl)pyrazine-2-carboxamide",2,11,-198.933641598384,0.452991452991453,NA,"844260172082426315"
"844260210430947952","C15H13F2N7O","[M + H]+",7,0.000616467352590219,53.2180728649838,3.46800791418867,49.7500649507951,"20","UNOLYPSFWIKMAJ","C1=CC=C(C=C1)C=CC(C(=O)NC2=CN(N=C2)CC3=NNN=N3)(F)F","(E)-2,2-difluoro-4-phenyl-N-[1-(2H-tetrazol-5-ylmethyl)pyrazol-4-yl]but-3-enamide",1.6,12,-223.139717360939,0.344262295081967,NA,"844260172082426315"
"844260210430947952","C15H13F2N7O","[M + H]+",7,0.000616467352590219,53.2180728649838,3.46800791418867,49.7500649507951,"20","GXABJCVNISZUSB","CN1C=C(C=N1)NC2=NC=CC(=N2)C3=CN=C(C=C3)NC(=O)C(F)F","2,2-difluoro-N-[5-[2-[(1-methylpyrazol-4-yl)amino]pyrimidin-4-yl]pyridin-2-yl]acetamide",1.3,13,-226.395994105791,0.471074380165289,NA,"844260172082426315"
"844260210430947952","C15H13F2N7O","[M + H]+",7,0.000616467352590219,53.2180728649838,3.46800791418867,49.7500649507951,"20","IBILLMHRWJAVGZ","C1=CN(N=C1)C2=NC(=NC(=N2)NCCC(=O)N)C3=CC(=CC(=C3)F)F","3-[[4-(3,5-Difluorophenyl)-6-pyrazol-1-yl-1,3,5-triazin-2-yl]amino]propanamide",1.9,15,-241.509046978241,0.423076923076923,NA,"844260172082426315"
"844260210430947952","C15H13F2N7O","[M + H]+",7,0.000616467352590219,53.2180728649838,3.46800791418867,49.7500649507951,"20","GIXMTDDSXCDPBC","C1C(C1(F)F)N2C(=CC=N2)CNC(=O)C3=CN(N=N3)C4=CN=CC=C4","N-[[2-(2,2-difluorocyclopropyl)pyrazol-3-yl]methyl]-1-pyridin-3-yltriazole-4-carboxamide",0.5,16,-241.681371984748,0.4,NA,"844260172082426315"
"844260210430947952","C15H13F2N7O","[M + H]+",7,0.000616467352590219,53.2180728649838,3.46800791418867,49.7500649507951,"20","KLDFYAKMDGPMDJ","CN(C)C(=O)C1=CC(=C(N=C1)N)C2=NN=NN2C3=C(C(=CC=C3)F)F","6-amino-5-[1-(2,3-difluorophenyl)tetrazol-5-yl]-N,N-dimethylpyridine-3-carboxamide",1.1,17,-251.701291327614,0.421052631578947,NA,"844260172082426315"
"844260210430947952","C15H13F2N7O","[M + H]+",7,0.000616467352590219,53.2180728649838,3.46800791418867,49.7500649507951,"20","LYANVZWCRWWOGQ","C1C(CN1C(=O)C2=CC(=C(C=C2)F)F)N3C=C(N=N3)CN4N=CC=N4","(3,4-Difluorophenyl)-[3-[4-(triazol-2-ylmethyl)triazol-1-yl]azetidin-1-yl]methanone",0.7,18,-253.354858434433,0.296875,NA,"844260172082426315"
"844260210430947952","C15H13F2N7O","[M + H]+",7,0.000616467352590219,53.2180728649838,3.46800791418867,49.7500649507951,"20","LXNFGOMEISTOMK","C1CN(CC1(F)F)C2=NN3C(=NC=C3C(=O)NC4=NN=CC=C4)C=C2","6-(3,3-difluoropyrrolidin-1-yl)-N-pyridazin-3-ylimidazo[1,2-b]pyridazine-3-carboxamide",1,19,-254.348256129642,0.389312977099237,NA,"844260172082426315"
"844260210430947953","C9H15F4N7O3","[M + H]+",8,0.000161002854087632,51.8754895919194,0,51.8754895919194,"20",NA,NA,NA,NA,NA,NA,NA,NA,"844260172082426315"
"844260210430947954","C11H17N6O7","[M + H]+",9,6.71943717370074e-05,51.0016569899476,1.78097533644382,49.2206816535038,"20",NA,NA,NA,NA,NA,NA,NA,NA,"844260172082426315"
"844260210430947955","C10H19F3N5O3P","[M + H]+",10,4.5425947122227e-06,48.3075658711521,0,48.3075658711521,"20",NA,NA,NA,NA,NA,NA,NA,NA,"844260172082426315"
"844260244400616192","C14H16F3N4O3","[M + H]+",1,0.825707628173158,44.176885850946,1.70150240705055,42.4753834438955,"21",NA,NA,NA,NA,NA,NA,NA,NA,"844260172086620620"
"844260244400616193","C11H18F3N3O6","[M + H]+",2,0.0548631122641445,41.4654863160609,0.915728805697363,40.5497575103635,"21",NA,NA,NA,NA,NA,NA,NA,NA,"844260172086620620"
"844260244400616194","C14H17F2N3O5","[M + H]+",3,0.0432166146547322,41.2268701209337,2.6785022246556,38.5483678962781,"21",NA,NA,NA,NA,NA,NA,NA,NA,"844260172086620620"
"844260244400616195","C9H15N9O6","[M + H]+",4,0.0393026298438646,41.1319365349165,0,41.1319365349165,"21",NA,NA,NA,NA,NA,NA,NA,NA,"844260172086620620"
"844260244400616196","C17H16FN3O4","[M + H]+",5,0.0227855450686943,40.5867714478232,2.65502919367727,37.931742254146,"21","FVCPNISTSVVUPX","COC1=CC(=C(C=C1)O)C=NNC(=O)CNC(=O)C2=CC=C(C=C2)F","4-fluoro-N-[2-[(2Z)-2-[(2-hydroxy-5-methoxyphenyl)methylidene]hydrazinyl]-2-oxoethyl]benzamide",1.9,1,-290.551591369537,0.27710843373494,0,"844260172086620620"
"844260244400616196","C17H16FN3O4","[M + H]+",5,0.0227855450686943,40.5867714478232,2.65502919367727,37.931742254146,"21","ZBLZEVQPDZRXNP","COC1=CC=CC(=C1O)C=NNC(=O)CNC(=O)C2=CC=C(C=C2)F","4-fluoro-N-[2-[2-[(2-hydroxy-3-methoxyphenyl)methylidene]hydrazinyl]-2-oxoethyl]benzamide",1.9,2,-337.571852944498,0.257309941520468,2,"844260172086620620"
"844260244400616196","C17H16FN3O4","[M + H]+",5,0.0227855450686943,40.5867714478232,2.65502919367727,37.931742254146,"21","LHZAPCAVMNVKID","CCOC1=C(C=CC(=C1)C=NNC(=O)C(=O)NC2=CC=C(C=C2)F)O","N'-[(3-ethoxy-4-hydroxyphenyl)methylideneamino]-N-(4-fluorophenyl)oxamide",2.5,3,-351.060351958361,0.29375,Inf,"844260172086620620"
"844260244400616196","C17H16FN3O4","[M + H]+",5,0.0227855450686943,40.5867714478232,2.65502919367727,37.931742254146,"21","HAZCGTFRKOCWQZ","CC(=O)NC(CC1=CC=C(C=C1)F)C(=O)NC2=CC=C(C=C2)[N+](=O)[O-]","2-Acetamido-3-(4-fluorophenyl)-N-(4-nitrophenyl)propanamide (3c)",2.7804983,4,-369.43337802749,0.190217391304348,NA,"844260172086620620"
"844260244400616196","C17H16FN3O4","[M + H]+",5,0.0227855450686943,40.5867714478232,2.65502919367727,37.931742254146,"21","VDCWENWOWUDREX","CC1=CC(=NO1)C(=O)N2CCC3COC(=O)N3C4=C(C2)C=CC(=C4)F","14-fluoro-9-(5-methyl-1,2-oxazole-3-carbonyl)-4-oxa-2,9-diazatricyclo[9.4.0.0²,⁶]pentadeca-1(15),11,13-trien-3-one",1.9,5,-376.53220502904,0.307692307692308,NA,"844260172086620620"
"844260244400616196","C17H16FN3O4","[M + H]+",5,0.0227855450686943,40.5867714478232,2.65502919367727,37.931742254146,"21","JKZPDGNJAAVKEG","CC(=O)NC(CC1=CC(=CC=C1)F)C(=O)NC2=CC=C(C=C2)[N+](=O)[O-]","2-Acetamido-3-(3-fluorophenyl)-N-(4-nitrophenyl)propanamide (2c)",2.4,6,-383.974516443313,0.196629213483146,NA,"844260172086620620"
"844260244400616196","C17H16FN3O4","[M + H]+",5,0.0227855450686943,40.5867714478232,2.65502919367727,37.931742254146,"21","RYUXKVAKPFRBTB","CC(=O)NC(CC1=CC=CC=C1F)C(=O)NC2=CC=C(C=C2)[N+](=O)[O-]","2-Acetamido-3-(2-fluorophenyl)-N-(4-nitrophenyl)propanamide (1c)",2.4,7,-386.725213707407,0.192090395480226,NA,"844260172086620620"
"844260244400616196","C17H16FN3O4","[M + H]+",5,0.0227855450686943,40.5867714478232,2.65502919367727,37.931742254146,"21","NWVXUXFCAZFSQH","C1CN(CCN1)C2=C(C=C3C(=C2)N(C=C(C3=O)C(=O)O)C4CC4=O)F","Oxo-ciprofloxacin",0.33245212,8,-400.705484609536,0.327683615819209,NA,"844260172086620620"
"844260244400616196","C17H16FN3O4","[M + H]+",5,0.0227855450686943,40.5867714478232,2.65502919367727,37.931742254146,"21","MYYZZOHRULFPOQ","C1CC1N2C=C(C(=O)C3=CC(=C(C=C32)N4CCNC(=O)C4)F)C(=O)O","Oxociprofloxacin",0.96316284,9,-437.326898670533,0.306878306878307,NA,"844260172086620620"
"844260244400616196","C17H16FN3O4","[M + H]+",5,0.0227855450686943,40.5867714478232,2.65502919367727,37.931742254146,"21","VCWNLVLFIZZTLZ","C1C2C(CN1C(=O)C3=CC=NO3)OCC(=O)N2CC4=CC=C(C=C4)F","4-[(4-fluorophenyl)methyl]-6-(1,2-oxazole-5-carbonyl)-octahydropyrrolo[3,4-b][1,4]oxazin-3-one",0.8,10,-441.847193636382,0.245901639344262,NA,"844260172086620620"
"844260244400616197","C12H14F3N7O2","[M + H]+",6,0.0107520852659421,39.835744815123,1.91936754812788,37.9163772669951,"21",NA,NA,NA,NA,NA,NA,NA,NA,"844260172086620620"
"844260244400616198","C12H22F2NO6P","[M + H]+",7,0.00182442325243675,38.0619090121591,0.98266401747025,37.0792449946889,"21",NA,NA,NA,NA,NA,NA,NA,NA,"844260172086620620"
"844260244400616199","C15H13F2N7O","[M + H]+",8,0.000697347593229629,37.1001738076411,3.50812530818669,33.5920484994544,"21",NA,NA,NA,NA,NA,NA,NA,NA,"844260172086620620"
"844260244400616200","C9H15F4N7O3","[M + H]+",9,0.000575601176105706,36.9083048404316,0,36.9083048404316,"21",NA,NA,NA,NA,NA,NA,NA,NA,"844260172086620620"
"844260244400616201","C11H17N6O7","[M + H]+",10,8.23764481348066e-05,34.9641893946047,1.25152729412048,33.7126621004842,"21",NA,NA,NA,NA,NA,NA,NA,NA,"844260172086620620"
"844260229288538840","C14H16F3N4O3","[M + H]+",1,0.745214235745747,54.8968131456565,1.80714539415659,53.0896677514999,"22",NA,NA,NA,NA,NA,NA,NA,NA,"844260172090814925"
"844260229288538841","C14H17F2N3O5","[M + H]+",2,0.148791828018134,53.2856896055142,1.93599809560384,51.3496915099104,"22",NA,NA,NA,NA,NA,NA,NA,NA,"844260172090814925"
"844260229288538842","C17H16FN3O4","[M + H]+",3,0.0498895861733101,52.1929536909126,2.02683808602903,50.1661156048835,"22","FVCPNISTSVVUPX","COC1=CC(=C(C=C1)O)C=NNC(=O)CNC(=O)C2=CC=C(C=C2)F","4-fluoro-N-[2-[(2Z)-2-[(2-hydroxy-5-methoxyphenyl)methylidene]hydrazinyl]-2-oxoethyl]benzamide",1.9,1,-290.224139082358,0.291666666666667,0,"844260172090814925"
"844260229288538842","C17H16FN3O4","[M + H]+",3,0.0498895861733101,52.1929536909126,2.02683808602903,50.1661156048835,"22","ZBLZEVQPDZRXNP","COC1=CC=CC(=C1O)C=NNC(=O)CNC(=O)C2=CC=C(C=C2)F","4-fluoro-N-[2-[2-[(2-hydroxy-3-methoxyphenyl)methylidene]hydrazinyl]-2-oxoethyl]benzamide",1.9,2,-338.655333076404,0.271676300578035,2,"844260172090814925"
"844260229288538842","C17H16FN3O4","[M + H]+",3,0.0498895861733101,52.1929536909126,2.02683808602903,50.1661156048835,"22","LHZAPCAVMNVKID","CCOC1=C(C=CC(=C1)C=NNC(=O)C(=O)NC2=CC=C(C=C2)F)O","N'-[(3-ethoxy-4-hydroxyphenyl)methylideneamino]-N-(4-fluorophenyl)oxamide",2.5,3,-349.587607263211,0.316770186335404,Inf,"844260172090814925"
"844260229288538842","C17H16FN3O4","[M + H]+",3,0.0498895861733101,52.1929536909126,2.02683808602903,50.1661156048835,"22","HAZCGTFRKOCWQZ","CC(=O)NC(CC1=CC=C(C=C1)F)C(=O)NC2=CC=C(C=C2)[N+](=O)[O-]","2-Acetamido-3-(4-fluorophenyl)-N-(4-nitrophenyl)propanamide (3c)",2.7804983,4,-374.56157774587,0.191489361702128,NA,"844260172090814925"
"844260229288538842","C17H16FN3O4","[M + H]+",3,0.0498895861733101,52.1929536909126,2.02683808602903,50.1661156048835,"22","JKZPDGNJAAVKEG","CC(=O)NC(CC1=CC(=CC=C1)F)C(=O)NC2=CC=C(C=C2)[N+](=O)[O-]","2-Acetamido-3-(3-fluorophenyl)-N-(4-nitrophenyl)propanamide (2c)",2.4,5,-375.923836975889,0.197802197802198,NA,"844260172090814925"
"844260229288538842","C17H16FN3O4","[M + H]+",3,0.0498895861733101,52.1929536909126,2.02683808602903,50.1661156048835,"22","RYUXKVAKPFRBTB","CC(=O)NC(CC1=CC=CC=C1F)C(=O)NC2=CC=C(C=C2)[N+](=O)[O-]","2-Acetamido-3-(2-fluorophenyl)-N-(4-nitrophenyl)propanamide (1c)",2.4,6,-390.3338525813,0.193370165745856,NA,"844260172090814925"
"844260229288538842","C17H16FN3O4","[M + H]+",3,0.0498895861733101,52.1929536909126,2.02683808602903,50.1661156048835,"22","NWVXUXFCAZFSQH","C1CN(CCN1)C2=C(C=C3C(=C2)N(C=C(C3=O)C(=O)O)C4CC4=O)F","Oxo-ciprofloxacin",0.33245212,7,-393.105535901552,0.340782122905028,NA,"844260172090814925"
"844260229288538842","C17H16FN3O4","[M + H]+",3,0.0498895861733101,52.1929536909126,2.02683808602903,50.1661156048835,"22","VDCWENWOWUDREX","CC1=CC(=NO1)C(=O)N2CCC3COC(=O)N3C4=C(C2)C=CC(=C4)F","14-fluoro-9-(5-methyl-1,2-oxazole-3-carbonyl)-4-oxa-2,9-diazatricyclo[9.4.0.0²,⁶]pentadeca-1(15),11,13-trien-3-one",1.9,8,-403.824443495378,0.321637426900585,NA,"844260172090814925"
"844260229288538842","C17H16FN3O4","[M + H]+",3,0.0498895861733101,52.1929536909126,2.02683808602903,50.1661156048835,"22","VCWNLVLFIZZTLZ","C1C2C(CN1C(=O)C3=CC=NO3)OCC(=O)N2CC4=CC=C(C=C4)F","4-[(4-fluorophenyl)methyl]-6-(1,2-oxazole-5-carbonyl)-octahydropyrrolo[3,4-b][1,4]oxazin-3-one",0.8,9,-443.885496846973,0.273224043715847,NA,"844260172090814925"
"844260229288538842","C17H16FN3O4","[M + H]+",3,0.0498895861733101,52.1929536909126,2.02683808602903,50.1661156048835,"22","MYYZZOHRULFPOQ","C1CC1N2C=C(C(=O)C3=CC(=C(C=C32)N4CCNC(=O)C4)F)C(=O)O","Oxociprofloxacin",0.96316284,10,-451.79318266687,0.319371727748691,NA,"844260172090814925"
"844260229288538843","C9H15N9O6","[M + H]+",4,0.0165976454193583,51.092402246951,0,51.092402246951,"22",NA,NA,NA,NA,NA,NA,NA,NA,"844260172090814925"
"844260229288538844","C15H13F2N7O","[M + H]+",5,0.0157578243797791,51.0404784317884,3.11017430149773,47.9303041302907,"22",NA,NA,NA,NA,NA,NA,NA,NA,"844260172090814925"
"844260229288538845","C11H18F3N3O6","[M + H]+",6,0.0126543549286139,50.8211428229164,0.117037322507551,50.7041055004089,"22",NA,NA,NA,NA,NA,NA,NA,NA,"844260172090814925"
"844260229288538846","C12H22F2NO6P","[M + H]+",7,0.00590891692607261,50.0596039572401,0.971704335291342,49.0878996219488,"22",NA,NA,NA,NA,NA,NA,NA,NA,"844260172090814925"
"844260229288538847","C12H14F3N7O2","[M + H]+",8,0.00508294682268868,49.9090325804699,1.79695497902797,48.112077601442,"22",NA,NA,NA,NA,NA,NA,NA,NA,"844260172090814925"
"844260229288538848","C9H15F4N7O3","[M + H]+",9,5.38579032906381e-05,45.361735282622,0,45.361735282622,"22",NA,NA,NA,NA,NA,NA,NA,NA,"844260172090814925"
"844260229288538849","C11H17N6O7","[M + H]+",10,2.90964317956078e-05,44.7460016728257,0.988827793196555,43.7571738796292,"22",NA,NA,NA,NA,NA,NA,NA,NA,"844260172090814925"
"844260239094821612","C14H16F3N4O3","[M + H]+",1,0.848721801312272,47.6015705452726,1.62432519830128,45.9772453469713,"23",NA,NA,NA,NA,NA,NA,NA,NA,"844260172090814926"
"844260239094821613","C9H15N9O6","[M + H]+",2,0.0634569879763543,45.0082014124241,0,45.0082014124241,"23",NA,NA,NA,NA,NA,NA,NA,NA,"844260172090814926"
"844260239094821614","C14H17F2N3O5","[M + H]+",3,0.0436987407026994,44.6351583755513,2.19183308432565,42.4433252912257,"23",NA,NA,NA,NA,NA,NA,NA,NA,"844260172090814926"
"844260239094821615","C11H18F3N3O6","[M + H]+",4,0.0308959000592069,44.2884625816692,0.265820432557834,44.0226421491114,"23",NA,NA,NA,NA,NA,NA,NA,NA,"844260172090814926"
"844260239094821616","C12H14F3N7O2","[M + H]+",5,0.00986518399610377,43.1468508814419,1.70599430441254,41.4408565770293,"23",NA,NA,NA,NA,NA,NA,NA,NA,"844260172090814926"
"844260239094821617","C17H16FN3O4","[M + H]+",6,0.00129853461427691,41.1190754996273,2.40599618179472,38.7130793178326,"23","FVCPNISTSVVUPX","COC1=CC(=C(C=C1)O)C=NNC(=O)CNC(=O)C2=CC=C(C=C2)F","4-fluoro-N-[2-[(2Z)-2-[(2-hydroxy-5-methoxyphenyl)methylidene]hydrazinyl]-2-oxoethyl]benzamide",1.9,1,-303.761800157548,0.261363636363636,0,"844260172090814926"
"844260239094821617","C17H16FN3O4","[M + H]+",6,0.00129853461427691,41.1190754996273,2.40599618179472,38.7130793178326,"23","ZBLZEVQPDZRXNP","COC1=CC=CC(=C1O)C=NNC(=O)CNC(=O)C2=CC=C(C=C2)F","4-fluoro-N-[2-[2-[(2-hydroxy-3-methoxyphenyl)methylidene]hydrazinyl]-2-oxoethyl]benzamide",1.9,2,-355.122758056237,0.243093922651934,2,"844260172090814926"
"844260239094821617","C17H16FN3O4","[M + H]+",6,0.00129853461427691,41.1190754996273,2.40599618179472,38.7130793178326,"23","HAZCGTFRKOCWQZ","CC(=O)NC(CC1=CC=C(C=C1)F)C(=O)NC2=CC=C(C=C2)[N+](=O)[O-]","2-Acetamido-3-(4-fluorophenyl)-N-(4-nitrophenyl)propanamide (3c)",2.7804983,3,-368.868918003867,0.192708333333333,Inf,"844260172090814926"
"844260239094821617","C17H16FN3O4","[M + H]+",6,0.00129853461427691,41.1190754996273,2.40599618179472,38.7130793178326,"23","LHZAPCAVMNVKID","CCOC1=C(C=CC(=C1)C=NNC(=O)C(=O)NC2=CC=C(C=C2)F)O","N'-[(3-ethoxy-4-hydroxyphenyl)methylideneamino]-N-(4-fluorophenyl)oxamide",2.5,4,-370.219943093689,0.284023668639053,NA,"844260172090814926"
"844260239094821617","C17H16FN3O4","[M + H]+",6,0.00129853461427691,41.1190754996273,2.40599618179472,38.7130793178326,"23","RYUXKVAKPFRBTB","CC(=O)NC(CC1=CC=CC=C1F)C(=O)NC2=CC=C(C=C2)[N+](=O)[O-]","2-Acetamido-3-(2-fluorophenyl)-N-(4-nitrophenyl)propanamide (1c)",2.4,5,-385.612209319507,0.194594594594595,NA,"844260172090814926"
"844260239094821617","C17H16FN3O4","[M + H]+",6,0.00129853461427691,41.1190754996273,2.40599618179472,38.7130793178326,"23","JKZPDGNJAAVKEG","CC(=O)NC(CC1=CC(=CC=C1)F)C(=O)NC2=CC=C(C=C2)[N+](=O)[O-]","2-Acetamido-3-(3-fluorophenyl)-N-(4-nitrophenyl)propanamide (2c)",2.4,6,-393.329854426783,0.198924731182796,NA,"844260172090814926"
"844260239094821617","C17H16FN3O4","[M + H]+",6,0.00129853461427691,41.1190754996273,2.40599618179472,38.7130793178326,"23","VDCWENWOWUDREX","CC1=CC(=NO1)C(=O)N2CCC3COC(=O)N3C4=C(C2)C=CC(=C4)F","14-fluoro-9-(5-methyl-1,2-oxazole-3-carbonyl)-4-oxa-2,9-diazatricyclo[9.4.0.0²,⁶]pentadeca-1(15),11,13-trien-3-one",1.9,7,-396.270446282863,0.297752808988764,NA,"844260172090814926"
"844260239094821617","C17H16FN3O4","[M + H]+",6,0.00129853461427691,41.1190754996273,2.40599618179472,38.7130793178326,"23","NWVXUXFCAZFSQH","C1CN(CCN1)C2=C(C=C3C(=C2)N(C=C(C3=O)C(=O)O)C4CC4=O)F","Oxo-ciprofloxacin",0.33245212,8,-424.598878737051,0.317204301075269,NA,"844260172090814926"
"844260239094821617","C17H16FN3O4","[M + H]+",6,0.00129853461427691,41.1190754996273,2.40599618179472,38.7130793178326,"23","VCWNLVLFIZZTLZ","C1C2C(CN1C(=O)C3=CC=NO3)OCC(=O)N2CC4=CC=C(C=C4)F","4-[(4-fluorophenyl)methyl]-6-(1,2-oxazole-5-carbonyl)-octahydropyrrolo[3,4-b][1,4]oxazin-3-one",0.8,9,-455.321094087067,0.252631578947368,NA,"844260172090814926"
"844260239094821617","C17H16FN3O4","[M + H]+",6,0.00129853461427691,41.1190754996273,2.40599618179472,38.7130793178326,"23","MYYZZOHRULFPOQ","C1CC1N2C=C(C(=O)C3=CC(=C(C=C32)N4CCNC(=O)C4)F)C(=O)O","Oxociprofloxacin",0.96316284,10,-460.787017882889,0.297979797979798,NA,"844260172090814926"
"844260239094821618","C15H13F2N7O","[M + H]+",7,0.001289424637024,41.1120351918041,3.40992071723927,37.7021144745648,"23",NA,NA,NA,NA,NA,NA,NA,NA,"844260172090814926"
"844260239094821619","C12H22F2NO6P","[M + H]+",8,0.00044483157862551,40.0477795472824,0.612868271735554,39.4349112755468,"23",NA,NA,NA,NA,NA,NA,NA,NA,"844260172090814926"
"844260239094821620","C9H15F4N7O3","[M + H]+",9,0.000263073329746829,39.5225166253995,0,39.5225166253995,"23",NA,NA,NA,NA,NA,NA,NA,NA,"844260172090814926"
"844260239094821621","C11H17N6O7","[M + H]+",10,4.53689105726765e-05,37.7649108930788,0.936737354455157,36.8281735386236,"23",NA,NA,NA,NA,NA,NA,NA,NA,"844260172090814926"
"844260221453578938","C11H18F3N3O6","[M + H]+",1,0.312251060482904,57.407081015016,1.7841063677482,55.6229746472679,"24",NA,NA,NA,NA,NA,NA,NA,NA,"844260172095009231"
"844260221453578939","C14H17F2N3O5","[M + H]+",2,0.241167815008359,57.1487664887563,2.77586526533246,54.3729012234238,"24",NA,NA,NA,NA,NA,NA,NA,NA,"844260172095009231"
"844260221453578940","C9H15N9O6","[M + H]+",3,0.175871130878036,56.8330249856744,0.886212041059134,55.9468129446153,"24",NA,NA,NA,NA,NA,NA,NA,NA,"844260172095009231"
"844260221453578941","C12H14F3N7O2","[M + H]+",4,0.084536875082489,56.1004613004346,2.95847608379691,53.1419852166377,"24",NA,NA,NA,NA,NA,NA,NA,NA,"844260172095009231"
"844260221453578942","C14H16F3N4O3","[M + H]+",5,0.0777778973698276,56.0171307650719,2.66061229800965,53.3565184670622,"24",NA,NA,NA,NA,NA,NA,NA,NA,"844260172095009231"
"844260221453578943","C17H16FN3O4","[M + H]+",6,0.0521389539942048,55.6171858165736,1.94028763925998,53.6768981773136,"24","FVCPNISTSVVUPX","COC1=CC(=C(C=C1)O)C=NNC(=O)CNC(=O)C2=CC=C(C=C2)F","4-fluoro-N-[2-[(2Z)-2-[(2-hydroxy-5-methoxyphenyl)methylidene]hydrazinyl]-2-oxoethyl]benzamide",1.9,1,-318.515375336249,0.284848484848485,0,"844260172095009231"
"844260221453578943","C17H16FN3O4","[M + H]+",6,0.0521389539942048,55.6171858165736,1.94028763925998,53.6768981773136,"24","ZBLZEVQPDZRXNP","COC1=CC=CC(=C1O)C=NNC(=O)CNC(=O)C2=CC=C(C=C2)F","4-fluoro-N-[2-[2-[(2-hydroxy-3-methoxyphenyl)methylidene]hydrazinyl]-2-oxoethyl]benzamide",1.9,2,-363.881747414154,0.272189349112426,2,"844260172095009231"
"844260221453578943","C17H16FN3O4","[M + H]+",6,0.0521389539942048,55.6171858165736,1.94028763925998,53.6768981773136,"24","LHZAPCAVMNVKID","CCOC1=C(C=CC(=C1)C=NNC(=O)C(=O)NC2=CC=C(C=C2)F)O","N'-[(3-ethoxy-4-hydroxyphenyl)methylideneamino]-N-(4-fluorophenyl)oxamide",2.5,3,-382.216123890811,0.310126582278481,Inf,"844260172095009231"
"844260221453578943","C17H16FN3O4","[M + H]+",6,0.0521389539942048,55.6171858165736,1.94028763925998,53.6768981773136,"24","VDCWENWOWUDREX","CC1=CC(=NO1)C(=O)N2CCC3COC(=O)N3C4=C(C2)C=CC(=C4)F","14-fluoro-9-(5-methyl-1,2-oxazole-3-carbonyl)-4-oxa-2,9-diazatricyclo[9.4.0.0²,⁶]pentadeca-1(15),11,13-trien-3-one",1.9,4,-402.454264468639,0.331325301204819,NA,"844260172095009231"
"844260221453578943","C17H16FN3O4","[M + H]+",6,0.0521389539942048,55.6171858165736,1.94028763925998,53.6768981773136,"24","HAZCGTFRKOCWQZ","CC(=O)NC(CC1=CC=C(C=C1)F)C(=O)NC2=CC=C(C=C2)[N+](=O)[O-]","2-Acetamido-3-(4-fluorophenyl)-N-(4-nitrophenyl)propanamide (3c)",2.7804983,5,-402.508223530474,0.19672131147541,NA,"844260172095009231"
"844260221453578943","C17H16FN3O4","[M + H]+",6,0.0521389539942048,55.6171858165736,1.94028763925998,53.6768981773136,"24","JKZPDGNJAAVKEG","CC(=O)NC(CC1=CC(=CC=C1)F)C(=O)NC2=CC=C(C=C2)[N+](=O)[O-]","2-Acetamido-3-(3-fluorophenyl)-N-(4-nitrophenyl)propanamide (2c)",2.4,6,-413.043485002263,0.203389830508475,NA,"844260172095009231"
"844260221453578943","C17H16FN3O4","[M + H]+",6,0.0521389539942048,55.6171858165736,1.94028763925998,53.6768981773136,"24","RYUXKVAKPFRBTB","CC(=O)NC(CC1=CC=CC=C1F)C(=O)NC2=CC=C(C=C2)[N+](=O)[O-]","2-Acetamido-3-(2-fluorophenyl)-N-(4-nitrophenyl)propanamide (1c)",2.4,7,-424.225877054565,0.198863636363636,NA,"844260172095009231"
"844260221453578943","C17H16FN3O4","[M + H]+",6,0.0521389539942048,55.6171858165736,1.94028763925998,53.6768981773136,"24","NWVXUXFCAZFSQH","C1CN(CCN1)C2=C(C=C3C(=C2)N(C=C(C3=O)C(=O)O)C4CC4=O)F","Oxo-ciprofloxacin",0.33245212,8,-431.511461590234,0.342857142857143,NA,"844260172095009231"
"844260221453578943","C17H16FN3O4","[M + H]+",6,0.0521389539942048,55.6171858165736,1.94028763925998,53.6768981773136,"24","MYYZZOHRULFPOQ","C1CC1N2C=C(C(=O)C3=CC(=C(C=C32)N4CCNC(=O)C4)F)C(=O)O","Oxociprofloxacin",0.96316284,9,-470.176837610082,0.320855614973262,NA,"844260172095009231"
"844260221453578943","C17H16FN3O4","[M + H]+",6,0.0521389539942048,55.6171858165736,1.94028763925998,53.6768981773136,"24","VCWNLVLFIZZTLZ","C1C2C(CN1C(=O)C3=CC=NO3)OCC(=O)N2CC4=CC=C(C=C4)F","4-[(4-fluorophenyl)methyl]-6-(1,2-oxazole-5-carbonyl)-octahydropyrrolo[3,4-b][1,4]oxazin-3-one",0.8,10,-476.781939563319,0.280898876404494,NA,"844260172095009231"
"844260221453578944","C15H13F2N7O","[M + H]+",7,0.0492371705300697,55.5599223065853,3.24408444534899,52.3158378612364,"24",NA,NA,NA,NA,NA,NA,NA,NA,"844260172095009231"
"844260221453578945","C12H22F2NO6P","[M + H]+",8,0.00634893670360366,53.511560820386,2.40426486023049,51.1072959601555,"24",NA,NA,NA,NA,NA,NA,NA,NA,"844260172095009231"
"844260221453578946","C11H17N6O7","[M + H]+",9,0.000543996211839805,51.0544604740736,2.47532141252784,48.5791390615458,"24",NA,NA,NA,NA,NA,NA,NA,NA,"844260172095009231"
"844260221453578947","C14H17F6NO2","[M + H]+",10,5.43176706184312e-05,48.7503677905259,2.95917166517363,45.7911961253523,"24",NA,NA,NA,NA,NA,NA,NA,NA,"844260172095009231"
"844260215854183068","C14H16F3N4O3","[M + H]+",1,0.982910496294319,62.4377674627972,1.9628777633873,60.4748896994099,"25",NA,NA,NA,NA,NA,NA,NA,NA,"844260172099203536"
"844260215854183069","C12H14F3N7O2","[M + H]+",2,0.0042938928405883,57.004443141908,2.01516355949437,54.9892795824136,"25","HWXZKOZWBLQEKW","CC1=C(N(N=C1C(F)(F)F)C)NC(=O)N2CCN3C(=NNC3=O)C2","N-[2,4-dimethyl-5-(trifluoromethyl)pyrazol-3-yl]-3-oxo-2,5,6,8-tetrahydro-[1,2,4]triazolo[4,3-a]pyrazine-7-carboxamide",0,20,-252.521274185025,0.312056737588652,NA,"844260172099203536"
"844260215854183069","C12H14F3N7O2","[M + H]+",2,0.0042938928405883,57.004443141908,2.01516355949437,54.9892795824136,"25","IFYXVNRZCDYQKN","C1C=CN=C(C1O)N2C(=CC(=N2)CN(N)N=C(C(F)(F)F)N)C=O","N'-[amino-[[5-formyl-1-(3-hydroxy-3,4-dihydropyridin-2-yl)pyrazol-3-yl]methyl]amino]-2,2,2-trifluoroethanimidamide",0.2,23,-259.509798275898,0.33587786259542,NA,"844260172099203536"
"844260215854183069","C12H14F3N7O2","[M + H]+",2,0.0042938928405883,57.004443141908,2.01516355949437,54.9892795824136,"25","RTTFJVBSZDECDO","CN(C)C1=NC(=NC(=N1)N)COC(=O)CN2C=CC(=N2)C(F)(F)F","[4-Amino-6-(dimethylamino)-1,3,5-triazin-2-yl]methyl 2-[3-(trifluoromethyl)pyrazol-1-yl]acetate",0.9,25,-266.324850581242,0.35,NA,"844260172099203536"
"844260215854183069","C12H14F3N7O2","[M + H]+",2,0.0042938928405883,57.004443141908,2.01516355949437,54.9892795824136,"25","PPGDMTJHHGPQCS","C1CCC2=NN(C(=O)N2CC1)CC(=O)NC3=NNC(=N3)C(F)(F)F","2-(3-oxo-6,7,8,9-tetrahydro-5H-[1,2,4]triazolo[4,3-a]azepin-2-yl)-N-[5-(trifluoromethyl)-1H-1,2,4-triazol-3-yl]acetamide",0.6,28,-298.140485911303,0.303448275862069,NA,"844260172099203536"
"844260215854183069","C12H14F3N7O2","[M + H]+",2,0.0042938928405883,57.004443141908,2.01516355949437,54.9892795824136,"25","UWEWKEWSZOLGGS","CC1CN(CCN1C2=NC3=C(C=NN3C(=N2)N)C(F)(F)F)C(=O)O","(3S)-4-[4-amino-8-(trifluoromethyl)pyrazolo[1,5-a][1,3,5]triazin-2-yl]-3-methylpiperazine-1-carboxylic acid",0.9,30,-302.481108925807,0.291925465838509,NA,"844260172099203536"
"844260215854183069","C12H14F3N7O2","[M + H]+",2,0.0042938928405883,57.004443141908,2.01516355949437,54.9892795824136,"25","YDOLGRJEXOMTBA","CC1=C(C2=NN=C(N2N=C1NCCC(=O)NC(=O)N)C(F)(F)F)C","N-carbamoyl-3-[[7,8-dimethyl-3-(trifluoromethyl)-[1,2,4]triazolo[4,3-b]pyridazin-6-yl]amino]propanamide",0.7,32,-308.317230306175,0.344594594594595,NA,"844260172099203536"
"844260215854183069","C12H14F3N7O2","[M + H]+",2,0.0042938928405883,57.004443141908,2.01516355949437,54.9892795824136,"25","YFAOZSCRWGGTHT","CN1C(=NN(C1=O)C2CCN(CC2)C(=O)C3=NC=NN3)C(F)(F)F","1-(1-(1H-1,2,4-triazole-5-carbonyl)piperidin-4-yl)-4-methyl-3-(trifluoromethyl)-1H-1,2,4-triazol-5(4H)-one",0.8,35,-361.585500175258,0.251533742331288,NA,"844260172099203536"
"844260215854183069","C12H14F3N7O2","[M + H]+",2,0.0042938928405883,57.004443141908,2.01516355949437,54.9892795824136,"25","JPUBTAPBJQSJLC","CN1C=CC(=N1)C2=C(C(=O)NC(C2)C(F)(F)F)N(C)N=NNC=O","N-[(Z)-[methyl-[4-(1-methylpyrazol-3-yl)-6-oxo-2-(trifluoromethyl)-2,3-dihydro-1H-pyridin-5-yl]amino]diazenyl]formamide",1.2,41,-379.568606672956,0.245283018867925,NA,"844260172099203536"
"844260215854183069","C12H14F3N7O2","[M + H]+",2,0.0042938928405883,57.004443141908,2.01516355949437,54.9892795824136,"25","ZOYGWZALIZNHIN","C1CN(CC1CC(=O)N)C2=NC(=NC3=NNN=C32)OCC(F)(F)F","2-[(3S)-1-[5-(2,2,2-trifluoroethoxy)-2H-triazolo[4,5-d]pyrimidin-7-yl]pyrrolidin-3-yl]acetamide",0.7,42,-387.048540502361,0.303370786516854,NA,"844260172099203536"
"844260215854183069","C12H14F3N7O2","[M + H]+",2,0.0042938928405883,57.004443141908,2.01516355949437,54.9892795824136,"25","NYHOWMBHIQJUCE","CC(=O)NC1CCN(C1)C2=NC(=NC3=NNN=C32)OCC(F)(F)F","N-[(3S)-1-[5-(2,2,2-trifluoroethoxy)-2H-triazolo[4,5-d]pyrimidin-7-yl]pyrrolidin-3-yl]acetamide",1,44,-394.340099542334,0.288888888888889,NA,"844260172099203536"
"844260215854183070","C9H15N9O6","[M + H]+",3,0.00419324028596659,56.9807231713799,0,56.9807231713799,"25","AOMBUTLTOUELDR","CN1C2C3N(C(N2C)C4N(C1C(N4[N+](=O)[O-])N3[N+](=O)[O-])C)[N+](=O)[O-]","2,4,6-Trimethyl-8,10,12-trinitro-2,4,6,8,10,12-hexazatetracyclo[5.5.0.03,11.05,9]dodecane",1.7,3,-166.870732529289,0.146551724137931,NA,"844260172099203536"
"844260215854183070","C9H15N9O6","[M + H]+",3,0.00419324028596659,56.9807231713799,0,56.9807231713799,"25","BAXFLFSLUMDRCR","C(C(=O)NN)N1C(=O)N(C(=O)N(C1=O)CC(=O)NN)CC(=O)NN","2-[3,5-Bis(2-hydrazinyl-2-oxoethyl)-2,4,6-trioxo-1,3,5-triazinan-1-yl]acetohydrazide",-4.8,9,-191.061676240141,0.19672131147541,NA,"844260172099203536"
"844260215854183071","C11H18F3N3O6","[M + H]+",4,0.00356046193673777,56.8171396923348,0.343495880411743,56.4736438119231,"25",NA,NA,NA,NA,NA,NA,NA,NA,"844260172099203536"
"844260215854183072","C15H13F2N7O","[M + H]+",5,0.00234984944714758,56.4016006594383,3.22081872073955,53.1807819386987,"25","YTRLNEAYBRWQPJ","CC(C1=NOC(=N1)CC2=NC=NN2)C3=NC4=CC=CC=C4N3C(F)F","3-[1-[1-(difluoromethyl)benzimidazol-2-yl]ethyl]-5-(1H-1,2,4-triazol-5-ylmethyl)-1,2,4-oxadiazole",2.9,1,-151.662933801043,0.5,0,"844260172099203536"
"844260215854183072","C15H13F2N7O","[M + H]+",5,0.00234984944714758,56.4016006594383,3.22081872073955,53.1807819386987,"25","JTSTWKIGATWXTF","CC1=NC(=NC(=N1)N)C2=C(N=CC(=C2)F)NC3=CC(=C(N=C3)OC)F","4-(5-Fluoro-2-(5-fluoro-6-methoxypyridin-3-ylamino)pyridin-3-YL)-6-methyl-1,3,5-triazin-2-amine",1.9,2,-152.258912787917,0.542056074766355,Inf,"844260172099203536"
"844260215854183072","C15H13F2N7O","[M + H]+",5,0.00234984944714758,56.4016006594383,3.22081872073955,53.1807819386987,"25","MQVBBWVQXHPMPR","C1=CC(=C(C(=C1)F)CN(NC2=CNN=C2)NC(=O)C3=CN=CN=C3)F","N'-[(2,6-difluorophenyl)methyl]-N'-(1H-pyrazol-4-ylamino)pyrimidine-5-carbohydrazide",2.1,4,-175.203924605107,0.454545454545455,NA,"844260172099203536"
"844260215854183072","C15H13F2N7O","[M + H]+",5,0.00234984944714758,56.4016006594383,3.22081872073955,53.1807819386987,"25","VBSXQQWDJBMXPB","C1=CC(=C(C(=C1)F)CNC2=NC(=NC=C2C(=O)N)NC3=CNN=C3)F","4-[(2,6-difluorophenyl)methylamino]-2-(1H-pyrazol-4-ylamino)pyrimidine-5-carboxamide",1.8,5,-183.056923320256,0.432203389830508,NA,"844260172099203536"
"844260215854183072","C15H13F2N7O","[M + H]+",5,0.00234984944714758,56.4016006594383,3.22081872073955,53.1807819386987,"25","ICKITLLBYZLHFH","CC1=NC2=NON=C2C(=C1CC3=NC(=C(C=C3)NCC(F)F)C#N)N",NA,2.5,7,-186.532730972703,0.456140350877193,NA,"844260172099203536"
"844260215854183072","C15H13F2N7O","[M + H]+",5,0.00234984944714758,56.4016006594383,3.22081872073955,53.1807819386987,"25","HJSFOUOOTROZTO","CC1=NC2=NC=NN2C(=C1CC3=NC(=C(C=C3)C#N)OCC(F)F)N","6-[(7-Amino-5-methyl-[1,2,4]triazolo[1,5-a]pyrimidin-6-yl)methyl]-2-(2,2-difluoroethoxy)pyridine-3-carbonitrile",1.9,8,-187.515036995775,0.512605042016807,NA,"844260172099203536"
"844260215854183072","C15H13F2N7O","[M + H]+",5,0.00234984944714758,56.4016006594383,3.22081872073955,53.1807819386987,"25","WPYPMWYYODXLIP","CC1=CC(=NC(=N1)N)NC2=CN(N=C2C(=O)N)C3=C(C=CC=C3F)F","4-[(2-Amino-6-methylpyrimidin-4-yl)amino]-1-(2,6-difluorophenyl)pyrazole-3-carboxamide",2.1,10,-192.320998087605,0.483333333333333,NA,"844260172099203536"
"844260215854183072","C15H13F2N7O","[M + H]+",5,0.00234984944714758,56.4016006594383,3.22081872073955,53.1807819386987,"25","FMIKZRJTWLKBRN","CC1=C(N=C(C(=N1)C(=O)NCC2=C(C=CC=C2F)F)N)N3N=CC=N3","3-amino-N-[(2,6-difluorophenyl)methyl]-6-methyl-5-(triazol-2-yl)pyrazine-2-carboxamide",2,11,-194.071982996504,0.448275862068966,NA,"844260172099203536"
"844260215854183072","C15H13F2N7O","[M + H]+",5,0.00234984944714758,56.4016006594383,3.22081872073955,53.1807819386987,"25","UNOLYPSFWIKMAJ","C1=CC=C(C=C1)C=CC(C(=O)NC2=CN(N=C2)CC3=NNN=N3)(F)F","(E)-2,2-difluoro-4-phenyl-N-[1-(2H-tetrazol-5-ylmethyl)pyrazol-4-yl]but-3-enamide",1.6,12,-207.873646019009,0.35,NA,"844260172099203536"
"844260215854183072","C15H13F2N7O","[M + H]+",5,0.00234984944714758,56.4016006594383,3.22081872073955,53.1807819386987,"25","GXABJCVNISZUSB","CN1C=C(C=N1)NC2=NC=CC(=N2)C3=CN=C(C=C3)NC(=O)C(F)F","2,2-difluoro-N-[5-[2-[(1-methylpyrazol-4-yl)amino]pyrimidin-4-yl]pyridin-2-yl]acetamide",1.3,13,-222.229977699491,0.466666666666667,NA,"844260172099203536"
"844260215854183072","C15H13F2N7O","[M + H]+",5,0.00234984944714758,56.4016006594383,3.22081872073955,53.1807819386987,"25","GIXMTDDSXCDPBC","C1C(C1(F)F)N2C(=CC=N2)CNC(=O)C3=CN(N=N3)C4=CN=CC=C4","N-[[2-(2,2-difluorocyclopropyl)pyrazol-3-yl]methyl]-1-pyridin-3-yltriazole-4-carboxamide",0.5,15,-229.756240447873,0.40650406504065,NA,"844260172099203536"
"844260215854183072","C15H13F2N7O","[M + H]+",5,0.00234984944714758,56.4016006594383,3.22081872073955,53.1807819386987,"25","IBILLMHRWJAVGZ","C1=CN(N=C1)C2=NC(=NC(=N2)NCCC(=O)N)C3=CC(=CC(=C3)F)F","3-[[4-(3,5-Difluorophenyl)-6-pyrazol-1-yl-1,3,5-triazin-2-yl]amino]propanamide",1.9,16,-235.489543391223,0.418604651162791,NA,"844260172099203536"
"844260215854183072","C15H13F2N7O","[M + H]+",5,0.00234984944714758,56.4016006594383,3.22081872073955,53.1807819386987,"25","LXNFGOMEISTOMK","C1CN(CC1(F)F)C2=NN3C(=NC=C3C(=O)NC4=NN=CC=C4)C=C2","6-(3,3-difluoropyrrolidin-1-yl)-N-pyridazin-3-ylimidazo[1,2-b]pyridazine-3-carboxamide",1,17,-244.681165517935,0.384615384615385,NA,"844260172099203536"
"844260215854183072","C15H13F2N7O","[M + H]+",5,0.00234984944714758,56.4016006594383,3.22081872073955,53.1807819386987,"25","KLDFYAKMDGPMDJ","CN(C)C(=O)C1=CC(=C(N=C1)N)C2=NN=NN2C3=C(C(=CC=C3)F)F","6-amino-5-[1-(2,3-difluorophenyl)tetrazol-5-yl]-N,N-dimethylpyridine-3-carboxamide",1.1,18,-246.018980351294,0.427480916030534,NA,"844260172099203536"
"844260215854183072","C15H13F2N7O","[M + H]+",5,0.00234984944714758,56.4016006594383,3.22081872073955,53.1807819386987,"25","AIBREDAWJNYFKG","C1C(CN1C(=O)C2=C(C=CC=C2F)F)N3C=C(N=N3)CN4N=CC=N4","(2,6-Difluorophenyl)-[3-[4-(triazol-2-ylmethyl)triazol-1-yl]azetidin-1-yl]methanone",0.7,19,-250.393513387484,0.300813008130081,NA,"844260172099203536"
"844260215854183073","C14H17F2N3O5","[M + H]+",6,0.00219224890874218,56.3321773142754,2.09304517843811,54.2391321358373,"25","RYYXIOLNZYBGHQ","COCCNC(=O)NC(=O)CNC1=C(C=C(C(=C1)C(=O)OC)F)F","Methyl 2,4-difluoro-5-[[2-(2-methoxyethylcarbamoylamino)-2-oxoethyl]amino]benzoate",1.3,34,-360.186545003092,0.219895287958115,NA,"844260172099203536"
"844260215854183073","C14H17F2N3O5","[M + H]+",6,0.00219224890874218,56.3321773142754,2.09304517843811,54.2391321358373,"25","HYDWDTMGPGGKTI","COC1=CC(=C(C(=C1)F)C2CN=C(C2NC(=O)O)NOCCO)F","[3-(2,6-difluoro-4-methoxyphenyl)-5-(2-hydroxyethoxyamino)-3,4-dihydro-2H-pyrrol-4-yl]carbamic acid",0.5,36,-365.438971264564,0.244444444444444,NA,"844260172099203536"
"844260215854183073","C14H17F2N3O5","[M + H]+",6,0.00219224890874218,56.3321773142754,2.09304517843811,54.2391321358373,"25","IWCQONMLHVONLN","CCOC(=O)N1CCN(CC1)C2=C(C=C(C(=C2CO)F)[N+](=O)[O-])F","3,6-Difluoro-2-(4-ethoxycarbonyl-1-piperazinyl)-5-nitrobenzyl alcohol",1.2,37,-367.439884402607,0.216666666666667,NA,"844260172099203536"
"844260215854183073","C14H17F2N3O5","[M + H]+",6,0.00219224890874218,56.3321773142754,2.09304517843811,54.2391321358373,"25","KDWCPERQQNFZRD","CN(CCN1CCOCC1=O)C2=C(C=CC(=C2)OC(F)F)[N+](=O)[O-]","4-[2-[5-(difluoromethoxy)-N-methyl-2-nitroanilino]ethyl]morpholin-3-one",1.9,38,-371.179843876413,0.286486486486487,NA,"844260172099203536"
"844260215854183073","C14H17F2N3O5","[M + H]+",6,0.00219224890874218,56.3321773142754,2.09304517843811,54.2391321358373,"25","JAUWZCPMXGOVFY","CC1CN(CC(O1)C)C(=O)NC2=C(C=CC(=C2)[N+](=O)[O-])OC(F)F","N-[2-(difluoromethoxy)-5-nitrophenyl]-2,6-dimethylmorpholine-4-carboxamide",2.4,39,-371.519339402727,0.25,NA,"844260172099203536"
"844260215854183073","C14H17F2N3O5","[M + H]+",6,0.00219224890874218,56.3321773142754,2.09304517843811,54.2391321358373,"25","YXIAMSPSABAWNR","CC(C)(C)OC(=O)NC1COC2=C(C=CC(=N2)OC(F)F)NC1=O","tert-butyl N-[(3S)-7-(difluoromethoxy)-2-oxo-3,4-dihydro-1H-pyrido[2,3-b][1,4]oxazepin-3-yl]carbamate",2.1,40,-373.829964723162,0.260416666666667,NA,"844260172099203536"
"844260215854183073","C14H17F2N3O5","[M + H]+",6,0.00219224890874218,56.3321773142754,2.09304517843811,54.2391321358373,"25","CVPJVRLLJNRSGB","CCOC(=O)C(ONC(=O)N1CC(C=C(C1)C2=NC=CO2)C)(F)F","ethyl 2,2-difluoro-2-[[(3R)-3-methyl-5-(1,3-oxazol-2-yl)-3,6-dihydro-2H-pyridine-1-carbonyl]amino]oxyacetate",1.3,43,-391.546530415837,0.173684210526316,NA,"844260172099203536"
"844260215854183073","C14H17F2N3O5","[M + H]+",6,0.00219224890874218,56.3321773142754,2.09304517843811,54.2391321358373,"25","SEAHIGNPSSUMPC","CC(C(=O)NC1=CC=CC=C1OC(F)F)OC(=O)CCNC(=O)N","[(2S)-1-[2-(difluoromethoxy)anilino]-1-oxopropan-2-yl] 3-(carbamoylamino)propanoate",1,45,-423.299474429439,0.196078431372549,NA,"844260172099203536"
"844260215854183073","C14H17F2N3O5","[M + H]+",6,0.00219224890874218,56.3321773142754,2.09304517843811,54.2391321358373,"25","CKVPZSUBKHFSJC","CC(C)(C)OC(=O)N1CCC(C1OC2=C(N=CC=C2)[N+](=O)[O-])(F)F","tert-butyl (2S)-3,3-difluoro-2-(2-nitropyridin-3-yl)oxypyrrolidine-1-carboxylate",2.8,46,-425.015890875712,0.265957446808511,NA,"844260172099203536"
"844260215854183073","C14H17F2N3O5","[M + H]+",6,0.00219224890874218,56.3321773142754,2.09304517843811,54.2391321358373,"25","GQSKWIKDDRTCQV","COC1=C(C=C(C(=C1)C(=O)NCC(C2CC2)N)[N+](=O)[O-])OC(F)F","N-(2-amino-2-cyclopropylethyl)-4-(difluoromethoxy)-5-methoxy-2-nitrobenzamide",1.8,47,-437.958813242052,0.226600985221675,NA,"844260172099203536"
"844260215854183073","C14H17F2N3O5","[M + H]+",6,0.00219224890874218,56.3321773142754,2.09304517843811,54.2391321358373,"25","WHKVCNFTYQCLNE","C1CN(CCC1CO)C(=O)NC2=C(C=CC(=C2)[N+](=O)[O-])OC(F)F","N-[2-(difluoromethoxy)-5-nitrophenyl]-4-(hydroxymethyl)piperidine-1-carboxamide",1.9,48,-441.075722039731,0.223350253807107,NA,"844260172099203536"
"844260215854183073","C14H17F2N3O5","[M + H]+",6,0.00219224890874218,56.3321773142754,2.09304517843811,54.2391321358373,"25","UPBKGPXMJNJLOS","COCC1CC(C(O1)N2C=CC(=NC2=O)NC(=O)OCC=C)(F)F","prop-2-enyl N-[1-[(2R,5S)-3,3-difluoro-5-(methoxymethyl)oxolan-2-yl]-2-oxopyrimidin-4-yl]carbamate",0.9,49,-442.755234587369,0.223300970873786,NA,"844260172099203536"
"844260215854183073","C14H17F2N3O5","[M + H]+",6,0.00219224890874218,56.3321773142754,2.09304517843811,54.2391321358373,"25","ROORJEYJMZRBRE","CC(C)(C)OC(=O)N1CC(C(C1)(F)F)OC2=C(N=CC=C2)[N+](=O)[O-]","Tert-butyl 3,3-difluoro-4-(2-nitropyridin-3-yl)oxypyrrolidine-1-carboxylate",2.4,50,-446.373248192657,0.271794871794872,NA,"844260172099203536"
"844260215854183073","C14H17F2N3O5","[M + H]+",6,0.00219224890874218,56.3321773142754,2.09304517843811,54.2391321358373,"25","FCWVTDIMXVCREB","C1COC(CN1C(=O)NCC2=C(N=CC=C2)OCC(F)F)C(=O)O","4-[[2-(2,2-Difluoroethoxy)pyridin-3-yl]methylcarbamoyl]morpholine-2-carboxylic acid",0.4,51,-451.427166909248,0.256281407035176,NA,"844260172099203536"
"844260215854183073","C14H17F2N3O5","[M + H]+",6,0.00219224890874218,56.3321773142754,2.09304517843811,54.2391321358373,"25","DVBMXBGFCSKWEE","CC(=O)NC(C1=NC2=CC(=C(C=C2N1)F)F)C(C(C(CO)O)O)O","N-[(2R)-1-(5,6-difluoro-1H-benzimidazol-2-yl)-2,3,4,5-tetrahydroxypentyl]acetamide",-1.7,52,-453.20083093258,0.28921568627451,NA,"844260172099203536"
"844260215854183074","C12H22F2NO6P","[M + H]+",7,0.000286514458166132,54.2972831190806,1.12673562626733,53.1705474928133,"25","VHUVXFCYSUJQFR","C[N+](C)(C)CCOP(=O)(O)OCC(COC=CF)OC=CF","[(2R)-2,3-bis[(Z)-2-fluoroethenoxy]propyl] 2-(trimethylazaniumyl)ethyl phosphate",-0.2,6,-185.080604936462,0.273504273504274,NA,"844260172099203536"
"844260215854183074","C12H22F2NO6P","[M + H]+",7,0.000286514458166132,54.2972831190806,1.12673562626733,53.1705474928133,"25","WEIWQLJKRVSURI","CCOP(=O)(C(CC1COC(N1C(=O)O)(C)C)(F)F)OCC","(4S)-4-(2-diethoxyphosphoryl-2,2-difluoroethyl)-2,2-dimethyl-1,3-oxazolidine-3-carboxylic acid",1.3,14,-224.766414713869,0.275590551181102,NA,"844260172099203536"
"844260215854183074","C12H22F2NO6P","[M + H]+",7,0.000286514458166132,54.2972831190806,1.12673562626733,53.1705474928133,"25","RGEHLMMNBNGZOP","CC(=C)C(=O)OCC[N+](C)(C)CCOP(=O)(O)OCC(F)F","2,2-Difluoroethyl 2-[dimethyl-[2-(2-methylprop-2-enoyloxy)ethyl]azaniumyl]ethyl phosphate",0.7,26,-276.501006161363,0.255639097744361,NA,"844260172099203536"
"844260215854183075","C9H15F4N7O3","[M + H]+",8,0.000173858771550329,53.7977374312812,0,53.7977374312812,"25",NA,NA,NA,NA,NA,NA,NA,NA,"844260172099203536"
"844260215854183076","C11H17N6O7","[M + H]+",9,2.970853684583e-05,52.0309285597893,1.23508274928599,50.7958458105033,"25",NA,NA,NA,NA,NA,NA,NA,NA,"844260172099203536"
"844260215854183077","C10H19F3N5O3P","[M + H]+",10,6.07877096358703e-06,50.4442966507932,0,50.4442966507932,"25",NA,NA,NA,NA,NA,NA,NA,NA,"844260172099203536"
"844260220988011184","C14H16F3N4O3","[M + H]+",1,0.905268289295574,64.4556843307113,2.08308586503375,62.3725984656775,"26",NA,NA,NA,NA,NA,NA,NA,NA,"844260172103397841"
"844260220988011185","C11H18F3N3O6","[M + H]+",2,0.0345547368016251,61.189997619403,0.999156717103414,60.1908409022996,"26",NA,NA,NA,NA,NA,NA,NA,NA,"844260172103397841"
"844260220988011186","C9H15N9O6","[M + H]+",3,0.0231159752597974,60.7879769268761,0,60.7879769268761,"26","AOMBUTLTOUELDR","CN1C2C3N(C(N2C)C4N(C1C(N4[N+](=O)[O-])N3[N+](=O)[O-])C)[N+](=O)[O-]","2,4,6-Trimethyl-8,10,12-trinitro-2,4,6,8,10,12-hexazatetracyclo[5.5.0.03,11.05,9]dodecane",1.7,3,-164.362136236099,0.155172413793103,NA,"844260172103397841"
"844260220988011186","C9H15N9O6","[M + H]+",3,0.0231159752597974,60.7879769268761,0,60.7879769268761,"26","BAXFLFSLUMDRCR","C(C(=O)NN)N1C(=O)N(C(=O)N(C1=O)CC(=O)NN)CC(=O)NN","2-[3,5-Bis(2-hydrazinyl-2-oxoethyl)-2,4,6-trioxo-1,3,5-triazinan-1-yl]acetohydrazide",-4.8,6,-184.760757799328,0.204918032786885,NA,"844260172103397841"
"844260220988011187","C14H17F2N3O5","[M + H]+",4,0.0229220164513245,60.7795508444675,2.51409869984417,58.2654521446234,"26","KDWCPERQQNFZRD","CN(CCN1CCOCC1=O)C2=C(C=CC(=C2)OC(F)F)[N+](=O)[O-]","4-[2-[5-(difluoromethoxy)-N-methyl-2-nitroanilino]ethyl]morpholin-3-one",1.9,35,-360.310696510931,0.275510204081633,NA,"844260172103397841"
"844260220988011187","C14H17F2N3O5","[M + H]+",4,0.0229220164513245,60.7795508444675,2.51409869984417,58.2654521446234,"26","JAUWZCPMXGOVFY","CC1CN(CC(O1)C)C(=O)NC2=C(C=CC(=C2)[N+](=O)[O-])OC(F)F","N-[2-(difluoromethoxy)-5-nitrophenyl]-2,6-dimethylmorpholine-4-carboxamide",2.4,36,-368.007153105547,0.235,NA,"844260172103397841"
"844260220988011187","C14H17F2N3O5","[M + H]+",4,0.0229220164513245,60.7795508444675,2.51409869984417,58.2654521446234,"26","RYYXIOLNZYBGHQ","COCCNC(=O)NC(=O)CNC1=C(C=C(C(=C1)C(=O)OC)F)F","Methyl 2,4-difluoro-5-[[2-(2-methoxyethylcarbamoylamino)-2-oxoethyl]amino]benzoate",1.3,37,-372.465442830659,0.218905472636816,NA,"844260172103397841"
"844260220988011187","C14H17F2N3O5","[M + H]+",4,0.0229220164513245,60.7795508444675,2.51409869984417,58.2654521446234,"26","IWCQONMLHVONLN","CCOC(=O)N1CCN(CC1)C2=C(C=C(C(=C2CO)F)[N+](=O)[O-])F","3,6-Difluoro-2-(4-ethoxycarbonyl-1-piperazinyl)-5-nitrobenzyl alcohol",1.2,38,-374.396675547215,0.203125,NA,"844260172103397841"
"844260220988011187","C14H17F2N3O5","[M + H]+",4,0.0229220164513245,60.7795508444675,2.51409869984417,58.2654521446234,"26","HYDWDTMGPGGKTI","COC1=CC(=C(C(=C1)F)C2CN=C(C2NC(=O)O)NOCCO)F","[3-(2,6-difluoro-4-methoxyphenyl)-5-(2-hydroxyethoxyamino)-3,4-dihydro-2H-pyrrol-4-yl]carbamic acid",0.5,39,-374.549357179527,0.235602094240838,NA,"844260172103397841"
"844260220988011187","C14H17F2N3O5","[M + H]+",4,0.0229220164513245,60.7795508444675,2.51409869984417,58.2654521446234,"26","YXIAMSPSABAWNR","CC(C)(C)OC(=O)NC1COC2=C(C=CC(=N2)OC(F)F)NC1=O","tert-butyl N-[(3S)-7-(difluoromethoxy)-2-oxo-3,4-dihydro-1H-pyrido[2,3-b][1,4]oxazepin-3-yl]carbamate",2.1,42,-375.372530385671,0.263681592039801,NA,"844260172103397841"
"844260220988011187","C14H17F2N3O5","[M + H]+",4,0.0229220164513245,60.7795508444675,2.51409869984417,58.2654521446234,"26","CVPJVRLLJNRSGB","CCOC(=O)C(ONC(=O)N1CC(C=C(C1)C2=NC=CO2)C)(F)F","ethyl 2,2-difluoro-2-[[(3R)-3-methyl-5-(1,3-oxazol-2-yl)-3,6-dihydro-2H-pyridine-1-carbonyl]amino]oxyacetate",1.3,44,-394.824388353517,0.169154228855721,NA,"844260172103397841"
"844260220988011187","C14H17F2N3O5","[M + H]+",4,0.0229220164513245,60.7795508444675,2.51409869984417,58.2654521446234,"26","SEAHIGNPSSUMPC","CC(C(=O)NC1=CC=CC=C1OC(F)F)OC(=O)CCNC(=O)N","[(2S)-1-[2-(difluoromethoxy)anilino]-1-oxopropan-2-yl] 3-(carbamoylamino)propanoate",1,45,-418.107680153455,0.2018779342723,NA,"844260172103397841"
"844260220988011187","C14H17F2N3O5","[M + H]+",4,0.0229220164513245,60.7795508444675,2.51409869984417,58.2654521446234,"26","CKVPZSUBKHFSJC","CC(C)(C)OC(=O)N1CCC(C1OC2=C(N=CC=C2)[N+](=O)[O-])(F)F","tert-butyl (2S)-3,3-difluoro-2-(2-nitropyridin-3-yl)oxypyrrolidine-1-carboxylate",2.8,46,-423.883394574144,0.256281407035176,NA,"844260172103397841"
"844260220988011187","C14H17F2N3O5","[M + H]+",4,0.0229220164513245,60.7795508444675,2.51409869984417,58.2654521446234,"26","WHKVCNFTYQCLNE","C1CN(CCC1CO)C(=O)NC2=C(C=CC(=C2)[N+](=O)[O-])OC(F)F","N-[2-(difluoromethoxy)-5-nitrophenyl]-4-(hydroxymethyl)piperidine-1-carboxamide",1.9,47,-434.90665670475,0.210526315789474,NA,"844260172103397841"
"844260220988011187","C14H17F2N3O5","[M + H]+",4,0.0229220164513245,60.7795508444675,2.51409869984417,58.2654521446234,"26","GQSKWIKDDRTCQV","COC1=C(C=C(C(=C1)C(=O)NCC(C2CC2)N)[N+](=O)[O-])OC(F)F","N-(2-amino-2-cyclopropylethyl)-4-(difluoromethoxy)-5-methoxy-2-nitrobenzamide",1.8,48,-438.223729134345,0.225352112676056,NA,"844260172103397841"
"844260220988011187","C14H17F2N3O5","[M + H]+",4,0.0229220164513245,60.7795508444675,2.51409869984417,58.2654521446234,"26","ROORJEYJMZRBRE","CC(C)(C)OC(=O)N1CC(C(C1)(F)F)OC2=C(N=CC=C2)[N+](=O)[O-]","Tert-butyl 3,3-difluoro-4-(2-nitropyridin-3-yl)oxypyrrolidine-1-carboxylate",2.4,49,-439.979231783893,0.262135922330097,NA,"844260172103397841"
"844260220988011187","C14H17F2N3O5","[M + H]+",4,0.0229220164513245,60.7795508444675,2.51409869984417,58.2654521446234,"26","FCWVTDIMXVCREB","C1COC(CN1C(=O)NCC2=C(N=CC=C2)OCC(F)F)C(=O)O","4-[[2-(2,2-Difluoroethoxy)pyridin-3-yl]methylcarbamoyl]morpholine-2-carboxylic acid",0.4,50,-443.679040052499,0.247619047619048,NA,"844260172103397841"
"844260220988011187","C14H17F2N3O5","[M + H]+",4,0.0229220164513245,60.7795508444675,2.51409869984417,58.2654521446234,"26","DVBMXBGFCSKWEE","CC(=O)NC(C1=NC2=CC(=C(C=C2N1)F)F)C(C(C(CO)O)O)O","N-[(2R)-1-(5,6-difluoro-1H-benzimidazol-2-yl)-2,3,4,5-tetrahydroxypentyl]acetamide",-1.7,51,-446.957687195046,0.291079812206573,NA,"844260172103397841"
"844260220988011187","C14H17F2N3O5","[M + H]+",4,0.0229220164513245,60.7795508444675,2.51409869984417,58.2654521446234,"26","UPBKGPXMJNJLOS","COCC1CC(C(O1)N2C=CC(=NC2=O)NC(=O)OCC=C)(F)F","prop-2-enyl N-[1-[(2R,5S)-3,3-difluoro-5-(methoxymethyl)oxolan-2-yl]-2-oxopyrimidin-4-yl]carbamate",0.9,52,-451.46932937063,0.211009174311927,NA,"844260172103397841"
"844260220988011188","C12H14F3N7O2","[M + H]+",5,0.00911151896545643,59.8569924121118,2.25490221286596,57.6020901992458,"26","HWXZKOZWBLQEKW","CC1=C(N(N=C1C(F)(F)F)C)NC(=O)N2CCN3C(=NNC3=O)C2","N-[2,4-dimethyl-5-(trifluoromethyl)pyrazol-3-yl]-3-oxo-2,5,6,8-tetrahydro-[1,2,4]triazolo[4,3-a]pyrazine-7-carboxamide",0,22,-259.750565138182,0.321678321678322,NA,"844260172103397841"
"844260220988011188","C12H14F3N7O2","[M + H]+",5,0.00911151896545643,59.8569924121118,2.25490221286596,57.6020901992458,"26","IFYXVNRZCDYQKN","C1C=CN=C(C1O)N2C(=CC(=N2)CN(N)N=C(C(F)(F)F)N)C=O","N'-[amino-[[5-formyl-1-(3-hydroxy-3,4-dihydropyridin-2-yl)pyrazol-3-yl]methyl]amino]-2,2,2-trifluoroethanimidamide",0.2,24,-264.888455086688,0.316176470588235,NA,"844260172103397841"
"844260220988011188","C12H14F3N7O2","[M + H]+",5,0.00911151896545643,59.8569924121118,2.25490221286596,57.6020901992458,"26","RTTFJVBSZDECDO","CN(C)C1=NC(=NC(=N1)N)COC(=O)CN2C=CC(=N2)C(F)(F)F","[4-Amino-6-(dimethylamino)-1,3,5-triazin-2-yl]methyl 2-[3-(trifluoromethyl)pyrazol-1-yl]acetate",0.9,26,-272.771720376983,0.340277777777778,NA,"844260172103397841"
"844260220988011188","C12H14F3N7O2","[M + H]+",5,0.00911151896545643,59.8569924121118,2.25490221286596,57.6020901992458,"26","PPGDMTJHHGPQCS","C1CCC2=NN(C(=O)N2CC1)CC(=O)NC3=NNC(=N3)C(F)(F)F","2-(3-oxo-6,7,8,9-tetrahydro-5H-[1,2,4]triazolo[4,3-a]azepin-2-yl)-N-[5-(trifluoromethyl)-1H-1,2,4-triazol-3-yl]acetamide",0.6,28,-297.699636600525,0.304054054054054,NA,"844260172103397841"
"844260220988011188","C12H14F3N7O2","[M + H]+",5,0.00911151896545643,59.8569924121118,2.25490221286596,57.6020901992458,"26","UWEWKEWSZOLGGS","CC1CN(CCN1C2=NC3=C(C=NN3C(=N2)N)C(F)(F)F)C(=O)O","(3S)-4-[4-amino-8-(trifluoromethyl)pyrazolo[1,5-a][1,3,5]triazin-2-yl]-3-methylpiperazine-1-carboxylic acid",0.9,30,-302.611162842751,0.292682926829268,NA,"844260172103397841"
"844260220988011188","C12H14F3N7O2","[M + H]+",5,0.00911151896545643,59.8569924121118,2.25490221286596,57.6020901992458,"26","YDOLGRJEXOMTBA","CC1=C(C2=NN=C(N2N=C1NCCC(=O)NC(=O)N)C(F)(F)F)C","N-carbamoyl-3-[[7,8-dimethyl-3-(trifluoromethyl)-[1,2,4]triazolo[4,3-b]pyridazin-6-yl]amino]propanamide",0.7,32,-311.214755469338,0.353333333333333,NA,"844260172103397841"
"844260220988011188","C12H14F3N7O2","[M + H]+",5,0.00911151896545643,59.8569924121118,2.25490221286596,57.6020901992458,"26","YFAOZSCRWGGTHT","CN1C(=NN(C1=O)C2CCN(CC2)C(=O)C3=NC=NN3)C(F)(F)F","1-(1-(1H-1,2,4-triazole-5-carbonyl)piperidin-4-yl)-4-methyl-3-(trifluoromethyl)-1H-1,2,4-triazol-5(4H)-one",0.8,34,-350.196572185621,0.245508982035928,NA,"844260172103397841"
"844260220988011188","C12H14F3N7O2","[M + H]+",5,0.00911151896545643,59.8569924121118,2.25490221286596,57.6020901992458,"26","ZOYGWZALIZNHIN","C1CN(CC1CC(=O)N)C2=NC(=NC3=NNN=C32)OCC(F)(F)F","2-[(3S)-1-[5-(2,2,2-trifluoroethoxy)-2H-triazolo[4,5-d]pyrimidin-7-yl]pyrrolidin-3-yl]acetamide",0.7,40,-374.732657046912,0.289617486338798,NA,"844260172103397841"
"844260220988011188","C12H14F3N7O2","[M + H]+",5,0.00911151896545643,59.8569924121118,2.25490221286596,57.6020901992458,"26","JPUBTAPBJQSJLC","CN1C=CC(=N1)C2=C(C(=O)NC(C2)C(F)(F)F)N(C)N=NNC=O","N-[(Z)-[methyl-[4-(1-methylpyrazol-3-yl)-6-oxo-2-(trifluoromethyl)-2,3-dihydro-1H-pyridin-5-yl]amino]diazenyl]formamide",1.2,41,-374.794207299171,0.254658385093168,NA,"844260172103397841"
"844260220988011188","C12H14F3N7O2","[M + H]+",5,0.00911151896545643,59.8569924121118,2.25490221286596,57.6020901992458,"26","NYHOWMBHIQJUCE","CC(=O)NC1CCN(C1)C2=NC(=NC3=NNN=C32)OCC(F)(F)F","N-[(3S)-1-[5-(2,2,2-trifluoroethoxy)-2H-triazolo[4,5-d]pyrimidin-7-yl]pyrrolidin-3-yl]acetamide",1,43,-380.438087992418,0.296703296703297,NA,"844260172103397841"
"844260220988011189","C15H13F2N7O","[M + H]+",6,0.00266192873141171,58.6265039257262,3.37084364815102,55.2556602775752,"26","YTRLNEAYBRWQPJ","CC(C1=NOC(=N1)CC2=NC=NN2)C3=NC4=CC=CC=C4N3C(F)F","3-[1-[1-(difluoromethyl)benzimidazol-2-yl]ethyl]-5-(1H-1,2,4-triazol-5-ylmethyl)-1,2,4-oxadiazole",2.9,1,-144.568909081432,0.518518518518518,0,"844260172103397841"
"844260220988011189","C15H13F2N7O","[M + H]+",6,0.00266192873141171,58.6265039257262,3.37084364815102,55.2556602775752,"26","JTSTWKIGATWXTF","CC1=NC(=NC(=N1)N)C2=C(N=CC(=C2)F)NC3=CC(=C(N=C3)OC)F","4-(5-Fluoro-2-(5-fluoro-6-methoxypyridin-3-ylamino)pyridin-3-YL)-6-methyl-1,3,5-triazin-2-amine",1.9,2,-154.596517473263,0.504587155963303,Inf,"844260172103397841"
"844260220988011189","C15H13F2N7O","[M + H]+",6,0.00266192873141171,58.6265039257262,3.37084364815102,55.2556602775752,"26","MQVBBWVQXHPMPR","C1=CC(=C(C(=C1)F)CN(NC2=CNN=C2)NC(=O)C3=CN=CN=C3)F","N'-[(2,6-difluorophenyl)methyl]-N'-(1H-pyrazol-4-ylamino)pyrimidine-5-carbohydrazide",2.1,4,-173.408535051459,0.472222222222222,NA,"844260172103397841"
"844260220988011189","C15H13F2N7O","[M + H]+",6,0.00266192873141171,58.6265039257262,3.37084364815102,55.2556602775752,"26","ICKITLLBYZLHFH","CC1=NC2=NON=C2C(=C1CC3=NC(=C(C=C3)NCC(F)F)C#N)N",NA,2.5,5,-181.285649316065,0.447368421052632,NA,"844260172103397841"
"844260220988011189","C15H13F2N7O","[M + H]+",6,0.00266192873141171,58.6265039257262,3.37084364815102,55.2556602775752,"26","VBSXQQWDJBMXPB","C1=CC(=C(C(=C1)F)CNC2=NC(=NC=C2C(=O)N)NC3=CNN=C3)F","4-[(2,6-difluorophenyl)methylamino]-2-(1H-pyrazol-4-ylamino)pyrimidine-5-carboxamide",1.8,7,-185.43369118971,0.448275862068966,NA,"844260172103397841"
"844260220988011189","C15H13F2N7O","[M + H]+",6,0.00266192873141171,58.6265039257262,3.37084364815102,55.2556602775752,"26","HJSFOUOOTROZTO","CC1=NC2=NC=NN2C(=C1CC3=NC(=C(C=C3)C#N)OCC(F)F)N","6-[(7-Amino-5-methyl-[1,2,4]triazolo[1,5-a]pyrimidin-6-yl)methyl]-2-(2,2-difluoroethoxy)pyridine-3-carbonitrile",1.9,8,-185.635524221043,0.479338842975207,NA,"844260172103397841"
"844260220988011189","C15H13F2N7O","[M + H]+",6,0.00266192873141171,58.6265039257262,3.37084364815102,55.2556602775752,"26","FMIKZRJTWLKBRN","CC1=C(N=C(C(=N1)C(=O)NCC2=C(C=CC=C2F)F)N)N3N=CC=N3","3-amino-N-[(2,6-difluorophenyl)methyl]-6-methyl-5-(triazol-2-yl)pyrazine-2-carboxamide",2,9,-193.063051671997,0.439655172413793,NA,"844260172103397841"
"844260220988011189","C15H13F2N7O","[M + H]+",6,0.00266192873141171,58.6265039257262,3.37084364815102,55.2556602775752,"26","WPYPMWYYODXLIP","CC1=CC(=NC(=N1)N)NC2=CN(N=C2C(=O)N)C3=C(C=CC=C3F)F","4-[(2-Amino-6-methylpyrimidin-4-yl)amino]-1-(2,6-difluorophenyl)pyrazole-3-carboxamide",2.1,11,-196.466190978932,0.5,NA,"844260172103397841"
"844260220988011189","C15H13F2N7O","[M + H]+",6,0.00266192873141171,58.6265039257262,3.37084364815102,55.2556602775752,"26","UNOLYPSFWIKMAJ","C1=CC=C(C=C1)C=CC(C(=O)NC2=CN(N=C2)CC3=NNN=N3)(F)F","(E)-2,2-difluoro-4-phenyl-N-[1-(2H-tetrazol-5-ylmethyl)pyrazol-4-yl]but-3-enamide",1.6,12,-201.595613265797,0.364406779661017,NA,"844260172103397841"
"844260220988011189","C15H13F2N7O","[M + H]+",6,0.00266192873141171,58.6265039257262,3.37084364815102,55.2556602775752,"26","GXABJCVNISZUSB","CN1C=C(C=N1)NC2=NC=CC(=N2)C3=CN=C(C=C3)NC(=O)C(F)F","2,2-difluoro-N-[5-[2-[(1-methylpyrazol-4-yl)amino]pyrimidin-4-yl]pyridin-2-yl]acetamide",1.3,13,-222.248314215368,0.470588235294118,NA,"844260172103397841"
"844260220988011189","C15H13F2N7O","[M + H]+",6,0.00266192873141171,58.6265039257262,3.37084364815102,55.2556602775752,"26","GIXMTDDSXCDPBC","C1C(C1(F)F)N2C(=CC=N2)CNC(=O)C3=CN(N=N3)C4=CN=CC=C4","N-[[2-(2,2-difluorocyclopropyl)pyrazol-3-yl]methyl]-1-pyridin-3-yltriazole-4-carboxamide",0.5,14,-223.515972505802,0.409836065573771,NA,"844260172103397841"
"844260220988011189","C15H13F2N7O","[M + H]+",6,0.00266192873141171,58.6265039257262,3.37084364815102,55.2556602775752,"26","IBILLMHRWJAVGZ","C1=CN(N=C1)C2=NC(=NC(=N2)NCCC(=O)N)C3=CC(=CC(=C3)F)F","3-[[4-(3,5-Difluorophenyl)-6-pyrazol-1-yl-1,3,5-triazin-2-yl]amino]propanamide",1.9,16,-233.520549813072,0.421875,NA,"844260172103397841"
"844260220988011189","C15H13F2N7O","[M + H]+",6,0.00266192873141171,58.6265039257262,3.37084364815102,55.2556602775752,"26","LXNFGOMEISTOMK","C1CN(CC1(F)F)C2=NN3C(=NC=C3C(=O)NC4=NN=CC=C4)C=C2","6-(3,3-difluoropyrrolidin-1-yl)-N-pyridazin-3-ylimidazo[1,2-b]pyridazine-3-carboxamide",1,17,-235.90797163722,0.3984375,NA,"844260172103397841"
"844260220988011189","C15H13F2N7O","[M + H]+",6,0.00266192873141171,58.6265039257262,3.37084364815102,55.2556602775752,"26","AIBREDAWJNYFKG","C1C(CN1C(=O)C2=C(C=CC=C2F)F)N3C=C(N=N3)CN4N=CC=N4","(2,6-Difluorophenyl)-[3-[4-(triazol-2-ylmethyl)triazol-1-yl]azetidin-1-yl]methanone",0.7,18,-247.413601354259,0.30327868852459,NA,"844260172103397841"
"844260220988011189","C15H13F2N7O","[M + H]+",6,0.00266192873141171,58.6265039257262,3.37084364815102,55.2556602775752,"26","KLDFYAKMDGPMDJ","CN(C)C(=O)C1=CC(=C(N=C1)N)C2=NN=NN2C3=C(C(=CC=C3)F)F","6-amino-5-[1-(2,3-difluorophenyl)tetrazol-5-yl]-N,N-dimethylpyridine-3-carboxamide",1.1,19,-248.984242758685,0.430769230769231,NA,"844260172103397841"
"844260220988011190","C12H22F2NO6P","[M + H]+",7,0.00199643549388025,58.3388163160818,1.57315931250094,56.7656570035809,"26","VHUVXFCYSUJQFR","C[N+](C)(C)CCOP(=O)(O)OCC(COC=CF)OC=CF","[(2R)-2,3-bis[(Z)-2-fluoroethenoxy]propyl] 2-(trimethylazaniumyl)ethyl phosphate",-0.2,10,-193.49716217793,0.293103448275862,NA,"844260172103397841"
"844260220988011190","C12H22F2NO6P","[M + H]+",7,0.00199643549388025,58.3388163160818,1.57315931250094,56.7656570035809,"26","WEIWQLJKRVSURI","CCOP(=O)(C(CC1COC(N1C(=O)O)(C)C)(F)F)OCC","(4S)-4-(2-diethoxyphosphoryl-2,2-difluoroethyl)-2,2-dimethyl-1,3-oxazolidine-3-carboxylic acid",1.3,15,-230.559611724346,0.283464566929134,NA,"844260172103397841"
"844260220988011190","C12H22F2NO6P","[M + H]+",7,0.00199643549388025,58.3388163160818,1.57315931250094,56.7656570035809,"26","RGEHLMMNBNGZOP","CC(=C)C(=O)OCC[N+](C)(C)CCOP(=O)(O)OCC(F)F","2,2-Difluoroethyl 2-[dimethyl-[2-(2-methylprop-2-enoyloxy)ethyl]azaniumyl]ethyl phosphate",0.7,25,-268.952943536184,0.282442748091603,NA,"844260172103397841"
"844260220988011191","C9H15F4N7O3","[M + H]+",8,0.000190868235157803,55.9912810213964,0,55.9912810213964,"26",NA,NA,NA,NA,NA,NA,NA,NA,"844260172103397841"
"844260220988011192","C11H17N6O7","[M + H]+",9,0.000115334604979942,55.4875352118687,1.64296892852823,53.8445662833404,"26",NA,NA,NA,NA,NA,NA,NA,NA,"844260172103397841"
"844260220988011193","C17H16FN3O4","[M + H]+",10,4.38339816732642e-05,54.5201070535675,2.26327781519332,52.2568292383742,"26",NA,NA,NA,NA,NA,NA,NA,NA,"844260172103397841"
"844260214205821576","C14H16F3N4O3","[M + H]+",1,0.979082507724906,52.304727888978,2.1330888075655,50.1716390814125,"27",NA,NA,NA,NA,NA,NA,NA,NA,"844260172107592146"
"844260214222598793","C9H15N9O6","[M + H]+",2,0.00706849915334224,47.373760145991,0,47.373760145991,"27","AOMBUTLTOUELDR","CN1C2C3N(C(N2C)C4N(C1C(N4[N+](=O)[O-])N3[N+](=O)[O-])C)[N+](=O)[O-]","2,4,6-Trimethyl-8,10,12-trinitro-2,4,6,8,10,12-hexazatetracyclo[5.5.0.03,11.05,9]dodecane",1.7,2,-159.492456857835,0.168224299065421,Inf,"844260172107592146"
"844260214222598793","C9H15N9O6","[M + H]+",2,0.00706849915334224,47.373760145991,0,47.373760145991,"27","BAXFLFSLUMDRCR","C(C(=O)NN)N1C(=O)N(C(=O)N(C1=O)CC(=O)NN)CC(=O)NN","2-[3,5-Bis(2-hydrazinyl-2-oxoethyl)-2,4,6-trioxo-1,3,5-triazinan-1-yl]acetohydrazide",-4.8,4,-163.311063461113,0.221238938053097,NA,"844260172107592146"
"844260214222598794","C11H18F3N3O6","[M + H]+",3,0.00484468530559858,46.9959942632735,0.531548572628509,46.464445690645,"27",NA,NA,NA,NA,NA,NA,NA,NA,"844260172107592146"
"844260214222598795","C14H17F2N3O5","[M + H]+",4,0.00413207573584208,46.8368918526347,2.1559787021013,44.6809131505334,"27","HYDWDTMGPGGKTI","COC1=CC(=C(C(=C1)F)C2CN=C(C2NC(=O)O)NOCCO)F","[3-(2,6-difluoro-4-methoxyphenyl)-5-(2-hydroxyethoxyamino)-3,4-dihydro-2H-pyrrol-4-yl]carbamic acid",0.5,32,-347.762766609458,0.278409090909091,NA,"844260172107592146"
"844260214222598795","C14H17F2N3O5","[M + H]+",4,0.00413207573584208,46.8368918526347,2.1559787021013,44.6809131505334,"27","RYYXIOLNZYBGHQ","COCCNC(=O)NC(=O)CNC1=C(C=C(C(=C1)C(=O)OC)F)F","Methyl 2,4-difluoro-5-[[2-(2-methoxyethylcarbamoylamino)-2-oxoethyl]amino]benzoate",1.3,33,-348.990965250693,0.251336898395722,NA,"844260172107592146"
"844260214222598795","C14H17F2N3O5","[M + H]+",4,0.00413207573584208,46.8368918526347,2.1559787021013,44.6809131505334,"27","JAUWZCPMXGOVFY","CC1CN(CC(O1)C)C(=O)NC2=C(C=CC(=C2)[N+](=O)[O-])OC(F)F","N-[2-(difluoromethoxy)-5-nitrophenyl]-2,6-dimethylmorpholine-4-carboxamide",2.4,34,-354.14916994669,0.25531914893617,NA,"844260172107592146"
"844260214222598795","C14H17F2N3O5","[M + H]+",4,0.00413207573584208,46.8368918526347,2.1559787021013,44.6809131505334,"27","KDWCPERQQNFZRD","CN(CCN1CCOCC1=O)C2=C(C=CC(=C2)OC(F)F)[N+](=O)[O-]","4-[2-[5-(difluoromethoxy)-N-methyl-2-nitroanilino]ethyl]morpholin-3-one",1.9,35,-355.242622746099,0.306010928961749,NA,"844260172107592146"
"844260214222598795","C14H17F2N3O5","[M + H]+",4,0.00413207573584208,46.8368918526347,2.1559787021013,44.6809131505334,"27","IWCQONMLHVONLN","CCOC(=O)N1CCN(CC1)C2=C(C=C(C(=C2CO)F)[N+](=O)[O-])F","3,6-Difluoro-2-(4-ethoxycarbonyl-1-piperazinyl)-5-nitrobenzyl alcohol",1.2,36,-355.479845735561,0.242937853107345,NA,"844260172107592146"
"844260214222598795","C14H17F2N3O5","[M + H]+",4,0.00413207573584208,46.8368918526347,2.1559787021013,44.6809131505334,"27","YXIAMSPSABAWNR","CC(C)(C)OC(=O)NC1COC2=C(C=CC(=N2)OC(F)F)NC1=O","tert-butyl N-[(3S)-7-(difluoromethoxy)-2-oxo-3,4-dihydro-1H-pyrido[2,3-b][1,4]oxazepin-3-yl]carbamate",2.1,37,-359.478082231152,0.285714285714286,NA,"844260172107592146"
"844260214222598795","C14H17F2N3O5","[M + H]+",4,0.00413207573584208,46.8368918526347,2.1559787021013,44.6809131505334,"27","CVPJVRLLJNRSGB","CCOC(=O)C(ONC(=O)N1CC(C=C(C1)C2=NC=CO2)C)(F)F","ethyl 2,2-difluoro-2-[[(3R)-3-methyl-5-(1,3-oxazol-2-yl)-3,6-dihydro-2H-pyridine-1-carbonyl]amino]oxyacetate",1.3,38,-376.014993872606,0.191489361702128,NA,"844260172107592146"
"844260214222598795","C14H17F2N3O5","[M + H]+",4,0.00413207573584208,46.8368918526347,2.1559787021013,44.6809131505334,"27","SEAHIGNPSSUMPC","CC(C(=O)NC1=CC=CC=C1OC(F)F)OC(=O)CCNC(=O)N","[(2S)-1-[2-(difluoromethoxy)anilino]-1-oxopropan-2-yl] 3-(carbamoylamino)propanoate",1,42,-402.854835588359,0.212871287128713,NA,"844260172107592146"
"844260214222598795","C14H17F2N3O5","[M + H]+",4,0.00413207573584208,46.8368918526347,2.1559787021013,44.6809131505334,"27","CKVPZSUBKHFSJC","CC(C)(C)OC(=O)N1CCC(C1OC2=C(N=CC=C2)[N+](=O)[O-])(F)F","tert-butyl (2S)-3,3-difluoro-2-(2-nitropyridin-3-yl)oxypyrrolidine-1-carboxylate",2.8,43,-407.944568731404,0.271276595744681,NA,"844260172107592146"
"844260214222598795","C14H17F2N3O5","[M + H]+",4,0.00413207573584208,46.8368918526347,2.1559787021013,44.6809131505334,"27","UPBKGPXMJNJLOS","COCC1CC(C(O1)N2C=CC(=NC2=O)NC(=O)OCC=C)(F)F","prop-2-enyl N-[1-[(2R,5S)-3,3-difluoro-5-(methoxymethyl)oxolan-2-yl]-2-oxopyrimidin-4-yl]carbamate",0.9,44,-418.105971881181,0.234146341463415,NA,"844260172107592146"
"844260214222598795","C14H17F2N3O5","[M + H]+",4,0.00413207573584208,46.8368918526347,2.1559787021013,44.6809131505334,"27","WHKVCNFTYQCLNE","C1CN(CCC1CO)C(=O)NC2=C(C=CC(=C2)[N+](=O)[O-])OC(F)F","N-[2-(difluoromethoxy)-5-nitrophenyl]-4-(hydroxymethyl)piperidine-1-carboxamide",1.9,45,-421.543247948314,0.241025641025641,NA,"844260172107592146"
"844260214222598795","C14H17F2N3O5","[M + H]+",4,0.00413207573584208,46.8368918526347,2.1559787021013,44.6809131505334,"27","GQSKWIKDDRTCQV","COC1=C(C=C(C(=C1)C(=O)NCC(C2CC2)N)[N+](=O)[O-])OC(F)F","N-(2-amino-2-cyclopropylethyl)-4-(difluoromethoxy)-5-methoxy-2-nitrobenzamide",1.8,46,-422.282709354318,0.231527093596059,NA,"844260172107592146"
"844260214222598795","C14H17F2N3O5","[M + H]+",4,0.00413207573584208,46.8368918526347,2.1559787021013,44.6809131505334,"27","DVBMXBGFCSKWEE","CC(=O)NC(C1=NC2=CC(=C(C=C2N1)F)F)C(C(C(CO)O)O)O","N-[(2R)-1-(5,6-difluoro-1H-benzimidazol-2-yl)-2,3,4,5-tetrahydroxypentyl]acetamide",-1.7,47,-422.691582694002,0.32,NA,"844260172107592146"
"844260214222598795","C14H17F2N3O5","[M + H]+",4,0.00413207573584208,46.8368918526347,2.1559787021013,44.6809131505334,"27","ROORJEYJMZRBRE","CC(C)(C)OC(=O)N1CC(C(C1)(F)F)OC2=C(N=CC=C2)[N+](=O)[O-]","Tert-butyl 3,3-difluoro-4-(2-nitropyridin-3-yl)oxypyrrolidine-1-carboxylate",2.4,48,-426.539069823305,0.276923076923077,NA,"844260172107592146"
"844260214222598795","C14H17F2N3O5","[M + H]+",4,0.00413207573584208,46.8368918526347,2.1559787021013,44.6809131505334,"27","FCWVTDIMXVCREB","C1COC(CN1C(=O)NCC2=C(N=CC=C2)OCC(F)F)C(=O)O","4-[[2-(2,2-Difluoroethoxy)pyridin-3-yl]methylcarbamoyl]morpholine-2-carboxylic acid",0.4,49,-428.928653748325,0.274111675126904,NA,"844260172107592146"
"844260214222598796","C12H14F3N7O2","[M + H]+",5,0.00316574647053167,46.5705008519014,2.15189005600697,44.4186107958944,"27","HWXZKOZWBLQEKW","CC1=C(N(N=C1C(F)(F)F)C)NC(=O)N2CCN3C(=NNC3=O)C2","N-[2,4-dimethyl-5-(trifluoromethyl)pyrazol-3-yl]-3-oxo-2,5,6,8-tetrahydro-[1,2,4]triazolo[4,3-a]pyrazine-7-carboxamide",0,15,-247.713203757369,0.313432835820896,NA,"844260172107592146"
"844260214222598796","C12H14F3N7O2","[M + H]+",5,0.00316574647053167,46.5705008519014,2.15189005600697,44.4186107958944,"27","IFYXVNRZCDYQKN","C1C=CN=C(C1O)N2C(=CC(=N2)CN(N)N=C(C(F)(F)F)N)C=O","N'-[amino-[[5-formyl-1-(3-hydroxy-3,4-dihydropyridin-2-yl)pyrazol-3-yl]methyl]amino]-2,2,2-trifluoroethanimidamide",0.2,16,-254.413923361713,0.360655737704918,NA,"844260172107592146"
"844260214222598796","C12H14F3N7O2","[M + H]+",5,0.00316574647053167,46.5705008519014,2.15189005600697,44.4186107958944,"27","RTTFJVBSZDECDO","CN(C)C1=NC(=NC(=N1)N)COC(=O)CN2C=CC(=N2)C(F)(F)F","[4-Amino-6-(dimethylamino)-1,3,5-triazin-2-yl]methyl 2-[3-(trifluoromethyl)pyrazol-1-yl]acetate",0.9,17,-255.324728396793,0.374045801526718,NA,"844260172107592146"
"844260214222598796","C12H14F3N7O2","[M + H]+",5,0.00316574647053167,46.5705008519014,2.15189005600697,44.4186107958944,"27","UWEWKEWSZOLGGS","CC1CN(CCN1C2=NC3=C(C=NN3C(=N2)N)C(F)(F)F)C(=O)O","(3S)-4-[4-amino-8-(trifluoromethyl)pyrazolo[1,5-a][1,3,5]triazin-2-yl]-3-methylpiperazine-1-carboxylic acid",0.9,24,-292.315032534696,0.309210526315789,NA,"844260172107592146"
"844260214222598796","C12H14F3N7O2","[M + H]+",5,0.00316574647053167,46.5705008519014,2.15189005600697,44.4186107958944,"27","PPGDMTJHHGPQCS","C1CCC2=NN(C(=O)N2CC1)CC(=O)NC3=NNC(=N3)C(F)(F)F","2-(3-oxo-6,7,8,9-tetrahydro-5H-[1,2,4]triazolo[4,3-a]azepin-2-yl)-N-[5-(trifluoromethyl)-1H-1,2,4-triazol-3-yl]acetamide",0.6,25,-293.289243280871,0.313868613138686,NA,"844260172107592146"
"844260214222598796","C12H14F3N7O2","[M + H]+",5,0.00316574647053167,46.5705008519014,2.15189005600697,44.4186107958944,"27","YDOLGRJEXOMTBA","CC1=C(C2=NN=C(N2N=C1NCCC(=O)NC(=O)N)C(F)(F)F)C","N-carbamoyl-3-[[7,8-dimethyl-3-(trifluoromethyl)-[1,2,4]triazolo[4,3-b]pyridazin-6-yl]amino]propanamide",0.7,27,-305.481696927295,0.357142857142857,NA,"844260172107592146"
"844260214222598796","C12H14F3N7O2","[M + H]+",5,0.00316574647053167,46.5705008519014,2.15189005600697,44.4186107958944,"27","YFAOZSCRWGGTHT","CN1C(=NN(C1=O)C2CCN(CC2)C(=O)C3=NC=NN3)C(F)(F)F","1-(1-(1H-1,2,4-triazole-5-carbonyl)piperidin-4-yl)-4-methyl-3-(trifluoromethyl)-1H-1,2,4-triazol-5(4H)-one",0.8,31,-347.267158046411,0.258064516129032,NA,"844260172107592146"
"844260214222598796","C12H14F3N7O2","[M + H]+",5,0.00316574647053167,46.5705008519014,2.15189005600697,44.4186107958944,"27","ZOYGWZALIZNHIN","C1CN(CC1CC(=O)N)C2=NC(=NC3=NNN=C32)OCC(F)(F)F","2-[(3S)-1-[5-(2,2,2-trifluoroethoxy)-2H-triazolo[4,5-d]pyrimidin-7-yl]pyrrolidin-3-yl]acetamide",0.7,39,-378.104056287489,0.319526627218935,NA,"844260172107592146"
"844260214222598796","C12H14F3N7O2","[M + H]+",5,0.00316574647053167,46.5705008519014,2.15189005600697,44.4186107958944,"27","JPUBTAPBJQSJLC","CN1C=CC(=N1)C2=C(C(=O)NC(C2)C(F)(F)F)N(C)N=NNC=O","N-[(Z)-[methyl-[4-(1-methylpyrazol-3-yl)-6-oxo-2-(trifluoromethyl)-2,3-dihydro-1H-pyridin-5-yl]amino]diazenyl]formamide",1.2,40,-378.287630745306,0.26,NA,"844260172107592146"
"844260214222598796","C12H14F3N7O2","[M + H]+",5,0.00316574647053167,46.5705008519014,2.15189005600697,44.4186107958944,"27","NYHOWMBHIQJUCE","CC(=O)NC1CCN(C1)C2=NC(=NC3=NNN=C32)OCC(F)(F)F","N-[(3S)-1-[5-(2,2,2-trifluoroethoxy)-2H-triazolo[4,5-d]pyrimidin-7-yl]pyrrolidin-3-yl]acetamide",1,41,-384.149334472967,0.304093567251462,NA,"844260172107592146"
"844260214222598797","C15H13F2N7O","[M + H]+",6,0.00115287505194898,45.5603708400792,3.18240424463623,42.377966595443,"27","YTRLNEAYBRWQPJ","CC(C1=NOC(=N1)CC2=NC=NN2)C3=NC4=CC=CC=C4N3C(F)F","3-[1-[1-(difluoromethyl)benzimidazol-2-yl]ethyl]-5-(1H-1,2,4-triazol-5-ylmethyl)-1,2,4-oxadiazole",2.9,1,-149.42915581938,0.523364485981308,0,"844260172107592146"
"844260214222598797","C15H13F2N7O","[M + H]+",6,0.00115287505194898,45.5603708400792,3.18240424463623,42.377966595443,"27","JTSTWKIGATWXTF","CC1=NC(=NC(=N1)N)C2=C(N=CC(=C2)F)NC3=CC(=C(N=C3)OC)F","4-(5-Fluoro-2-(5-fluoro-6-methoxypyridin-3-ylamino)pyridin-3-YL)-6-methyl-1,3,5-triazin-2-amine",1.9,3,-160.322602523394,0.495412844036697,NA,"844260172107592146"
"844260214222598797","C15H13F2N7O","[M + H]+",6,0.00115287505194898,45.5603708400792,3.18240424463623,42.377966595443,"27","MQVBBWVQXHPMPR","C1=CC(=C(C(=C1)F)CN(NC2=CNN=C2)NC(=O)C3=CN=CN=C3)F","N'-[(2,6-difluorophenyl)methyl]-N'-(1H-pyrazol-4-ylamino)pyrimidine-5-carbohydrazide",2.1,5,-178.111527185256,0.423423423423423,NA,"844260172107592146"
"844260214222598797","C15H13F2N7O","[M + H]+",6,0.00115287505194898,45.5603708400792,3.18240424463623,42.377966595443,"27","VBSXQQWDJBMXPB","C1=CC(=C(C(=C1)F)CNC2=NC(=NC=C2C(=O)N)NC3=CNN=C3)F","4-[(2,6-difluorophenyl)methylamino]-2-(1H-pyrazol-4-ylamino)pyrimidine-5-carboxamide",1.8,6,-187.101627140812,0.403361344537815,NA,"844260172107592146"
"844260214222598797","C15H13F2N7O","[M + H]+",6,0.00115287505194898,45.5603708400792,3.18240424463623,42.377966595443,"27","ICKITLLBYZLHFH","CC1=NC2=NON=C2C(=C1CC3=NC(=C(C=C3)NCC(F)F)C#N)N",NA,2.5,7,-189.849091878303,0.413793103448276,NA,"844260172107592146"
"844260214222598797","C15H13F2N7O","[M + H]+",6,0.00115287505194898,45.5603708400792,3.18240424463623,42.377966595443,"27","FMIKZRJTWLKBRN","CC1=C(N=C(C(=N1)C(=O)NCC2=C(C=CC=C2F)F)N)N3N=CC=N3","3-amino-N-[(2,6-difluorophenyl)methyl]-6-methyl-5-(triazol-2-yl)pyrazine-2-carboxamide",2,8,-190.860391294564,0.383333333333333,NA,"844260172107592146"
"844260214222598797","C15H13F2N7O","[M + H]+",6,0.00115287505194898,45.5603708400792,3.18240424463623,42.377966595443,"27","HJSFOUOOTROZTO","CC1=NC2=NC=NN2C(=C1CC3=NC(=C(C=C3)C#N)OCC(F)F)N","6-[(7-Amino-5-methyl-[1,2,4]triazolo[1,5-a]pyrimidin-6-yl)methyl]-2-(2,2-difluoroethoxy)pyridine-3-carbonitrile",1.9,9,-194.244137213599,0.435483870967742,NA,"844260172107592146"
"844260214222598797","C15H13F2N7O","[M + H]+",6,0.00115287505194898,45.5603708400792,3.18240424463623,42.377966595443,"27","WPYPMWYYODXLIP","CC1=CC(=NC(=N1)N)NC2=CN(N=C2C(=O)N)C3=C(C=CC=C3F)F","4-[(2-Amino-6-methylpyrimidin-4-yl)amino]-1-(2,6-difluorophenyl)pyrazole-3-carboxamide",2.1,10,-194.325303424512,0.430894308943089,NA,"844260172107592146"
"844260214222598797","C15H13F2N7O","[M + H]+",6,0.00115287505194898,45.5603708400792,3.18240424463623,42.377966595443,"27","UNOLYPSFWIKMAJ","C1=CC=C(C=C1)C=CC(C(=O)NC2=CN(N=C2)CC3=NNN=N3)(F)F","(E)-2,2-difluoro-4-phenyl-N-[1-(2H-tetrazol-5-ylmethyl)pyrazol-4-yl]but-3-enamide",1.6,11,-215.311626623923,0.311475409836066,NA,"844260172107592146"
"844260214222598797","C15H13F2N7O","[M + H]+",6,0.00115287505194898,45.5603708400792,3.18240424463623,42.377966595443,"27","GIXMTDDSXCDPBC","C1C(C1(F)F)N2C(=CC=N2)CNC(=O)C3=CN(N=N3)C4=CN=CC=C4","N-[[2-(2,2-difluorocyclopropyl)pyrazol-3-yl]methyl]-1-pyridin-3-yltriazole-4-carboxamide",0.5,12,-226.375857783085,0.379032258064516,NA,"844260172107592146"
"844260214222598797","C15H13F2N7O","[M + H]+",6,0.00115287505194898,45.5603708400792,3.18240424463623,42.377966595443,"27","GXABJCVNISZUSB","CN1C=C(C=N1)NC2=NC=CC(=N2)C3=CN=C(C=C3)NC(=O)C(F)F","2,2-difluoro-N-[5-[2-[(1-methylpyrazol-4-yl)amino]pyrimidin-4-yl]pyridin-2-yl]acetamide",1.3,13,-231.772959195983,0.403225806451613,NA,"844260172107592146"
"844260214222598797","C15H13F2N7O","[M + H]+",6,0.00115287505194898,45.5603708400792,3.18240424463623,42.377966595443,"27","IBILLMHRWJAVGZ","C1=CN(N=C1)C2=NC(=NC(=N2)NCCC(=O)N)C3=CC(=CC(=C3)F)F","3-[[4-(3,5-Difluorophenyl)-6-pyrazol-1-yl-1,3,5-triazin-2-yl]amino]propanamide",1.9,14,-245.554449352729,0.360902255639098,NA,"844260172107592146"
"844260214222598797","C15H13F2N7O","[M + H]+",6,0.00115287505194898,45.5603708400792,3.18240424463623,42.377966595443,"27","AIBREDAWJNYFKG","C1C(CN1C(=O)C2=C(C=CC=C2F)F)N3C=C(N=N3)CN4N=CC=N4","(2,6-Difluorophenyl)-[3-[4-(triazol-2-ylmethyl)triazol-1-yl]azetidin-1-yl]methanone",0.7,18,-261.097481657433,0.274193548387097,NA,"844260172107592146"
"844260214222598797","C15H13F2N7O","[M + H]+",6,0.00115287505194898,45.5603708400792,3.18240424463623,42.377966595443,"27","LYANVZWCRWWOGQ","C1C(CN1C(=O)C2=CC(=C(C=C2)F)F)N3C=C(N=N3)CN4N=CC=N4","(3,4-Difluorophenyl)-[3-[4-(triazol-2-ylmethyl)triazol-1-yl]azetidin-1-yl]methanone",0.7,19,-261.935999105867,0.275590551181102,NA,"844260172107592146"
"844260214222598797","C15H13F2N7O","[M + H]+",6,0.00115287505194898,45.5603708400792,3.18240424463623,42.377966595443,"27","KLDFYAKMDGPMDJ","CN(C)C(=O)C1=CC(=C(N=C1)N)C2=NN=NN2C3=C(C(=CC=C3)F)F","6-amino-5-[1-(2,3-difluorophenyl)tetrazol-5-yl]-N,N-dimethylpyridine-3-carboxamide",1.1,20,-262.842548895777,0.37037037037037,NA,"844260172107592146"
"844260214222598798","C17H16FN3O4","[M + H]+",7,0.000324155923235866,44.2915813380494,2.02925781366573,42.2623235243837,"27",NA,NA,NA,NA,NA,NA,NA,NA,"844260172107592146"
"844260214222598799","C12H22F2NO6P","[M + H]+",8,0.0001433004414603,43.4753001089643,1.39668394850249,42.0786161604619,"27",NA,NA,NA,NA,NA,NA,NA,NA,"844260172107592146"
"844260214222598800","C9H15F4N7O3","[M + H]+",9,6.03942155447057e-05,42.6112500246902,0,42.6112500246902,"27",NA,NA,NA,NA,NA,NA,NA,NA,"844260172107592146"
"844260214222598801","C11H17N6O7","[M + H]+",10,1.36872011270919e-05,41.1268178653377,1.41455191433124,39.7122659510064,"27",NA,NA,NA,NA,NA,NA,NA,NA,"844260172107592146"
"844260213031416446","C14H16F3N4O3","[M + H]+",1,0.638526436785833,55.6395011066768,2.16944015994037,53.4700609467364,"28",NA,NA,NA,NA,NA,NA,NA,NA,"844260172111786451"
"844260213031416447","C14H17F2N3O5","[M + H]+",2,0.108848051550158,53.8702909147419,2.5076668662499,51.362624048492,"28",NA,NA,NA,NA,NA,NA,NA,NA,"844260172111786451"
"844260213031416448","C11H18F3N3O6","[M + H]+",3,0.101035711423963,53.7958120603438,0.954221540766806,52.841590519577,"28",NA,NA,NA,NA,NA,NA,NA,NA,"844260172111786451"
"844260213031416449","C9H15N9O6","[M + H]+",4,0.0970184505883052,53.7552392002075,0,53.7552392002075,"28",NA,NA,NA,NA,NA,NA,NA,NA,"844260172111786451"
"844260213031416450","C12H14F3N7O2","[M + H]+",5,0.0397875054809425,52.8638909579052,2.33278794833828,50.531103009567,"28",NA,NA,NA,NA,NA,NA,NA,NA,"844260172111786451"
"844260213031416451","C17H16FN3O4","[M + H]+",6,0.0104286218043159,51.5248921501739,2.30173266260928,49.2231594875646,"28","FVCPNISTSVVUPX","COC1=CC(=C(C=C1)O)C=NNC(=O)CNC(=O)C2=CC=C(C=C2)F","4-fluoro-N-[2-[(2Z)-2-[(2-hydroxy-5-methoxyphenyl)methylidene]hydrazinyl]-2-oxoethyl]benzamide",1.9,1,-286.862516872368,0.263473053892216,0,"844260172111786451"
"844260213031416451","C17H16FN3O4","[M + H]+",6,0.0104286218043159,51.5248921501739,2.30173266260928,49.2231594875646,"28","ZBLZEVQPDZRXNP","COC1=CC=CC(=C1O)C=NNC(=O)CNC(=O)C2=CC=C(C=C2)F","4-fluoro-N-[2-[2-[(2-hydroxy-3-methoxyphenyl)methylidene]hydrazinyl]-2-oxoethyl]benzamide",1.9,2,-335.578551377672,0.244186046511628,2,"844260172111786451"
"844260213031416451","C17H16FN3O4","[M + H]+",6,0.0104286218043159,51.5248921501739,2.30173266260928,49.2231594875646,"28","LHZAPCAVMNVKID","CCOC1=C(C=CC(=C1)C=NNC(=O)C(=O)NC2=CC=C(C=C2)F)O","N'-[(3-ethoxy-4-hydroxyphenyl)methylideneamino]-N-(4-fluorophenyl)oxamide",2.5,3,-353.438376379255,0.30379746835443,Inf,"844260172111786451"
"844260213031416451","C17H16FN3O4","[M + H]+",6,0.0104286218043159,51.5248921501739,2.30173266260928,49.2231594875646,"28","VDCWENWOWUDREX","CC1=CC(=NO1)C(=O)N2CCC3COC(=O)N3C4=C(C2)C=CC(=C4)F","14-fluoro-9-(5-methyl-1,2-oxazole-3-carbonyl)-4-oxa-2,9-diazatricyclo[9.4.0.0²,⁶]pentadeca-1(15),11,13-trien-3-one",1.9,4,-362.359047158866,0.317365269461078,NA,"844260172111786451"
"844260213031416451","C17H16FN3O4","[M + H]+",6,0.0104286218043159,51.5248921501739,2.30173266260928,49.2231594875646,"28","HAZCGTFRKOCWQZ","CC(=O)NC(CC1=CC=C(C=C1)F)C(=O)NC2=CC=C(C=C2)[N+](=O)[O-]","2-Acetamido-3-(4-fluorophenyl)-N-(4-nitrophenyl)propanamide (3c)",2.7804983,5,-362.839596210943,0.191256830601093,NA,"844260172111786451"
"844260213031416451","C17H16FN3O4","[M + H]+",6,0.0104286218043159,51.5248921501739,2.30173266260928,49.2231594875646,"28","NWVXUXFCAZFSQH","C1CN(CCN1)C2=C(C=C3C(=C2)N(C=C(C3=O)C(=O)O)C4CC4=O)F","Oxo-ciprofloxacin",0.33245212,6,-374.795552076582,0.337142857142857,NA,"844260172111786451"
"844260213031416451","C17H16FN3O4","[M + H]+",6,0.0104286218043159,51.5248921501739,2.30173266260928,49.2231594875646,"28","JKZPDGNJAAVKEG","CC(=O)NC(CC1=CC(=CC=C1)F)C(=O)NC2=CC=C(C=C2)[N+](=O)[O-]","2-Acetamido-3-(3-fluorophenyl)-N-(4-nitrophenyl)propanamide (2c)",2.4,7,-384.481226040673,0.19774011299435,NA,"844260172111786451"
"844260213031416451","C17H16FN3O4","[M + H]+",6,0.0104286218043159,51.5248921501739,2.30173266260928,49.2231594875646,"28","RYUXKVAKPFRBTB","CC(=O)NC(CC1=CC=CC=C1F)C(=O)NC2=CC=C(C=C2)[N+](=O)[O-]","2-Acetamido-3-(2-fluorophenyl)-N-(4-nitrophenyl)propanamide (1c)",2.4,8,-387.985506650634,0.193181818181818,NA,"844260172111786451"
"844260213031416451","C17H16FN3O4","[M + H]+",6,0.0104286218043159,51.5248921501739,2.30173266260928,49.2231594875646,"28","MYYZZOHRULFPOQ","C1CC1N2C=C(C(=O)C3=CC(=C(C=C32)N4CCNC(=O)C4)F)C(=O)O","Oxociprofloxacin",0.96316284,9,-417.864030753765,0.315508021390374,NA,"844260172111786451"
"844260213031416451","C17H16FN3O4","[M + H]+",6,0.0104286218043159,51.5248921501739,2.30173266260928,49.2231594875646,"28","VCWNLVLFIZZTLZ","C1C2C(CN1C(=O)C3=CC=NO3)OCC(=O)N2CC4=CC=C(C=C4)F","4-[(4-fluorophenyl)methyl]-6-(1,2-oxazole-5-carbonyl)-octahydropyrrolo[3,4-b][1,4]oxazin-3-one",0.8,10,-439.164529973008,0.25414364640884,NA,"844260172111786451"
"844260213031416452","C15H13F2N7O","[M + H]+",7,0.00206991815186832,49.907847093877,3.4358166290122,46.4720304648648,"28",NA,NA,NA,NA,NA,NA,NA,NA,"844260172111786451"
"844260213031416453","C12H22F2NO6P","[M + H]+",8,0.00183258476227701,49.7860654362449,1.43580241520589,48.350263021039,"28",NA,NA,NA,NA,NA,NA,NA,NA,"844260172111786451"
"844260213035610758","C9H15F4N7O3","[M + H]+",9,0.000235826378862598,47.7356786000521,0,47.7356786000521,"28",NA,NA,NA,NA,NA,NA,NA,NA,"844260172111786451"
"844260213035610759","C11H17N6O7","[M + H]+",10,0.000190736481116011,47.5234755439505,1.69602029793518,45.8274552460153,"28",NA,NA,NA,NA,NA,NA,NA,NA,"844260172111786451"
"844260198036779526","C14H16F3N4O3","[M + H]+",1,0.964276499166042,53.6888680851112,2.16653048959013,51.5223375955211,"29",NA,NA,NA,NA,NA,NA,NA,NA,"844260172115980756"
"844260198036779527","C11H18F3N3O6","[M + H]+",2,0.0156264631781676,49.5664558414069,0.664805128615278,48.9016507127916,"29",NA,NA,NA,NA,NA,NA,NA,NA,"844260172115980756"
"844260198036779528","C9H15N9O6","[M + H]+",3,0.00636530908179419,48.668352797187,0,48.668352797187,"29","AOMBUTLTOUELDR","CN1C2C3N(C(N2C)C4N(C1C(N4[N+](=O)[O-])N3[N+](=O)[O-])C)[N+](=O)[O-]","2,4,6-Trimethyl-8,10,12-trinitro-2,4,6,8,10,12-hexazatetracyclo[5.5.0.03,11.05,9]dodecane",1.7,1,-154.568274248557,0.1875,0,"844260172115980756"
"844260198036779528","C9H15N9O6","[M + H]+",3,0.00636530908179419,48.668352797187,0,48.668352797187,"29","BAXFLFSLUMDRCR","C(C(=O)NN)N1C(=O)N(C(=O)N(C1=O)CC(=O)NN)CC(=O)NN","2-[3,5-Bis(2-hydrazinyl-2-oxoethyl)-2,4,6-trioxo-1,3,5-triazinan-1-yl]acetohydrazide",-4.8,2,-161.332948643425,0.257425742574257,Inf,"844260172115980756"
"844260198036779529","C12H14F3N7O2","[M + H]+",4,0.00579372027439749,48.5742646264523,2.23845617367929,46.335808452773,"29","IFYXVNRZCDYQKN","C1C=CN=C(C1O)N2C(=CC(=N2)CN(N)N=C(C(F)(F)F)N)C=O","N'-[amino-[[5-formyl-1-(3-hydroxy-3,4-dihydropyridin-2-yl)pyrazol-3-yl]methyl]amino]-2,2,2-trifluoroethanimidamide",0.2,5,-234.424333805355,0.371900826446281,NA,"844260172115980756"
"844260198036779529","C12H14F3N7O2","[M + H]+",4,0.00579372027439749,48.5742646264523,2.23845617367929,46.335808452773,"29","HWXZKOZWBLQEKW","CC1=C(N(N=C1C(F)(F)F)C)NC(=O)N2CCN3C(=NNC3=O)C2","N-[2,4-dimethyl-5-(trifluoromethyl)pyrazol-3-yl]-3-oxo-2,5,6,8-tetrahydro-[1,2,4]triazolo[4,3-a]pyrazine-7-carboxamide",0,6,-238.675115465042,0.364341085271318,NA,"844260172115980756"
"844260198036779529","C12H14F3N7O2","[M + H]+",4,0.00579372027439749,48.5742646264523,2.23845617367929,46.335808452773,"29","RTTFJVBSZDECDO","CN(C)C1=NC(=NC(=N1)N)COC(=O)CN2C=CC(=N2)C(F)(F)F","[4-Amino-6-(dimethylamino)-1,3,5-triazin-2-yl]methyl 2-[3-(trifluoromethyl)pyrazol-1-yl]acetate",0.9,7,-258.100886778114,0.395348837209302,NA,"844260172115980756"
"844260198036779529","C12H14F3N7O2","[M + H]+",4,0.00579372027439749,48.5742646264523,2.23845617367929,46.335808452773,"29","PPGDMTJHHGPQCS","C1CCC2=NN(C(=O)N2CC1)CC(=O)NC3=NNC(=N3)C(F)(F)F","2-(3-oxo-6,7,8,9-tetrahydro-5H-[1,2,4]triazolo[4,3-a]azepin-2-yl)-N-[5-(trifluoromethyl)-1H-1,2,4-triazol-3-yl]acetamide",0.6,8,-280.121746550464,0.363636363636364,NA,"844260172115980756"
"844260198036779529","C12H14F3N7O2","[M + H]+",4,0.00579372027439749,48.5742646264523,2.23845617367929,46.335808452773,"29","UWEWKEWSZOLGGS","CC1CN(CCN1C2=NC3=C(C=NN3C(=N2)N)C(F)(F)F)C(=O)O","(3S)-4-[4-amino-8-(trifluoromethyl)pyrazolo[1,5-a][1,3,5]triazin-2-yl]-3-methylpiperazine-1-carboxylic acid",0.9,10,-293.124868999366,0.317880794701987,NA,"844260172115980756"
"844260198036779529","C12H14F3N7O2","[M + H]+",4,0.00579372027439749,48.5742646264523,2.23845617367929,46.335808452773,"29","YDOLGRJEXOMTBA","CC1=C(C2=NN=C(N2N=C1NCCC(=O)NC(=O)N)C(F)(F)F)C","N-carbamoyl-3-[[7,8-dimethyl-3-(trifluoromethyl)-[1,2,4]triazolo[4,3-b]pyridazin-6-yl]amino]propanamide",0.7,11,-293.257917281897,0.397058823529412,NA,"844260172115980756"
"844260198036779529","C12H14F3N7O2","[M + H]+",4,0.00579372027439749,48.5742646264523,2.23845617367929,46.335808452773,"29","YFAOZSCRWGGTHT","CN1C(=NN(C1=O)C2CCN(CC2)C(=O)C3=NC=NN3)C(F)(F)F","1-(1-(1H-1,2,4-triazole-5-carbonyl)piperidin-4-yl)-4-methyl-3-(trifluoromethyl)-1H-1,2,4-triazol-5(4H)-one",0.8,12,-327.349317523578,0.291390728476821,NA,"844260172115980756"
"844260198036779529","C12H14F3N7O2","[M + H]+",4,0.00579372027439749,48.5742646264523,2.23845617367929,46.335808452773,"29","JPUBTAPBJQSJLC","CN1C=CC(=N1)C2=C(C(=O)NC(C2)C(F)(F)F)N(C)N=NNC=O","N-[(Z)-[methyl-[4-(1-methylpyrazol-3-yl)-6-oxo-2-(trifluoromethyl)-2,3-dihydro-1H-pyridin-5-yl]amino]diazenyl]formamide",1.2,13,-345.585822653563,0.285714285714286,NA,"844260172115980756"
"844260198036779529","C12H14F3N7O2","[M + H]+",4,0.00579372027439749,48.5742646264523,2.23845617367929,46.335808452773,"29","ZOYGWZALIZNHIN","C1CN(CC1CC(=O)N)C2=NC(=NC3=NNN=C32)OCC(F)(F)F","2-[(3S)-1-[5-(2,2,2-trifluoroethoxy)-2H-triazolo[4,5-d]pyrimidin-7-yl]pyrrolidin-3-yl]acetamide",0.7,14,-358.621252162062,0.319526627218935,NA,"844260172115980756"
"844260198036779529","C12H14F3N7O2","[M + H]+",4,0.00579372027439749,48.5742646264523,2.23845617367929,46.335808452773,"29","NYHOWMBHIQJUCE","CC(=O)NC1CCN(C1)C2=NC(=NC3=NNN=C32)OCC(F)(F)F","N-[(3S)-1-[5-(2,2,2-trifluoroethoxy)-2H-triazolo[4,5-d]pyrimidin-7-yl]pyrrolidin-3-yl]acetamide",1,16,-374.568734644982,0.311764705882353,NA,"844260172115980756"
"844260198036779530","C14H17F2N3O5","[M + H]+",5,0.00473119692766563,48.3716682275045,2.25206308009174,46.1196051474127,"29","HYDWDTMGPGGKTI","COC1=CC(=C(C(=C1)F)C2CN=C(C2NC(=O)O)NOCCO)F","[3-(2,6-difluoro-4-methoxyphenyl)-5-(2-hydroxyethoxyamino)-3,4-dihydro-2H-pyrrol-4-yl]carbamic acid",0.5,15,-361.766947522922,0.262295081967213,NA,"844260172115980756"
"844260198036779530","C14H17F2N3O5","[M + H]+",5,0.00473119692766563,48.3716682275045,2.25206308009174,46.1196051474127,"29","KDWCPERQQNFZRD","CN(CCN1CCOCC1=O)C2=C(C=CC(=C2)OC(F)F)[N+](=O)[O-]","4-[2-[5-(difluoromethoxy)-N-methyl-2-nitroanilino]ethyl]morpholin-3-one",1.9,17,-375.232565123838,0.289473684210526,NA,"844260172115980756"
"844260198036779530","C14H17F2N3O5","[M + H]+",5,0.00473119692766563,48.3716682275045,2.25206308009174,46.1196051474127,"29","IWCQONMLHVONLN","CCOC(=O)N1CCN(CC1)C2=C(C=C(C(=C2CO)F)[N+](=O)[O-])F","3,6-Difluoro-2-(4-ethoxycarbonyl-1-piperazinyl)-5-nitrobenzyl alcohol",1.2,18,-376.106344840369,0.228260869565217,NA,"844260172115980756"
"844260198036779530","C14H17F2N3O5","[M + H]+",5,0.00473119692766563,48.3716682275045,2.25206308009174,46.1196051474127,"29","JAUWZCPMXGOVFY","CC1CN(CC(O1)C)C(=O)NC2=C(C=CC(=C2)[N+](=O)[O-])OC(F)F","N-[2-(difluoromethoxy)-5-nitrophenyl]-2,6-dimethylmorpholine-4-carboxamide",2.4,19,-376.967729643771,0.247422680412371,NA,"844260172115980756"
"844260198036779530","C14H17F2N3O5","[M + H]+",5,0.00473119692766563,48.3716682275045,2.25206308009174,46.1196051474127,"29","YXIAMSPSABAWNR","CC(C)(C)OC(=O)NC1COC2=C(C=CC(=N2)OC(F)F)NC1=O","tert-butyl N-[(3S)-7-(difluoromethoxy)-2-oxo-3,4-dihydro-1H-pyrido[2,3-b][1,4]oxazepin-3-yl]carbamate",2.1,20,-377.004098604499,0.270408163265306,NA,"844260172115980756"
"844260198036779530","C14H17F2N3O5","[M + H]+",5,0.00473119692766563,48.3716682275045,2.25206308009174,46.1196051474127,"29","RYYXIOLNZYBGHQ","COCCNC(=O)NC(=O)CNC1=C(C=C(C(=C1)C(=O)OC)F)F","Methyl 2,4-difluoro-5-[[2-(2-methoxyethylcarbamoylamino)-2-oxoethyl]amino]benzoate",1.3,21,-378.880738714477,0.237113402061856,NA,"844260172115980756"
"844260198036779530","C14H17F2N3O5","[M + H]+",5,0.00473119692766563,48.3716682275045,2.25206308009174,46.1196051474127,"29","CVPJVRLLJNRSGB","CCOC(=O)C(ONC(=O)N1CC(C=C(C1)C2=NC=CO2)C)(F)F","ethyl 2,2-difluoro-2-[[(3R)-3-methyl-5-(1,3-oxazol-2-yl)-3,6-dihydro-2H-pyridine-1-carbonyl]amino]oxyacetate",1.3,22,-387.855864554399,0.185567010309278,NA,"844260172115980756"
"844260198036779530","C14H17F2N3O5","[M + H]+",5,0.00473119692766563,48.3716682275045,2.25206308009174,46.1196051474127,"29","SEAHIGNPSSUMPC","CC(C(=O)NC1=CC=CC=C1OC(F)F)OC(=O)CCNC(=O)N","[(2S)-1-[2-(difluoromethoxy)anilino]-1-oxopropan-2-yl] 3-(carbamoylamino)propanoate",1,23,-421.288873932284,0.21256038647343,NA,"844260172115980756"
"844260198036779530","C14H17F2N3O5","[M + H]+",5,0.00473119692766563,48.3716682275045,2.25206308009174,46.1196051474127,"29","GQSKWIKDDRTCQV","COC1=C(C=C(C(=C1)C(=O)NCC(C2CC2)N)[N+](=O)[O-])OC(F)F","N-(2-amino-2-cyclopropylethyl)-4-(difluoromethoxy)-5-methoxy-2-nitrobenzamide",1.8,24,-421.436007023669,0.230769230769231,NA,"844260172115980756"
"844260198036779530","C14H17F2N3O5","[M + H]+",5,0.00473119692766563,48.3716682275045,2.25206308009174,46.1196051474127,"29","CKVPZSUBKHFSJC","CC(C)(C)OC(=O)N1CCC(C1OC2=C(N=CC=C2)[N+](=O)[O-])(F)F","tert-butyl (2S)-3,3-difluoro-2-(2-nitropyridin-3-yl)oxypyrrolidine-1-carboxylate",2.8,25,-423.721107425628,0.262886597938144,NA,"844260172115980756"
"844260198036779530","C14H17F2N3O5","[M + H]+",5,0.00473119692766563,48.3716682275045,2.25206308009174,46.1196051474127,"29","DVBMXBGFCSKWEE","CC(=O)NC(C1=NC2=CC(=C(C=C2N1)F)F)C(C(C(CO)O)O)O","N-[(2R)-1-(5,6-difluoro-1H-benzimidazol-2-yl)-2,3,4,5-tetrahydroxypentyl]acetamide",-1.7,26,-425.540276106031,0.317073170731707,NA,"844260172115980756"
"844260198036779530","C14H17F2N3O5","[M + H]+",5,0.00473119692766563,48.3716682275045,2.25206308009174,46.1196051474127,"29","WHKVCNFTYQCLNE","C1CN(CCC1CO)C(=O)NC2=C(C=CC(=C2)[N+](=O)[O-])OC(F)F","N-[2-(difluoromethoxy)-5-nitrophenyl]-4-(hydroxymethyl)piperidine-1-carboxamide",1.9,27,-428.531714243624,0.227722772277228,NA,"844260172115980756"
"844260198036779530","C14H17F2N3O5","[M + H]+",5,0.00473119692766563,48.3716682275045,2.25206308009174,46.1196051474127,"29","FCWVTDIMXVCREB","C1COC(CN1C(=O)NCC2=C(N=CC=C2)OCC(F)F)C(=O)O","4-[[2-(2,2-Difluoroethoxy)pyridin-3-yl]methylcarbamoyl]morpholine-2-carboxylic acid",0.4,28,-430.800627355927,0.259803921568627,NA,"844260172115980756"
"844260198036779530","C14H17F2N3O5","[M + H]+",5,0.00473119692766563,48.3716682275045,2.25206308009174,46.1196051474127,"29","UPBKGPXMJNJLOS","COCC1CC(C(O1)N2C=CC(=NC2=O)NC(=O)OCC=C)(F)F","prop-2-enyl N-[1-[(2R,5S)-3,3-difluoro-5-(methoxymethyl)oxolan-2-yl]-2-oxopyrimidin-4-yl]carbamate",0.9,29,-437.008390165354,0.221698113207547,NA,"844260172115980756"
"844260198036779530","C14H17F2N3O5","[M + H]+",5,0.00473119692766563,48.3716682275045,2.25206308009174,46.1196051474127,"29","ROORJEYJMZRBRE","CC(C)(C)OC(=O)N1CC(C(C1)(F)F)OC2=C(N=CC=C2)[N+](=O)[O-]","Tert-butyl 3,3-difluoro-4-(2-nitropyridin-3-yl)oxypyrrolidine-1-carboxylate",2.4,30,-438.134792499997,0.26865671641791,NA,"844260172115980756"
"844260198036779531","C12H22F2NO6P","[M + H]+",6,0.00182011132407959,47.4163876730608,1.48750391253176,45.928883760529,"29","VHUVXFCYSUJQFR","C[N+](C)(C)CCOP(=O)(O)OCC(COC=CF)OC=CF","[(2R)-2,3-bis[(Z)-2-fluoroethenoxy]propyl] 2-(trimethylazaniumyl)ethyl phosphate",-0.2,3,-191.984810408706,0.275,NA,"844260172115980756"
"844260198036779531","C12H22F2NO6P","[M + H]+",6,0.00182011132407959,47.4163876730608,1.48750391253176,45.928883760529,"29","WEIWQLJKRVSURI","CCOP(=O)(C(CC1COC(N1C(=O)O)(C)C)(F)F)OCC","(4S)-4-(2-diethoxyphosphoryl-2,2-difluoroethyl)-2,2-dimethyl-1,3-oxazolidine-3-carboxylic acid",1.3,4,-234.016643414483,0.257575757575758,NA,"844260172115980756"
"844260198036779531","C12H22F2NO6P","[M + H]+",6,0.00182011132407959,47.4163876730608,1.48750391253176,45.928883760529,"29","RGEHLMMNBNGZOP","CC(=C)C(=O)OCC[N+](C)(C)CCOP(=O)(O)OCC(F)F","2,2-Difluoroethyl 2-[dimethyl-[2-(2-methylprop-2-enoyloxy)ethyl]azaniumyl]ethyl phosphate",0.7,9,-280.328106645258,0.257352941176471,NA,"844260172115980756"
"844260198036779532","C9H15F4N7O3","[M + H]+",7,0.000797701291709576,46.5914689339921,0,46.5914689339921,"29",NA,NA,NA,NA,NA,NA,NA,NA,"844260172115980756"
"844260198036779533","C19H17F2NO3","[M + H]+",8,0.000246502782465884,45.4171080090969,2.28802274880685,43.1290852602901,"29",NA,NA,NA,NA,NA,NA,NA,NA,"844260172115980756"
"844260198036779534","C15H13F2N7O","[M + H]+",9,0.000128757428674064,44.7676649641025,3.23755859412505,41.5301063699775,"29",NA,NA,NA,NA,NA,NA,NA,NA,"844260172115980756"
"844260198036779535","C13H19N3O8","[M + H]+",10,5.2178255595628e-05,43.8644005764167,1.74946929875181,42.1149312776649,"29",NA,NA,NA,NA,NA,NA,NA,NA,"844260172115980756"
"844260219721331366","C17H16FN3O4","[M + Na]+",1,0.870526133275865,46.7269947586924,2.52593578846202,44.2010589702304,"30","NWVXUXFCAZFSQH","C1CN(CCN1)C2=C(C=C3C(=C2)N(C=C(C3=O)C(=O)O)C4CC4=O)F","Oxo-ciprofloxacin",0.33245212,3,-363.232933493796,0.419540229885057,NA,"844260172120175061"
"844260219721331366","C17H16FN3O4","[M + Na]+",1,0.870526133275865,46.7269947586924,2.52593578846202,44.2010589702304,"30","MYYZZOHRULFPOQ","C1CC1N2C=C(C(=O)C3=CC(=C(C=C32)N4CCNC(=O)C4)F)C(=O)O","Oxociprofloxacin",0.96316284,4,-365.611172050277,0.438888888888889,NA,"844260172120175061"
"844260219721331366","C17H16FN3O4","[M + Na]+",1,0.870526133275865,46.7269947586924,2.52593578846202,44.2010589702304,"30","HAZCGTFRKOCWQZ","CC(=O)NC(CC1=CC=C(C=C1)F)C(=O)NC2=CC=C(C=C2)[N+](=O)[O-]","2-Acetamido-3-(4-fluorophenyl)-N-(4-nitrophenyl)propanamide (3c)",2.7804983,5,-366.863304907382,0.283333333333333,NA,"844260172120175061"
"844260219721331366","C17H16FN3O4","[M + Na]+",1,0.870526133275865,46.7269947586924,2.52593578846202,44.2010589702304,"30","JKZPDGNJAAVKEG","CC(=O)NC(CC1=CC(=CC=C1)F)C(=O)NC2=CC=C(C=C2)[N+](=O)[O-]","2-Acetamido-3-(3-fluorophenyl)-N-(4-nitrophenyl)propanamide (2c)",2.4,6,-371.643925492448,0.293103448275862,NA,"844260172120175061"
"844260219721331366","C17H16FN3O4","[M + Na]+",1,0.870526133275865,46.7269947586924,2.52593578846202,44.2010589702304,"30","VCWNLVLFIZZTLZ","C1C2C(CN1C(=O)C3=CC=NO3)OCC(=O)N2CC4=CC=C(C=C4)F","4-[(4-fluorophenyl)methyl]-6-(1,2-oxazole-5-carbonyl)-octahydropyrrolo[3,4-b][1,4]oxazin-3-one",0.8,7,-381.048383725859,0.318681318681319,NA,"844260172120175061"
"844260219721331366","C17H16FN3O4","[M + Na]+",1,0.870526133275865,46.7269947586924,2.52593578846202,44.2010589702304,"30","FVCPNISTSVVUPX","COC1=CC(=C(C=C1)O)C=NNC(=O)CNC(=O)C2=CC=C(C=C2)F","4-fluoro-N-[2-[(2Z)-2-[(2-hydroxy-5-methoxyphenyl)methylidene]hydrazinyl]-2-oxoethyl]benzamide",1.9,8,-384.301396224973,0.317647058823529,NA,"844260172120175061"
"844260219721331366","C17H16FN3O4","[M + Na]+",1,0.870526133275865,46.7269947586924,2.52593578846202,44.2010589702304,"30","VDCWENWOWUDREX","CC1=CC(=NO1)C(=O)N2CCC3COC(=O)N3C4=C(C2)C=CC(=C4)F","14-fluoro-9-(5-methyl-1,2-oxazole-3-carbonyl)-4-oxa-2,9-diazatricyclo[9.4.0.0²,⁶]pentadeca-1(15),11,13-trien-3-one",1.9,10,-403.815506702169,0.370588235294118,NA,"844260172120175061"
"844260219721331366","C17H16FN3O4","[M + Na]+",1,0.870526133275865,46.7269947586924,2.52593578846202,44.2010589702304,"30","RYUXKVAKPFRBTB","CC(=O)NC(CC1=CC=CC=C1F)C(=O)NC2=CC=C(C=C2)[N+](=O)[O-]","2-Acetamido-3-(2-fluorophenyl)-N-(4-nitrophenyl)propanamide (1c)",2.4,11,-404.732809815397,0.289017341040462,NA,"844260172120175061"
"844260219721331366","C17H16FN3O4","[M + Na]+",1,0.870526133275865,46.7269947586924,2.52593578846202,44.2010589702304,"30","ZBLZEVQPDZRXNP","COC1=CC=CC(=C1O)C=NNC(=O)CNC(=O)C2=CC=C(C=C2)F","4-fluoro-N-[2-[2-[(2-hydroxy-3-methoxyphenyl)methylidene]hydrazinyl]-2-oxoethyl]benzamide",1.9,12,-412.26597727116,0.304597701149425,NA,"844260172120175061"
"844260219721331366","C17H16FN3O4","[M + Na]+",1,0.870526133275865,46.7269947586924,2.52593578846202,44.2010589702304,"30","LHZAPCAVMNVKID","CCOC1=C(C=CC(=C1)C=NNC(=O)C(=O)NC2=CC=C(C=C2)F)O","N'-[(3-ethoxy-4-hydroxyphenyl)methylideneamino]-N-(4-fluorophenyl)oxamide",2.5,13,-415.536090492762,0.311377245508982,NA,"844260172120175061"
"844260219721331367","C13H19N3O8","[M + Na]+",2,0.0567919370462628,43.99729134118,1.51292027041005,42.48437107077,"30","RSFNVYSVNQERMH","CN1C(=C(C(=O)N(C1=O)C)C=NC2C(C(C(OC2O)CO)O)O)O","2-deoxy-2-{[(1,3-dimethyl-2,4,6-trioxotetrahydropyrimidin-5(2H)-ylidene)methyl]amino}hexopyranose",-3.1,1,-335.375994086409,0.320987654320988,0,"844260172120175061"
"844260219721331367","C13H19N3O8","[M + Na]+",2,0.0567919370462628,43.99729134118,1.51292027041005,42.48437107077,"30","YXNIEZJFCGTDKV","C1=CN(C(=O)N(C1=O)CCC(C(=O)O)N)C2C(C(C(O2)CO)O)O","2-amino-4-{3-[3,4-dihydroxy-5-(hydroxymethyl)oxolan-2-yl]-2,6-dioxo-1,2,3,6-tetrahydropyrimidin-1-yl}butanoic acid",-3.2040055,2,-345.208920006243,0.256038647342995,Inf,"844260172120175061"
"844260219721331367","C13H19N3O8","[M + Na]+",2,0.0567919370462628,43.99729134118,1.51292027041005,42.48437107077,"30","QBIKARYQTKNDPS","CC(=NOCC(=O)NCC(=O)O)C1CNC(C1CC(=O)O)C(=O)O","Kaoag",-4.1,9,-403.055247524892,0.247252747252747,NA,"844260172120175061"
"844260219721331367","C13H19N3O8","[M + Na]+",2,0.0567919370462628,43.99729134118,1.51292027041005,42.48437107077,"30","ILMLVTGTUJPQFP","C1CC(NC1)C(=O)NC(CC(=O)O)C(=O)NC(CC(=O)O)C(=O)O","2-[[3-Carboxy-2-(pyrrolidine-2-carbonylamino)propanoyl]amino]butanedioic acid",-2.258851,14,-456.37159321467,0.162280701754386,NA,"844260172120175061"
"844260219721331367","C13H19N3O8","[M + Na]+",2,0.0567919370462628,43.99729134118,1.51292027041005,42.48437107077,"30","LKIYSIYBKYLKPU","C1CC(N(C1)C(=O)C(CC(=O)O)NC(=O)C(CC(=O)O)N)C(=O)O","1-[2-[(2-Amino-3-carboxypropanoyl)amino]-3-carboxypropanoyl]pyrrolidine-2-carboxylic acid",-2.709041,15,-517.772601254722,0.155893536121673,NA,"844260172120175061"
"844260219721331367","C13H19N3O8","[M + Na]+",2,0.0567919370462628,43.99729134118,1.51292027041005,42.48437107077,"30","KESWRFKUZRUTAH","C1CC(N(C1)C(=O)C(CC(=O)O)N)C(=O)NC(CC(=O)O)C(=O)O","2-[[1-(2-Amino-3-carboxypropanoyl)pyrrolidine-2-carbonyl]amino]butanedioic acid",-2.709041,16,-527.563154679889,0.139097744360902,NA,"844260172120175061"
"844260219721331368","C19H17F2NO3","[M + Na]+",3,0.0292118885487465,43.3324727474349,2.26103983997492,41.07143290746,"30",NA,NA,NA,NA,NA,NA,NA,NA,"844260172120175061"
"844260219721331369","C15H13F2N7O","[M + Na]+",4,0.0200773379089447,42.9574886907192,3.4021070441992,39.55538164652,"30",NA,NA,NA,NA,NA,NA,NA,NA,"844260172120175061"
"844260219721331370","C14H17F2N3O5","[M + Na]+",5,0.00856521741469513,42.1056064944799,2.35120012752067,39.7544063669592,"30",NA,NA,NA,NA,NA,NA,NA,NA,"844260172120175061"
"844260219721331371","C14H16F3N4O3","[M + Na]+",6,0.00632326340879792,41.8021324159814,1.99613952518634,39.8059928907951,"30",NA,NA,NA,NA,NA,NA,NA,NA,"844260172120175061"
"844260219721331372","C9H15N9O6","[M + Na]+",7,0.00428695182349057,41.4134729286787,0,41.4134729286787,"30",NA,NA,NA,NA,NA,NA,NA,NA,"844260172120175061"
"844260219721331373","C12H14F3N7O2","[M + Na]+",8,0.00251657025365043,40.8807939429914,2.04632287184867,38.8344710711427,"30",NA,NA,NA,NA,NA,NA,NA,NA,"844260172120175061"
"844260219721331374","C11H18F3N3O6","[M + Na]+",9,0.000745412202751576,39.6640790576118,0.553306902359487,39.1107721552523,"30",NA,NA,NA,NA,NA,NA,NA,NA,"844260172120175061"
"844260219721331375","C15H21FNO5P","[M + Na]+",10,0.000316420224668205,38.8072128550103,2.89327616751798,35.9139366874923,"30",NA,NA,NA,NA,NA,NA,NA,NA,"844260172120175061"
"844260211093647988","C14H16F3N4O3","[M + H]+",1,0.671327604608151,60.0672889759905,1.71894096451148,58.348348011479,"31",NA,NA,NA,NA,NA,NA,NA,NA,"844260172124369366"
"844260211093647989","C9H15N9O6","[M + H]+",2,0.153057524259662,58.5888455510555,0,58.5888455510555,"31",NA,NA,NA,NA,NA,NA,NA,NA,"844260172124369366"
"844260211093647990","C14H17F2N3O5","[M + H]+",3,0.0881115372517467,58.0366352054584,2.31377277390146,55.7228624315569,"31",NA,NA,NA,NA,NA,NA,NA,NA,"844260172124369366"
"844260211093647991","C11H18F3N3O6","[M + H]+",4,0.0637953954500025,57.713712740887,0.467582695892723,57.2461300449942,"31",NA,NA,NA,NA,NA,NA,NA,NA,"844260172124369366"
"844260211093647992","C12H14F3N7O2","[M + H]+",5,0.0191525817708931,56.5104692496337,1.83745691071817,54.6730123389155,"31",NA,NA,NA,NA,NA,NA,NA,NA,"844260172124369366"
"844260211093647993","C15H13F2N7O","[M + H]+",6,0.00315787824282688,54.707932084708,3.4654095667736,51.2425225179344,"31",NA,NA,NA,NA,NA,NA,NA,NA,"844260172124369366"
"844260211093647994","C12H22F2NO6P","[M + H]+",7,0.00101449574127243,53.5724234071871,0.759550238694449,52.8128731684926,"31",NA,NA,NA,NA,NA,NA,NA,NA,"844260172124369366"
"844260211093647995","C9H15F4N7O3","[M + H]+",8,0.000159266667824458,51.7208563992818,0,51.7208563992818,"31",NA,NA,NA,NA,NA,NA,NA,NA,"844260172124369366"
"844260211093647996","C17H16FN3O4","[M + H]+",9,0.000106691542268897,51.3202183344963,2.43586747405089,48.8843508604454,"31","FVCPNISTSVVUPX","COC1=CC(=C(C=C1)O)C=NNC(=O)CNC(=O)C2=CC=C(C=C2)F","4-fluoro-N-[2-[(2Z)-2-[(2-hydroxy-5-methoxyphenyl)methylidene]hydrazinyl]-2-oxoethyl]benzamide",1.9,1,-285.801104650255,0.258823529411765,0,"844260172124369366"
"844260211093647996","C17H16FN3O4","[M + H]+",9,0.000106691542268897,51.3202183344963,2.43586747405089,48.8843508604454,"31","ZBLZEVQPDZRXNP","COC1=CC=CC(=C1O)C=NNC(=O)CNC(=O)C2=CC=C(C=C2)F","4-fluoro-N-[2-[2-[(2-hydroxy-3-methoxyphenyl)methylidene]hydrazinyl]-2-oxoethyl]benzamide",1.9,2,-334.786864339717,0.24,2,"844260172124369366"
"844260211093647996","C17H16FN3O4","[M + H]+",9,0.000106691542268897,51.3202183344963,2.43586747405089,48.8843508604454,"31","LHZAPCAVMNVKID","CCOC1=C(C=CC(=C1)C=NNC(=O)C(=O)NC2=CC=C(C=C2)F)O","N'-[(3-ethoxy-4-hydroxyphenyl)methylideneamino]-N-(4-fluorophenyl)oxamide",2.5,3,-354.994469685809,0.290123456790123,Inf,"844260172124369366"
"844260211093647996","C17H16FN3O4","[M + H]+",9,0.000106691542268897,51.3202183344963,2.43586747405089,48.8843508604454,"31","HAZCGTFRKOCWQZ","CC(=O)NC(CC1=CC=C(C=C1)F)C(=O)NC2=CC=C(C=C2)[N+](=O)[O-]","2-Acetamido-3-(4-fluorophenyl)-N-(4-nitrophenyl)propanamide (3c)",2.7804983,4,-367.610028420156,0.188172043010753,NA,"844260172124369366"
"844260211093647996","C17H16FN3O4","[M + H]+",9,0.000106691542268897,51.3202183344963,2.43586747405089,48.8843508604454,"31","VDCWENWOWUDREX","CC1=CC(=NO1)C(=O)N2CCC3COC(=O)N3C4=C(C2)C=CC(=C4)F","14-fluoro-9-(5-methyl-1,2-oxazole-3-carbonyl)-4-oxa-2,9-diazatricyclo[9.4.0.0²,⁶]pentadeca-1(15),11,13-trien-3-one",1.9,5,-368.747772819442,0.304093567251462,NA,"844260172124369366"
"844260211093647996","C17H16FN3O4","[M + H]+",9,0.000106691542268897,51.3202183344963,2.43586747405089,48.8843508604454,"31","NWVXUXFCAZFSQH","C1CN(CCN1)C2=C(C=C3C(=C2)N(C=C(C3=O)C(=O)O)C4CC4=O)F","Oxo-ciprofloxacin",0.33245212,6,-377.264518891204,0.331460674157303,NA,"844260172124369366"
"844260211093647996","C17H16FN3O4","[M + H]+",9,0.000106691542268897,51.3202183344963,2.43586747405089,48.8843508604454,"31","RYUXKVAKPFRBTB","CC(=O)NC(CC1=CC=CC=C1F)C(=O)NC2=CC=C(C=C2)[N+](=O)[O-]","2-Acetamido-3-(2-fluorophenyl)-N-(4-nitrophenyl)propanamide (1c)",2.4,7,-388.893299198979,0.189944134078212,NA,"844260172124369366"
"844260211093647996","C17H16FN3O4","[M + H]+",9,0.000106691542268897,51.3202183344963,2.43586747405089,48.8843508604454,"31","JKZPDGNJAAVKEG","CC(=O)NC(CC1=CC(=CC=C1)F)C(=O)NC2=CC=C(C=C2)[N+](=O)[O-]","2-Acetamido-3-(3-fluorophenyl)-N-(4-nitrophenyl)propanamide (2c)",2.4,8,-389.057194241471,0.194444444444444,NA,"844260172124369366"
"844260211093647996","C17H16FN3O4","[M + H]+",9,0.000106691542268897,51.3202183344963,2.43586747405089,48.8843508604454,"31","MYYZZOHRULFPOQ","C1CC1N2C=C(C(=O)C3=CC(=C(C=C32)N4CCNC(=O)C4)F)C(=O)O","Oxociprofloxacin",0.96316284,9,-419.498386240459,0.310526315789474,NA,"844260172124369366"
"844260211093647996","C17H16FN3O4","[M + H]+",9,0.000106691542268897,51.3202183344963,2.43586747405089,48.8843508604454,"31","VCWNLVLFIZZTLZ","C1C2C(CN1C(=O)C3=CC=NO3)OCC(=O)N2CC4=CC=C(C=C4)F","4-[(4-fluorophenyl)methyl]-6-(1,2-oxazole-5-carbonyl)-octahydropyrrolo[3,4-b][1,4]oxazin-3-one",0.8,10,-447.4192750241,0.256830601092896,NA,"844260172124369366"
"844260211093647997","C11H17N6O7","[M + H]+",10,0.000105710007732634,51.3109760147187,1.0991063317076,50.2118696830111,"31",NA,NA,NA,NA,NA,NA,NA,NA,"844260172124369366"
"844260214948213394","C14H17F2N3O5","[M + H]+",1,0.366107280450354,53.177446114489,2.70723076683603,50.4702153476529,"32",NA,NA,NA,NA,NA,NA,NA,NA,"844260172128563671"
"844260214948213395","C17H16FN3O4","[M + H]+",2,0.262194225295538,52.8436052550957,2.49757955167336,50.3460257034223,"32","FVCPNISTSVVUPX","COC1=CC(=C(C=C1)O)C=NNC(=O)CNC(=O)C2=CC=C(C=C2)F","4-fluoro-N-[2-[(2Z)-2-[(2-hydroxy-5-methoxyphenyl)methylidene]hydrazinyl]-2-oxoethyl]benzamide",1.9,1,-290.291789877102,0.273809523809524,0,"844260172128563671"
"844260214948213395","C17H16FN3O4","[M + H]+",2,0.262194225295538,52.8436052550957,2.49757955167336,50.3460257034223,"32","ZBLZEVQPDZRXNP","COC1=CC=CC(=C1O)C=NNC(=O)CNC(=O)C2=CC=C(C=C2)F","4-fluoro-N-[2-[2-[(2-hydroxy-3-methoxyphenyl)methylidene]hydrazinyl]-2-oxoethyl]benzamide",1.9,2,-338.92873912439,0.254335260115607,2,"844260172128563671"
"844260214948213395","C17H16FN3O4","[M + H]+",2,0.262194225295538,52.8436052550957,2.49757955167336,50.3460257034223,"32","NWVXUXFCAZFSQH","C1CN(CCN1)C2=C(C=C3C(=C2)N(C=C(C3=O)C(=O)O)C4CC4=O)F","Oxo-ciprofloxacin",0.33245212,3,-355.943591397653,0.354285714285714,Inf,"844260172128563671"
"844260214948213395","C17H16FN3O4","[M + H]+",2,0.262194225295538,52.8436052550957,2.49757955167336,50.3460257034223,"32","LHZAPCAVMNVKID","CCOC1=C(C=CC(=C1)C=NNC(=O)C(=O)NC2=CC=C(C=C2)F)O","N'-[(3-ethoxy-4-hydroxyphenyl)methylideneamino]-N-(4-fluorophenyl)oxamide",2.5,4,-357.308161776796,0.30625,NA,"844260172128563671"
"844260214948213395","C17H16FN3O4","[M + H]+",2,0.262194225295538,52.8436052550957,2.49757955167336,50.3460257034223,"32","VDCWENWOWUDREX","CC1=CC(=NO1)C(=O)N2CCC3COC(=O)N3C4=C(C2)C=CC(=C4)F","14-fluoro-9-(5-methyl-1,2-oxazole-3-carbonyl)-4-oxa-2,9-diazatricyclo[9.4.0.0²,⁶]pentadeca-1(15),11,13-trien-3-one",1.9,5,-361.862225714568,0.319526627218935,NA,"844260172128563671"
"844260214948213395","C17H16FN3O4","[M + H]+",2,0.262194225295538,52.8436052550957,2.49757955167336,50.3460257034223,"32","HAZCGTFRKOCWQZ","CC(=O)NC(CC1=CC=C(C=C1)F)C(=O)NC2=CC=C(C=C2)[N+](=O)[O-]","2-Acetamido-3-(4-fluorophenyl)-N-(4-nitrophenyl)propanamide (3c)",2.7804983,6,-370.451884869675,0.201086956521739,NA,"844260172128563671"
"844260214948213395","C17H16FN3O4","[M + H]+",2,0.262194225295538,52.8436052550957,2.49757955167336,50.3460257034223,"32","JKZPDGNJAAVKEG","CC(=O)NC(CC1=CC(=CC=C1)F)C(=O)NC2=CC=C(C=C2)[N+](=O)[O-]","2-Acetamido-3-(3-fluorophenyl)-N-(4-nitrophenyl)propanamide (2c)",2.4,7,-383.848100004482,0.207865168539326,NA,"844260172128563671"
"844260214948213395","C17H16FN3O4","[M + H]+",2,0.262194225295538,52.8436052550957,2.49757955167336,50.3460257034223,"32","RYUXKVAKPFRBTB","CC(=O)NC(CC1=CC=CC=C1F)C(=O)NC2=CC=C(C=C2)[N+](=O)[O-]","2-Acetamido-3-(2-fluorophenyl)-N-(4-nitrophenyl)propanamide (1c)",2.4,8,-395.08894725459,0.203389830508475,NA,"844260172128563671"
"844260214948213395","C17H16FN3O4","[M + H]+",2,0.262194225295538,52.8436052550957,2.49757955167336,50.3460257034223,"32","MYYZZOHRULFPOQ","C1CC1N2C=C(C(=O)C3=CC(=C(C=C32)N4CCNC(=O)C4)F)C(=O)O","Oxociprofloxacin",0.96316284,9,-405.975280523099,0.331550802139037,NA,"844260172128563671"
"844260214948213395","C17H16FN3O4","[M + H]+",2,0.262194225295538,52.8436052550957,2.49757955167336,50.3460257034223,"32","VCWNLVLFIZZTLZ","C1C2C(CN1C(=O)C3=CC=NO3)OCC(=O)N2CC4=CC=C(C=C4)F","4-[(4-fluorophenyl)methyl]-6-(1,2-oxazole-5-carbonyl)-octahydropyrrolo[3,4-b][1,4]oxazin-3-one",0.8,10,-424.395110950018,0.263736263736264,NA,"844260172128563671"
"844260214948213396","C11H18F3N3O6","[M + H]+",3,0.188310105332751,52.5126098084088,1.15617914486125,51.3564306635475,"32",NA,NA,NA,NA,NA,NA,NA,NA,"844260172128563671"
"844260214948213397","C9H15N9O6","[M + H]+",4,0.11593769405883,52.0275726346763,0.192850912157888,51.8347217225184,"32",NA,NA,NA,NA,NA,NA,NA,NA,"844260172128563671"
"844260214948213398","C12H14F3N7O2","[M + H]+",5,0.0402417063636504,50.9694236376088,2.23574242295643,48.7336812146524,"32",NA,NA,NA,NA,NA,NA,NA,NA,"844260172128563671"
"844260214948213399","C14H16F3N4O3","[M + H]+",6,0.0160308724960221,50.0490361021405,2.01343448123845,48.035601620902,"32",NA,NA,NA,NA,NA,NA,NA,NA,"844260172128563671"
"844260214948213400","C15H13F2N7O","[M + H]+",7,0.00888564625871872,49.4589569029424,3.53498724898355,45.9239696539589,"32",NA,NA,NA,NA,NA,NA,NA,NA,"844260172128563671"
"844260214948213401","C12H22F2NO6P","[M + H]+",8,0.00204657525517599,47.9906874969518,1.37071098098461,46.6199765159672,"32",NA,NA,NA,NA,NA,NA,NA,NA,"844260172128563671"
"844260214948213402","C11H17N6O7","[M + H]+",9,0.000176859403720715,45.5421195167367,1.61803625586924,43.9240832608674,"32",NA,NA,NA,NA,NA,NA,NA,NA,"844260172128563671"
"844260214948213403","C9H15F4N7O3","[M + H]+",10,1.82586102546424e-05,43.2714011926142,0,43.2714011926142,"32",NA,NA,NA,NA,NA,NA,NA,NA,"844260172128563671"
"844260198045168144","C14H16F3N4O3","[M + H]+",1,0.981635935734111,52.2117761793359,1.77102095083523,50.4407552285007,"33",NA,NA,NA,NA,NA,NA,NA,NA,"844260172132757976"
"844260198045168145","C9H15N9O6","[M + H]+",2,0.00706011540430892,47.2770170748542,0,47.2770170748542,"33","AOMBUTLTOUELDR","CN1C2C3N(C(N2C)C4N(C1C(N4[N+](=O)[O-])N3[N+](=O)[O-])C)[N+](=O)[O-]","2,4,6-Trimethyl-8,10,12-trinitro-2,4,6,8,10,12-hexazatetracyclo[5.5.0.03,11.05,9]dodecane",1.7,1,-159.619629854197,0.15929203539823,0,"844260172132757976"
"844260198045168145","C9H15N9O6","[M + H]+",2,0.00706011540430892,47.2770170748542,0,47.2770170748542,"33","BAXFLFSLUMDRCR","C(C(=O)NN)N1C(=O)N(C(=O)N(C1=O)CC(=O)NN)CC(=O)NN","2-[3,5-Bis(2-hydrazinyl-2-oxoethyl)-2,4,6-trioxo-1,3,5-triazinan-1-yl]acetohydrazide",-4.8,2,-191.671485417214,0.210084033613445,Inf,"844260172132757976"
"844260198045168146","C11H18F3N3O6","[M + H]+",3,0.00387236497217914,46.6764211015792,0.162378413981034,46.5140426875982,"33",NA,NA,NA,NA,NA,NA,NA,NA,"844260172132757976"
"844260198045168147","C14H17F2N3O5","[M + H]+",4,0.00338671319130347,46.5424155682407,2.03465822311453,44.5077573451262,"33","KDWCPERQQNFZRD","CN(CCN1CCOCC1=O)C2=C(C=CC(=C2)OC(F)F)[N+](=O)[O-]","4-[2-[5-(difluoromethoxy)-N-methyl-2-nitroanilino]ethyl]morpholin-3-one",1.9,10,-363.43668147561,0.275510204081633,NA,"844260172132757976"
"844260198045168147","C14H17F2N3O5","[M + H]+",4,0.00338671319130347,46.5424155682407,2.03465822311453,44.5077573451262,"33","HYDWDTMGPGGKTI","COC1=CC(=C(C(=C1)F)C2CN=C(C2NC(=O)O)NOCCO)F","[3-(2,6-difluoro-4-methoxyphenyl)-5-(2-hydroxyethoxyamino)-3,4-dihydro-2H-pyrrol-4-yl]carbamic acid",0.5,11,-376.255189350661,0.229166666666667,NA,"844260172132757976"
"844260198045168147","C14H17F2N3O5","[M + H]+",4,0.00338671319130347,46.5424155682407,2.03465822311453,44.5077573451262,"33","IWCQONMLHVONLN","CCOC(=O)N1CCN(CC1)C2=C(C=C(C(=C2CO)F)[N+](=O)[O-])F","3,6-Difluoro-2-(4-ethoxycarbonyl-1-piperazinyl)-5-nitrobenzyl alcohol",1.2,12,-378.319052363758,0.203125,NA,"844260172132757976"
"844260198045168147","C14H17F2N3O5","[M + H]+",4,0.00338671319130347,46.5424155682407,2.03465822311453,44.5077573451262,"33","JAUWZCPMXGOVFY","CC1CN(CC(O1)C)C(=O)NC2=C(C=CC(=C2)[N+](=O)[O-])OC(F)F","N-[2-(difluoromethoxy)-5-nitrophenyl]-2,6-dimethylmorpholine-4-carboxamide",2.4,13,-379.357710026485,0.235,NA,"844260172132757976"
"844260198045168147","C14H17F2N3O5","[M + H]+",4,0.00338671319130347,46.5424155682407,2.03465822311453,44.5077573451262,"33","YXIAMSPSABAWNR","CC(C)(C)OC(=O)NC1COC2=C(C=CC(=N2)OC(F)F)NC1=O","tert-butyl N-[(3S)-7-(difluoromethoxy)-2-oxo-3,4-dihydro-1H-pyrido[2,3-b][1,4]oxazepin-3-yl]carbamate",2.1,15,-383.423053163869,0.245098039215686,NA,"844260172132757976"
"844260198045168147","C14H17F2N3O5","[M + H]+",4,0.00338671319130347,46.5424155682407,2.03465822311453,44.5077573451262,"33","RYYXIOLNZYBGHQ","COCCNC(=O)NC(=O)CNC1=C(C=C(C(=C1)C(=O)OC)F)F","Methyl 2,4-difluoro-5-[[2-(2-methoxyethylcarbamoylamino)-2-oxoethyl]amino]benzoate",1.3,16,-386.26187945623,0.206896551724138,NA,"844260172132757976"
"844260198045168147","C14H17F2N3O5","[M + H]+",4,0.00338671319130347,46.5424155682407,2.03465822311453,44.5077573451262,"33","CVPJVRLLJNRSGB","CCOC(=O)C(ONC(=O)N1CC(C=C(C1)C2=NC=CO2)C)(F)F","ethyl 2,2-difluoro-2-[[(3R)-3-methyl-5-(1,3-oxazol-2-yl)-3,6-dihydro-2H-pyridine-1-carbonyl]amino]oxyacetate",1.3,19,-401.092149234926,0.163366336633663,NA,"844260172132757976"
"844260198045168147","C14H17F2N3O5","[M + H]+",4,0.00338671319130347,46.5424155682407,2.03465822311453,44.5077573451262,"33","SEAHIGNPSSUMPC","CC(C(=O)NC1=CC=CC=C1OC(F)F)OC(=O)CCNC(=O)N","[(2S)-1-[2-(difluoromethoxy)anilino]-1-oxopropan-2-yl] 3-(carbamoylamino)propanoate",1,20,-433.252416353058,0.185185185185185,NA,"844260172132757976"
"844260198045168147","C14H17F2N3O5","[M + H]+",4,0.00338671319130347,46.5424155682407,2.03465822311453,44.5077573451262,"33","CKVPZSUBKHFSJC","CC(C)(C)OC(=O)N1CCC(C1OC2=C(N=CC=C2)[N+](=O)[O-])(F)F","tert-butyl (2S)-3,3-difluoro-2-(2-nitropyridin-3-yl)oxypyrrolidine-1-carboxylate",2.8,21,-434.104253049733,0.243781094527363,NA,"844260172132757976"
"844260198045168147","C14H17F2N3O5","[M + H]+",4,0.00338671319130347,46.5424155682407,2.03465822311453,44.5077573451262,"33","DVBMXBGFCSKWEE","CC(=O)NC(C1=NC2=CC(=C(C=C2N1)F)F)C(C(C(CO)O)O)O","N-[(2R)-1-(5,6-difluoro-1H-benzimidazol-2-yl)-2,3,4,5-tetrahydroxypentyl]acetamide",-1.7,22,-441.89889380219,0.285046728971963,NA,"844260172132757976"
"844260198045168147","C14H17F2N3O5","[M + H]+",4,0.00338671319130347,46.5424155682407,2.03465822311453,44.5077573451262,"33","WHKVCNFTYQCLNE","C1CN(CCC1CO)C(=O)NC2=C(C=CC(=C2)[N+](=O)[O-])OC(F)F","N-[2-(difluoromethoxy)-5-nitrophenyl]-4-(hydroxymethyl)piperidine-1-carboxamide",1.9,23,-445.112257642982,0.216346153846154,NA,"844260172132757976"
"844260198045168147","C14H17F2N3O5","[M + H]+",4,0.00338671319130347,46.5424155682407,2.03465822311453,44.5077573451262,"33","ROORJEYJMZRBRE","CC(C)(C)OC(=O)N1CC(C(C1)(F)F)OC2=C(N=CC=C2)[N+](=O)[O-]","Tert-butyl 3,3-difluoro-4-(2-nitropyridin-3-yl)oxypyrrolidine-1-carboxylate",2.4,24,-450.476078854978,0.25,NA,"844260172132757976"
"844260198045168147","C14H17F2N3O5","[M + H]+",4,0.00338671319130347,46.5424155682407,2.03465822311453,44.5077573451262,"33","FCWVTDIMXVCREB","C1COC(CN1C(=O)NCC2=C(N=CC=C2)OCC(F)F)C(=O)O","4-[[2-(2,2-Difluoroethoxy)pyridin-3-yl]methylcarbamoyl]morpholine-2-carboxylic acid",0.4,25,-452.967423964527,0.235849056603774,NA,"844260172132757976"
"844260198045168147","C14H17F2N3O5","[M + H]+",4,0.00338671319130347,46.5424155682407,2.03465822311453,44.5077573451262,"33","GQSKWIKDDRTCQV","COC1=C(C=C(C(=C1)C(=O)NCC(C2CC2)N)[N+](=O)[O-])OC(F)F","N-(2-amino-2-cyclopropylethyl)-4-(difluoromethoxy)-5-methoxy-2-nitrobenzamide",1.8,26,-455.704737575525,0.213953488372093,NA,"844260172132757976"
"844260198045168147","C14H17F2N3O5","[M + H]+",4,0.00338671319130347,46.5424155682407,2.03465822311453,44.5077573451262,"33","UPBKGPXMJNJLOS","COCC1CC(C(O1)N2C=CC(=NC2=O)NC(=O)OCC=C)(F)F","prop-2-enyl N-[1-[(2R,5S)-3,3-difluoro-5-(methoxymethyl)oxolan-2-yl]-2-oxopyrimidin-4-yl]carbamate",0.9,27,-461.781954664891,0.205479452054795,NA,"844260172132757976"
"844260198045168148","C12H14F3N7O2","[M + H]+",5,0.00321035887899426,46.4889384084657,1.80801972969995,44.6809186787657,"33","HWXZKOZWBLQEKW","CC1=C(N(N=C1C(F)(F)F)C)NC(=O)N2CCN3C(=NNC3=O)C2","N-[2,4-dimethyl-5-(trifluoromethyl)pyrazol-3-yl]-3-oxo-2,5,6,8-tetrahydro-[1,2,4]triazolo[4,3-a]pyrazine-7-carboxamide",0,3,-250.964300333059,0.323943661971831,NA,"844260172132757976"
"844260198045168148","C12H14F3N7O2","[M + H]+",5,0.00321035887899426,46.4889384084657,1.80801972969995,44.6809186787657,"33","IFYXVNRZCDYQKN","C1C=CN=C(C1O)N2C(=CC(=N2)CN(N)N=C(C(F)(F)F)N)C=O","N'-[amino-[[5-formyl-1-(3-hydroxy-3,4-dihydropyridin-2-yl)pyrazol-3-yl]methyl]amino]-2,2,2-trifluoroethanimidamide",0.2,4,-257.554716179896,0.328358208955224,NA,"844260172132757976"
"844260198045168148","C12H14F3N7O2","[M + H]+",5,0.00321035887899426,46.4889384084657,1.80801972969995,44.6809186787657,"33","RTTFJVBSZDECDO","CN(C)C1=NC(=NC(=N1)N)COC(=O)CN2C=CC(=N2)C(F)(F)F","[4-Amino-6-(dimethylamino)-1,3,5-triazin-2-yl]methyl 2-[3-(trifluoromethyl)pyrazol-1-yl]acetate",0.9,5,-265.95692196605,0.342657342657343,NA,"844260172132757976"
"844260198045168148","C12H14F3N7O2","[M + H]+",5,0.00321035887899426,46.4889384084657,1.80801972969995,44.6809186787657,"33","UWEWKEWSZOLGGS","CC1CN(CCN1C2=NC3=C(C=NN3C(=N2)N)C(F)(F)F)C(=O)O","(3S)-4-[4-amino-8-(trifluoromethyl)pyrazolo[1,5-a][1,3,5]triazin-2-yl]-3-methylpiperazine-1-carboxylic acid",0.9,6,-296.912635059032,0.302469135802469,NA,"844260172132757976"
"844260198045168148","C12H14F3N7O2","[M + H]+",5,0.00321035887899426,46.4889384084657,1.80801972969995,44.6809186787657,"33","PPGDMTJHHGPQCS","C1CCC2=NN(C(=O)N2CC1)CC(=O)NC3=NNC(=N3)C(F)(F)F","2-(3-oxo-6,7,8,9-tetrahydro-5H-[1,2,4]triazolo[4,3-a]azepin-2-yl)-N-[5-(trifluoromethyl)-1H-1,2,4-triazol-3-yl]acetamide",0.6,7,-298.609062494434,0.306122448979592,NA,"844260172132757976"
"844260198045168148","C12H14F3N7O2","[M + H]+",5,0.00321035887899426,46.4889384084657,1.80801972969995,44.6809186787657,"33","YDOLGRJEXOMTBA","CC1=C(C2=NN=C(N2N=C1NCCC(=O)NC(=O)N)C(F)(F)F)C","N-carbamoyl-3-[[7,8-dimethyl-3-(trifluoromethyl)-[1,2,4]triazolo[4,3-b]pyridazin-6-yl]amino]propanamide",0.7,8,-318.55324785883,0.355704697986577,NA,"844260172132757976"
"844260198045168148","C12H14F3N7O2","[M + H]+",5,0.00321035887899426,46.4889384084657,1.80801972969995,44.6809186787657,"33","YFAOZSCRWGGTHT","CN1C(=NN(C1=O)C2CCN(CC2)C(=O)C3=NC=NN3)C(F)(F)F","1-(1-(1H-1,2,4-triazole-5-carbonyl)piperidin-4-yl)-4-methyl-3-(trifluoromethyl)-1H-1,2,4-triazol-5(4H)-one",0.8,9,-350.897092911674,0.254545454545455,NA,"844260172132757976"
"844260198045168148","C12H14F3N7O2","[M + H]+",5,0.00321035887899426,46.4889384084657,1.80801972969995,44.6809186787657,"33","ZOYGWZALIZNHIN","C1CN(CC1CC(=O)N)C2=NC(=NC3=NNN=C32)OCC(F)(F)F","2-[(3S)-1-[5-(2,2,2-trifluoroethoxy)-2H-triazolo[4,5-d]pyrimidin-7-yl]pyrrolidin-3-yl]acetamide",0.7,14,-380.066492069984,0.298342541436464,NA,"844260172132757976"
"844260198045168148","C12H14F3N7O2","[M + H]+",5,0.00321035887899426,46.4889384084657,1.80801972969995,44.6809186787657,"33","NYHOWMBHIQJUCE","CC(=O)NC1CCN(C1)C2=NC(=NC3=NNN=C32)OCC(F)(F)F","N-[(3S)-1-[5-(2,2,2-trifluoroethoxy)-2H-triazolo[4,5-d]pyrimidin-7-yl]pyrrolidin-3-yl]acetamide",1,17,-389.229060912676,0.298342541436464,NA,"844260172132757976"
"844260198045168148","C12H14F3N7O2","[M + H]+",5,0.00321035887899426,46.4889384084657,1.80801972969995,44.6809186787657,"33","JPUBTAPBJQSJLC","CN1C=CC(=N1)C2=C(C(=O)NC(C2)C(F)(F)F)N(C)N=NNC=O","N-[(Z)-[methyl-[4-(1-methylpyrazol-3-yl)-6-oxo-2-(trifluoromethyl)-2,3-dihydro-1H-pyridin-5-yl]amino]diazenyl]formamide",1.2,18,-396.224871771217,0.248447204968944,NA,"844260172132757976"
"844260198045168149","C17H16FN3O4","[M + H]+",6,0.000332874822198043,44.2225669082747,2.18767982553338,42.0348870827413,"33",NA,NA,NA,NA,NA,NA,NA,NA,"844260172132757976"
"844260198045168150","C15H13F2N7O","[M + H]+",7,0.000223920713571827,43.8260924302098,3.24894701481699,40.5771454153928,"33",NA,NA,NA,NA,NA,NA,NA,NA,"844260172132757976"
"844260198045168151","C12H22F2NO6P","[M + H]+",8,0.000144039805800094,43.3848900888249,0.82631810125739,42.5585719875675,"33",NA,NA,NA,NA,NA,NA,NA,NA,"844260172132757976"
"844260198045168152","C9H15F4N7O3","[M + H]+",9,0.000100547487454309,43.0254305261648,0,43.0254305261648,"33",NA,NA,NA,NA,NA,NA,NA,NA,"844260172132757976"
"844260198045168153","C11H17N6O7","[M + H]+",10,1.74369904697378e-05,41.2733942370623,1.0418773029515,40.2315169341108,"33",NA,NA,NA,NA,NA,NA,NA,NA,"844260172132757976"
"844260202746982958","C14H17F2N3O5","[M + H]+",1,0.476740688510586,58.5827799093965,2.42100033041737,56.1617795789791,"34",NA,NA,NA,NA,NA,NA,NA,NA,"844260172136952281"
"844260202746982959","C9H15N9O6","[M + H]+",2,0.309019690103425,58.1492121931705,0,58.1492121931705,"34",NA,NA,NA,NA,NA,NA,NA,NA,"844260172136952281"
"844260202746982960","C11H18F3N3O6","[M + H]+",3,0.210166611950541,57.7637078026758,0.567098350059854,57.1966094526159,"34",NA,NA,NA,NA,NA,NA,NA,NA,"844260172136952281"
"844260202746982961","C12H22F2NO6P","[M + H]+",4,0.00223101128547965,53.2182621702077,0.739277258795675,52.4789849114121,"34",NA,NA,NA,NA,NA,NA,NA,NA,"844260172136952281"
"844260202746982962","C17H16FN3O4","[M + H]+",5,0.000966444272116893,52.3816755548137,2.54711813597173,49.8345574188419,"34","FVCPNISTSVVUPX","COC1=CC(=C(C=C1)O)C=NNC(=O)CNC(=O)C2=CC=C(C=C2)F","4-fluoro-N-[2-[(2Z)-2-[(2-hydroxy-5-methoxyphenyl)methylidene]hydrazinyl]-2-oxoethyl]benzamide",1.9,1,-296.32138725186,0.272189349112426,0,"844260172136952281"
"844260202746982962","C17H16FN3O4","[M + H]+",5,0.000966444272116893,52.3816755548137,2.54711813597173,49.8345574188419,"34","NWVXUXFCAZFSQH","C1CN(CCN1)C2=C(C=C3C(=C2)N(C=C(C3=O)C(=O)O)C4CC4=O)F","Oxo-ciprofloxacin",0.33245212,2,-335.674708704927,0.36,Inf,"844260172136952281"
"844260202746982962","C17H16FN3O4","[M + H]+",5,0.000966444272116893,52.3816755548137,2.54711813597173,49.8345574188419,"34","ZBLZEVQPDZRXNP","COC1=CC=CC(=C1O)C=NNC(=O)CNC(=O)C2=CC=C(C=C2)F","4-fluoro-N-[2-[2-[(2-hydroxy-3-methoxyphenyl)methylidene]hydrazinyl]-2-oxoethyl]benzamide",1.9,3,-346.621736967585,0.252873563218391,NA,"844260172136952281"
"844260202746982962","C17H16FN3O4","[M + H]+",5,0.000966444272116893,52.3816755548137,2.54711813597173,49.8345574188419,"34","LHZAPCAVMNVKID","CCOC1=C(C=CC(=C1)C=NNC(=O)C(=O)NC2=CC=C(C=C2)F)O","N'-[(3-ethoxy-4-hydroxyphenyl)methylideneamino]-N-(4-fluorophenyl)oxamide",2.5,4,-350.069362626212,0.296296296296296,NA,"844260172136952281"
"844260202746982962","C17H16FN3O4","[M + H]+",5,0.000966444272116893,52.3816755548137,2.54711813597173,49.8345574188419,"34","HAZCGTFRKOCWQZ","CC(=O)NC(CC1=CC=C(C=C1)F)C(=O)NC2=CC=C(C=C2)[N+](=O)[O-]","2-Acetamido-3-(4-fluorophenyl)-N-(4-nitrophenyl)propanamide (3c)",2.7804983,5,-371.324052434856,0.193548387096774,NA,"844260172136952281"
"844260202746982962","C17H16FN3O4","[M + H]+",5,0.000966444272116893,52.3816755548137,2.54711813597173,49.8345574188419,"34","VDCWENWOWUDREX","CC1=CC(=NO1)C(=O)N2CCC3COC(=O)N3C4=C(C2)C=CC(=C4)F","14-fluoro-9-(5-methyl-1,2-oxazole-3-carbonyl)-4-oxa-2,9-diazatricyclo[9.4.0.0²,⁶]pentadeca-1(15),11,13-trien-3-one",1.9,6,-381.981974481895,0.325443786982249,NA,"844260172136952281"
"844260202746982962","C17H16FN3O4","[M + H]+",5,0.000966444272116893,52.3816755548137,2.54711813597173,49.8345574188419,"34","JKZPDGNJAAVKEG","CC(=O)NC(CC1=CC(=CC=C1)F)C(=O)NC2=CC=C(C=C2)[N+](=O)[O-]","2-Acetamido-3-(3-fluorophenyl)-N-(4-nitrophenyl)propanamide (2c)",2.4,7,-387.711988301712,0.2,NA,"844260172136952281"
"844260202746982962","C17H16FN3O4","[M + H]+",5,0.000966444272116893,52.3816755548137,2.54711813597173,49.8345574188419,"34","RYUXKVAKPFRBTB","CC(=O)NC(CC1=CC=CC=C1F)C(=O)NC2=CC=C(C=C2)[N+](=O)[O-]","2-Acetamido-3-(2-fluorophenyl)-N-(4-nitrophenyl)propanamide (1c)",2.4,8,-401.891679460457,0.195530726256983,NA,"844260172136952281"
"844260202746982962","C17H16FN3O4","[M + H]+",5,0.000966444272116893,52.3816755548137,2.54711813597173,49.8345574188419,"34","MYYZZOHRULFPOQ","C1CC1N2C=C(C(=O)C3=CC(=C(C=C32)N4CCNC(=O)C4)F)C(=O)O","Oxociprofloxacin",0.96316284,9,-402.212085946538,0.336898395721925,NA,"844260172136952281"
"844260202746982962","C17H16FN3O4","[M + H]+",5,0.000966444272116893,52.3816755548137,2.54711813597173,49.8345574188419,"34","VCWNLVLFIZZTLZ","C1C2C(CN1C(=O)C3=CC=NO3)OCC(=O)N2CC4=CC=C(C=C4)F","4-[(4-fluorophenyl)methyl]-6-(1,2-oxazole-5-carbonyl)-octahydropyrrolo[3,4-b][1,4]oxazin-3-one",0.8,10,-416.444154733761,0.255434782608696,NA,"844260172136952281"
"844260202751177267","C12H14F3N7O2","[M + H]+",6,0.000562673237112402,51.8407509810553,1.72841716949411,50.1123338115612,"34",NA,NA,NA,NA,NA,NA,NA,NA,"844260172136952281"
"844260202751177268","C14H16F3N4O3","[M + H]+",7,0.000126485789341046,50.3481818819355,1.57658313288538,48.7715987490501,"34",NA,NA,NA,NA,NA,NA,NA,NA,"844260172136952281"
"844260202751177269","C11H17N6O7","[M + H]+",8,0.000104413573551853,50.156411599165,1.00304075400742,49.1533708451576,"34",NA,NA,NA,NA,NA,NA,NA,NA,"844260172136952281"
"844260202751177270","C15H13F2N7O","[M + H]+",9,6.75971122135156e-05,49.7216171807046,3.43262155231999,46.2889956283847,"34",NA,NA,NA,NA,NA,NA,NA,NA,"844260172136952281"
"844260202751177271","C9H15F4N7O3","[M + H]+",10,5.89153174481638e-06,47.2815679397,0,47.2815679397,"34",NA,NA,NA,NA,NA,NA,NA,NA,"844260172136952281"
"844260256182416168","C17H19N3O3S","[M + H]+",1,0.728918232948651,65.1336364129925,0,65.1336364129925,"35","SUBDBMMJDZJVOS","CC1=CN=C(C(=C1OC)C)CS(=O)C2=NC3=C(N2)C=C(C=C3)OC","6-methoxy-2-[(4-methoxy-3,5-dimethylpyridin-2-yl)methanesulfinyl]-1H-1,3-benzodiazole",2.6206226,1,-6.27802730914326,0.991803278688525,0,"844260172141146586"
"844260256182416168","C17H19N3O3S","[M + H]+",1,0.728918232948651,65.1336364129925,0,65.1336364129925,"35","ZWNARYKSNTWUOM","C1CN(CN1CC2=CC=CC=C2)C(=O)C3=CC=C(C=C3)S(=O)(=O)N","4-[3-(Phenylmethyl)imidazolidin-1-yl]carbonylbenzenesulfonamide",1.3,13,-452.157980872494,0.140845070422535,NA,"844260172141146586"
"844260256182416168","C17H19N3O3S","[M + H]+",1,0.728918232948651,65.1336364129925,0,65.1336364129925,"35","FDDLMBKEDYPNER","C1CN(CCN1CCC(=O)C2=CC=CS2)C3=CC=C(C=C3)[N+](=O)[O-]","3-[4-(4-Nitrophenyl)piperazino]-1-(2-thienyl)-1-propanone",3,14,-502.530984678863,0.145631067961165,NA,"844260172141146586"
"844260256182416168","C17H19N3O3S","[M + H]+",1,0.728918232948651,65.1336364129925,0,65.1336364129925,"35","SJXKOSOSNRUTAX","C1CN(CCN1CC2=CC=CO2)C(=S)NC3=CC4=C(C=C3)OCO4","N-(1,3-benzodioxol-5-yl)-4-(furan-2-ylmethyl)piperazin-4-ium-1-carbothioamide",1.9,15,-517.60742117622,0.233502538071066,NA,"844260172141146586"
"844260256182416168","C17H19N3O3S","[M + H]+",1,0.728918232948651,65.1336364129925,0,65.1336364129925,"35","HVGVNYJRZJHYBS","CC1=CC(=C(C=C1)S(=O)(=O)NC2=CC3=C(C=C2)N(C(=O)N3C)C)C","N-(1,3-dimethyl-2-oxo-2,3-dihydro-1H-benzimidazol-5-yl)-2,4-dimethylbenzenesulfonamide",2.2,16,-532.201584862907,0.315789473684211,NA,"844260172141146586"
"844260256182416168","C17H19N3O3S","[M + H]+",1,0.728918232948651,65.1336364129925,0,65.1336364129925,"35","LJAVIEUWQYYONW","COC1=CC=C(C=C1)C2=NC(=NC=C2)SCC(=O)N3CCOCC3","2-[[4-(4-Methoxyphenyl)-2-pyrimidinyl]thio]-1-(4-morpholinyl)ethanone",1.8,17,-555.067986553918,0.312796208530806,NA,"844260172141146586"
"844260256182416168","C17H19N3O3S","[M + H]+",1,0.728918232948651,65.1336364129925,0,65.1336364129925,"35","IBAYUWQIQGOLBX","CCOC1=C(C=CC(=C1)C=NNC(=S)NC2=CC=C(C=C2)OC)O","1-[(3-Ethoxy-4-hydroxyphenyl)methylideneamino]-3-(4-methoxyphenyl)thiourea",3.1,18,-556.903530468674,0.25,NA,"844260172141146586"
"844260256182416168","C17H19N3O3S","[M + H]+",1,0.728918232948651,65.1336364129925,0,65.1336364129925,"35","ABBDYGNALLZFNP","COC1=C(C=C(C=C1)C(=O)NNC(=S)NCC2=CC=CC=C2)OC","N-Benzyl-2-(3,4-dimethoxybenzoyl)hydrazinecarbothioamide",2.6,19,-572.189872893392,0.162790697674419,NA,"844260172141146586"
"844260256182416168","C17H19N3O3S","[M + H]+",1,0.728918232948651,65.1336364129925,0,65.1336364129925,"35","KMCSXFINGGBOFP","C1CN(CC2=CC=CC=C21)CC(=O)NC3=CC=C(C=C3)S(=O)(=O)N","N-(4-sulfamoylphenyl)-2-(1,2,3,4-tetrahydroisoquinolin-2-yl)acetamide",1.3,20,-576.570536432018,0.134453781512605,NA,"844260172141146586"
"844260256182416168","C17H19N3O3S","[M + H]+",1,0.728918232948651,65.1336364129925,0,65.1336364129925,"35","AIBMIQGSVBRQNH","COC1=CC(=CC(=C1OC)OC)C=NNC(=S)NC2=CC=CC=C2","(Phenylcarbamothioylamino)-[(3,4,5-trimethoxyphenyl)methylidene]azanium",3.1,21,-582.609222193749,0.182692307692308,NA,"844260172141146586"
"844260256182416168","C17H19N3O3S","[M + H]+",1,0.728918232948651,65.1336364129925,0,65.1336364129925,"35","HHTWCWCZKQRKRJ","CN1C2=CC=CC=C2N(C3=CC=CC=C3S1(=O)=O)C(=O)CN(C)C","6-Methyl-6,11-dihydro-11-((N,N-dimethylamino)acetyl)dibenzo(c,f)-(1,2,5)-thiadiazepine 5,5-dioxide",1.7,22,-617.237187942788,0.198952879581152,NA,"844260172141146586"
"844260256182416168","C17H19N3O3S","[M + H]+",1,0.728918232948651,65.1336364129925,0,65.1336364129925,"35","RSMGOJOYNVIKHB","COC1=C(C(=C(C=C1)C=NNC(=S)NC2=CC=CC=C2)OC)OC","1-Phenyl-3-[(2,3,4-trimethoxyphenyl)methylideneamino]thiourea",3.1,23,-617.382688898588,0.207920792079208,NA,"844260172141146586"
"844260256182416168","C17H19N3O3S","[M + H]+",1,0.728918232948651,65.1336364129925,0,65.1336364129925,"35","RHRSBTVNCCOGDJ","CC1=CC(=NC(=N1)SC(C2=CC=CC=C2)C(=O)O)N3CCOCC3","(2S)-2-(4-methyl-6-morpholin-4-ylpyrimidin-2-yl)sulfanyl-2-phenylacetate",2.8,24,-626.248439286096,0.206730769230769,NA,"844260172141146586"
"844260256182416168","C17H19N3O3S","[M + H]+",1,0.728918232948651,65.1336364129925,0,65.1336364129925,"35","YPHDMWLZRDJBET","CC(=O)N1CCC2=CC=CC=C2C1C3=C(N(C(=S)N(C3=O)C)C)O","5-(2-acetyl-1,2,3,4-tetrahydroisoquinolin-1-yl)-6-hydroxy-1,3-dimethyl-2-sulfanylidene-1,2,3,4-tetrahydropyrimidin-4-one",0.9,25,-642.862766909901,0.166666666666667,NA,"844260172141146586"
"844260256182416168","C17H19N3O3S","[M + H]+",1,0.728918232948651,65.1336364129925,0,65.1336364129925,"35","FUYKCLPJJPJJTN","COC1=CC(=C(C=C1C=NNC(=S)NC2=CC=CC=C2)OC)OC","(Phenylcarbamothioylamino)-[(2,4,5-trimethoxyphenyl)methylidene]azanium",3.1,26,-645.717790554699,0.203980099502488,NA,"844260172141146586"
"844260256182416169","C14H20FN3O4S","[M + H]+",2,0.203916340671641,63.8597846655679,0,63.8597846655679,"35",NA,NA,NA,NA,NA,NA,NA,NA,"844260172141146586"
"844260256182416170","C14H22ClN4O2S","[M + H]+",3,0.0612024568278683,62.6562621835411,0,62.6562621835411,"35",NA,NA,NA,NA,NA,NA,NA,NA,"844260172141146586"
"844260256182416171","C15H13F2N7O","[M + H]+",4,0.00394252343020114,59.9138958334004,3.37705504801635,56.5368407853841,"35",NA,NA,NA,NA,NA,NA,NA,NA,"844260172141146586"
"844260256182416172","C13H20BClN2O6","[M + H]+",5,0.00181377735935111,59.1374864600962,0,59.1374864600962,"35","RJXOEUFRQATKAB","[B-](C(CC1=CC=C(C=C1)Cl)NC(=O)C)(O)(O)OCC(C(=O)O)N","[(1R)-1-acetamido-2-(4-chlorophenyl)ethyl]-[(2S)-2-amino-3-hydroxy-3-oxo-propoxy]-dihydroxy-boron",0.87474024,3,-320.70663908379,0.287671232876712,NA,"844260172141146586"
"844260256182416173","C17H16FN3O4","[M + H]+",6,0.000121014267310088,56.4302280218996,2.33177401163406,54.0984540102655,"35","FVCPNISTSVVUPX","COC1=CC(=C(C=C1)O)C=NNC(=O)CNC(=O)C2=CC=C(C=C2)F","4-fluoro-N-[2-[(2Z)-2-[(2-hydroxy-5-methoxyphenyl)methylidene]hydrazinyl]-2-oxoethyl]benzamide",1.9,2,-274.902223947,0.303030303030303,Inf,"844260172141146586"
"844260256182416173","C17H16FN3O4","[M + H]+",6,0.000121014267310088,56.4302280218996,2.33177401163406,54.0984540102655,"35","ZBLZEVQPDZRXNP","COC1=CC=CC(=C1O)C=NNC(=O)CNC(=O)C2=CC=C(C=C2)F","4-fluoro-N-[2-[2-[(2-hydroxy-3-methoxyphenyl)methylidene]hydrazinyl]-2-oxoethyl]benzamide",1.9,4,-331.267381156195,0.282352941176471,NA,"844260172141146586"
"844260256182416173","C17H16FN3O4","[M + H]+",6,0.000121014267310088,56.4302280218996,2.33177401163406,54.0984540102655,"35","NWVXUXFCAZFSQH","C1CN(CCN1)C2=C(C=C3C(=C2)N(C=C(C3=O)C(=O)O)C4CC4=O)F","Oxo-ciprofloxacin",0.33245212,5,-333.884788250738,0.375722543352601,NA,"844260172141146586"
"844260256182416173","C17H16FN3O4","[M + H]+",6,0.000121014267310088,56.4302280218996,2.33177401163406,54.0984540102655,"35","LHZAPCAVMNVKID","CCOC1=C(C=CC(=C1)C=NNC(=O)C(=O)NC2=CC=C(C=C2)F)O","N'-[(3-ethoxy-4-hydroxyphenyl)methylideneamino]-N-(4-fluorophenyl)oxamide",2.5,6,-342.497343719435,0.329113924050633,NA,"844260172141146586"
"844260256182416173","C17H16FN3O4","[M + H]+",6,0.000121014267310088,56.4302280218996,2.33177401163406,54.0984540102655,"35","VDCWENWOWUDREX","CC1=CC(=NO1)C(=O)N2CCC3COC(=O)N3C4=C(C2)C=CC(=C4)F","14-fluoro-9-(5-methyl-1,2-oxazole-3-carbonyl)-4-oxa-2,9-diazatricyclo[9.4.0.0²,⁶]pentadeca-1(15),11,13-trien-3-one",1.9,7,-373.671193056741,0.333333333333333,NA,"844260172141146586"
"844260256182416173","C17H16FN3O4","[M + H]+",6,0.000121014267310088,56.4302280218996,2.33177401163406,54.0984540102655,"35","HAZCGTFRKOCWQZ","CC(=O)NC(CC1=CC=C(C=C1)F)C(=O)NC2=CC=C(C=C2)[N+](=O)[O-]","2-Acetamido-3-(4-fluorophenyl)-N-(4-nitrophenyl)propanamide (3c)",2.7804983,8,-378.299291198653,0.2,NA,"844260172141146586"
"844260256182416173","C17H16FN3O4","[M + H]+",6,0.000121014267310088,56.4302280218996,2.33177401163406,54.0984540102655,"35","MYYZZOHRULFPOQ","C1CC1N2C=C(C(=O)C3=CC(=C(C=C32)N4CCNC(=O)C4)F)C(=O)O","Oxociprofloxacin",0.96316284,9,-388.321289861552,0.358695652173913,NA,"844260172141146586"
"844260256182416173","C17H16FN3O4","[M + H]+",6,0.000121014267310088,56.4302280218996,2.33177401163406,54.0984540102655,"35","JKZPDGNJAAVKEG","CC(=O)NC(CC1=CC(=CC=C1)F)C(=O)NC2=CC=C(C=C2)[N+](=O)[O-]","2-Acetamido-3-(3-fluorophenyl)-N-(4-nitrophenyl)propanamide (2c)",2.4,10,-391.041875080275,0.206703910614525,NA,"844260172141146586"
"844260256182416173","C17H16FN3O4","[M + H]+",6,0.000121014267310088,56.4302280218996,2.33177401163406,54.0984540102655,"35","RYUXKVAKPFRBTB","CC(=O)NC(CC1=CC=CC=C1F)C(=O)NC2=CC=C(C=C2)[N+](=O)[O-]","2-Acetamido-3-(2-fluorophenyl)-N-(4-nitrophenyl)propanamide (1c)",2.4,11,-420.222986133289,0.202247191011236,NA,"844260172141146586"
"844260256182416173","C17H16FN3O4","[M + H]+",6,0.000121014267310088,56.4302280218996,2.33177401163406,54.0984540102655,"35","VCWNLVLFIZZTLZ","C1C2C(CN1C(=O)C3=CC=NO3)OCC(=O)N2CC4=CC=C(C=C4)F","4-[(4-fluorophenyl)methyl]-6-(1,2-oxazole-5-carbonyl)-octahydropyrrolo[3,4-b][1,4]oxazin-3-one",0.8,12,-444.922180175176,0.262295081967213,NA,"844260172141146586"
"844260256182416174","C14H17F2N3O5","[M + H]+",7,4.76347864431461e-05,55.4978828735569,2.38083994999087,53.117042923566,"35",NA,NA,NA,NA,NA,NA,NA,NA,"844260172141146586"
"844260256182416175","C11H18F3N3O6","[M + H]+",8,1.14585444522762e-05,54.0730552636751,0.686001403848517,53.3870538598265,"35",NA,NA,NA,NA,NA,NA,NA,NA,"844260172141146586"
"844260256182416176","C9H15N9O6","[M + H]+",9,7.35888127949763e-06,53.6302274927196,0,53.6302274927196,"35",NA,NA,NA,NA,NA,NA,NA,NA,"844260172141146586"
"844260256182416177","C14H16F3N4O3","[M + H]+",10,6.3083576136331e-06,53.4761949311729,1.85885736589822,51.6173375652747,"35",NA,NA,NA,NA,NA,NA,NA,NA,"844260172141146586"
"844260203460014648","C17H16FN3O4","[M + H]+",1,0.281414984741302,47.1010155047376,2.45696085773455,44.6440546470031,"36","HUACEUAGDOKFRA","CC1=C(C=C(C=C1)F)NC(=O)CNC(=O)C2=CC(=C(C=C2)C)[N+](=O)[O-]","N-[2-(5-fluoro-2-methylanilino)-2-oxoethyl]-4-methyl-3-nitrobenzamide",2.8,13,-215.604161308711,0.237179487179487,NA,"844260172141146587"
"844260203460014648","C17H16FN3O4","[M + H]+",1,0.281414984741302,47.1010155047376,2.45696085773455,44.6440546470031,"36","OLVHFTHXMQGFTJ","CC1=CC(=C(C=C1)NC(=O)C2=C(C=CC(=C2)[N+](=O)[O-])NC(=O)CF)C","N-(2,4-Dimethylphenyl)-2-(2-fluoroacetamido)-5-nitrobenzamide",3.4,16,-231.538750379598,0.231292517006803,NA,"844260172141146587"
"844260203460014648","C17H16FN3O4","[M + H]+",1,0.281414984741302,47.1010155047376,2.45696085773455,44.6440546470031,"36","JYGCCMHOHMOCHN","COC1=CC(=C(C=C1)OC)NC(=O)CN2C3=C(C=C(C=C3)F)NC2=O","N-(2,5-dimethoxyphenyl)-2-(5-fluoro-2-oxo-3H-benzimidazol-1-yl)acetamide",1.7,18,-235.010567344357,0.492857142857143,NA,"844260172141146587"
"844260203460014648","C17H16FN3O4","[M + H]+",1,0.281414984741302,47.1010155047376,2.45696085773455,44.6440546470031,"36","UCSFQLGHANDYFD","CC1=C(C(=CC=C1)NC(=O)C2=C(C=CC(=C2)[N+](=O)[O-])NC(=O)CF)C","N-(2-fluoroacetamido-5-nitrobenzoyl)-2,3-dimethylaniline",3.4,19,-235.246941846343,0.232876712328767,NA,"844260172141146587"
"844260203460014648","C17H16FN3O4","[M + H]+",1,0.281414984741302,47.1010155047376,2.45696085773455,44.6440546470031,"36","UNYACWKKYGKRRP","COC1=CC(=C(C=C1)NC(=O)CN2C3=C(C=C(C=C3)F)NC2=O)OC","N-(2,4-dimethoxyphenyl)-2-(5-fluoro-2-oxo-3H-benzimidazol-1-yl)acetamide",1.7,20,-235.643550295929,0.437908496732026,NA,"844260172141146587"
"844260203460014648","C17H16FN3O4","[M + H]+",1,0.281414984741302,47.1010155047376,2.45696085773455,44.6440546470031,"36","VIBFDRRGMQTBRN","COC1=CC=CN2C1=NC(=C(C2=O)CO)NC3=CC=C(C=C3)OCF","2-[4-(Fluoromethoxy)anilino]-3-(hydroxymethyl)-9-methoxypyrido[1,2-a]pyrimidin-4-one",2.1,24,-252.167083055738,0.409395973154362,NA,"844260172141146587"
"844260203460014648","C17H16FN3O4","[M + H]+",1,0.281414984741302,47.1010155047376,2.45696085773455,44.6440546470031,"36","DYHUYECVADCOMH","CC1=C(C=C(C=C1)C(=O)NCCNC(=O)C2=CC(=CC=C2)[N+](=O)[O-])F","3-fluoro-4-methyl-N-[2-[(3-nitrobenzoyl)amino]ethyl]benzamide",2.5,25,-253.409628696386,0.212903225806452,NA,"844260172141146587"
"844260203460014648","C17H16FN3O4","[M + H]+",1,0.281414984741302,47.1010155047376,2.45696085773455,44.6440546470031,"36","OZXBHYOPBZHISH","COC1=CC(=CC(=C1OC)OC)NC(=O)C2=CN3C=C(C=CC3=N2)F","6-fluoro-N-(3,4,5-trimethoxyphenyl)imidazo[1,2-a]pyridine-2-carboxamide",2.9,26,-254.109170201306,0.462585034013605,NA,"844260172141146587"
"844260203460014648","C17H16FN3O4","[M + H]+",1,0.281414984741302,47.1010155047376,2.45696085773455,44.6440546470031,"36","ZNJSHDBWLSXPBX","CCC1=NOC(=C1)CNC(=O)C2=COC(=N2)COC3=CC=CC=C3F","N-[(3-ethyl-1,2-oxazol-5-yl)methyl]-2-[(2-fluorophenoxy)methyl]-1,3-oxazole-4-carboxamide",2.4,27,-254.954803020559,0.335664335664336,NA,"844260172141146587"
"844260203460014648","C17H16FN3O4","[M + H]+",1,0.281414984741302,47.1010155047376,2.45696085773455,44.6440546470031,"36","KGVCMHWTLKLZCC","COC1=C(C=C(C=C1)NC(=O)CN2C3=C(C=C(C=C3)F)NC2=O)OC","N-(3,4-dimethoxyphenyl)-2-(5-fluoro-2-oxo-3H-benzimidazol-1-yl)acetamide",1.7,29,-259.200339414884,0.464052287581699,NA,"844260172141146587"
"844260203460014648","C17H16FN3O4","[M + H]+",1,0.281414984741302,47.1010155047376,2.45696085773455,44.6440546470031,"36","DFUHVGHEWASGIO","CCC1=NOC(=C1)CNC(=O)C2=COC(=N2)COC3=CC(=CC=C3)F","N-[(3-ethyl-5-isoxazolyl)methyl]-2-[(3-fluorophenoxy)methyl]-1,3-oxazole-4-carboxamide",2.4,31,-259.826578480525,0.345070422535211,NA,"844260172141146587"
"844260203460014648","C17H16FN3O4","[M + H]+",1,0.281414984741302,47.1010155047376,2.45696085773455,44.6440546470031,"36","BNUJDUBCNUBRET","COC1=CC(=C(C=C1)OC)C=NNC(=O)C(=O)NC2=CC=CC=C2F","N'-[(2,5-dimethoxyphenyl)methylideneamino]-N-(2-fluorophenyl)oxamide",2.5,32,-259.84162363113,0.289308176100629,NA,"844260172141146587"
"844260203460014648","C17H16FN3O4","[M + H]+",1,0.281414984741302,47.1010155047376,2.45696085773455,44.6440546470031,"36","NZAMJZMOEJJATN","CCC1=CC=C(C=C1)C(=O)NNC(=O)C2=CC(=C(C(=C2)F)C)[N+](=O)[O-]","N'-(4-ethylbenzoyl)-3-fluoro-4-methyl-5-nitrobenzohydrazide",3.5,36,-263.888517770887,0.210884353741497,NA,"844260172141146587"
"844260203460014648","C17H16FN3O4","[M + H]+",1,0.281414984741302,47.1010155047376,2.45696085773455,44.6440546470031,"36","BZILGAWLURRBGG","COC1=CC(=C(C=C1)OC)C=NNC(=O)C(=O)NC2=CC=C(C=C2)F","N'-[(2,5-dimethoxyphenyl)methylideneamino]-N-(4-fluorophenyl)oxamide",2.5,37,-264.783823813058,0.30188679245283,NA,"844260172141146587"
"844260203460014648","C17H16FN3O4","[M + H]+",1,0.281414984741302,47.1010155047376,2.45696085773455,44.6440546470031,"36","RRQLCAIBPRRUCX","CCN1C2=C(C(=CC=C2)F)N=C1COC3=C(C=CC(=C3)[N+](=O)[O-])OC","1-Ethyl-4-fluoro-2-[(2-methoxy-5-nitrophenoxy)methyl]benzimidazole",3.1,38,-265.315230038168,0.468531468531469,NA,"844260172141146587"
"844260203460014649","C14H17F2N3O5","[M + H]+",2,0.227435213629473,46.888050533375,2.4098806643099,44.4781698690651,"36","KDWCPERQQNFZRD","CN(CCN1CCOCC1=O)C2=C(C=CC(=C2)OC(F)F)[N+](=O)[O-]","4-[2-[5-(difluoromethoxy)-N-methyl-2-nitroanilino]ethyl]morpholin-3-one",1.9,324,-354.641063749119,0.302702702702703,NA,"844260172141146587"
"844260203460014649","C14H17F2N3O5","[M + H]+",2,0.227435213629473,46.888050533375,2.4098806643099,44.4781698690651,"36","JAUWZCPMXGOVFY","CC1CN(CC(O1)C)C(=O)NC2=C(C=CC(=C2)[N+](=O)[O-])OC(F)F","N-[2-(difluoromethoxy)-5-nitrophenyl]-2,6-dimethylmorpholine-4-carboxamide",2.4,327,-355.489912359173,0.259259259259259,NA,"844260172141146587"
"844260203460014649","C14H17F2N3O5","[M + H]+",2,0.227435213629473,46.888050533375,2.4098806643099,44.4781698690651,"36","HYDWDTMGPGGKTI","COC1=CC(=C(C(=C1)F)C2CN=C(C2NC(=O)O)NOCCO)F","[3-(2,6-difluoro-4-methoxyphenyl)-5-(2-hydroxyethoxyamino)-3,4-dihydro-2H-pyrrol-4-yl]carbamic acid",0.5,329,-355.89433474165,0.25414364640884,NA,"844260172141146587"
"844260203460014649","C14H17F2N3O5","[M + H]+",2,0.227435213629473,46.888050533375,2.4098806643099,44.4781698690651,"36","RYYXIOLNZYBGHQ","COCCNC(=O)NC(=O)CNC1=C(C=C(C(=C1)C(=O)OC)F)F","Methyl 2,4-difluoro-5-[[2-(2-methoxyethylcarbamoylamino)-2-oxoethyl]amino]benzoate",1.3,333,-357.227571292085,0.235602094240838,NA,"844260172141146587"
"844260203460014649","C14H17F2N3O5","[M + H]+",2,0.227435213629473,46.888050533375,2.4098806643099,44.4781698690651,"36","YXIAMSPSABAWNR","CC(C)(C)OC(=O)NC1COC2=C(C=CC(=N2)OC(F)F)NC1=O","tert-butyl N-[(3S)-7-(difluoromethoxy)-2-oxo-3,4-dihydro-1H-pyrido[2,3-b][1,4]oxazepin-3-yl]carbamate",2.1,356,-361.520103221379,0.282722513089005,NA,"844260172141146587"
"844260203460014649","C14H17F2N3O5","[M + H]+",2,0.227435213629473,46.888050533375,2.4098806643099,44.4781698690651,"36","IWCQONMLHVONLN","CCOC(=O)N1CCN(CC1)C2=C(C=C(C(=C2CO)F)[N+](=O)[O-])F","3,6-Difluoro-2-(4-ethoxycarbonyl-1-piperazinyl)-5-nitrobenzyl alcohol",1.2,364,-363.783160000364,0.21978021978022,NA,"844260172141146587"
"844260203460014649","C14H17F2N3O5","[M + H]+",2,0.227435213629473,46.888050533375,2.4098806643099,44.4781698690651,"36","CVPJVRLLJNRSGB","CCOC(=O)C(ONC(=O)N1CC(C=C(C1)C2=NC=CO2)C)(F)F","ethyl 2,2-difluoro-2-[[(3R)-3-methyl-5-(1,3-oxazol-2-yl)-3,6-dihydro-2H-pyridine-1-carbonyl]amino]oxyacetate",1.3,411,-377.335513170581,0.195767195767196,NA,"844260172141146587"
"844260203460014649","C14H17F2N3O5","[M + H]+",2,0.227435213629473,46.888050533375,2.4098806643099,44.4781698690651,"36","SEAHIGNPSSUMPC","CC(C(=O)NC1=CC=CC=C1OC(F)F)OC(=O)CCNC(=O)N","[(2S)-1-[2-(difluoromethoxy)anilino]-1-oxopropan-2-yl] 3-(carbamoylamino)propanoate",1,477,-399.316751506149,0.222772277227723,NA,"844260172141146587"
"844260203460014649","C14H17F2N3O5","[M + H]+",2,0.227435213629473,46.888050533375,2.4098806643099,44.4781698690651,"36","CKVPZSUBKHFSJC","CC(C)(C)OC(=O)N1CCC(C1OC2=C(N=CC=C2)[N+](=O)[O-])(F)F","tert-butyl (2S)-3,3-difluoro-2-(2-nitropyridin-3-yl)oxypyrrolidine-1-carboxylate",2.8,506,-407.201588212095,0.268421052631579,NA,"844260172141146587"
"844260203460014649","C14H17F2N3O5","[M + H]+",2,0.227435213629473,46.888050533375,2.4098806643099,44.4781698690651,"36","UPBKGPXMJNJLOS","COCC1CC(C(O1)N2C=CC(=NC2=O)NC(=O)OCC=C)(F)F","prop-2-enyl N-[1-[(2R,5S)-3,3-difluoro-5-(methoxymethyl)oxolan-2-yl]-2-oxopyrimidin-4-yl]carbamate",0.9,529,-414.087786923422,0.225961538461538,NA,"844260172141146587"
"844260203460014649","C14H17F2N3O5","[M + H]+",2,0.227435213629473,46.888050533375,2.4098806643099,44.4781698690651,"36","WHKVCNFTYQCLNE","C1CN(CCC1CO)C(=O)NC2=C(C=CC(=C2)[N+](=O)[O-])OC(F)F","N-[2-(difluoromethoxy)-5-nitrophenyl]-4-(hydroxymethyl)piperidine-1-carboxamide",1.9,541,-417.227326749641,0.232323232323232,NA,"844260172141146587"
"844260203460014649","C14H17F2N3O5","[M + H]+",2,0.227435213629473,46.888050533375,2.4098806643099,44.4781698690651,"36","GQSKWIKDDRTCQV","COC1=C(C=C(C(=C1)C(=O)NCC(C2CC2)N)[N+](=O)[O-])OC(F)F","N-(2-amino-2-cyclopropylethyl)-4-(difluoromethoxy)-5-methoxy-2-nitrobenzamide",1.8,544,-419.329352219718,0.241379310344828,NA,"844260172141146587"
"844260203460014649","C14H17F2N3O5","[M + H]+",2,0.227435213629473,46.888050533375,2.4098806643099,44.4781698690651,"36","ROORJEYJMZRBRE","CC(C)(C)OC(=O)N1CC(C(C1)(F)F)OC2=C(N=CC=C2)[N+](=O)[O-]","Tert-butyl 3,3-difluoro-4-(2-nitropyridin-3-yl)oxypyrrolidine-1-carboxylate",2.4,563,-424.67984348212,0.274111675126904,NA,"844260172141146587"
"844260203460014649","C14H17F2N3O5","[M + H]+",2,0.227435213629473,46.888050533375,2.4098806643099,44.4781698690651,"36","FCWVTDIMXVCREB","C1COC(CN1C(=O)NCC2=C(N=CC=C2)OCC(F)F)C(=O)O","4-[[2-(2,2-Difluoroethoxy)pyridin-3-yl]methylcarbamoyl]morpholine-2-carboxylic acid",0.4,571,-426.063664556001,0.265,NA,"844260172141146587"
"844260203460014649","C14H17F2N3O5","[M + H]+",2,0.227435213629473,46.888050533375,2.4098806643099,44.4781698690651,"36","DVBMXBGFCSKWEE","CC(=O)NC(C1=NC2=CC(=C(C=C2N1)F)F)C(C(C(CO)O)O)O","N-[(2R)-1-(5,6-difluoro-1H-benzimidazol-2-yl)-2,3,4,5-tetrahydroxypentyl]acetamide",-1.7,580,-430.11254191149,0.310344827586207,NA,"844260172141146587"
"844260203460014650","C14H16F3N4O3","[M + H]+",3,0.198333483238438,46.7511349834966,1.64487662564357,45.106258357853,"36",NA,NA,NA,NA,NA,NA,NA,NA,"844260172141146587"
"844260203460014651","C9H15N9O6","[M + H]+",4,0.112443034664394,46.1836318456582,0,46.1836318456582,"36","AOMBUTLTOUELDR","CN1C2C3N(C(N2C)C4N(C1C(N4[N+](=O)[O-])N3[N+](=O)[O-])C)[N+](=O)[O-]","2,4,6-Trimethyl-8,10,12-trinitro-2,4,6,8,10,12-hexazatetracyclo[5.5.0.03,11.05,9]dodecane",1.7,3,-161.713723901332,0.178217821782178,NA,"844260172141146587"
"844260203460014651","C9H15N9O6","[M + H]+",4,0.112443034664394,46.1836318456582,0,46.1836318456582,"36","BAXFLFSLUMDRCR","C(C(=O)NN)N1C(=O)N(C(=O)N(C1=O)CC(=O)NN)CC(=O)NN","2-[3,5-Bis(2-hydrazinyl-2-oxoethyl)-2,4,6-trioxo-1,3,5-triazinan-1-yl]acetohydrazide",-4.8,4,-169.712759966958,0.233644859813084,NA,"844260172141146587"
"844260203460014652","C11H18F3N3O6","[M + H]+",5,0.108718430940329,46.1499464484178,0.625700439622382,45.5242460087955,"36",NA,NA,NA,NA,NA,NA,NA,NA,"844260172141146587"
"844260203460014653","C15H13F2N7O","[M + H]+",6,0.0541406816605787,45.4527709856036,3.3567956734013,42.0959753122023,"36","YTRLNEAYBRWQPJ","CC(C1=NOC(=N1)CC2=NC=NN2)C3=NC4=CC=CC=C4N3C(F)F","3-[1-[1-(difluoromethyl)benzimidazol-2-yl]ethyl]-5-(1H-1,2,4-triazol-5-ylmethyl)-1,2,4-oxadiazole",2.9,1,-149.323588373907,0.518518518518518,0,"844260172141146587"
"844260203460014653","C15H13F2N7O","[M + H]+",6,0.0541406816605787,45.4527709856036,3.3567956734013,42.0959753122023,"36","JTSTWKIGATWXTF","CC1=NC(=NC(=N1)N)C2=C(N=CC(=C2)F)NC3=CC(=C(N=C3)OC)F","4-(5-Fluoro-2-(5-fluoro-6-methoxypyridin-3-ylamino)pyridin-3-YL)-6-methyl-1,3,5-triazin-2-amine",1.9,2,-157.712294157096,0.490909090909091,Inf,"844260172141146587"
"844260203460014653","C15H13F2N7O","[M + H]+",6,0.0541406816605787,45.4527709856036,3.3567956734013,42.0959753122023,"36","MQVBBWVQXHPMPR","C1=CC(=C(C(=C1)F)CN(NC2=CNN=C2)NC(=O)C3=CN=CN=C3)F","N'-[(2,6-difluorophenyl)methyl]-N'-(1H-pyrazol-4-ylamino)pyrimidine-5-carbohydrazide",2.1,5,-179.56537297774,0.432432432432432,NA,"844260172141146587"
"844260203460014653","C15H13F2N7O","[M + H]+",6,0.0541406816605787,45.4527709856036,3.3567956734013,42.0959753122023,"36","ICKITLLBYZLHFH","CC1=NC2=NON=C2C(=C1CC3=NC(=C(C=C3)NCC(F)F)C#N)N",NA,2.5,6,-187.851949235585,0.422413793103448,NA,"844260172141146587"
"844260203460014653","C15H13F2N7O","[M + H]+",6,0.0541406816605787,45.4527709856036,3.3567956734013,42.0959753122023,"36","VBSXQQWDJBMXPB","C1=CC(=C(C(=C1)F)CNC2=NC(=NC=C2C(=O)N)NC3=CNN=C3)F","4-[(2,6-difluorophenyl)methylamino]-2-(1H-pyrazol-4-ylamino)pyrimidine-5-carboxamide",1.8,7,-188.568383560103,0.4,NA,"844260172141146587"
"844260203460014653","C15H13F2N7O","[M + H]+",6,0.0541406816605787,45.4527709856036,3.3567956734013,42.0959753122023,"36","FMIKZRJTWLKBRN","CC1=C(N=C(C(=N1)C(=O)NCC2=C(C=CC=C2F)F)N)N3N=CC=N3","3-amino-N-[(2,6-difluorophenyl)methyl]-6-methyl-5-(triazol-2-yl)pyrazine-2-carboxamide",2,8,-192.221627615975,0.391666666666667,NA,"844260172141146587"
"844260203460014653","C15H13F2N7O","[M + H]+",6,0.0541406816605787,45.4527709856036,3.3567956734013,42.0959753122023,"36","HJSFOUOOTROZTO","CC1=NC2=NC=NN2C(=C1CC3=NC(=C(C=C3)C#N)OCC(F)F)N","6-[(7-Amino-5-methyl-[1,2,4]triazolo[1,5-a]pyrimidin-6-yl)methyl]-2-(2,2-difluoroethoxy)pyridine-3-carbonitrile",1.9,9,-192.570943916633,0.432,NA,"844260172141146587"
"844260203460014653","C15H13F2N7O","[M + H]+",6,0.0541406816605787,45.4527709856036,3.3567956734013,42.0959753122023,"36","WPYPMWYYODXLIP","CC1=CC(=NC(=N1)N)NC2=CN(N=C2C(=O)N)C3=C(C=CC=C3F)F","4-[(2-Amino-6-methylpyrimidin-4-yl)amino]-1-(2,6-difluorophenyl)pyrazole-3-carboxamide",2.1,10,-193.762406287018,0.439024390243902,NA,"844260172141146587"
"844260203460014653","C15H13F2N7O","[M + H]+",6,0.0541406816605787,45.4527709856036,3.3567956734013,42.0959753122023,"36","UNOLYPSFWIKMAJ","C1=CC=C(C=C1)C=CC(C(=O)NC2=CN(N=C2)CC3=NNN=N3)(F)F","(E)-2,2-difluoro-4-phenyl-N-[1-(2H-tetrazol-5-ylmethyl)pyrazol-4-yl]but-3-enamide",1.6,12,-215.42922282085,0.308943089430894,NA,"844260172141146587"
"844260203460014653","C15H13F2N7O","[M + H]+",6,0.0541406816605787,45.4527709856036,3.3567956734013,42.0959753122023,"36","GIXMTDDSXCDPBC","C1C(C1(F)F)N2C(=CC=N2)CNC(=O)C3=CN(N=N3)C4=CN=CC=C4","N-[[2-(2,2-difluorocyclopropyl)pyrazol-3-yl]methyl]-1-pyridin-3-yltriazole-4-carboxamide",0.5,14,-224.30322191967,0.387096774193548,NA,"844260172141146587"
"844260203460014653","C15H13F2N7O","[M + H]+",6,0.0541406816605787,45.4527709856036,3.3567956734013,42.0959753122023,"36","GXABJCVNISZUSB","CN1C=C(C=N1)NC2=NC=CC(=N2)C3=CN=C(C=C3)NC(=O)C(F)F","2,2-difluoro-N-[5-[2-[(1-methylpyrazol-4-yl)amino]pyrimidin-4-yl]pyridin-2-yl]acetamide",1.3,15,-226.398482114598,0.4,NA,"844260172141146587"
"844260203460014653","C15H13F2N7O","[M + H]+",6,0.0541406816605787,45.4527709856036,3.3567956734013,42.0959753122023,"36","IBILLMHRWJAVGZ","C1=CN(N=C1)C2=NC(=NC(=N2)NCCC(=O)N)C3=CC(=CC(=C3)F)F","3-[[4-(3,5-Difluorophenyl)-6-pyrazol-1-yl-1,3,5-triazin-2-yl]amino]propanamide",1.9,21,-246.191338129651,0.358208955223881,NA,"844260172141146587"
"844260203460014653","C15H13F2N7O","[M + H]+",6,0.0541406816605787,45.4527709856036,3.3567956734013,42.0959753122023,"36","KLDFYAKMDGPMDJ","CN(C)C(=O)C1=CC(=C(N=C1)N)C2=NN=NN2C3=C(C(=CC=C3)F)F","6-amino-5-[1-(2,3-difluorophenyl)tetrazol-5-yl]-N,N-dimethylpyridine-3-carboxamide",1.1,30,-259.666248008995,0.377777777777778,NA,"844260172141146587"
"844260203460014653","C15H13F2N7O","[M + H]+",6,0.0541406816605787,45.4527709856036,3.3567956734013,42.0959753122023,"36","AIBREDAWJNYFKG","C1C(CN1C(=O)C2=C(C=CC=C2F)F)N3C=C(N=N3)CN4N=CC=N4","(2,6-Difluorophenyl)-[3-[4-(triazol-2-ylmethyl)triazol-1-yl]azetidin-1-yl]methanone",0.7,33,-261.754657447054,0.272,NA,"844260172141146587"
"844260203460014653","C15H13F2N7O","[M + H]+",6,0.0541406816605787,45.4527709856036,3.3567956734013,42.0959753122023,"36","LXNFGOMEISTOMK","C1CN(CC1(F)F)C2=NN3C(=NC=C3C(=O)NC4=NN=CC=C4)C=C2","6-(3,3-difluoropyrrolidin-1-yl)-N-pyridazin-3-ylimidazo[1,2-b]pyridazine-3-carboxamide",1,34,-262.720293872465,0.376923076923077,NA,"844260172141146587"
"844260203460014654","C12H14F3N7O2","[M + H]+",7,0.0160403212479831,44.2362907409622,1.78986809283465,42.4464226481275,"36","HWXZKOZWBLQEKW","CC1=C(N(N=C1C(F)(F)F)C)NC(=O)N2CCN3C(=NNC3=O)C2","N-[2,4-dimethyl-5-(trifluoromethyl)pyrazol-3-yl]-3-oxo-2,5,6,8-tetrahydro-[1,2,4]triazolo[4,3-a]pyrazine-7-carboxamide",0,22,-248.272219693742,0.34375,NA,"844260172141146587"
"844260203460014654","C12H14F3N7O2","[M + H]+",7,0.0160403212479831,44.2362907409622,1.78986809283465,42.4464226481275,"36","IFYXVNRZCDYQKN","C1C=CN=C(C1O)N2C(=CC(=N2)CN(N)N=C(C(F)(F)F)N)C=O","N'-[amino-[[5-formyl-1-(3-hydroxy-3,4-dihydropyridin-2-yl)pyrazol-3-yl]methyl]amino]-2,2,2-trifluoroethanimidamide",0.2,23,-251.824208370474,0.372881355932203,NA,"844260172141146587"
"844260203460014654","C12H14F3N7O2","[M + H]+",7,0.0160403212479831,44.2362907409622,1.78986809283465,42.4464226481275,"36","RTTFJVBSZDECDO","CN(C)C1=NC(=NC(=N1)N)COC(=O)CN2C=CC(=N2)C(F)(F)F","[4-Amino-6-(dimethylamino)-1,3,5-triazin-2-yl]methyl 2-[3-(trifluoromethyl)pyrazol-1-yl]acetate",0.9,28,-255.483406050121,0.396825396825397,NA,"844260172141146587"
"844260203460014654","C12H14F3N7O2","[M + H]+",7,0.0160403212479831,44.2362907409622,1.78986809283465,42.4464226481275,"36","PPGDMTJHHGPQCS","C1CCC2=NN(C(=O)N2CC1)CC(=O)NC3=NNC(=N3)C(F)(F)F","2-(3-oxo-6,7,8,9-tetrahydro-5H-[1,2,4]triazolo[4,3-a]azepin-2-yl)-N-[5-(trifluoromethyl)-1H-1,2,4-triazol-3-yl]acetamide",0.6,73,-288.115201764799,0.343511450381679,NA,"844260172141146587"
"844260203460014654","C12H14F3N7O2","[M + H]+",7,0.0160403212479831,44.2362907409622,1.78986809283465,42.4464226481275,"36","UWEWKEWSZOLGGS","CC1CN(CCN1C2=NC3=C(C=NN3C(=N2)N)C(F)(F)F)C(=O)O","(3S)-4-[4-amino-8-(trifluoromethyl)pyrazolo[1,5-a][1,3,5]triazin-2-yl]-3-methylpiperazine-1-carboxylic acid",0.9,89,-292.886370199533,0.317567567567568,NA,"844260172141146587"
"844260203460014654","C12H14F3N7O2","[M + H]+",7,0.0160403212479831,44.2362907409622,1.78986809283465,42.4464226481275,"36","YDOLGRJEXOMTBA","CC1=C(C2=NN=C(N2N=C1NCCC(=O)NC(=O)N)C(F)(F)F)C","N-carbamoyl-3-[[7,8-dimethyl-3-(trifluoromethyl)-[1,2,4]triazolo[4,3-b]pyridazin-6-yl]amino]propanamide",0.7,118,-303.064486691159,0.377777777777778,NA,"844260172141146587"
"844260203460014654","C12H14F3N7O2","[M + H]+",7,0.0160403212479831,44.2362907409622,1.78986809283465,42.4464226481275,"36","YFAOZSCRWGGTHT","CN1C(=NN(C1=O)C2CCN(CC2)C(=O)C3=NC=NN3)C(F)(F)F","1-(1-(1H-1,2,4-triazole-5-carbonyl)piperidin-4-yl)-4-methyl-3-(trifluoromethyl)-1H-1,2,4-triazol-5(4H)-one",0.8,256,-339.516221970056,0.273333333333333,NA,"844260172141146587"
"844260203460014654","C12H14F3N7O2","[M + H]+",7,0.0160403212479831,44.2362907409622,1.78986809283465,42.4464226481275,"36","JPUBTAPBJQSJLC","CN1C=CC(=N1)C2=C(C(=O)NC(C2)C(F)(F)F)N(C)N=NNC=O","N-[(Z)-[methyl-[4-(1-methylpyrazol-3-yl)-6-oxo-2-(trifluoromethyl)-2,3-dihydro-1H-pyridin-5-yl]amino]diazenyl]formamide",1.2,360,-363.154458389538,0.293706293706294,NA,"844260172141146587"
"844260203460014654","C12H14F3N7O2","[M + H]+",7,0.0160403212479831,44.2362907409622,1.78986809283465,42.4464226481275,"36","ZOYGWZALIZNHIN","C1CN(CC1CC(=O)N)C2=NC(=NC3=NNN=C32)OCC(F)(F)F","2-[(3S)-1-[5-(2,2,2-trifluoroethoxy)-2H-triazolo[4,5-d]pyrimidin-7-yl]pyrrolidin-3-yl]acetamide",0.7,374,-366.553026582845,0.319277108433735,NA,"844260172141146587"
"844260203460014654","C12H14F3N7O2","[M + H]+",7,0.0160403212479831,44.2362907409622,1.78986809283465,42.4464226481275,"36","NYHOWMBHIQJUCE","CC(=O)NC1CCN(C1)C2=NC(=NC3=NNN=C32)OCC(F)(F)F","N-[(3S)-1-[5-(2,2,2-trifluoroethoxy)-2H-triazolo[4,5-d]pyrimidin-7-yl]pyrrolidin-3-yl]acetamide",1,415,-377.836246410462,0.311377245508982,NA,"844260172141146587"
"844260203460014655","C12H22F2NO6P","[M + H]+",8,0.00129469607883891,41.7194610902479,0.970734214232928,40.748726876015,"36","VHUVXFCYSUJQFR","C[N+](C)(C)CCOP(=O)(O)OCC(COC=CF)OC=CF","[(2R)-2,3-bis[(Z)-2-fluoroethenoxy]propyl] 2-(trimethylazaniumyl)ethyl phosphate",-0.2,11,-195.621053417615,0.288135593220339,NA,"844260172141146587"
"844260203460014655","C12H22F2NO6P","[M + H]+",8,0.00129469607883891,41.7194610902479,0.970734214232928,40.748726876015,"36","WEIWQLJKRVSURI","CCOP(=O)(C(CC1COC(N1C(=O)O)(C)C)(F)F)OCC","(4S)-4-(2-diethoxyphosphoryl-2,2-difluoroethyl)-2,2-dimethyl-1,3-oxazolidine-3-carboxylic acid",1.3,17,-233.62267720606,0.27906976744186,NA,"844260172141146587"
"844260203460014655","C12H22F2NO6P","[M + H]+",8,0.00129469607883891,41.7194610902479,0.970734214232928,40.748726876015,"36","RGEHLMMNBNGZOP","CC(=C)C(=O)OCC[N+](C)(C)CCOP(=O)(O)OCC(F)F","2,2-Difluoroethyl 2-[dimethyl-[2-(2-methylprop-2-enoyloxy)ethyl]azaniumyl]ethyl phosphate",0.7,70,-286.087237008109,0.287878787878788,NA,"844260172141146587"
"844260203460014656","C11H17N6O7","[M + H]+",9,6.56938015183951e-05,38.738434407623,1.0912245878905,37.6472098197325,"36",NA,NA,NA,NA,NA,NA,NA,NA,"844260172141146587"
"844260203460014657","C9H15F4N7O3","[M + H]+",10,5.43462923832829e-05,38.5488062256345,0,38.5488062256345,"36",NA,NA,NA,NA,NA,NA,NA,NA,"844260172141146587"
"844260247152079626","C14H20FN3O4S","[M + H]+",1,0.848662559201181,58.0336115586301,0,58.0336115586301,"37",NA,NA,NA,NA,NA,NA,NA,NA,"844260172145340892"
"844260247152079627","C17H19N3O3S","[M + H]+",2,0.0746084340813735,55.6022034663072,0,55.6022034663072,"37","SUBDBMMJDZJVOS","CC1=CN=C(C(=C1OC)C)CS(=O)C2=NC3=C(N2)C=C(C=C3)OC","6-methoxy-2-[(4-methoxy-3,5-dimethylpyridin-2-yl)methanesulfinyl]-1H-1,3-benzodiazole",2.6206226,1,-10.1085446634411,0.983606557377049,0,"844260172145340892"
"844260247152079627","C17H19N3O3S","[M + H]+",2,0.0746084340813735,55.6022034663072,0,55.6022034663072,"37","ZWNARYKSNTWUOM","C1CN(CN1CC2=CC=CC=C2)C(=O)C3=CC=C(C=C3)S(=O)(=O)N","4-[3-(Phenylmethyl)imidazolidin-1-yl]carbonylbenzenesulfonamide",1.3,3,-413.363740078454,0.141509433962264,NA,"844260172145340892"
"844260247152079627","C17H19N3O3S","[M + H]+",2,0.0746084340813735,55.6022034663072,0,55.6022034663072,"37","HVGVNYJRZJHYBS","CC1=CC(=C(C=C1)S(=O)(=O)NC2=CC3=C(C=C2)N(C(=O)N3C)C)C","N-(1,3-dimethyl-2-oxo-2,3-dihydro-1H-benzimidazol-5-yl)-2,4-dimethylbenzenesulfonamide",2.2,4,-456.800608745813,0.317647058823529,NA,"844260172145340892"
"844260247152079627","C17H19N3O3S","[M + H]+",2,0.0746084340813735,55.6022034663072,0,55.6022034663072,"37","FDDLMBKEDYPNER","C1CN(CCN1CCC(=O)C2=CC=CS2)C3=CC=C(C=C3)[N+](=O)[O-]","3-[4-(4-Nitrophenyl)piperazino]-1-(2-thienyl)-1-propanone",3,5,-471.530107176605,0.146341463414634,NA,"844260172145340892"
"844260247152079627","C17H19N3O3S","[M + H]+",2,0.0746084340813735,55.6022034663072,0,55.6022034663072,"37","SJXKOSOSNRUTAX","C1CN(CCN1CC2=CC=CO2)C(=S)NC3=CC4=C(C=C3)OCO4","N-(1,3-benzodioxol-5-yl)-4-(furan-2-ylmethyl)piperazin-4-ium-1-carbothioamide",1.9,6,-489.015370196595,0.23469387755102,NA,"844260172145340892"
"844260247152079627","C17H19N3O3S","[M + H]+",2,0.0746084340813735,55.6022034663072,0,55.6022034663072,"37","IBAYUWQIQGOLBX","CCOC1=C(C=CC(=C1)C=NNC(=S)NC2=CC=C(C=C2)OC)O","1-[(3-Ethoxy-4-hydroxyphenyl)methylideneamino]-3-(4-methoxyphenyl)thiourea",3.1,7,-516.502094783253,0.244791666666667,NA,"844260172145340892"
"844260247152079627","C17H19N3O3S","[M + H]+",2,0.0746084340813735,55.6022034663072,0,55.6022034663072,"37","LJAVIEUWQYYONW","COC1=CC=C(C=C1)C2=NC(=NC=C2)SCC(=O)N3CCOCC3","2-[[4-(4-Methoxyphenyl)-2-pyrimidinyl]thio]-1-(4-morpholinyl)ethanone",1.8,8,-527.739368176508,0.308056872037915,NA,"844260172145340892"
"844260247152079627","C17H19N3O3S","[M + H]+",2,0.0746084340813735,55.6022034663072,0,55.6022034663072,"37","KMCSXFINGGBOFP","C1CN(CC2=CC=CC=C21)CC(=O)NC3=CC=C(C=C3)S(=O)(=O)N","N-(4-sulfamoylphenyl)-2-(1,2,3,4-tetrahydroisoquinolin-2-yl)acetamide",1.3,9,-539.651723343604,0.135021097046413,NA,"844260172145340892"
"844260247152079627","C17H19N3O3S","[M + H]+",2,0.0746084340813735,55.6022034663072,0,55.6022034663072,"37","ABBDYGNALLZFNP","COC1=C(C=C(C=C1)C(=O)NNC(=S)NCC2=CC=CC=C2)OC","N-Benzyl-2-(3,4-dimethoxybenzoyl)hydrazinecarbothioamide",2.6,10,-549.511618753509,0.158914728682171,NA,"844260172145340892"
"844260247152079627","C17H19N3O3S","[M + H]+",2,0.0746084340813735,55.6022034663072,0,55.6022034663072,"37","AIBMIQGSVBRQNH","COC1=CC(=CC(=C1OC)OC)C=NNC(=S)NC2=CC=CC=C2","(Phenylcarbamothioylamino)-[(3,4,5-trimethoxyphenyl)methylidene]azanium",3.1,11,-558.991226986029,0.183574879227053,NA,"844260172145340892"
"844260247152079627","C17H19N3O3S","[M + H]+",2,0.0746084340813735,55.6022034663072,0,55.6022034663072,"37","HHTWCWCZKQRKRJ","CN1C2=CC=CC=C2N(C3=CC=CC=C3S1(=O)=O)C(=O)CN(C)C","6-Methyl-6,11-dihydro-11-((N,N-dimethylamino)acetyl)dibenzo(c,f)-(1,2,5)-thiadiazepine 5,5-dioxide",1.7,12,-576.270616437674,0.2,NA,"844260172145340892"
"844260247152079627","C17H19N3O3S","[M + H]+",2,0.0746084340813735,55.6022034663072,0,55.6022034663072,"37","YPHDMWLZRDJBET","CC(=O)N1CCC2=CC=CC=C2C1C3=C(N(C(=S)N(C3=O)C)C)O","5-(2-acetyl-1,2,3,4-tetrahydroisoquinolin-1-yl)-6-hydroxy-1,3-dimethyl-2-sulfanylidene-1,2,3,4-tetrahydropyrimidin-4-one",0.9,13,-593.151042946286,0.167400881057269,NA,"844260172145340892"
"844260247152079627","C17H19N3O3S","[M + H]+",2,0.0746084340813735,55.6022034663072,0,55.6022034663072,"37","RSMGOJOYNVIKHB","COC1=C(C(=C(C=C1)C=NNC(=S)NC2=CC=CC=C2)OC)OC","1-Phenyl-3-[(2,3,4-trimethoxyphenyl)methylideneamino]thiourea",3.1,14,-594.438920255036,0.202970297029703,NA,"844260172145340892"
"844260247152079627","C17H19N3O3S","[M + H]+",2,0.0746084340813735,55.6022034663072,0,55.6022034663072,"37","RHRSBTVNCCOGDJ","CC1=CC(=NC(=N1)SC(C2=CC=CC=C2)C(=O)O)N3CCOCC3","(2S)-2-(4-methyl-6-morpholin-4-ylpyrimidin-2-yl)sulfanyl-2-phenylacetate",2.8,15,-596.405338105556,0.207729468599034,NA,"844260172145340892"
"844260247152079627","C17H19N3O3S","[M + H]+",2,0.0746084340813735,55.6022034663072,0,55.6022034663072,"37","WPIILTPYKOWHQU","COC1=CC2=C(C=C1)NC=C2CCNS(=O)(=O)C3=CC=C(C=C3)N","4-amino-N-[2-(5-methoxy-1H-indol-3-yl)ethyl]benzene-1-sulfonamide",2.4006016,16,-609.383167812649,0.339712918660287,NA,"844260172145340892"
"844260247152079628","C14H16F3N4O3","[M + H]+",3,0.0380871680530655,54.9298273369934,1.87610446765893,53.0537228693345,"37",NA,NA,NA,NA,NA,NA,NA,NA,"844260172145340892"
"844260247152079629","C15H13F2N7O","[M + H]+",4,0.0214843487335279,54.3572746122523,3.11568380230998,51.2415908099423,"37",NA,NA,NA,NA,NA,NA,NA,NA,"844260172145340892"
"844260247152079630","C14H22ClN4O2S","[M + H]+",5,0.0148565902690787,53.9883934640639,0,53.9883934640639,"37",NA,NA,NA,NA,NA,NA,NA,NA,"844260172145340892"
"844260247152079631","C13H20BClN2O6","[M + H]+",6,0.00155111846149625,51.7289261668706,0,51.7289261668706,"37","RJXOEUFRQATKAB","[B-](C(CC1=CC=C(C=C1)Cl)NC(=O)C)(O)(O)OCC(C(=O)O)N","[(1R)-1-acetamido-2-(4-chlorophenyl)ethyl]-[(2S)-2-amino-3-hydroxy-3-oxo-propoxy]-dihydroxy-boron",0.87474024,2,-319.091787484192,0.268456375838926,Inf,"844260172145340892"
"844260247152079632","C12H14F3N7O2","[M + H]+",7,0.000565233103458091,50.7194328476688,2.04027796990173,48.679154877767,"37",NA,NA,NA,NA,NA,NA,NA,NA,"844260172145340892"
"844260247152079633","C9H15F4N7O3","[M + H]+",8,7.64817221468451e-05,48.7192464152148,0,48.7192464152148,"37",NA,NA,NA,NA,NA,NA,NA,NA,"844260172145340892"
"844260247152079634","C16H24ClNO3S","[M + H]+",9,4.66372994563188e-05,48.2245952676006,0,48.2245952676006,"37",NA,NA,NA,NA,NA,NA,NA,NA,"844260172145340892"
"844260247152079635","C14H23N3O3S2","[M + H]+",10,2.20933451334168e-05,47.4774710671064,0,47.4774710671064,"37",NA,NA,NA,NA,NA,NA,NA,NA,"844260172145340892"
"844260226482549444","C17H16FN3O4","[M + H]+",1,0.673888222868434,43.3561510272576,2.57134872887692,40.7848022983807,"38","FVCPNISTSVVUPX","COC1=CC(=C(C=C1)O)C=NNC(=O)CNC(=O)C2=CC=C(C=C2)F","4-fluoro-N-[2-[(2Z)-2-[(2-hydroxy-5-methoxyphenyl)methylidene]hydrazinyl]-2-oxoethyl]benzamide",1.9,1,-297.386722240231,0.275862068965517,0,"844260172153729501"
"844260226482549444","C17H16FN3O4","[M + H]+",1,0.673888222868434,43.3561510272576,2.57134872887692,40.7848022983807,"38","ZBLZEVQPDZRXNP","COC1=CC=CC(=C1O)C=NNC(=O)CNC(=O)C2=CC=C(C=C2)F","4-fluoro-N-[2-[2-[(2-hydroxy-3-methoxyphenyl)methylidene]hydrazinyl]-2-oxoethyl]benzamide",1.9,2,-354.169214193944,0.25,2,"844260172153729501"
"844260226482549444","C17H16FN3O4","[M + H]+",1,0.673888222868434,43.3561510272576,2.57134872887692,40.7848022983807,"38","LHZAPCAVMNVKID","CCOC1=C(C=CC(=C1)C=NNC(=O)C(=O)NC2=CC=C(C=C2)F)O","N'-[(3-ethoxy-4-hydroxyphenyl)methylideneamino]-N-(4-fluorophenyl)oxamide",2.5,3,-363.422633776007,0.276470588235294,Inf,"844260172153729501"
"844260226482549444","C17H16FN3O4","[M + H]+",1,0.673888222868434,43.3561510272576,2.57134872887692,40.7848022983807,"38","NWVXUXFCAZFSQH","C1CN(CCN1)C2=C(C=C3C(=C2)N(C=C(C3=O)C(=O)O)C4CC4=O)F","Oxo-ciprofloxacin",0.33245212,4,-386.730120665711,0.324324324324324,NA,"844260172153729501"
"844260226482549444","C17H16FN3O4","[M + H]+",1,0.673888222868434,43.3561510272576,2.57134872887692,40.7848022983807,"38","HAZCGTFRKOCWQZ","CC(=O)NC(CC1=CC=C(C=C1)F)C(=O)NC2=CC=C(C=C2)[N+](=O)[O-]","2-Acetamido-3-(4-fluorophenyl)-N-(4-nitrophenyl)propanamide (3c)",2.7804983,5,-392.081882116104,0.186528497409326,NA,"844260172153729501"
"844260226482549444","C17H16FN3O4","[M + H]+",1,0.673888222868434,43.3561510272576,2.57134872887692,40.7848022983807,"38","RYUXKVAKPFRBTB","CC(=O)NC(CC1=CC=CC=C1F)C(=O)NC2=CC=C(C=C2)[N+](=O)[O-]","2-Acetamido-3-(2-fluorophenyl)-N-(4-nitrophenyl)propanamide (1c)",2.4,6,-407.657878631784,0.188172043010753,NA,"844260172153729501"
"844260226482549444","C17H16FN3O4","[M + H]+",1,0.673888222868434,43.3561510272576,2.57134872887692,40.7848022983807,"38","JKZPDGNJAAVKEG","CC(=O)NC(CC1=CC(=CC=C1)F)C(=O)NC2=CC=C(C=C2)[N+](=O)[O-]","2-Acetamido-3-(3-fluorophenyl)-N-(4-nitrophenyl)propanamide (2c)",2.4,7,-416.25512223562,0.192513368983957,NA,"844260172153729501"
"844260226482549444","C17H16FN3O4","[M + H]+",1,0.673888222868434,43.3561510272576,2.57134872887692,40.7848022983807,"38","VDCWENWOWUDREX","CC1=CC(=NO1)C(=O)N2CCC3COC(=O)N3C4=C(C2)C=CC(=C4)F","14-fluoro-9-(5-methyl-1,2-oxazole-3-carbonyl)-4-oxa-2,9-diazatricyclo[9.4.0.0²,⁶]pentadeca-1(15),11,13-trien-3-one",1.9,8,-424.252926828503,0.3125,NA,"844260172153729501"
"844260226482549444","C17H16FN3O4","[M + H]+",1,0.673888222868434,43.3561510272576,2.57134872887692,40.7848022983807,"38","MYYZZOHRULFPOQ","C1CC1N2C=C(C(=O)C3=CC(=C(C=C32)N4CCNC(=O)C4)F)C(=O)O","Oxociprofloxacin",0.96316284,9,-433.232217204595,0.304568527918782,NA,"844260172153729501"
"844260226482549444","C17H16FN3O4","[M + H]+",1,0.673888222868434,43.3561510272576,2.57134872887692,40.7848022983807,"38","VCWNLVLFIZZTLZ","C1C2C(CN1C(=O)C3=CC=NO3)OCC(=O)N2CC4=CC=C(C=C4)F","4-[(4-fluorophenyl)methyl]-6-(1,2-oxazole-5-carbonyl)-octahydropyrrolo[3,4-b][1,4]oxazin-3-one",0.8,10,-472.872599810696,0.246073298429319,NA,"844260172153729501"
"844260226482549445","C14H17F2N3O5","[M + H]+",2,0.155325560011279,41.8886100728996,2.79006696572214,39.0985431071774,"38",NA,NA,NA,NA,NA,NA,NA,NA,"844260172153729501"
"844260226482549446","C11H18F3N3O6","[M + H]+",3,0.085358454231371,41.2899462695525,1.20073977765207,40.0892064919004,"38",NA,NA,NA,NA,NA,NA,NA,NA,"844260172153729501"
"844260226482549447","C9H15N9O6","[M + H]+",4,0.0595057362661128,40.9291594872785,0.281009616321135,40.6481498709574,"38",NA,NA,NA,NA,NA,NA,NA,NA,"844260172153729501"
"844260226482549448","C14H16F3N4O3","[M + H]+",5,0.0148851920826242,39.5434536703669,1.87453279536626,37.6689208750006,"38",NA,NA,NA,NA,NA,NA,NA,NA,"844260172153729501"
"844260226482549449","C12H14F3N7O2","[M + H]+",6,0.0090559854882122,39.0465126905495,2.12599115730511,36.9205215332444,"38",NA,NA,NA,NA,NA,NA,NA,NA,"844260172153729501"
"844260226482549450","C15H13F2N7O","[M + H]+",7,0.00097149162302003,36.8141641386105,3.46520593993457,33.3489581986759,"38",NA,NA,NA,NA,NA,NA,NA,NA,"844260172153729501"
"844260226482549451","C12H22F2NO6P","[M + H]+",8,0.000863876192117894,36.6967609549342,1.3800507034417,35.3167102514925,"38",NA,NA,NA,NA,NA,NA,NA,NA,"844260172153729501"
"844260226482549452","C14H17F6NO2","[M + H]+",9,4.56360129874142e-05,33.756028655879,2.11171543263221,31.6443132232468,"38",NA,NA,NA,NA,NA,NA,NA,NA,"844260172153729501"
"844260226482549453","C11H17N6O7","[M + H]+",10,3.84387074362696e-05,33.5843964506074,1.5247143424701,32.0596821081373,"38",NA,NA,NA,NA,NA,NA,NA,NA,"844260172153729501"
"844260209810190944","C17H16FN3O4","[M + Na]+",1,0.743874697996239,43.0015005322814,2.65677861353457,40.3447219187468,"39","NWVXUXFCAZFSQH","C1CN(CCN1)C2=C(C=C3C(=C2)N(C=C(C3=O)C(=O)O)C4CC4=O)F","Oxo-ciprofloxacin",0.33245212,1,-262.90215299502,0.491228070175439,0,"844260172157923806"
"844260209810190944","C17H16FN3O4","[M + Na]+",1,0.743874697996239,43.0015005322814,2.65677861353457,40.3447219187468,"39","MYYZZOHRULFPOQ","C1CC1N2C=C(C(=O)C3=CC(=C(C=C32)N4CCNC(=O)C4)F)C(=O)O","Oxociprofloxacin",0.96316284,2,-288.982981458953,0.508474576271186,Inf,"844260172157923806"
"844260209810190944","C17H16FN3O4","[M + Na]+",1,0.743874697996239,43.0015005322814,2.65677861353457,40.3447219187468,"39","JKZPDGNJAAVKEG","CC(=O)NC(CC1=CC(=CC=C1)F)C(=O)NC2=CC=C(C=C2)[N+](=O)[O-]","2-Acetamido-3-(3-fluorophenyl)-N-(4-nitrophenyl)propanamide (2c)",2.4,3,-377.780723442494,0.294444444444444,NA,"844260172157923806"
"844260209810190944","C17H16FN3O4","[M + Na]+",1,0.743874697996239,43.0015005322814,2.65677861353457,40.3447219187468,"39","HAZCGTFRKOCWQZ","CC(=O)NC(CC1=CC=C(C=C1)F)C(=O)NC2=CC=C(C=C2)[N+](=O)[O-]","2-Acetamido-3-(4-fluorophenyl)-N-(4-nitrophenyl)propanamide (3c)",2.7804983,4,-388.628845164236,0.271276595744681,NA,"844260172157923806"
"844260209810190944","C17H16FN3O4","[M + Na]+",1,0.743874697996239,43.0015005322814,2.65677861353457,40.3447219187468,"39","VCWNLVLFIZZTLZ","C1C2C(CN1C(=O)C3=CC=NO3)OCC(=O)N2CC4=CC=C(C=C4)F","4-[(4-fluorophenyl)methyl]-6-(1,2-oxazole-5-carbonyl)-octahydropyrrolo[3,4-b][1,4]oxazin-3-one",0.8,5,-390.397266600574,0.291666666666667,NA,"844260172157923806"
"844260209810190944","C17H16FN3O4","[M + Na]+",1,0.743874697996239,43.0015005322814,2.65677861353457,40.3447219187468,"39","RYUXKVAKPFRBTB","CC(=O)NC(CC1=CC=CC=C1F)C(=O)NC2=CC=C(C=C2)[N+](=O)[O-]","2-Acetamido-3-(2-fluorophenyl)-N-(4-nitrophenyl)propanamide (1c)",2.4,6,-407.180525219952,0.283333333333333,NA,"844260172157923806"
"844260209810190944","C17H16FN3O4","[M + Na]+",1,0.743874697996239,43.0015005322814,2.65677861353457,40.3447219187468,"39","VDCWENWOWUDREX","CC1=CC(=NO1)C(=O)N2CCC3COC(=O)N3C4=C(C2)C=CC(=C4)F","14-fluoro-9-(5-methyl-1,2-oxazole-3-carbonyl)-4-oxa-2,9-diazatricyclo[9.4.0.0²,⁶]pentadeca-1(15),11,13-trien-3-one",1.9,7,-410.988104657129,0.346368715083799,NA,"844260172157923806"
"844260209810190944","C17H16FN3O4","[M + Na]+",1,0.743874697996239,43.0015005322814,2.65677861353457,40.3447219187468,"39","FVCPNISTSVVUPX","COC1=CC(=C(C=C1)O)C=NNC(=O)CNC(=O)C2=CC=C(C=C2)F","4-fluoro-N-[2-[(2Z)-2-[(2-hydroxy-5-methoxyphenyl)methylidene]hydrazinyl]-2-oxoethyl]benzamide",1.9,8,-417.069793807126,0.310734463276836,NA,"844260172157923806"
"844260209810190944","C17H16FN3O4","[M + Na]+",1,0.743874697996239,43.0015005322814,2.65677861353457,40.3447219187468,"39","ZBLZEVQPDZRXNP","COC1=CC=CC(=C1O)C=NNC(=O)CNC(=O)C2=CC=C(C=C2)F","4-fluoro-N-[2-[2-[(2-hydroxy-3-methoxyphenyl)methylidene]hydrazinyl]-2-oxoethyl]benzamide",1.9,9,-434.107902775125,0.298342541436464,NA,"844260172157923806"
"844260209810190944","C17H16FN3O4","[M + Na]+",1,0.743874697996239,43.0015005322814,2.65677861353457,40.3447219187468,"39","LHZAPCAVMNVKID","CCOC1=C(C=CC(=C1)C=NNC(=O)C(=O)NC2=CC=C(C=C2)F)O","N'-[(3-ethoxy-4-hydroxyphenyl)methylideneamino]-N-(4-fluorophenyl)oxamide",2.5,10,-435.366132871822,0.312138728323699,NA,"844260172157923806"
"844260209810190945","C15H13F2N7O","[M + Na]+",2,0.249645486162106,41.9096697844224,3.43723837323727,38.4724314111851,"39",NA,NA,NA,NA,NA,NA,NA,NA,"844260172157923806"
"844260209810190946","C12H14F3N7O2","[M + Na]+",3,0.00208786231724281,37.1257686561322,2.0305748283737,35.0951938277585,"39",NA,NA,NA,NA,NA,NA,NA,NA,"844260172157923806"
"844260209810190947","C20H14FN4O","[M + Na]+",4,0.0013241826651772,36.6704233409376,2.41482595664634,34.2555973842913,"39",NA,NA,NA,NA,NA,NA,NA,NA,"844260172157923806"
"844260209810190948","C14H17F2N3O5","[M + Na]+",5,0.00111563024129126,36.4990474123547,2.72286168930606,33.7761857230487,"39",NA,NA,NA,NA,NA,NA,NA,NA,"844260172157923806"
"844260209810190949","C14H17F6NO2","[M + Na]+",6,0.000560717335832197,35.8110895701687,2.080689360878,33.7304002092907,"39",NA,NA,NA,NA,NA,NA,NA,NA,"844260172157923806"
"844260209810190950","C9H15N9O6","[M + Na]+",7,0.000376536185585788,35.4128868023968,0.125347145172353,35.2875396572245,"39",NA,NA,NA,NA,NA,NA,NA,NA,"844260172157923806"
"844260209810190951","C22H16FNO2","[M + Na]+",8,0.000305436642112272,35.2036150156303,0.930565584113469,34.2730494315168,"39",NA,NA,NA,NA,NA,NA,NA,NA,"844260172157923806"
"844260209810190952","C19H17F2NO3","[M + Na]+",9,0.000206666416357288,34.8129786275175,1.92484295476754,32.8881356727499,"39",NA,NA,NA,NA,NA,NA,NA,NA,"844260172157923806"
"844260209810190953","C11H18F3N3O6","[M + Na]+",10,0.000201715160181667,34.7887292534883,0.993166006156137,33.7955632473322,"39",NA,NA,NA,NA,NA,NA,NA,NA,"844260172157923806"
"844260249052099358","C17H16FN3O4","[M + Na]+",1,0.985764297768567,51.3320555844519,2.68243273015167,48.6496228543003,"40","NWVXUXFCAZFSQH","C1CN(CCN1)C2=C(C=C3C(=C2)N(C=C(C3=O)C(=O)O)C4CC4=O)F","Oxo-ciprofloxacin",0.33245212,1,-233.501152599116,0.608695652173913,0,"844260172162118111"
"844260249052099358","C17H16FN3O4","[M + Na]+",1,0.985764297768567,51.3320555844519,2.68243273015167,48.6496228543003,"40","MYYZZOHRULFPOQ","C1CC1N2C=C(C(=O)C3=CC(=C(C=C32)N4CCNC(=O)C4)F)C(=O)O","Oxociprofloxacin",0.96316284,2,-290.067176278707,0.594117647058824,Inf,"844260172162118111"
"844260249052099358","C17H16FN3O4","[M + Na]+",1,0.985764297768567,51.3320555844519,2.68243273015167,48.6496228543003,"40","FVCPNISTSVVUPX","COC1=CC(=C(C=C1)O)C=NNC(=O)CNC(=O)C2=CC=C(C=C2)F","4-fluoro-N-[2-[(2Z)-2-[(2-hydroxy-5-methoxyphenyl)methylidene]hydrazinyl]-2-oxoethyl]benzamide",1.9,3,-373.742642432025,0.25531914893617,NA,"844260172162118111"
"844260249052099358","C17H16FN3O4","[M + Na]+",1,0.985764297768567,51.3320555844519,2.68243273015167,48.6496228543003,"40","HAZCGTFRKOCWQZ","CC(=O)NC(CC1=CC=C(C=C1)F)C(=O)NC2=CC=C(C=C2)[N+](=O)[O-]","2-Acetamido-3-(4-fluorophenyl)-N-(4-nitrophenyl)propanamide (3c)",2.7804983,4,-394.448736841782,0.197044334975369,NA,"844260172162118111"
"844260249052099358","C17H16FN3O4","[M + Na]+",1,0.985764297768567,51.3320555844519,2.68243273015167,48.6496228543003,"40","JKZPDGNJAAVKEG","CC(=O)NC(CC1=CC(=CC=C1)F)C(=O)NC2=CC=C(C=C2)[N+](=O)[O-]","2-Acetamido-3-(3-fluorophenyl)-N-(4-nitrophenyl)propanamide (2c)",2.4,5,-399.568800456794,0.209183673469388,NA,"844260172162118111"
"844260249052099358","C17H16FN3O4","[M + Na]+",1,0.985764297768567,51.3320555844519,2.68243273015167,48.6496228543003,"40","LHZAPCAVMNVKID","CCOC1=C(C=CC(=C1)C=NNC(=O)C(=O)NC2=CC=C(C=C2)F)O","N'-[(3-ethoxy-4-hydroxyphenyl)methylideneamino]-N-(4-fluorophenyl)oxamide",2.5,6,-406.062415889512,0.283333333333333,NA,"844260172162118111"
"844260249052099358","C17H16FN3O4","[M + Na]+",1,0.985764297768567,51.3320555844519,2.68243273015167,48.6496228543003,"40","VCWNLVLFIZZTLZ","C1C2C(CN1C(=O)C3=CC=NO3)OCC(=O)N2CC4=CC=C(C=C4)F","4-[(4-fluorophenyl)methyl]-6-(1,2-oxazole-5-carbonyl)-octahydropyrrolo[3,4-b][1,4]oxazin-3-one",0.8,7,-410.279553681893,0.26,NA,"844260172162118111"
"844260249052099358","C17H16FN3O4","[M + Na]+",1,0.985764297768567,51.3320555844519,2.68243273015167,48.6496228543003,"40","ZBLZEVQPDZRXNP","COC1=CC=CC(=C1O)C=NNC(=O)CNC(=O)C2=CC=C(C=C2)F","4-fluoro-N-[2-[2-[(2-hydroxy-3-methoxyphenyl)methylidene]hydrazinyl]-2-oxoethyl]benzamide",1.9,8,-410.965445600798,0.244791666666667,NA,"844260172162118111"
"844260249052099358","C17H16FN3O4","[M + Na]+",1,0.985764297768567,51.3320555844519,2.68243273015167,48.6496228543003,"40","RYUXKVAKPFRBTB","CC(=O)NC(CC1=CC=CC=C1F)C(=O)NC2=CC=C(C=C2)[N+](=O)[O-]","2-Acetamido-3-(2-fluorophenyl)-N-(4-nitrophenyl)propanamide (1c)",2.4,9,-422.446183059727,0.198979591836735,NA,"844260172162118111"
"844260249052099358","C17H16FN3O4","[M + Na]+",1,0.985764297768567,51.3320555844519,2.68243273015167,48.6496228543003,"40","VDCWENWOWUDREX","CC1=CC(=NO1)C(=O)N2CCC3COC(=O)N3C4=C(C2)C=CC(=C4)F","14-fluoro-9-(5-methyl-1,2-oxazole-3-carbonyl)-4-oxa-2,9-diazatricyclo[9.4.0.0²,⁶]pentadeca-1(15),11,13-trien-3-one",1.9,10,-436.684702205393,0.317204301075269,NA,"844260172162118111"
"844260249052099359","C15H13F2N7O","[M + Na]+",2,0.00803310105721541,46.5222089447132,3.45063407161646,43.0715748730968,"40",NA,NA,NA,NA,NA,NA,NA,NA,"844260172162118111"
"844260249052099360","C14H17F2N3O5","[M + Na]+",3,0.00421440391209198,45.8771464681765,2.60139348124011,43.2757529869364,"40",NA,NA,NA,NA,NA,NA,NA,NA,"844260172162118111"
"844260249052099361","C12H14F3N7O2","[M + Na]+",4,0.00100408256407263,44.4427125603628,1.87327489855216,42.5694376618107,"40",NA,NA,NA,NA,NA,NA,NA,NA,"844260172162118111"
"844260249052099362","C14H17F6NO2","[M + Na]+",5,0.000213873885335168,42.8962695488005,1.8646141103143,41.0316554384862,"40",NA,NA,NA,NA,NA,NA,NA,NA,"844260172162118111"
"844260249052099363","C22H16FNO2","[M + Na]+",6,0.000198174756095778,42.8200322763309,1.17765806324564,41.6423742130853,"40",NA,NA,NA,NA,NA,NA,NA,NA,"844260172162118111"
"844260249052099364","C19H17F2NO3","[M + Na]+",7,0.000163490817113818,42.6276398526787,1.96547496889245,40.6621648837863,"40",NA,NA,NA,NA,NA,NA,NA,NA,"844260172162118111"
"844260249052099365","C14H16F3N4O3","[M + Na]+",8,0.000159727865581481,42.6043545554075,1.74837232067119,40.8559822347363,"40",NA,NA,NA,NA,NA,NA,NA,NA,"844260172162118111"
"844260249052099366","C8H19N5O10","[M + Na]+",9,0.000104908800881547,42.1839744380654,0,42.1839744380654,"40",NA,NA,NA,NA,NA,NA,NA,NA,"844260172162118111"
"844260249052099367","C9H15N9O6","[M + Na]+",10,8.2167611922793e-05,41.93964423724,0,41.93964423724,"40",NA,NA,NA,NA,NA,NA,NA,NA,"844260172162118111"
"844260240189534966","C14H20FN3O4S","[M + H]+",1,0.769191421559449,58.0801816438532,0,58.0801816438532,"41",NA,NA,NA,NA,NA,NA,NA,NA,"844260172166312416"
"844260240189534967","C14H16F3N4O3","[M + H]+",2,0.136370175601018,56.3502148501692,2.08848115515317,54.261733695016,"41",NA,NA,NA,NA,NA,NA,NA,NA,"844260172166312416"
"844260240189534968","C17H19N3O3S","[M + H]+",3,0.0627353906877902,55.5737675158008,0,55.5737675158008,"41","SUBDBMMJDZJVOS","CC1=CN=C(C(=C1OC)C)CS(=O)C2=NC3=C(N2)C=C(C=C3)OC","6-methoxy-2-[(4-methoxy-3,5-dimethylpyridin-2-yl)methanesulfinyl]-1H-1,3-benzodiazole",2.6206226,1,-9.42179408645349,0.983606557377049,0,"844260172166312416"
"844260240189534968","C17H19N3O3S","[M + H]+",3,0.0627353906877902,55.5737675158008,0,55.5737675158008,"41","ZWNARYKSNTWUOM","C1CN(CN1CC2=CC=CC=C2)C(=O)C3=CC=C(C=C3)S(=O)(=O)N","4-[3-(Phenylmethyl)imidazolidin-1-yl]carbonylbenzenesulfonamide",1.3,4,-441.319210367809,0.141509433962264,NA,"844260172166312416"
"844260240189534968","C17H19N3O3S","[M + H]+",3,0.0627353906877902,55.5737675158008,0,55.5737675158008,"41","FDDLMBKEDYPNER","C1CN(CCN1CCC(=O)C2=CC=CS2)C3=CC=C(C=C3)[N+](=O)[O-]","3-[4-(4-Nitrophenyl)piperazino]-1-(2-thienyl)-1-propanone",3,5,-495.483263290121,0.146341463414634,NA,"844260172166312416"
"844260240189534968","C17H19N3O3S","[M + H]+",3,0.0627353906877902,55.5737675158008,0,55.5737675158008,"41","HVGVNYJRZJHYBS","CC1=CC(=C(C=C1)S(=O)(=O)NC2=CC3=C(C=C2)N(C(=O)N3C)C)C","N-(1,3-dimethyl-2-oxo-2,3-dihydro-1H-benzimidazol-5-yl)-2,4-dimethylbenzenesulfonamide",2.2,6,-501.206947336442,0.317647058823529,NA,"844260172166312416"
"844260240189534968","C17H19N3O3S","[M + H]+",3,0.0627353906877902,55.5737675158008,0,55.5737675158008,"41","SJXKOSOSNRUTAX","C1CN(CCN1CC2=CC=CO2)C(=S)NC3=CC4=C(C=C3)OCO4","N-(1,3-benzodioxol-5-yl)-4-(furan-2-ylmethyl)piperazin-4-ium-1-carbothioamide",1.9,7,-506.689399311472,0.23469387755102,NA,"844260172166312416"
"844260240189534968","C17H19N3O3S","[M + H]+",3,0.0627353906877902,55.5737675158008,0,55.5737675158008,"41","LJAVIEUWQYYONW","COC1=CC=C(C=C1)C2=NC(=NC=C2)SCC(=O)N3CCOCC3","2-[[4-(4-Methoxyphenyl)-2-pyrimidinyl]thio]-1-(4-morpholinyl)ethanone",1.8,8,-531.26089923296,0.308056872037915,NA,"844260172166312416"
"844260240189534968","C17H19N3O3S","[M + H]+",3,0.0627353906877902,55.5737675158008,0,55.5737675158008,"41","IBAYUWQIQGOLBX","CCOC1=C(C=CC(=C1)C=NNC(=S)NC2=CC=C(C=C2)OC)O","1-[(3-Ethoxy-4-hydroxyphenyl)methylideneamino]-3-(4-methoxyphenyl)thiourea",3.1,9,-536.01470906617,0.244791666666667,NA,"844260172166312416"
"844260240189534968","C17H19N3O3S","[M + H]+",3,0.0627353906877902,55.5737675158008,0,55.5737675158008,"41","AIBMIQGSVBRQNH","COC1=CC(=CC(=C1OC)OC)C=NNC(=S)NC2=CC=CC=C2","(Phenylcarbamothioylamino)-[(3,4,5-trimethoxyphenyl)methylidene]azanium",3.1,10,-559.889580264116,0.183574879227053,NA,"844260172166312416"
"844260240189534968","C17H19N3O3S","[M + H]+",3,0.0627353906877902,55.5737675158008,0,55.5737675158008,"41","ABBDYGNALLZFNP","COC1=C(C=C(C=C1)C(=O)NNC(=S)NCC2=CC=CC=C2)OC","N-Benzyl-2-(3,4-dimethoxybenzoyl)hydrazinecarbothioamide",2.6,11,-566.594346364865,0.158914728682171,NA,"844260172166312416"
"844260240189534968","C17H19N3O3S","[M + H]+",3,0.0627353906877902,55.5737675158008,0,55.5737675158008,"41","KMCSXFINGGBOFP","C1CN(CC2=CC=CC=C21)CC(=O)NC3=CC=C(C=C3)S(=O)(=O)N","N-(4-sulfamoylphenyl)-2-(1,2,3,4-tetrahydroisoquinolin-2-yl)acetamide",1.3,12,-567.72366975068,0.135021097046413,NA,"844260172166312416"
"844260240189534968","C17H19N3O3S","[M + H]+",3,0.0627353906877902,55.5737675158008,0,55.5737675158008,"41","RSMGOJOYNVIKHB","COC1=C(C(=C(C=C1)C=NNC(=S)NC2=CC=CC=C2)OC)OC","1-Phenyl-3-[(2,3,4-trimethoxyphenyl)methylideneamino]thiourea",3.1,13,-598.072540662601,0.202970297029703,NA,"844260172166312416"
"844260240189534968","C17H19N3O3S","[M + H]+",3,0.0627353906877902,55.5737675158008,0,55.5737675158008,"41","RHRSBTVNCCOGDJ","CC1=CC(=NC(=N1)SC(C2=CC=CC=C2)C(=O)O)N3CCOCC3","(2S)-2-(4-methyl-6-morpholin-4-ylpyrimidin-2-yl)sulfanyl-2-phenylacetate",2.8,14,-601.842017938045,0.207729468599034,NA,"844260172166312416"
"844260240189534968","C17H19N3O3S","[M + H]+",3,0.0627353906877902,55.5737675158008,0,55.5737675158008,"41","HHTWCWCZKQRKRJ","CN1C2=CC=CC=C2N(C3=CC=CC=C3S1(=O)=O)C(=O)CN(C)C","6-Methyl-6,11-dihydro-11-((N,N-dimethylamino)acetyl)dibenzo(c,f)-(1,2,5)-thiadiazepine 5,5-dioxide",1.7,15,-605.275083551445,0.2,NA,"844260172166312416"
"844260240189534968","C17H19N3O3S","[M + H]+",3,0.0627353906877902,55.5737675158008,0,55.5737675158008,"41","FUYKCLPJJPJJTN","COC1=CC(=C(C=C1C=NNC(=S)NC2=CC=CC=C2)OC)OC","(Phenylcarbamothioylamino)-[(2,4,5-trimethoxyphenyl)methylidene]azanium",3.1,16,-617.612148507233,0.205,NA,"844260172166312416"
"844260240189534968","C17H19N3O3S","[M + H]+",3,0.0627353906877902,55.5737675158008,0,55.5737675158008,"41","YPHDMWLZRDJBET","CC(=O)N1CCC2=CC=CC=C2C1C3=C(N(C(=S)N(C3=O)C)C)O","5-(2-acetyl-1,2,3,4-tetrahydroisoquinolin-1-yl)-6-hydroxy-1,3-dimethyl-2-sulfanylidene-1,2,3,4-tetrahydropyrimidin-4-one",0.9,17,-627.077651565873,0.167400881057269,NA,"844260172166312416"
"844260240189534969","C15H13F2N7O","[M + H]+",4,0.0181581636626218,54.3339620307801,3.32957271745662,51.0043893133235,"41",NA,NA,NA,NA,NA,NA,NA,NA,"844260172166312416"
"844260240189534970","C14H23N3O3S2","[M + H]+",5,0.00490192364387586,53.0244694910795,0,53.0244694910795,"41","WBLFCWDWOFARFH","CC(C)CN1C2CN(CC2OCCS1(=O)=O)CC3=NC=CS3","(5aS,8aR)-1-(2-methylpropyl)-7-(1,3-thiazol-2-ylmethyl)-3,4,5a,6,8,8a-hexahydropyrrolo[3,4-f][1,4,5]oxathiazepine 2,2-dioxide",1,3,-394.610417686132,0.241573033707865,NA,"844260172166312416"
"844260240189534970","C14H23N3O3S2","[M + H]+",5,0.00490192364387586,53.0244694910795,0,53.0244694910795,"41","VDWQLXDLGJSQDR","C1=C(NC=N1)CC(C(=O)O)NC(=O)CCCCC(CCS)S","(2S)-2-[6,8-bis(sulfanyl)octanoylamino]-3-(1H-imidazol-5-yl)propanoic acid",1.3,18,-647.089597854702,0.152777777777778,NA,"844260172166312416"
"844260240189534971","C13H20BClN2O6","[M + H]+",6,0.00227701264577739,52.2577061233869,0,52.2577061233869,"41","RJXOEUFRQATKAB","[B-](C(CC1=CC=C(C=C1)Cl)NC(=O)C)(O)(O)OCC(C(=O)O)N","[(1R)-1-acetamido-2-(4-chlorophenyl)ethyl]-[(2S)-2-amino-3-hydroxy-3-oxo-propoxy]-dihydroxy-boron",0.87474024,2,-353.584818226861,0.242236024844721,Inf,"844260172166312416"
"844260240189534972","C16H24ClNO3S","[M + H]+",7,0.00227230385032406,52.2556360114749,0,52.2556360114749,"41",NA,NA,NA,NA,NA,NA,NA,NA,"844260172166312416"
"844260240189534973","C11H16BFN4O7","[M + H]+",8,0.002087215544246,52.1706726848479,0,52.1706726848479,"41",NA,NA,NA,NA,NA,NA,NA,NA,"844260172166312416"
"844260240189534974","C14H22ClN4O2S","[M + H]+",9,0.00173354614682069,51.9850108890143,0,51.9850108890143,"41",NA,NA,NA,NA,NA,NA,NA,NA,"844260172166312416"
"844260240189534975","C9H15F4N7O3","[M + H]+",10,0.000119310468116147,49.3088155750456,0,49.3088155750456,"41",NA,NA,NA,NA,NA,NA,NA,NA,"844260172166312416"
"844260206211478092","C15H13F2N7O","[M + Na]+",1,0.568016470708232,42.2529816492509,3.36842221938101,38.8845594298699,"42",NA,NA,NA,NA,NA,NA,NA,NA,"844260172166312417"
"844260206211478093","C17H16FN3O4","[M + Na]+",2,0.408499686189819,41.923322379323,2.66178428307723,39.2615380962458,"42","NWVXUXFCAZFSQH","C1CN(CCN1)C2=C(C=C3C(=C2)N(C=C(C3=O)C(=O)O)C4CC4=O)F","Oxo-ciprofloxacin",0.33245212,1,-304.020607202362,0.436046511627907,0,"844260172166312417"
"844260206211478093","C17H16FN3O4","[M + Na]+",2,0.408499686189819,41.923322379323,2.66178428307723,39.2615380962458,"42","MYYZZOHRULFPOQ","C1CC1N2C=C(C(=O)C3=CC(=C(C=C32)N4CCNC(=O)C4)F)C(=O)O","Oxociprofloxacin",0.96316284,2,-327.580499612858,0.446927374301676,Inf,"844260172166312417"
"844260206211478093","C17H16FN3O4","[M + Na]+",2,0.408499686189819,41.923322379323,2.66178428307723,39.2615380962458,"42","JKZPDGNJAAVKEG","CC(=O)NC(CC1=CC(=CC=C1)F)C(=O)NC2=CC=C(C=C2)[N+](=O)[O-]","2-Acetamido-3-(3-fluorophenyl)-N-(4-nitrophenyl)propanamide (2c)",2.4,3,-369.509414292024,0.285714285714286,NA,"844260172166312417"
"844260206211478093","C17H16FN3O4","[M + Na]+",2,0.408499686189819,41.923322379323,2.66178428307723,39.2615380962458,"42","VCWNLVLFIZZTLZ","C1C2C(CN1C(=O)C3=CC=NO3)OCC(=O)N2CC4=CC=C(C=C4)F","4-[(4-fluorophenyl)methyl]-6-(1,2-oxazole-5-carbonyl)-octahydropyrrolo[3,4-b][1,4]oxazin-3-one",0.8,4,-383.297721226851,0.304347826086957,NA,"844260172166312417"
"844260206211478093","C17H16FN3O4","[M + Na]+",2,0.408499686189819,41.923322379323,2.66178428307723,39.2615380962458,"42","HAZCGTFRKOCWQZ","CC(=O)NC(CC1=CC=C(C=C1)F)C(=O)NC2=CC=C(C=C2)[N+](=O)[O-]","2-Acetamido-3-(4-fluorophenyl)-N-(4-nitrophenyl)propanamide (3c)",2.7804983,5,-386.669956182037,0.269230769230769,NA,"844260172166312417"
"844260206211478093","C17H16FN3O4","[M + Na]+",2,0.408499686189819,41.923322379323,2.66178428307723,39.2615380962458,"42","RYUXKVAKPFRBTB","CC(=O)NC(CC1=CC=CC=C1F)C(=O)NC2=CC=C(C=C2)[N+](=O)[O-]","2-Acetamido-3-(2-fluorophenyl)-N-(4-nitrophenyl)propanamide (1c)",2.4,6,-400.655732754889,0.281609195402299,NA,"844260172166312417"
"844260206211478093","C17H16FN3O4","[M + Na]+",2,0.408499686189819,41.923322379323,2.66178428307723,39.2615380962458,"42","LHZAPCAVMNVKID","CCOC1=C(C=CC(=C1)C=NNC(=O)C(=O)NC2=CC=C(C=C2)F)O","N'-[(3-ethoxy-4-hydroxyphenyl)methylideneamino]-N-(4-fluorophenyl)oxamide",2.5,7,-415.548988901869,0.303571428571429,NA,"844260172166312417"
"844260206211478093","C17H16FN3O4","[M + Na]+",2,0.408499686189819,41.923322379323,2.66178428307723,39.2615380962458,"42","VDCWENWOWUDREX","CC1=CC(=NO1)C(=O)N2CCC3COC(=O)N3C4=C(C2)C=CC(=C4)F","14-fluoro-9-(5-methyl-1,2-oxazole-3-carbonyl)-4-oxa-2,9-diazatricyclo[9.4.0.0²,⁶]pentadeca-1(15),11,13-trien-3-one",1.9,8,-416.317471446015,0.370588235294118,NA,"844260172166312417"
"844260206211478093","C17H16FN3O4","[M + Na]+",2,0.408499686189819,41.923322379323,2.66178428307723,39.2615380962458,"42","FVCPNISTSVVUPX","COC1=CC(=C(C=C1)O)C=NNC(=O)CNC(=O)C2=CC=C(C=C2)F","4-fluoro-N-[2-[(2Z)-2-[(2-hydroxy-5-methoxyphenyl)methylidene]hydrazinyl]-2-oxoethyl]benzamide",1.9,9,-418.40105529403,0.302325581395349,NA,"844260172166312417"
"844260206211478093","C17H16FN3O4","[M + Na]+",2,0.408499686189819,41.923322379323,2.66178428307723,39.2615380962458,"42","ZBLZEVQPDZRXNP","COC1=CC=CC(=C1O)C=NNC(=O)CNC(=O)C2=CC=C(C=C2)F","4-fluoro-N-[2-[2-[(2-hydroxy-3-methoxyphenyl)methylidene]hydrazinyl]-2-oxoethyl]benzamide",1.9,10,-435.672578812774,0.289772727272727,NA,"844260172166312417"
"844260206211478094","C14H17F2N3O5","[M + Na]+",3,0.00754327985722743,37.9314883149889,2.47603917633788,35.455449138651,"42",NA,NA,NA,NA,NA,NA,NA,NA,"844260172166312417"
"844260206211478095","C20H14FN4O","[M + Na]+",4,0.00734721221973786,37.905152184669,2.75596763681348,35.1491845478555,"42",NA,NA,NA,NA,NA,NA,NA,NA,"844260172166312417"
"844260206211478096","C12H14F3N7O2","[M + Na]+",5,0.0030642386989303,37.030630386419,1.67532938894613,35.3553009974729,"42",NA,NA,NA,NA,NA,NA,NA,NA,"844260172166312417"
"844260206211478097","C9H15N9O6","[M + Na]+",6,0.0016602471240755,36.4177976944378,0,36.4177976944378,"42",NA,NA,NA,NA,NA,NA,NA,NA,"844260172166312417"
"844260206211478098","C22H16FNO2","[M + Na]+",7,0.00143711461825705,36.2734685993235,1.35994896992264,34.9135196294009,"42","KDNJAZAKKIDHLZ","CC1=C(C(=O)C2=C(O1)C=C(C=C2)NC3=CC=CC=C3F)C4=CC=CC=C4","7-[(2-fluorophenyl)amino]-2-methyl-3-phenyl-4H-chromen-4-one",5.2,11,-442.195544023367,0.345070422535211,NA,"844260172166312417"
"844260206211478099","C14H17F6NO2","[M + Na]+",8,0.00100489223819067,35.9157115433054,1.73005858988457,34.1856529534209,"42",NA,NA,NA,NA,NA,NA,NA,NA,"844260172166312417"
"844260206211478100","C19H17F2NO3","[M + Na]+",9,0.000876711902577428,35.7792543893129,2.0010063640254,33.7782480252876,"42",NA,NA,NA,NA,NA,NA,NA,NA,"844260172166312417"
"844260206211478101","C14H16F3N4O3","[M + Na]+",10,0.000207727814340436,34.3393045920969,1.5790007102464,32.7603038818505,"42",NA,NA,NA,NA,NA,NA,NA,NA,"844260172166312417"
"844260238859940578","C14H16F3N4O3","[M + H]+",1,0.457785688316309,55.2470343602233,2.2644816010666,52.9825527591567,"43",NA,NA,NA,NA,NA,NA,NA,NA,"844260172174701026"
"844260238859940579","C15H13F2N7O","[M + H]+",2,0.422695181116069,55.1672845223245,3.38377520337758,51.7835093189469,"43",NA,NA,NA,NA,NA,NA,NA,NA,"844260172174701026"
"844260238859940580","C11H18F3N3O6","[M + H]+",3,0.0580594340538529,53.1821004260031,1.23346522779544,51.9486351982077,"43",NA,NA,NA,NA,NA,NA,NA,NA,"844260172174701026"
"844260238859940581","C14H17F2N3O5","[M + H]+",4,0.0369094150644879,52.7290998843628,2.6201115958291,50.1089882885337,"43",NA,NA,NA,NA,NA,NA,NA,NA,"844260172174701026"
"844260238859940582","C12H14F3N7O2","[M + H]+",5,0.0196326030860906,52.0978248221035,2.47234506149827,49.6254797606052,"43",NA,NA,NA,NA,NA,NA,NA,NA,"844260172174701026"
"844260238859940583","C9H15N9O6","[M + H]+",6,0.00235527810791092,49.9772920280898,0.256134955128372,49.7211570729614,"43",NA,NA,NA,NA,NA,NA,NA,NA,"844260172174701026"
"844260238859940584","C14H24NO5PSi","[M + H]+",7,0.00135354267745328,49.4233585758186,3.50005578034554,45.923302795473,"43",NA,NA,NA,NA,NA,NA,NA,NA,"844260172174701026"
"844260238859940585","C17H16FN3O4","[M + H]+",8,0.000631191814222002,48.6604877369317,2.22604718389802,46.4344405530337,"43","FVCPNISTSVVUPX","COC1=CC(=C(C=C1)O)C=NNC(=O)CNC(=O)C2=CC=C(C=C2)F","4-fluoro-N-[2-[(2Z)-2-[(2-hydroxy-5-methoxyphenyl)methylidene]hydrazinyl]-2-oxoethyl]benzamide",1.9,1,-337.31031036457,0.258620689655172,0,"844260172174701026"
"844260238859940585","C17H16FN3O4","[M + H]+",8,0.000631191814222002,48.6604877369317,2.22604718389802,46.4344405530337,"43","HAZCGTFRKOCWQZ","CC(=O)NC(CC1=CC=C(C=C1)F)C(=O)NC2=CC=C(C=C2)[N+](=O)[O-]","2-Acetamido-3-(4-fluorophenyl)-N-(4-nitrophenyl)propanamide (3c)",2.7804983,2,-377.485421072271,0.170984455958549,Inf,"844260172174701026"
"844260238859940585","C17H16FN3O4","[M + H]+",8,0.000631191814222002,48.6604877369317,2.22604718389802,46.4344405530337,"43","VDCWENWOWUDREX","CC1=CC(=NO1)C(=O)N2CCC3COC(=O)N3C4=C(C2)C=CC(=C4)F","14-fluoro-9-(5-methyl-1,2-oxazole-3-carbonyl)-4-oxa-2,9-diazatricyclo[9.4.0.0²,⁶]pentadeca-1(15),11,13-trien-3-one",1.9,3,-380.27335411198,0.266666666666667,NA,"844260172174701026"
"844260238859940585","C17H16FN3O4","[M + H]+",8,0.000631191814222002,48.6604877369317,2.22604718389802,46.4344405530337,"43","ZBLZEVQPDZRXNP","COC1=CC=CC(=C1O)C=NNC(=O)CNC(=O)C2=CC=C(C=C2)F","4-fluoro-N-[2-[2-[(2-hydroxy-3-methoxyphenyl)methylidene]hydrazinyl]-2-oxoethyl]benzamide",1.9,4,-392.687316224674,0.233333333333333,NA,"844260172174701026"
"844260238859940585","C17H16FN3O4","[M + H]+",8,0.000631191814222002,48.6604877369317,2.22604718389802,46.4344405530337,"43","JKZPDGNJAAVKEG","CC(=O)NC(CC1=CC(=CC=C1)F)C(=O)NC2=CC=C(C=C2)[N+](=O)[O-]","2-Acetamido-3-(3-fluorophenyl)-N-(4-nitrophenyl)propanamide (2c)",2.4,5,-393.528339959576,0.176470588235294,NA,"844260172174701026"
"844260238859940585","C17H16FN3O4","[M + H]+",8,0.000631191814222002,48.6604877369317,2.22604718389802,46.4344405530337,"43","RYUXKVAKPFRBTB","CC(=O)NC(CC1=CC=CC=C1F)C(=O)NC2=CC=C(C=C2)[N+](=O)[O-]","2-Acetamido-3-(2-fluorophenyl)-N-(4-nitrophenyl)propanamide (1c)",2.4,6,-396.624809168198,0.172043010752688,NA,"844260172174701026"
"844260238859940585","C17H16FN3O4","[M + H]+",8,0.000631191814222002,48.6604877369317,2.22604718389802,46.4344405530337,"43","LHZAPCAVMNVKID","CCOC1=C(C=CC(=C1)C=NNC(=O)C(=O)NC2=CC=C(C=C2)F)O","N'-[(3-ethoxy-4-hydroxyphenyl)methylideneamino]-N-(4-fluorophenyl)oxamide",2.5,7,-421.445971988419,0.251461988304094,NA,"844260172174701026"
"844260238859940585","C17H16FN3O4","[M + H]+",8,0.000631191814222002,48.6604877369317,2.22604718389802,46.4344405530337,"43","NWVXUXFCAZFSQH","C1CN(CCN1)C2=C(C=C3C(=C2)N(C=C(C3=O)C(=O)O)C4CC4=O)F","Oxo-ciprofloxacin",0.33245212,8,-468.463944646936,0.301075268817204,NA,"844260172174701026"
"844260238859940585","C17H16FN3O4","[M + H]+",8,0.000631191814222002,48.6604877369317,2.22604718389802,46.4344405530337,"43","MYYZZOHRULFPOQ","C1CC1N2C=C(C(=O)C3=CC(=C(C=C32)N4CCNC(=O)C4)F)C(=O)O","Oxociprofloxacin",0.96316284,9,-487.623488592523,0.282828282828283,NA,"844260172174701026"
"844260238859940585","C17H16FN3O4","[M + H]+",8,0.000631191814222002,48.6604877369317,2.22604718389802,46.4344405530337,"43","VCWNLVLFIZZTLZ","C1C2C(CN1C(=O)C3=CC=NO3)OCC(=O)N2CC4=CC=C(C=C4)F","4-[(4-fluorophenyl)methyl]-6-(1,2-oxazole-5-carbonyl)-octahydropyrrolo[3,4-b][1,4]oxazin-3-one",0.8,10,-487.885274229182,0.230366492146597,NA,"844260172174701026"
"844260238859940586","C9H15F4N7O3","[M + H]+",9,0.000407064798011201,48.2218503177234,0,48.2218503177234,"43",NA,NA,NA,NA,NA,NA,NA,NA,"844260172174701026"
"844260238859940587","C12H22F2NO6P","[M + H]+",10,5.39480337787272e-05,46.2008991818698,1.79759826462286,44.403300917247,"43",NA,NA,NA,NA,NA,NA,NA,NA,"844260172174701026"
"844260198498152986","C15H13F2N7O","[M + H]+",1,0.969302327137575,70.8005738196813,3.36374245141073,67.4368313682706,"44",NA,NA,NA,NA,NA,NA,NA,NA,"844260172178895331"
"844260198498152987","C14H17F2N3O5","[M + H]+",2,0.00801493789409091,66.0053042946639,2.53374751803032,63.4715567766335,"44",NA,NA,NA,NA,NA,NA,NA,NA,"844260172178895331"
"844260198498152988","C11H18F3N3O6","[M + H]+",3,0.00789984484535163,65.9908403767934,1.04072234833639,64.950118028457,"44",NA,NA,NA,NA,NA,NA,NA,NA,"844260172178895331"
"844260198498152989","C14H16F3N4O3","[M + H]+",4,0.00730089673381693,65.9119944382012,2.07984971540046,63.8321447228007,"44",NA,NA,NA,NA,NA,NA,NA,NA,"844260172178895331"
"844260198498152990","C9H15N9O6","[M + H]+",5,0.00588239383968783,65.6959610519968,0.0223442983497315,65.6736167536471,"44",NA,NA,NA,NA,NA,NA,NA,NA,"844260172178895331"
"844260198498152991","C12H14F3N7O2","[M + H]+",6,0.00150851249572401,64.3351213204674,2.25947274529429,62.0756485751731,"44",NA,NA,NA,NA,NA,NA,NA,NA,"844260172178895331"
"844260198498152992","C12H22F2NO6P","[M + H]+",7,2.68655639508877e-05,60.3070872943506,1.59738483099557,58.709702463355,"44",NA,NA,NA,NA,NA,NA,NA,NA,"844260172178895331"
"844260198498152993","C17H16FN3O4","[M + H]+",8,2.39748233664828e-05,60.1932462316981,2.25804501818486,57.9352012135133,"44","FVCPNISTSVVUPX","COC1=CC(=C(C=C1)O)C=NNC(=O)CNC(=O)C2=CC=C(C=C2)F","4-fluoro-N-[2-[(2Z)-2-[(2-hydroxy-5-methoxyphenyl)methylidene]hydrazinyl]-2-oxoethyl]benzamide",1.9,1,-280.648404095832,0.271676300578035,0,"844260172178895331"
"844260198498152993","C17H16FN3O4","[M + H]+",8,2.39748233664828e-05,60.1932462316981,2.25804501818486,57.9352012135133,"44","LHZAPCAVMNVKID","CCOC1=C(C=CC(=C1)C=NNC(=O)C(=O)NC2=CC=C(C=C2)F)O","N'-[(3-ethoxy-4-hydroxyphenyl)methylideneamino]-N-(4-fluorophenyl)oxamide",2.5,2,-345.717187082837,0.295180722891566,Inf,"844260172178895331"
"844260198498152993","C17H16FN3O4","[M + H]+",8,2.39748233664828e-05,60.1932462316981,2.25804501818486,57.9352012135133,"44","ZBLZEVQPDZRXNP","COC1=CC=CC(=C1O)C=NNC(=O)CNC(=O)C2=CC=C(C=C2)F","4-fluoro-N-[2-[2-[(2-hydroxy-3-methoxyphenyl)methylidene]hydrazinyl]-2-oxoethyl]benzamide",1.9,3,-355.604796456192,0.252808988764045,NA,"844260172178895331"
"844260198498152993","C17H16FN3O4","[M + H]+",8,2.39748233664828e-05,60.1932462316981,2.25804501818486,57.9352012135133,"44","HAZCGTFRKOCWQZ","CC(=O)NC(CC1=CC=C(C=C1)F)C(=O)NC2=CC=C(C=C2)[N+](=O)[O-]","2-Acetamido-3-(4-fluorophenyl)-N-(4-nitrophenyl)propanamide (3c)",2.7804983,4,-375.683483505555,0.194736842105263,NA,"844260172178895331"
"844260198498152993","C17H16FN3O4","[M + H]+",8,2.39748233664828e-05,60.1932462316981,2.25804501818486,57.9352012135133,"44","JKZPDGNJAAVKEG","CC(=O)NC(CC1=CC(=CC=C1)F)C(=O)NC2=CC=C(C=C2)[N+](=O)[O-]","2-Acetamido-3-(3-fluorophenyl)-N-(4-nitrophenyl)propanamide (2c)",2.4,5,-398.847884846624,0.201086956521739,NA,"844260172178895331"
"844260198498152993","C17H16FN3O4","[M + H]+",8,2.39748233664828e-05,60.1932462316981,2.25804501818486,57.9352012135133,"44","RYUXKVAKPFRBTB","CC(=O)NC(CC1=CC=CC=C1F)C(=O)NC2=CC=C(C=C2)[N+](=O)[O-]","2-Acetamido-3-(2-fluorophenyl)-N-(4-nitrophenyl)propanamide (1c)",2.4,6,-400.689027072867,0.19672131147541,NA,"844260172178895331"
"844260198498152993","C17H16FN3O4","[M + H]+",8,2.39748233664828e-05,60.1932462316981,2.25804501818486,57.9352012135133,"44","VDCWENWOWUDREX","CC1=CC(=NO1)C(=O)N2CCC3COC(=O)N3C4=C(C2)C=CC(=C4)F","14-fluoro-9-(5-methyl-1,2-oxazole-3-carbonyl)-4-oxa-2,9-diazatricyclo[9.4.0.0²,⁶]pentadeca-1(15),11,13-trien-3-one",1.9,7,-418.948768443354,0.308571428571429,NA,"844260172178895331"
"844260198498152993","C17H16FN3O4","[M + H]+",8,2.39748233664828e-05,60.1932462316981,2.25804501818486,57.9352012135133,"44","NWVXUXFCAZFSQH","C1CN(CCN1)C2=C(C=C3C(=C2)N(C=C(C3=O)C(=O)O)C4CC4=O)F","Oxo-ciprofloxacin",0.33245212,8,-421.182644143273,0.335164835164835,NA,"844260172178895331"
"844260198498152993","C17H16FN3O4","[M + H]+",8,2.39748233664828e-05,60.1932462316981,2.25804501818486,57.9352012135133,"44","VCWNLVLFIZZTLZ","C1C2C(CN1C(=O)C3=CC=NO3)OCC(=O)N2CC4=CC=C(C=C4)F","4-[(4-fluorophenyl)methyl]-6-(1,2-oxazole-5-carbonyl)-octahydropyrrolo[3,4-b][1,4]oxazin-3-one",0.8,9,-454.057348230566,0.25531914893617,NA,"844260172178895331"
"844260198498152993","C17H16FN3O4","[M + H]+",8,2.39748233664828e-05,60.1932462316981,2.25804501818486,57.9352012135133,"44","MYYZZOHRULFPOQ","C1CC1N2C=C(C(=O)C3=CC(=C(C=C32)N4CCNC(=O)C4)F)C(=O)O","Oxociprofloxacin",0.96316284,10,-458.88961266274,0.314432989690722,NA,"844260172178895331"
"844260198498152994","C10H11N13O2","[M + H]+",9,1.55737379932605e-05,59.7618280120306,1.542077975692,58.2197500363386,"44",NA,NA,NA,NA,NA,NA,NA,NA,"844260172178895331"
"844260198498152995","C11H17N6O7","[M + H]+",10,1.15436663016699e-05,59.462378892767,1.65802013353361,57.8043587592334,"44",NA,NA,NA,NA,NA,NA,NA,NA,"844260172178895331"
"844260229078823630","C15H13F2N7O","[M + H]+",1,0.990506020569672,65.6286674540187,3.29927954269978,62.3293879113189,"45",NA,NA,NA,NA,NA,NA,NA,NA,"844260172178895332"
"844260229078823631","C14H17F2N3O5","[M + H]+",2,0.00582637843704997,60.4928471225951,2.76044039879801,57.7324067237971,"45",NA,NA,NA,NA,NA,NA,NA,NA,"844260172178895332"
"844260229078823632","C11H18F3N3O6","[M + H]+",3,0.00167151518817837,59.2441820229777,1.62034792117578,57.6238341018019,"45",NA,NA,NA,NA,NA,NA,NA,NA,"844260172178895332"
"844260229078823633","C14H16F3N4O3","[M + H]+",4,0.00127683012675067,58.9748320525327,2.39940890285626,56.5754231496764,"45",NA,NA,NA,NA,NA,NA,NA,NA,"844260172178895332"
"844260229078823634","C17H16FN3O4","[M + H]+",5,0.000515432713762575,58.0677029993767,2.0892788851854,55.9784241141913,"45","FVCPNISTSVVUPX","COC1=CC(=C(C=C1)O)C=NNC(=O)CNC(=O)C2=CC=C(C=C2)F","4-fluoro-N-[2-[(2Z)-2-[(2-hydroxy-5-methoxyphenyl)methylidene]hydrazinyl]-2-oxoethyl]benzamide",1.9,1,-316.022424212446,0.277777777777778,0,"844260172178895332"
"844260229078823634","C17H16FN3O4","[M + H]+",5,0.000515432713762575,58.0677029993767,2.0892788851854,55.9784241141913,"45","ZBLZEVQPDZRXNP","COC1=CC=CC(=C1O)C=NNC(=O)CNC(=O)C2=CC=C(C=C2)F","4-fluoro-N-[2-[2-[(2-hydroxy-3-methoxyphenyl)methylidene]hydrazinyl]-2-oxoethyl]benzamide",1.9,2,-369.513291110536,0.265060240963855,2,"844260172178895332"
"844260229078823634","C17H16FN3O4","[M + H]+",5,0.000515432713762575,58.0677029993767,2.0892788851854,55.9784241141913,"45","LHZAPCAVMNVKID","CCOC1=C(C=CC(=C1)C=NNC(=O)C(=O)NC2=CC=C(C=C2)F)O","N'-[(3-ethoxy-4-hydroxyphenyl)methylideneamino]-N-(4-fluorophenyl)oxamide",2.5,3,-378.023809240447,0.320261437908497,Inf,"844260172178895332"
"844260229078823634","C17H16FN3O4","[M + H]+",5,0.000515432713762575,58.0677029993767,2.0892788851854,55.9784241141913,"45","HAZCGTFRKOCWQZ","CC(=O)NC(CC1=CC=C(C=C1)F)C(=O)NC2=CC=C(C=C2)[N+](=O)[O-]","2-Acetamido-3-(4-fluorophenyl)-N-(4-nitrophenyl)propanamide (3c)",2.7804983,4,-384.21852187377,0.202247191011236,NA,"844260172178895332"
"844260229078823634","C17H16FN3O4","[M + H]+",5,0.000515432713762575,58.0677029993767,2.0892788851854,55.9784241141913,"45","NWVXUXFCAZFSQH","C1CN(CCN1)C2=C(C=C3C(=C2)N(C=C(C3=O)C(=O)O)C4CC4=O)F","Oxo-ciprofloxacin",0.33245212,5,-391.965192119893,0.337209302325581,NA,"844260172178895332"
"844260229078823634","C17H16FN3O4","[M + H]+",5,0.000515432713762575,58.0677029993767,2.0892788851854,55.9784241141913,"45","JKZPDGNJAAVKEG","CC(=O)NC(CC1=CC(=CC=C1)F)C(=O)NC2=CC=C(C=C2)[N+](=O)[O-]","2-Acetamido-3-(3-fluorophenyl)-N-(4-nitrophenyl)propanamide (2c)",2.4,6,-392.299820559323,0.209302325581395,NA,"844260172178895332"
"844260229078823634","C17H16FN3O4","[M + H]+",5,0.000515432713762575,58.0677029993767,2.0892788851854,55.9784241141913,"45","VDCWENWOWUDREX","CC1=CC(=NO1)C(=O)N2CCC3COC(=O)N3C4=C(C2)C=CC(=C4)F","14-fluoro-9-(5-methyl-1,2-oxazole-3-carbonyl)-4-oxa-2,9-diazatricyclo[9.4.0.0²,⁶]pentadeca-1(15),11,13-trien-3-one",1.9,7,-395.792321146104,0.341614906832298,NA,"844260172178895332"
"844260229078823634","C17H16FN3O4","[M + H]+",5,0.000515432713762575,58.0677029993767,2.0892788851854,55.9784241141913,"45","MYYZZOHRULFPOQ","C1CC1N2C=C(C(=O)C3=CC(=C(C=C32)N4CCNC(=O)C4)F)C(=O)O","Oxociprofloxacin",0.96316284,8,-412.166449932337,0.322404371584699,NA,"844260172178895332"
"844260229078823634","C17H16FN3O4","[M + H]+",5,0.000515432713762575,58.0677029993767,2.0892788851854,55.9784241141913,"45","RYUXKVAKPFRBTB","CC(=O)NC(CC1=CC=CC=C1F)C(=O)NC2=CC=C(C=C2)[N+](=O)[O-]","2-Acetamido-3-(2-fluorophenyl)-N-(4-nitrophenyl)propanamide (1c)",2.4,9,-415.325547468743,0.204678362573099,NA,"844260172178895332"
"844260229078823634","C17H16FN3O4","[M + H]+",5,0.000515432713762575,58.0677029993767,2.0892788851854,55.9784241141913,"45","VCWNLVLFIZZTLZ","C1C2C(CN1C(=O)C3=CC=NO3)OCC(=O)N2CC4=CC=C(C=C4)F","4-[(4-fluorophenyl)methyl]-6-(1,2-oxazole-5-carbonyl)-octahydropyrrolo[3,4-b][1,4]oxazin-3-one",0.8,10,-472.609109286634,0.274285714285714,NA,"844260172178895332"
"844260229078823635","C9H15N9O6","[M + H]+",6,0.000192559507470341,57.0831014662759,0.680496466678208,56.4026049995977,"45",NA,NA,NA,NA,NA,NA,NA,NA,"844260172178895332"
"844260229078823636","C12H22F2NO6P","[M + H]+",7,6.19630018768357e-06,53.6466486006093,2.20069822272886,51.4459503778805,"45",NA,NA,NA,NA,NA,NA,NA,NA,"844260172178895332"
"844260229078823637","C12H14F3N7O2","[M + H]+",8,3.75263011431699e-06,53.1451531885623,2.68183392389292,50.4633192646694,"45",NA,NA,NA,NA,NA,NA,NA,NA,"844260172178895332"
"844260229078823638","C10H11N13O2","[M + H]+",9,3.25731393343954e-07,50.7010140465589,1.99542209124825,48.7055919553107,"45",NA,NA,NA,NA,NA,NA,NA,NA,"844260172178895332"
"844260229078823639","C9H17F6N3O4","[M + H]+",10,2.77023316388073e-07,50.5390426289517,0,50.5390426289517,"45",NA,NA,NA,NA,NA,NA,NA,NA,"844260172178895332"
"844260202478547492","C14H17F2N3O5","[M + H]+",1,0.310237889062621,54.9646584985617,2.70929466036508,52.2553638381966,"46","RYYXIOLNZYBGHQ","COCCNC(=O)NC(=O)CNC1=C(C=C(C(=C1)C(=O)OC)F)F","Methyl 2,4-difluoro-5-[[2-(2-methoxyethylcarbamoylamino)-2-oxoethyl]amino]benzoate",1.3,301,-348.71732376684,0.236559139784946,NA,"844260172183089637"
"844260202478547492","C14H17F2N3O5","[M + H]+",1,0.310237889062621,54.9646584985617,2.70929466036508,52.2553638381966,"46","HYDWDTMGPGGKTI","COC1=CC(=C(C(=C1)F)C2CN=C(C2NC(=O)O)NOCCO)F","[3-(2,6-difluoro-4-methoxyphenyl)-5-(2-hydroxyethoxyamino)-3,4-dihydro-2H-pyrrol-4-yl]carbamic acid",0.5,314,-351.216378971574,0.248587570621469,NA,"844260172183089637"
"844260202478547492","C14H17F2N3O5","[M + H]+",1,0.310237889062621,54.9646584985617,2.70929466036508,52.2553638381966,"46","IWCQONMLHVONLN","CCOC(=O)N1CCN(CC1)C2=C(C=C(C(=C2CO)F)[N+](=O)[O-])F","3,6-Difluoro-2-(4-ethoxycarbonyl-1-piperazinyl)-5-nitrobenzyl alcohol",1.2,329,-355.127095087242,0.220338983050847,NA,"844260172183089637"
"844260202478547492","C14H17F2N3O5","[M + H]+",1,0.310237889062621,54.9646584985617,2.70929466036508,52.2553638381966,"46","KDWCPERQQNFZRD","CN(CCN1CCOCC1=O)C2=C(C=CC(=C2)OC(F)F)[N+](=O)[O-]","4-[2-[5-(difluoromethoxy)-N-methyl-2-nitroanilino]ethyl]morpholin-3-one",1.9,355,-358.376044428443,0.298342541436464,NA,"844260172183089637"
"844260202478547492","C14H17F2N3O5","[M + H]+",1,0.310237889062621,54.9646584985617,2.70929466036508,52.2553638381966,"46","YXIAMSPSABAWNR","CC(C)(C)OC(=O)NC1COC2=C(C=CC(=N2)OC(F)F)NC1=O","tert-butyl N-[(3S)-7-(difluoromethoxy)-2-oxo-3,4-dihydro-1H-pyrido[2,3-b][1,4]oxazepin-3-yl]carbamate",2.1,356,-358.481664949074,0.271276595744681,NA,"844260172183089637"
"844260202478547492","C14H17F2N3O5","[M + H]+",1,0.310237889062621,54.9646584985617,2.70929466036508,52.2553638381966,"46","JAUWZCPMXGOVFY","CC1CN(CC(O1)C)C(=O)NC2=C(C=CC(=C2)[N+](=O)[O-])OC(F)F","N-[2-(difluoromethoxy)-5-nitrophenyl]-2,6-dimethylmorpholine-4-carboxamide",2.4,368,-361.894751753374,0.254054054054054,NA,"844260172183089637"
"844260202478547492","C14H17F2N3O5","[M + H]+",1,0.310237889062621,54.9646584985617,2.70929466036508,52.2553638381966,"46","CVPJVRLLJNRSGB","CCOC(=O)C(ONC(=O)N1CC(C=C(C1)C2=NC=CO2)C)(F)F","ethyl 2,2-difluoro-2-[[(3R)-3-methyl-5-(1,3-oxazol-2-yl)-3,6-dihydro-2H-pyridine-1-carbonyl]amino]oxyacetate",1.3,451,-380.398377263331,0.182795698924731,NA,"844260172183089637"
"844260202478547492","C14H17F2N3O5","[M + H]+",1,0.310237889062621,54.9646584985617,2.70929466036508,52.2553638381966,"46","SEAHIGNPSSUMPC","CC(C(=O)NC1=CC=CC=C1OC(F)F)OC(=O)CCNC(=O)N","[(2S)-1-[2-(difluoromethoxy)anilino]-1-oxopropan-2-yl] 3-(carbamoylamino)propanoate",1,539,-404.505764422662,0.205,NA,"844260172183089637"
"844260202478547492","C14H17F2N3O5","[M + H]+",1,0.310237889062621,54.9646584985617,2.70929466036508,52.2553638381966,"46","CKVPZSUBKHFSJC","CC(C)(C)OC(=O)N1CCC(C1OC2=C(N=CC=C2)[N+](=O)[O-])(F)F","tert-butyl (2S)-3,3-difluoro-2-(2-nitropyridin-3-yl)oxypyrrolidine-1-carboxylate",2.8,559,-411.533220081774,0.27027027027027,NA,"844260172183089637"
"844260202478547492","C14H17F2N3O5","[M + H]+",1,0.310237889062621,54.9646584985617,2.70929466036508,52.2553638381966,"46","UPBKGPXMJNJLOS","COCC1CC(C(O1)N2C=CC(=NC2=O)NC(=O)OCC=C)(F)F","prop-2-enyl N-[1-[(2R,5S)-3,3-difluoro-5-(methoxymethyl)oxolan-2-yl]-2-oxopyrimidin-4-yl]carbamate",0.9,585,-423.273017736468,0.226600985221675,NA,"844260172183089637"
"844260202478547492","C14H17F2N3O5","[M + H]+",1,0.310237889062621,54.9646584985617,2.70929466036508,52.2553638381966,"46","GQSKWIKDDRTCQV","COC1=C(C=C(C(=C1)C(=O)NCC(C2CC2)N)[N+](=O)[O-])OC(F)F","N-(2-amino-2-cyclopropylethyl)-4-(difluoromethoxy)-5-methoxy-2-nitrobenzamide",1.8,602,-430.936496070303,0.23,NA,"844260172183089637"
"844260202478547492","C14H17F2N3O5","[M + H]+",1,0.310237889062621,54.9646584985617,2.70929466036508,52.2553638381966,"46","ROORJEYJMZRBRE","CC(C)(C)OC(=O)N1CC(C(C1)(F)F)OC2=C(N=CC=C2)[N+](=O)[O-]","Tert-butyl 3,3-difluoro-4-(2-nitropyridin-3-yl)oxypyrrolidine-1-carboxylate",2.4,604,-432.114397669931,0.276041666666667,NA,"844260172183089637"
"844260202478547492","C14H17F2N3O5","[M + H]+",1,0.310237889062621,54.9646584985617,2.70929466036508,52.2553638381966,"46","DVBMXBGFCSKWEE","CC(=O)NC(C1=NC2=CC(=C(C=C2N1)F)F)C(C(C(CO)O)O)O","N-[(2R)-1-(5,6-difluoro-1H-benzimidazol-2-yl)-2,3,4,5-tetrahydroxypentyl]acetamide",-1.7,606,-433.001994837844,0.306532663316583,NA,"844260172183089637"
"844260202478547492","C14H17F2N3O5","[M + H]+",1,0.310237889062621,54.9646584985617,2.70929466036508,52.2553638381966,"46","WHKVCNFTYQCLNE","C1CN(CCC1CO)C(=O)NC2=C(C=CC(=C2)[N+](=O)[O-])OC(F)F","N-[2-(difluoromethoxy)-5-nitrophenyl]-4-(hydroxymethyl)piperidine-1-carboxamide",1.9,612,-434.549285813439,0.22680412371134,NA,"844260172183089637"
"844260202478547492","C14H17F2N3O5","[M + H]+",1,0.310237889062621,54.9646584985617,2.70929466036508,52.2553638381966,"46","FCWVTDIMXVCREB","C1COC(CN1C(=O)NCC2=C(N=CC=C2)OCC(F)F)C(=O)O","4-[[2-(2,2-Difluoroethoxy)pyridin-3-yl]methylcarbamoyl]morpholine-2-carboxylic acid",0.4,619,-438.163563681613,0.260204081632653,NA,"844260172183089637"
"844260202478547493","C11H18F3N3O6","[M + H]+",2,0.287078191896601,54.887073735584,1.23517603814983,53.6518976974341,"46",NA,NA,NA,NA,NA,NA,NA,NA,"844260172183089637"
"844260202478547494","C14H16F3N4O3","[M + H]+",3,0.193230724689899,54.4912040509186,2.04594442095911,52.4452596299595,"46",NA,NA,NA,NA,NA,NA,NA,NA,"844260172183089637"
"844260202478547495","C9H15N9O6","[M + H]+",4,0.156659682820185,54.281394938597,0.260706006903131,54.0206889316939,"46","AOMBUTLTOUELDR","CN1C2C3N(C(N2C)C4N(C1C(N4[N+](=O)[O-])N3[N+](=O)[O-])C)[N+](=O)[O-]","2,4,6-Trimethyl-8,10,12-trinitro-2,4,6,8,10,12-hexazatetracyclo[5.5.0.03,11.05,9]dodecane",1.7,3,-166.690098555057,0.150442477876106,NA,"844260172183089637"
"844260202478547495","C9H15N9O6","[M + H]+",4,0.156659682820185,54.281394938597,0.260706006903131,54.0206889316939,"46","BAXFLFSLUMDRCR","C(C(=O)NN)N1C(=O)N(C(=O)N(C1=O)CC(=O)NN)CC(=O)NN","2-[3,5-Bis(2-hydrazinyl-2-oxoethyl)-2,4,6-trioxo-1,3,5-triazinan-1-yl]acetohydrazide",-4.8,7,-187.868676540828,0.201680672268908,NA,"844260172183089637"
"844260202478547496","C15H13F2N7O","[M + H]+",5,0.0350269878792753,52.7834379579214,3.4465044680082,49.3369334899132,"46","JTSTWKIGATWXTF","CC1=NC(=NC(=N1)N)C2=C(N=CC(=C2)F)NC3=CC(=C(N=C3)OC)F","4-(5-Fluoro-2-(5-fluoro-6-methoxypyridin-3-ylamino)pyridin-3-YL)-6-methyl-1,3,5-triazin-2-amine",1.9,1,-155.649219352817,0.532110091743119,0,"844260172183089637"
"844260202478547496","C15H13F2N7O","[M + H]+",5,0.0350269878792753,52.7834379579214,3.4465044680082,49.3369334899132,"46","YTRLNEAYBRWQPJ","CC(C1=NOC(=N1)CC2=NC=NN2)C3=NC4=CC=CC=C4N3C(F)F","3-[1-[1-(difluoromethyl)benzimidazol-2-yl]ethyl]-5-(1H-1,2,4-triazol-5-ylmethyl)-1,2,4-oxadiazole",2.9,2,-160.102728941787,0.518181818181818,Inf,"844260172183089637"
"844260202478547496","C15H13F2N7O","[M + H]+",5,0.0350269878792753,52.7834379579214,3.4465044680082,49.3369334899132,"46","MQVBBWVQXHPMPR","C1=CC(=C(C(=C1)F)CN(NC2=CNN=C2)NC(=O)C3=CN=CN=C3)F","N'-[(2,6-difluorophenyl)methyl]-N'-(1H-pyrazol-4-ylamino)pyrimidine-5-carbohydrazide",2.1,4,-181.237576608723,0.446428571428571,NA,"844260172183089637"
"844260202478547496","C15H13F2N7O","[M + H]+",5,0.0350269878792753,52.7834379579214,3.4465044680082,49.3369334899132,"46","VBSXQQWDJBMXPB","C1=CC(=C(C(=C1)F)CNC2=NC(=NC=C2C(=O)N)NC3=CNN=C3)F","4-[(2,6-difluorophenyl)methylamino]-2-(1H-pyrazol-4-ylamino)pyrimidine-5-carboxamide",1.8,6,-187.30230939719,0.425,NA,"844260172183089637"
"844260202478547496","C15H13F2N7O","[M + H]+",5,0.0350269878792753,52.7834379579214,3.4465044680082,49.3369334899132,"46","HJSFOUOOTROZTO","CC1=NC2=NC=NN2C(=C1CC3=NC(=C(C=C3)C#N)OCC(F)F)N","6-[(7-Amino-5-methyl-[1,2,4]triazolo[1,5-a]pyrimidin-6-yl)methyl]-2-(2,2-difluoroethoxy)pyridine-3-carbonitrile",1.9,8,-190.361321733244,0.504132231404959,NA,"844260172183089637"
"844260202478547496","C15H13F2N7O","[M + H]+",5,0.0350269878792753,52.7834379579214,3.4465044680082,49.3369334899132,"46","ICKITLLBYZLHFH","CC1=NC2=NON=C2C(=C1CC3=NC(=C(C=C3)NCC(F)F)C#N)N",NA,2.5,9,-192.346040260226,0.448275862068966,NA,"844260172183089637"
"844260202478547496","C15H13F2N7O","[M + H]+",5,0.0350269878792753,52.7834379579214,3.4465044680082,49.3369334899132,"46","WPYPMWYYODXLIP","CC1=CC(=NC(=N1)N)NC2=CN(N=C2C(=O)N)C3=C(C=CC=C3F)F","4-[(2-Amino-6-methylpyrimidin-4-yl)amino]-1-(2,6-difluorophenyl)pyrazole-3-carboxamide",2.1,10,-197.862530056762,0.475409836065574,NA,"844260172183089637"
"844260202478547496","C15H13F2N7O","[M + H]+",5,0.0350269878792753,52.7834379579214,3.4465044680082,49.3369334899132,"46","FMIKZRJTWLKBRN","CC1=C(N=C(C(=N1)C(=O)NCC2=C(C=CC=C2F)F)N)N3N=CC=N3","3-amino-N-[(2,6-difluorophenyl)methyl]-6-methyl-5-(triazol-2-yl)pyrazine-2-carboxamide",2,11,-201.493847269555,0.440677966101695,NA,"844260172183089637"
"844260202478547496","C15H13F2N7O","[M + H]+",5,0.0350269878792753,52.7834379579214,3.4465044680082,49.3369334899132,"46","UNOLYPSFWIKMAJ","C1=CC=C(C=C1)C=CC(C(=O)NC2=CN(N=C2)CC3=NNN=N3)(F)F","(E)-2,2-difluoro-4-phenyl-N-[1-(2H-tetrazol-5-ylmethyl)pyrazol-4-yl]but-3-enamide",1.6,12,-218.849723005893,0.344262295081967,NA,"844260172183089637"
"844260202478547496","C15H13F2N7O","[M + H]+",5,0.0350269878792753,52.7834379579214,3.4465044680082,49.3369334899132,"46","GXABJCVNISZUSB","CN1C=C(C=N1)NC2=NC=CC(=N2)C3=CN=C(C=C3)NC(=O)C(F)F","2,2-difluoro-N-[5-[2-[(1-methylpyrazol-4-yl)amino]pyrimidin-4-yl]pyridin-2-yl]acetamide",1.3,16,-227.067304855401,0.459016393442623,NA,"844260172183089637"
"844260202478547496","C15H13F2N7O","[M + H]+",5,0.0350269878792753,52.7834379579214,3.4465044680082,49.3369334899132,"46","GIXMTDDSXCDPBC","C1C(C1(F)F)N2C(=CC=N2)CNC(=O)C3=CN(N=N3)C4=CN=CC=C4","N-[[2-(2,2-difluorocyclopropyl)pyrazol-3-yl]methyl]-1-pyridin-3-yltriazole-4-carboxamide",0.5,20,-240.393751943958,0.4,NA,"844260172183089637"
"844260202478547496","C15H13F2N7O","[M + H]+",5,0.0350269878792753,52.7834379579214,3.4465044680082,49.3369334899132,"46","IBILLMHRWJAVGZ","C1=CN(N=C1)C2=NC(=NC(=N2)NCCC(=O)N)C3=CC(=CC(=C3)F)F","3-[[4-(3,5-Difluorophenyl)-6-pyrazol-1-yl-1,3,5-triazin-2-yl]amino]propanamide",1.9,21,-242.696814496035,0.412213740458015,NA,"844260172183089637"
"844260202478547496","C15H13F2N7O","[M + H]+",5,0.0350269878792753,52.7834379579214,3.4465044680082,49.3369334899132,"46","LXNFGOMEISTOMK","C1CN(CC1(F)F)C2=NN3C(=NC=C3C(=O)NC4=NN=CC=C4)C=C2","6-(3,3-difluoropyrrolidin-1-yl)-N-pyridazin-3-ylimidazo[1,2-b]pyridazine-3-carboxamide",1,24,-252.703120273643,0.389312977099237,NA,"844260172183089637"
"844260202478547496","C15H13F2N7O","[M + H]+",5,0.0350269878792753,52.7834379579214,3.4465044680082,49.3369334899132,"46","LYANVZWCRWWOGQ","C1C(CN1C(=O)C2=CC(=C(C=C2)F)F)N3C=C(N=N3)CN4N=CC=N4","(3,4-Difluorophenyl)-[3-[4-(triazol-2-ylmethyl)triazol-1-yl]azetidin-1-yl]methanone",0.7,26,-254.292209292637,0.296875,NA,"844260172183089637"
"844260202478547496","C15H13F2N7O","[M + H]+",5,0.0350269878792753,52.7834379579214,3.4465044680082,49.3369334899132,"46","KLDFYAKMDGPMDJ","CN(C)C(=O)C1=CC(=C(N=C1)N)C2=NN=NN2C3=C(C(=CC=C3)F)F","6-amino-5-[1-(2,3-difluorophenyl)tetrazol-5-yl]-N,N-dimethylpyridine-3-carboxamide",1.1,27,-254.871563970698,0.421052631578947,NA,"844260172183089637"
"844260202478547497","C17H16FN3O4","[M + H]+",6,0.0138071924602445,51.8525087604589,2.41247635042025,49.4400324100386,"46","OLVHFTHXMQGFTJ","CC1=CC(=C(C=C1)NC(=O)C2=C(C=CC(=C2)[N+](=O)[O-])NC(=O)CF)C","N-(2,4-Dimethylphenyl)-2-(2-fluoroacetamido)-5-nitrobenzamide",3.4,14,-226.090895437877,0.258741258741259,NA,"844260172183089637"
"844260202478547497","C17H16FN3O4","[M + H]+",6,0.0138071924602445,51.8525087604589,2.41247635042025,49.4400324100386,"46","HUACEUAGDOKFRA","CC1=C(C=C(C=C1)F)NC(=O)CNC(=O)C2=CC(=C(C=C2)C)[N+](=O)[O-]","N-[2-(5-fluoro-2-methylanilino)-2-oxoethyl]-4-methyl-3-nitrobenzamide",2.8,15,-227.034567299633,0.288590604026846,NA,"844260172183089637"
"844260202478547497","C17H16FN3O4","[M + H]+",6,0.0138071924602445,51.8525087604589,2.41247635042025,49.4400324100386,"46","UCSFQLGHANDYFD","CC1=C(C(=CC=C1)NC(=O)C2=C(C=CC(=C2)[N+](=O)[O-])NC(=O)CF)C","N-(2-fluoroacetamido-5-nitrobenzoyl)-2,3-dimethylaniline",3.4,17,-227.58955275764,0.26056338028169,NA,"844260172183089637"
"844260202478547497","C17H16FN3O4","[M + H]+",6,0.0138071924602445,51.8525087604589,2.41247635042025,49.4400324100386,"46","UNYACWKKYGKRRP","COC1=CC(=C(C=C1)NC(=O)CN2C3=C(C=C(C=C3)F)NC2=O)OC","N-(2,4-dimethoxyphenyl)-2-(5-fluoro-2-oxo-3H-benzimidazol-1-yl)acetamide",1.7,18,-233.613792839352,0.440789473684211,NA,"844260172183089637"
"844260202478547497","C17H16FN3O4","[M + H]+",6,0.0138071924602445,51.8525087604589,2.41247635042025,49.4400324100386,"46","JYGCCMHOHMOCHN","COC1=CC(=C(C=C1)OC)NC(=O)CN2C3=C(C=C(C=C3)F)NC2=O","N-(2,5-dimethoxyphenyl)-2-(5-fluoro-2-oxo-3H-benzimidazol-1-yl)acetamide",1.7,19,-236.497825307615,0.485714285714286,NA,"844260172183089637"
"844260202478547497","C17H16FN3O4","[M + H]+",6,0.0138071924602445,51.8525087604589,2.41247635042025,49.4400324100386,"46","ZNJSHDBWLSXPBX","CCC1=NOC(=C1)CNC(=O)C2=COC(=N2)COC3=CC=CC=C3F","N-[(3-ethyl-1,2-oxazol-5-yl)methyl]-2-[(2-fluorophenoxy)methyl]-1,3-oxazole-4-carboxamide",2.4,25,-253.016095121287,0.376811594202899,NA,"844260172183089637"
"844260202478547497","C17H16FN3O4","[M + H]+",6,0.0138071924602445,51.8525087604589,2.41247635042025,49.4400324100386,"46","DFUHVGHEWASGIO","CCC1=NOC(=C1)CNC(=O)C2=COC(=N2)COC3=CC(=CC=C3)F","N-[(3-ethyl-5-isoxazolyl)methyl]-2-[(3-fluorophenoxy)methyl]-1,3-oxazole-4-carboxamide",2.4,30,-257.527217788924,0.386861313868613,NA,"844260172183089637"
"844260202478547497","C17H16FN3O4","[M + H]+",6,0.0138071924602445,51.8525087604589,2.41247635042025,49.4400324100386,"46","KGVCMHWTLKLZCC","COC1=C(C=C(C=C1)NC(=O)CN2C3=C(C=C(C=C3)F)NC2=O)OC","N-(3,4-dimethoxyphenyl)-2-(5-fluoro-2-oxo-3H-benzimidazol-1-yl)acetamide",1.7,31,-261.030412521182,0.457516339869281,NA,"844260172183089637"
"844260202478547497","C17H16FN3O4","[M + H]+",6,0.0138071924602445,51.8525087604589,2.41247635042025,49.4400324100386,"46","RRQLCAIBPRRUCX","CCN1C2=C(C(=CC=C2)F)N=C1COC3=C(C=CC(=C3)[N+](=O)[O-])OC","1-Ethyl-4-fluoro-2-[(2-methoxy-5-nitrophenoxy)methyl]benzimidazole",3.1,32,-261.061450963298,0.482269503546099,NA,"844260172183089637"
"844260202478547497","C17H16FN3O4","[M + H]+",6,0.0138071924602445,51.8525087604589,2.41247635042025,49.4400324100386,"46","ZLEDPAPCLQPRPW","CC1=NOC(=C1)CN(C)C(=O)C2=COC(=N2)COC3=CC=CC=C3F","2-[(2-fluorophenoxy)methyl]-N-methyl-N-[(3-methyl-5-isoxazolyl)methyl]-1,3-oxazole-4-carboxamide",2.1,33,-263.323598744289,0.34965034965035,NA,"844260172183089637"
"844260202478547497","C17H16FN3O4","[M + H]+",6,0.0138071924602445,51.8525087604589,2.41247635042025,49.4400324100386,"46","BNUJDUBCNUBRET","COC1=CC(=C(C=C1)OC)C=NNC(=O)C(=O)NC2=CC=CC=C2F","N'-[(2,5-dimethoxyphenyl)methylideneamino]-N-(2-fluorophenyl)oxamide",2.5,35,-267.726780834123,0.283018867924528,NA,"844260172183089637"
"844260202478547497","C17H16FN3O4","[M + H]+",6,0.0138071924602445,51.8525087604589,2.41247635042025,49.4400324100386,"46","DYHUYECVADCOMH","CC1=C(C=C(C=C1)C(=O)NCCNC(=O)C2=CC(=CC=C2)[N+](=O)[O-])F","3-fluoro-4-methyl-N-[2-[(3-nitrobenzoyl)amino]ethyl]benzamide",2.5,36,-268.350362940742,0.23841059602649,NA,"844260172183089637"
"844260202478547497","C17H16FN3O4","[M + H]+",6,0.0138071924602445,51.8525087604589,2.41247635042025,49.4400324100386,"46","ZHRXJUVKDVISFQ","CC1=CC(=C(C=C1)OCC(=O)NN=C(C)C2=CC=C(C=C2)F)[N+](=O)[O-]","N-[1-(4-fluorophenyl)ethylideneamino]-2-(4-methyl-2-nitrophenoxy)acetamide",3.4,37,-268.821808868104,0.328767123287671,NA,"844260172183089637"
"844260202478547497","C17H16FN3O4","[M + H]+",6,0.0138071924602445,51.8525087604589,2.41247635042025,49.4400324100386,"46","XVSNLEJMVIIYRZ","COC1=CC(=C(C=C1)OC)NC(=O)C(=O)NN=CC2=CC=CC=C2F","N-(2,5-dimethoxyphenyl)-N'-[(2-fluorophenyl)methylideneamino]oxamide",2.5,38,-270.781559226232,0.324137931034483,NA,"844260172183089637"
"844260202478547497","C17H16FN3O4","[M + H]+",6,0.0138071924602445,51.8525087604589,2.41247635042025,49.4400324100386,"46","BZILGAWLURRBGG","COC1=CC(=C(C=C1)OC)C=NNC(=O)C(=O)NC2=CC=C(C=C2)F","N'-[(2,5-dimethoxyphenyl)methylideneamino]-N-(4-fluorophenyl)oxamide",2.5,39,-271.565697901908,0.2875,NA,"844260172183089637"
"844260202478547498","C12H22F2NO6P","[M + H]+",7,0.00231639037267968,50.0673292115028,1.57852365978064,48.4888055517221,"46","VHUVXFCYSUJQFR","C[N+](C)(C)CCOP(=O)(O)OCC(COC=CF)OC=CF","[(2R)-2,3-bis[(Z)-2-fluoroethenoxy]propyl] 2-(trimethylazaniumyl)ethyl phosphate",-0.2,5,-184.461658301052,0.278260869565217,NA,"844260172183089637"
"844260202478547498","C12H22F2NO6P","[M + H]+",7,0.00231639037267968,50.0673292115028,1.57852365978064,48.4888055517221,"46","WEIWQLJKRVSURI","CCOP(=O)(C(CC1COC(N1C(=O)O)(C)C)(F)F)OCC","(4S)-4-(2-diethoxyphosphoryl-2,2-difluoroethyl)-2,2-dimethyl-1,3-oxazolidine-3-carboxylic acid",1.3,13,-224.34916769487,0.26984126984127,NA,"844260172183089637"
"844260202478547498","C12H22F2NO6P","[M + H]+",7,0.00231639037267968,50.0673292115028,1.57852365978064,48.4888055517221,"46","RGEHLMMNBNGZOP","CC(=C)C(=O)OCC[N+](C)(C)CCOP(=O)(O)OCC(F)F","2,2-Difluoroethyl 2-[dimethyl-[2-(2-methylprop-2-enoyloxy)ethyl]azaniumyl]ethyl phosphate",0.7,49,-277.575849958155,0.259541984732824,NA,"844260172183089637"
"844260202478547499","C12H14F3N7O2","[M + H]+",8,0.00151784765483449,49.6446124261012,2.27529068589236,47.3693217402088,"46","HWXZKOZWBLQEKW","CC1=C(N(N=C1C(F)(F)F)C)NC(=O)N2CCN3C(=NNC3=O)C2","N-[2,4-dimethyl-5-(trifluoromethyl)pyrazol-3-yl]-3-oxo-2,5,6,8-tetrahydro-[1,2,4]triazolo[4,3-a]pyrazine-7-carboxamide",0,22,-243.39952242074,0.323308270676692,NA,"844260172183089637"
"844260202478547499","C12H14F3N7O2","[M + H]+",8,0.00151784765483449,49.6446124261012,2.27529068589236,47.3693217402088,"46","IFYXVNRZCDYQKN","C1C=CN=C(C1O)N2C(=CC(=N2)CN(N)N=C(C(F)(F)F)N)C=O","N'-[amino-[[5-formyl-1-(3-hydroxy-3,4-dihydropyridin-2-yl)pyrazol-3-yl]methyl]amino]-2,2,2-trifluoroethanimidamide",0.2,23,-249.279462844355,0.349593495934959,NA,"844260172183089637"
"844260202478547499","C12H14F3N7O2","[M + H]+",8,0.00151784765483449,49.6446124261012,2.27529068589236,47.3693217402088,"46","RTTFJVBSZDECDO","CN(C)C1=NC(=NC(=N1)N)COC(=O)CN2C=CC(=N2)C(F)(F)F","[4-Amino-6-(dimethylamino)-1,3,5-triazin-2-yl]methyl 2-[3-(trifluoromethyl)pyrazol-1-yl]acetate",0.9,29,-256.988041863234,0.374045801526718,NA,"844260172183089637"
"844260202478547499","C12H14F3N7O2","[M + H]+",8,0.00151784765483449,49.6446124261012,2.27529068589236,47.3693217402088,"46","PPGDMTJHHGPQCS","C1CCC2=NN(C(=O)N2CC1)CC(=O)NC3=NNC(=N3)C(F)(F)F","2-(3-oxo-6,7,8,9-tetrahydro-5H-[1,2,4]triazolo[4,3-a]azepin-2-yl)-N-[5-(trifluoromethyl)-1H-1,2,4-triazol-3-yl]acetamide",0.6,67,-286.237436903947,0.313868613138686,NA,"844260172183089637"
"844260202478547499","C12H14F3N7O2","[M + H]+",8,0.00151784765483449,49.6446124261012,2.27529068589236,47.3693217402088,"46","UWEWKEWSZOLGGS","CC1CN(CCN1C2=NC3=C(C=NN3C(=N2)N)C(F)(F)F)C(=O)O","(3S)-4-[4-amino-8-(trifluoromethyl)pyrazolo[1,5-a][1,3,5]triazin-2-yl]-3-methylpiperazine-1-carboxylic acid",0.9,84,-294.547594093163,0.292207792207792,NA,"844260172183089637"
"844260202478547499","C12H14F3N7O2","[M + H]+",8,0.00151784765483449,49.6446124261012,2.27529068589236,47.3693217402088,"46","YDOLGRJEXOMTBA","CC1=C(C2=NN=C(N2N=C1NCCC(=O)NC(=O)N)C(F)(F)F)C","N-carbamoyl-3-[[7,8-dimethyl-3-(trifluoromethyl)-[1,2,4]triazolo[4,3-b]pyridazin-6-yl]amino]propanamide",0.7,99,-298.334006849093,0.347517730496454,NA,"844260172183089637"
"844260202478547499","C12H14F3N7O2","[M + H]+",8,0.00151784765483449,49.6446124261012,2.27529068589236,47.3693217402088,"46","YFAOZSCRWGGTHT","CN1C(=NN(C1=O)C2CCN(CC2)C(=O)C3=NC=NN3)C(F)(F)F","1-(1-(1H-1,2,4-triazole-5-carbonyl)piperidin-4-yl)-4-methyl-3-(trifluoromethyl)-1H-1,2,4-triazol-5(4H)-one",0.8,302,-348.743099573109,0.258064516129032,NA,"844260172183089637"
"844260202478547499","C12H14F3N7O2","[M + H]+",8,0.00151784765483449,49.6446124261012,2.27529068589236,47.3693217402088,"46","JPUBTAPBJQSJLC","CN1C=CC(=N1)C2=C(C(=O)NC(C2)C(F)(F)F)N(C)N=NNC=O","N-[(Z)-[methyl-[4-(1-methylpyrazol-3-yl)-6-oxo-2-(trifluoromethyl)-2,3-dihydro-1H-pyridin-5-yl]amino]diazenyl]formamide",1.2,358,-358.578743480974,0.26,NA,"844260172183089637"
"844260202478547499","C12H14F3N7O2","[M + H]+",8,0.00151784765483449,49.6446124261012,2.27529068589236,47.3693217402088,"46","ZOYGWZALIZNHIN","C1CN(CC1CC(=O)N)C2=NC(=NC3=NNN=C32)OCC(F)(F)F","2-[(3S)-1-[5-(2,2,2-trifluoroethoxy)-2H-triazolo[4,5-d]pyrimidin-7-yl]pyrrolidin-3-yl]acetamide",0.7,446,-379.47348466932,0.296511627906977,NA,"844260172183089637"
"844260202478547499","C12H14F3N7O2","[M + H]+",8,0.00151784765483449,49.6446124261012,2.27529068589236,47.3693217402088,"46","NYHOWMBHIQJUCE","CC(=O)NC1CCN(C1)C2=NC(=NC3=NNN=C32)OCC(F)(F)F","N-[(3S)-1-[5-(2,2,2-trifluoroethoxy)-2H-triazolo[4,5-d]pyrimidin-7-yl]pyrrolidin-3-yl]acetamide",1,464,-383.204828179961,0.289017341040462,NA,"844260172183089637"
"844260202478547500","C9H15F4N7O3","[M + H]+",9,8.4521859212103e-05,46.7565740221256,0,46.7565740221256,"46",NA,NA,NA,NA,NA,NA,NA,NA,"844260172183089637"
"844260202478547501","C9H17F6N3O4","[M + H]+",10,1.77020520989324e-05,45.1932444029683,0,45.1932444029683,"46",NA,NA,NA,NA,NA,NA,NA,NA,"844260172183089637"
"844260205452309058","C15H13F2N7O","[M + Na]+",1,0.458074595102885,48.4541464700375,3.42756375945781,45.0265827105797,"47",NA,NA,NA,NA,NA,NA,NA,NA,"844260172187283942"
"844260205452309059","C17H16FN3O4","[M + Na]+",2,0.443611765325393,48.4220642052809,2.62873413686265,45.7933300684183,"47","NWVXUXFCAZFSQH","C1CN(CCN1)C2=C(C=C3C(=C2)N(C=C(C3=O)C(=O)O)C4CC4=O)F","Oxo-ciprofloxacin",0.33245212,6,-250.474046704265,0.59375,NA,"844260172187283942"
"844260205452309059","C17H16FN3O4","[M + Na]+",2,0.443611765325393,48.4220642052809,2.62873413686265,45.7933300684183,"47","MYYZZOHRULFPOQ","C1CC1N2C=C(C(=O)C3=CC(=C(C=C32)N4CCNC(=O)C4)F)C(=O)O","Oxociprofloxacin",0.96316284,12,-305.027149958743,0.579881656804734,NA,"844260172187283942"
"844260205452309059","C17H16FN3O4","[M + Na]+",2,0.443611765325393,48.4220642052809,2.62873413686265,45.7933300684183,"47","FVCPNISTSVVUPX","COC1=CC(=C(C=C1)O)C=NNC(=O)CNC(=O)C2=CC=C(C=C2)F","4-fluoro-N-[2-[(2Z)-2-[(2-hydroxy-5-methoxyphenyl)methylidene]hydrazinyl]-2-oxoethyl]benzamide",1.9,26,-365.276222995938,0.26775956284153,NA,"844260172187283942"
"844260205452309059","C17H16FN3O4","[M + Na]+",2,0.443611765325393,48.4220642052809,2.62873413686265,45.7933300684183,"47","VCWNLVLFIZZTLZ","C1C2C(CN1C(=O)C3=CC=NO3)OCC(=O)N2CC4=CC=C(C=C4)F","4-[(4-fluorophenyl)methyl]-6-(1,2-oxazole-5-carbonyl)-octahydropyrrolo[3,4-b][1,4]oxazin-3-one",0.8,31,-385.240171884414,0.258883248730964,NA,"844260172187283942"
"844260205452309059","C17H16FN3O4","[M + Na]+",2,0.443611765325393,48.4220642052809,2.62873413686265,45.7933300684183,"47","JKZPDGNJAAVKEG","CC(=O)NC(CC1=CC(=CC=C1)F)C(=O)NC2=CC=C(C=C2)[N+](=O)[O-]","2-Acetamido-3-(3-fluorophenyl)-N-(4-nitrophenyl)propanamide (2c)",2.4,34,-397.535872831466,0.219895287958115,NA,"844260172187283942"
"844260205452309059","C17H16FN3O4","[M + Na]+",2,0.443611765325393,48.4220642052809,2.62873413686265,45.7933300684183,"47","HAZCGTFRKOCWQZ","CC(=O)NC(CC1=CC=C(C=C1)F)C(=O)NC2=CC=C(C=C2)[N+](=O)[O-]","2-Acetamido-3-(4-fluorophenyl)-N-(4-nitrophenyl)propanamide (3c)",2.7804983,35,-403.372424487548,0.213197969543147,NA,"844260172187283942"
"844260205452309059","C17H16FN3O4","[M + Na]+",2,0.443611765325393,48.4220642052809,2.62873413686265,45.7933300684183,"47","LHZAPCAVMNVKID","CCOC1=C(C=CC(=C1)C=NNC(=O)C(=O)NC2=CC=C(C=C2)F)O","N'-[(3-ethoxy-4-hydroxyphenyl)methylideneamino]-N-(4-fluorophenyl)oxamide",2.5,36,-416.395209848727,0.282485875706215,NA,"844260172187283942"
"844260205452309059","C17H16FN3O4","[M + Na]+",2,0.443611765325393,48.4220642052809,2.62873413686265,45.7933300684183,"47","ZBLZEVQPDZRXNP","COC1=CC=CC(=C1O)C=NNC(=O)CNC(=O)C2=CC=C(C=C2)F","4-fluoro-N-[2-[2-[(2-hydroxy-3-methoxyphenyl)methylidene]hydrazinyl]-2-oxoethyl]benzamide",1.9,37,-419.316643211903,0.25668449197861,NA,"844260172187283942"
"844260205452309059","C17H16FN3O4","[M + Na]+",2,0.443611765325393,48.4220642052809,2.62873413686265,45.7933300684183,"47","VDCWENWOWUDREX","CC1=CC(=NO1)C(=O)N2CCC3COC(=O)N3C4=C(C2)C=CC(=C4)F","14-fluoro-9-(5-methyl-1,2-oxazole-3-carbonyl)-4-oxa-2,9-diazatricyclo[9.4.0.0²,⁶]pentadeca-1(15),11,13-trien-3-one",1.9,38,-437.680626436613,0.324175824175824,NA,"844260172187283942"
"844260205452309059","C17H16FN3O4","[M + Na]+",2,0.443611765325393,48.4220642052809,2.62873413686265,45.7933300684183,"47","RYUXKVAKPFRBTB","CC(=O)NC(CC1=CC=CC=C1F)C(=O)NC2=CC=C(C=C2)[N+](=O)[O-]","2-Acetamido-3-(2-fluorophenyl)-N-(4-nitrophenyl)propanamide (1c)",2.4,39,-438.025543916522,0.215789473684211,NA,"844260172187283942"
"844260205452309060","C14H16F3N4O3","[M + Na]+",3,0.0923991877246976,46.8532326155325,2.03817091802724,44.8150616975053,"47",NA,NA,NA,NA,NA,NA,NA,NA,"844260172187283942"
"844260205452309061","C12H14F3N7O2","[M + Na]+",4,0.00174992615152879,42.8866880157004,2.27524508621145,40.6114429294889,"47",NA,NA,NA,NA,NA,NA,NA,NA,"844260172187283942"
"844260205452309062","C19H17F2NO3","[M + Na]+",5,0.00121436117555406,42.5213325848658,1.74248361399471,40.7788489708711,"47",NA,NA,NA,NA,NA,NA,NA,NA,"844260172187283942"
"844260205452309063","C9H15N9O6","[M + Na]+",6,0.000887487831557536,42.2077539591341,0.790363234451237,41.4173907246829,"47",NA,NA,NA,NA,NA,NA,NA,NA,"844260172187283942"
"844260205452309064","C20H15N3O3","[M + Na]+",7,0.000811861477347917,42.1186888800093,0.550534432775321,41.568154447234,"47","JXKKWYPQTJBSEX","CC1=C2C(=CC(=N1)C(=O)NC3=CC=CC=C3C(=O)O)C4=CC=CC=C4N2","2-{1-methyl-9H-pyrido[3,4-b]indole-3-amido}benzoic acid",4,1,-192.107612780192,0.503496503496504,0,"844260172187283942"
"844260205452309064","C20H15N3O3","[M + Na]+",7,0.000811861477347917,42.1186888800093,0.550534432775321,41.568154447234,"47","NVVIQGMTHCUMFT","C1=CC=C2C(=C1)N=C(O2)C3=C(C=CC(=C3)NC(=O)C4=CC=C(C=C4)N)O","4-amino-N-[3-(3H-1,3-benzoxazol-2-ylidene)-4-oxo-1-cyclohexa-1,5-dienyl]benzamide",3.2,2,-222.769952898709,0.435064935064935,Inf,"844260172187283942"
"844260205452309064","C20H15N3O3","[M + Na]+",7,0.000811861477347917,42.1186888800093,0.550534432775321,41.568154447234,"47","LMVKUABUTVWKMO","CC1=CC(=O)C(=C(O1)C2=C(N=C(N2)C3=CN=CC=C3)C4=CC=CC=C4)O","3-hydroxy-6-methyl-2-[4-phenyl-2-(pyridin-3-yl)-1H-imidazol-5-yl]-4H-pyran-4-one",2.4,3,-226.325830084781,0.423611111111111,NA,"844260172187283942"
"844260205452309064","C20H15N3O3","[M + Na]+",7,0.000811861477347917,42.1186888800093,0.550534432775321,41.568154447234,"47","UJSFKBQYVJAODI","CC1=NC2=CC=CC=C2C(=C1)NC(=O)CN3C(=O)C4=CC=CC=C4C3=O","2-(1,3-dioxo-2,3-dihydro-1H-isoindol-2-yl)-N-(2-methylquinolin-4-yl)acetamide",2.5,4,-227.91469252148,0.389937106918239,NA,"844260172187283942"
"844260205452309064","C20H15N3O3","[M + Na]+",7,0.000811861477347917,42.1186888800093,0.550534432775321,41.568154447234,"47","VRLHOPLBQZRORF","C1=CC=C(C=C1)OC2=CC=C(C=C2)CC3=NC4=C(N3)C=C(C=C4)[N+](=O)[O-]","6-nitro-2-[(4-phenoxyphenyl)methyl]-1H-benzimidazole",5.05114,5,-247.814591878146,0.354166666666667,NA,"844260172187283942"
"844260205452309064","C20H15N3O3","[M + Na]+",7,0.000811861477347917,42.1186888800093,0.550534432775321,41.568154447234,"47","XESXXGNCJARCOG","C1=CC=C(C=C1)C(=O)OC2=CC=C(C=C2)C=NNC(=O)C3=CC=NC=C3","[4-[(Pyridine-4-carbonylhydrazinylidene)methyl]phenyl] benzoate",3.6089172,7,-291.513895859975,0.315436241610738,NA,"844260172187283942"
"844260205452309064","C20H15N3O3","[M + Na]+",7,0.000811861477347917,42.1186888800093,0.550534432775321,41.568154447234,"47","WQZYSJSRZGJXED","CC1=CC(=CC=C1)N2C(=C(C(=O)NC2=O)C=C3C=NC4=CC=CC=C43)O","6-hydroxy-5-[(E)-indol-3-ylidenemethyl]-1-(3-methylphenyl)pyrimidine-2,4-dione",2.2,8,-291.706518726026,0.361538461538462,NA,"844260172187283942"
"844260205452309064","C20H15N3O3","[M + Na]+",7,0.000811861477347917,42.1186888800093,0.550534432775321,41.568154447234,"47","JSLHLVGXXJERCS","CC1=CC=CC=C1N2C(=C(C(=O)NC2=O)C=C3C=NC4=CC=CC=C43)O","6-hydroxy-5-[(Z)-indol-3-ylidenemethyl]-1-(2-methylphenyl)pyrimidine-2,4-dione",2.2,10,-302.539874940778,0.3671875,NA,"844260172187283942"
"844260205452309064","C20H15N3O3","[M + Na]+",7,0.000811861477347917,42.1186888800093,0.550534432775321,41.568154447234,"47","RKWPAZPDEURDLU","CC1=CC=C(C=C1)N2C(=C(C(=O)NC2=O)C=C3C=NC4=CC=CC=C43)O","5-(1H-Indol-3-ylmethylene)-1-p-tolyl-pyrimidine-2,4,6-trione",2.2,11,-303.461113694825,0.356060606060606,NA,"844260172187283942"
"844260205452309064","C20H15N3O3","[M + Na]+",7,0.000811861477347917,42.1186888800093,0.550534432775321,41.568154447234,"47","FPGWJDJJATWIGG","C1=CC=C(C=C1)CN2C=C(C3=CC=CC=C32)C=C4C(=O)NC(=O)NC4=O","5-(1-Benzyl-1H-indol-3-ylmethylene)-pyrimidine-2,4,6-trione",2.6,13,-306.732851944822,0.335526315789474,NA,"844260172187283942"
"844260205452309064","C20H15N3O3","[M + Na]+",7,0.000811861477347917,42.1186888800093,0.550534432775321,41.568154447234,"47","MUZVYMMACNXBKT","C1=CC=C2C(=C1)C(C(=O)N2)C3C=C(NC3=O)C4=CNC5=C4C=C(C=C5)O","3-[5-(5-hydroxy-1H-indol-3-yl)-2-oxo-2,3-dihydro-1H-pyrrol-3-yl]-2,3-dihydro-1H-indol-2-one",1.7,15,-325.551716305188,0.369426751592357,NA,"844260172187283942"
"844260205452309064","C20H15N3O3","[M + Na]+",7,0.000811861477347917,42.1186888800093,0.550534432775321,41.568154447234,"47","DCCVLWBBFUDIMS","C1=CC=C(C=C1)CN2C3=C(C=CC(=N3)C4=CC=CC=C4O)C(=O)NC2=O","1-benzyl-7-(2-hydroxyphenyl)-1H,2H,3H,4H-pyrido[2,3-d]pyrimidine-2,4-dione",2.7,16,-328.000668077241,0.329341317365269,NA,"844260172187283942"
"844260205452309064","C20H15N3O3","[M + Na]+",7,0.000811861477347917,42.1186888800093,0.550534432775321,41.568154447234,"47","BKPDZZMNBPUQTO","C1=CC=C(C=C1)CN2C(=C(C(=O)NC2=O)C=C3C=NC4=CC=CC=C43)O","1-Benzyl-6-hydroxy-5-(indol-3-ylidenemethyl)pyrimidine-2,4-dione",1.8,17,-334.933496651272,0.313868613138686,NA,"844260172187283942"
"844260205452309064","C20H15N3O3","[M + Na]+",7,0.000811861477347917,42.1186888800093,0.550534432775321,41.568154447234,"47","VXTCEUDVOCLEJG","C1=CC=C(C=C1)C2=C(OC3=NC=NC(=C23)NCC(=O)O)C4=CC=CC=C4","2-[(5,6-Diphenylfuro[2,3-d]pyrimidin-4-yl)amino]acetate",4.1,18,-336.711204209236,0.35,NA,"844260172187283942"
"844260205452309064","C20H15N3O3","[M + Na]+",7,0.000811861477347917,42.1186888800093,0.550534432775321,41.568154447234,"47","DDSMABIPZUNONT","CN1C2=CC=CC=C2C(=O)C(=C3C(=CC4=CC=CC=C4)C(=O)NN3)C1=O","(3Z)-3-[(4Z)-4-benzylidene-5-oxopyrazolidin-3-ylidene]-1-methylquinoline-2,4-dione",2.5,19,-346.04975881068,0.366197183098592,NA,"844260172187283942"
"844260205452309065","C14H17F2N3O5","[M + Na]+",8,0.0005084941383987,41.6508128369823,2.94374588781893,38.7070669491633,"47",NA,NA,NA,NA,NA,NA,NA,NA,"844260172187283942"
"844260205452309066","C13H19N3O8","[M + Na]+",9,0.000358703817211703,41.3018561750758,1.72476747734473,39.577088697731,"47","RSFNVYSVNQERMH","CN1C(=C(C(=O)N(C1=O)C)C=NC2C(C(C(OC2O)CO)O)O)O","2-deoxy-2-{[(1,3-dimethyl-2,4,6-trioxotetrahydropyrimidin-5(2H)-ylidene)methyl]amino}hexopyranose",-3.1,9,-296.742275338259,0.459119496855346,NA,"844260172187283942"
"844260205452309066","C13H19N3O8","[M + Na]+",9,0.000358703817211703,41.3018561750758,1.72476747734473,39.577088697731,"47","YXNIEZJFCGTDKV","C1=CN(C(=O)N(C1=O)CCC(C(=O)O)N)C2C(C(C(O2)CO)O)O","2-amino-4-{3-[3,4-dihydroxy-5-(hydroxymethyl)oxolan-2-yl]-2,6-dioxo-1,2,3,6-tetrahydropyrimidin-1-yl}butanoic acid",-3.2040055,14,-320.908974677938,0.376237623762376,NA,"844260172187283942"
"844260205452309066","C13H19N3O8","[M + Na]+",9,0.000358703817211703,41.3018561750758,1.72476747734473,39.577088697731,"47","QBIKARYQTKNDPS","CC(=NOCC(=O)NCC(=O)O)C1CNC(C1CC(=O)O)C(=O)O","Kaoag",-4.1,33,-396.796039514932,0.256410256410256,NA,"844260172187283942"
"844260205452309066","C13H19N3O8","[M + Na]+",9,0.000358703817211703,41.3018561750758,1.72476747734473,39.577088697731,"47","ILMLVTGTUJPQFP","C1CC(NC1)C(=O)NC(CC(=O)O)C(=O)NC(CC(=O)O)C(=O)O","2-[[3-Carboxy-2-(pyrrolidine-2-carbonylamino)propanoyl]amino]butanedioic acid",-2.258851,40,-439.200597195066,0.169421487603306,NA,"844260172187283942"
"844260205452309066","C13H19N3O8","[M + Na]+",9,0.000358703817211703,41.3018561750758,1.72476747734473,39.577088697731,"47","LKIYSIYBKYLKPU","C1CC(N(C1)C(=O)C(CC(=O)O)NC(=O)C(CC(=O)O)N)C(=O)O","1-[2-[(2-Amino-3-carboxypropanoyl)amino]-3-carboxypropanoyl]pyrrolidine-2-carboxylic acid",-2.709041,41,-476.486164913817,0.162454873646209,NA,"844260172187283942"
"844260205452309066","C13H19N3O8","[M + Na]+",9,0.000358703817211703,41.3018561750758,1.72476747734473,39.577088697731,"47","KESWRFKUZRUTAH","C1CC(N(C1)C(=O)C(CC(=O)O)N)C(=O)NC(CC(=O)O)C(=O)O","2-[[1-(2-Amino-3-carboxypropanoyl)pyrrolidine-2-carbonyl]amino]butanedioic acid",-2.709041,42,-484.594891842328,0.146428571428571,NA,"844260172187283942"
"844260205452309067","C14H17F6NO2","[M + Na]+",10,0.000162334173192893,40.5090161568736,2.33148824326108,38.1775279136125,"47",NA,NA,NA,NA,NA,NA,NA,NA,"844260172187283942"
"844260207297802838","C17H19N3O3S","[M + Na]+",1,0.938517878671906,34.5560918859078,3.58092973773382,30.975162148174,"48","SUBDBMMJDZJVOS","CC1=CN=C(C(=C1OC)C)CS(=O)C2=NC3=C(N2)C=C(C=C3)OC","6-methoxy-2-[(4-methoxy-3,5-dimethylpyridin-2-yl)methanesulfinyl]-1H-1,3-benzodiazole",2.6206226,1,-23.7974147279199,0.929133858267717,0,"844260172187283943"
"844260207297802838","C17H19N3O3S","[M + Na]+",1,0.938517878671906,34.5560918859078,3.58092973773382,30.975162148174,"48","ZWNARYKSNTWUOM","C1CN(CN1CC2=CC=CC=C2)C(=O)C3=CC=C(C=C3)S(=O)(=O)N","4-[3-(Phenylmethyl)imidazolidin-1-yl]carbonylbenzenesulfonamide",1.3,11,-429.159632241366,0.134259259259259,NA,"844260172187283943"
"844260207297802838","C17H19N3O3S","[M + Na]+",1,0.938517878671906,34.5560918859078,3.58092973773382,30.975162148174,"48","FDDLMBKEDYPNER","C1CN(CCN1CCC(=O)C2=CC=CS2)C3=CC=C(C=C3)[N+](=O)[O-]","3-[4-(4-Nitrophenyl)piperazino]-1-(2-thienyl)-1-propanone",3,13,-452.698324428012,0.138755980861244,NA,"844260172187283943"
"844260207297802838","C17H19N3O3S","[M + Na]+",1,0.938517878671906,34.5560918859078,3.58092973773382,30.975162148174,"48","HVGVNYJRZJHYBS","CC1=CC(=C(C=C1)S(=O)(=O)NC2=CC3=C(C=C2)N(C(=O)N3C)C)C","N-(1,3-dimethyl-2-oxo-2,3-dihydro-1H-benzimidazol-5-yl)-2,4-dimethylbenzenesulfonamide",2.2,14,-481.337954248154,0.304597701149425,NA,"844260172187283943"
"844260207297802838","C17H19N3O3S","[M + Na]+",1,0.938517878671906,34.5560918859078,3.58092973773382,30.975162148174,"48","SJXKOSOSNRUTAX","C1CN(CCN1CC2=CC=CO2)C(=S)NC3=CC4=C(C=C3)OCO4","N-(1,3-benzodioxol-5-yl)-4-(furan-2-ylmethyl)piperazin-4-ium-1-carbothioamide",1.9,15,-519.866036701391,0.231155778894472,NA,"844260172187283943"
"844260207297802838","C17H19N3O3S","[M + Na]+",1,0.938517878671906,34.5560918859078,3.58092973773382,30.975162148174,"48","KMCSXFINGGBOFP","C1CN(CC2=CC=CC=C21)CC(=O)NC3=CC=C(C=C3)S(=O)(=O)N","N-(4-sulfamoylphenyl)-2-(1,2,3,4-tetrahydroisoquinolin-2-yl)acetamide",1.3,16,-539.841863704742,0.128630705394191,NA,"844260172187283943"
"844260207297802838","C17H19N3O3S","[M + Na]+",1,0.938517878671906,34.5560918859078,3.58092973773382,30.975162148174,"48","LJAVIEUWQYYONW","COC1=CC=C(C=C1)C2=NC(=NC=C2)SCC(=O)N3CCOCC3","2-[[4-(4-Methoxyphenyl)-2-pyrimidinyl]thio]-1-(4-morpholinyl)ethanone",1.8,17,-541.851913722329,0.309859154929577,NA,"844260172187283943"
"844260207297802838","C17H19N3O3S","[M + Na]+",1,0.938517878671906,34.5560918859078,3.58092973773382,30.975162148174,"48","RHRSBTVNCCOGDJ","CC1=CC(=NC(=N1)SC(C2=CC=CC=C2)C(=O)O)N3CCOCC3","(2S)-2-(4-methyl-6-morpholin-4-ylpyrimidin-2-yl)sulfanyl-2-phenylacetate",2.8,18,-559.9847475859,0.210526315789474,NA,"844260172187283943"
"844260207297802838","C17H19N3O3S","[M + Na]+",1,0.938517878671906,34.5560918859078,3.58092973773382,30.975162148174,"48","ABBDYGNALLZFNP","COC1=C(C=C(C=C1)C(=O)NNC(=S)NCC2=CC=CC=C2)OC","N-Benzyl-2-(3,4-dimethoxybenzoyl)hydrazinecarbothioamide",2.6,19,-563.756910442458,0.152671755725191,NA,"844260172187283943"
"844260207297802838","C17H19N3O3S","[M + Na]+",1,0.938517878671906,34.5560918859078,3.58092973773382,30.975162148174,"48","HHTWCWCZKQRKRJ","CN1C2=CC=CC=C2N(C3=CC=CC=C3S1(=O)=O)C(=O)CN(C)C","6-Methyl-6,11-dihydro-11-((N,N-dimethylamino)acetyl)dibenzo(c,f)-(1,2,5)-thiadiazepine 5,5-dioxide",1.7,20,-564.789346945628,0.190721649484536,NA,"844260172187283943"
"844260207297802838","C17H19N3O3S","[M + Na]+",1,0.938517878671906,34.5560918859078,3.58092973773382,30.975162148174,"48","IBAYUWQIQGOLBX","CCOC1=C(C=CC(=C1)C=NNC(=S)NC2=CC=C(C=C2)OC)O","1-[(3-Ethoxy-4-hydroxyphenyl)methylideneamino]-3-(4-methoxyphenyl)thiourea",3.1,21,-571.337533305002,0.23469387755102,NA,"844260172187283943"
"844260207297802838","C17H19N3O3S","[M + Na]+",1,0.938517878671906,34.5560918859078,3.58092973773382,30.975162148174,"48","AIBMIQGSVBRQNH","COC1=CC(=CC(=C1OC)OC)C=NNC(=S)NC2=CC=CC=C2","(Phenylcarbamothioylamino)-[(3,4,5-trimethoxyphenyl)methylidene]azanium",3.1,22,-578.226295549895,0.175355450236967,NA,"844260172187283943"
"844260207297802838","C17H19N3O3S","[M + Na]+",1,0.938517878671906,34.5560918859078,3.58092973773382,30.975162148174,"48","RSMGOJOYNVIKHB","COC1=C(C(=C(C=C1)C=NNC(=S)NC2=CC=CC=C2)OC)OC","1-Phenyl-3-[(2,3,4-trimethoxyphenyl)methylideneamino]thiourea",3.1,23,-610.887495333894,0.194174757281553,NA,"844260172187283943"
"844260207297802838","C17H19N3O3S","[M + Na]+",1,0.938517878671906,34.5560918859078,3.58092973773382,30.975162148174,"48","YPHDMWLZRDJBET","CC(=O)N1CCC2=CC=CC=C2C1C3=C(N(C(=S)N(C3=O)C)C)O","5-(2-acetyl-1,2,3,4-tetrahydroisoquinolin-1-yl)-6-hydroxy-1,3-dimethyl-2-sulfanylidene-1,2,3,4-tetrahydropyrimidin-4-one",0.9,24,-613.544676612847,0.170305676855895,NA,"844260172187283943"
"844260207297802838","C17H19N3O3S","[M + Na]+",1,0.938517878671906,34.5560918859078,3.58092973773382,30.975162148174,"48","WPIILTPYKOWHQU","COC1=CC2=C(C=C1)NC=C2CCNS(=O)(=O)C3=CC=C(C=C3)N","4-amino-N-[2-(5-methoxy-1H-indol-3-yl)ethyl]benzene-1-sulfonamide",2.4006016,25,-630.017040784724,0.328638497652582,NA,"844260172187283943"
"844260207297802839","C14H20FN3O4S","[M + Na]+",2,0.0527416503238249,31.677195451927,3.37525919292357,28.3019362590034,"48",NA,NA,NA,NA,NA,NA,NA,NA,"844260172187283943"
"844260207297802840","C17H16FN3O4","[M + Na]+",3,0.00593629437171691,29.4928750753578,2.68315575700454,26.8097193183533,"48","NWVXUXFCAZFSQH","C1CN(CCN1)C2=C(C=C3C(=C2)N(C=C(C3=O)C(=O)O)C4CC4=O)F","Oxo-ciprofloxacin",0.33245212,2,-293.912719985249,0.490909090909091,Inf,"844260172187283943"
"844260207297802840","C17H16FN3O4","[M + Na]+",3,0.00593629437171691,29.4928750753578,2.68315575700454,26.8097193183533,"48","MYYZZOHRULFPOQ","C1CC1N2C=C(C(=O)C3=CC(=C(C=C32)N4CCNC(=O)C4)F)C(=O)O","Oxociprofloxacin",0.96316284,3,-347.815827751745,0.482758620689655,NA,"844260172187283943"
"844260207297802840","C17H16FN3O4","[M + Na]+",3,0.00593629437171691,29.4928750753578,2.68315575700454,26.8097193183533,"48","FVCPNISTSVVUPX","COC1=CC(=C(C=C1)O)C=NNC(=O)CNC(=O)C2=CC=C(C=C2)F","4-fluoro-N-[2-[(2Z)-2-[(2-hydroxy-5-methoxyphenyl)methylidene]hydrazinyl]-2-oxoethyl]benzamide",1.9,4,-356.203606432333,0.289017341040462,NA,"844260172187283943"
"844260207297802840","C17H16FN3O4","[M + Na]+",3,0.00593629437171691,29.4928750753578,2.68315575700454,26.8097193183533,"48","VCWNLVLFIZZTLZ","C1C2C(CN1C(=O)C3=CC=NO3)OCC(=O)N2CC4=CC=C(C=C4)F","4-[(4-fluorophenyl)methyl]-6-(1,2-oxazole-5-carbonyl)-octahydropyrrolo[3,4-b][1,4]oxazin-3-one",0.8,5,-397.60984675425,0.271276595744681,NA,"844260172187283943"
"844260207297802840","C17H16FN3O4","[M + Na]+",3,0.00593629437171691,29.4928750753578,2.68315575700454,26.8097193183533,"48","HAZCGTFRKOCWQZ","CC(=O)NC(CC1=CC=C(C=C1)F)C(=O)NC2=CC=C(C=C2)[N+](=O)[O-]","2-Acetamido-3-(4-fluorophenyl)-N-(4-nitrophenyl)propanamide (3c)",2.7804983,6,-402.959232981553,0.223404255319149,NA,"844260172187283943"
"844260207297802840","C17H16FN3O4","[M + Na]+",3,0.00593629437171691,29.4928750753578,2.68315575700454,26.8097193183533,"48","JKZPDGNJAAVKEG","CC(=O)NC(CC1=CC(=CC=C1)F)C(=O)NC2=CC=C(C=C2)[N+](=O)[O-]","2-Acetamido-3-(3-fluorophenyl)-N-(4-nitrophenyl)propanamide (2c)",2.4,7,-403.91810648572,0.230769230769231,NA,"844260172187283943"
"844260207297802840","C17H16FN3O4","[M + Na]+",3,0.00593629437171691,29.4928750753578,2.68315575700454,26.8097193183533,"48","LHZAPCAVMNVKID","CCOC1=C(C=CC(=C1)C=NNC(=O)C(=O)NC2=CC=C(C=C2)F)O","N'-[(3-ethoxy-4-hydroxyphenyl)methylideneamino]-N-(4-fluorophenyl)oxamide",2.5,8,-409.038854635353,0.305389221556886,NA,"844260172187283943"
"844260207297802840","C17H16FN3O4","[M + Na]+",3,0.00593629437171691,29.4928750753578,2.68315575700454,26.8097193183533,"48","ZBLZEVQPDZRXNP","COC1=CC=CC(=C1O)C=NNC(=O)CNC(=O)C2=CC=C(C=C2)F","4-fluoro-N-[2-[2-[(2-hydroxy-3-methoxyphenyl)methylidene]hydrazinyl]-2-oxoethyl]benzamide",1.9,9,-410.090445849117,0.27683615819209,NA,"844260172187283943"
"844260207297802840","C17H16FN3O4","[M + Na]+",3,0.00593629437171691,29.4928750753578,2.68315575700454,26.8097193183533,"48","VDCWENWOWUDREX","CC1=CC(=NO1)C(=O)N2CCC3COC(=O)N3C4=C(C2)C=CC(=C4)F","14-fluoro-9-(5-methyl-1,2-oxazole-3-carbonyl)-4-oxa-2,9-diazatricyclo[9.4.0.0²,⁶]pentadeca-1(15),11,13-trien-3-one",1.9,10,-415.090702124889,0.348837209302326,NA,"844260172187283943"
"844260207297802840","C17H16FN3O4","[M + Na]+",3,0.00593629437171691,29.4928750753578,2.68315575700454,26.8097193183533,"48","RYUXKVAKPFRBTB","CC(=O)NC(CC1=CC=CC=C1F)C(=O)NC2=CC=C(C=C2)[N+](=O)[O-]","2-Acetamido-3-(2-fluorophenyl)-N-(4-nitrophenyl)propanamide (1c)",2.4,12,-445.063725312502,0.226519337016575,NA,"844260172187283943"
"844260207297802841","C14H17F6NO2","[M + Na]+",4,0.00132197634750438,27.99091782962,2.1875102115125,25.8034076181075,"48",NA,NA,NA,NA,NA,NA,NA,NA,"844260172187283943"
"844260207297802842","C19H17F2NO3","[M + Na]+",5,0.000720578323457783,27.3840888174381,1.8083212958004,25.5757675216377,"48",NA,NA,NA,NA,NA,NA,NA,NA,"844260172187283943"
"844260207297802843","C14H21N2O6S","[M + Na]+",6,0.000413891601789941,26.8296388089337,2.49919809801294,24.3304407109208,"48",NA,NA,NA,NA,NA,NA,NA,NA,"844260172187283943"
"844260207297802844","C14H17F2N3O5","[M + Na]+",7,9.02436904068972e-05,25.3065483831976,2.8699649719342,22.4365834112634,"48",NA,NA,NA,NA,NA,NA,NA,NA,"844260172187283943"
"844260207297802845","C14H23N3O3S2","[M + Na]+",8,7.26433794768886e-05,25.0895969576639,0,25.0895969576639,"48",NA,NA,NA,NA,NA,NA,NA,NA,"844260172187283943"
"844260207297802846","C15H13F2N7O","[M + Na]+",9,5.15987937183451e-05,24.7475329954803,3.47205578185711,21.2754772136232,"48",NA,NA,NA,NA,NA,NA,NA,NA,"844260172187283943"
"844260207297802847","C20H15N3O3","[M + Na]+",10,3.41049733627512e-05,24.3334779208874,0.744657469448812,23.5888204514386,"48",NA,NA,NA,NA,NA,NA,NA,NA,"844260172187283943"
